filename,category,relative_path,full_filename
02134f08.jpg,Appliances,relevant_images/Appliances/02134f08.jpg,02134f08.jpg
063afeba.jpg,Appliances,relevant_images/Appliances/063afeba.jpg,063afeba.jpg
06a53c43.jpg,Appliances,relevant_images/Appliances/06a53c43.jpg,06a53c43.jpg
08c8c792.jpg,Appliances,relevant_images/Appliances/08c8c792.jpg,08c8c792.jpg
09391bfd.jpg,Appliances,relevant_images/Appliances/09391bfd.jpg,09391bfd.jpg
09c71540.jpg,Appliances,relevant_images/Appliances/09c71540.jpg,09c71540.jpg
09dc9cbe.jpg,Appliances,relevant_images/Appliances/09dc9cbe.jpg,09dc9cbe.jpg
0af115ee.jpg,Appliances,relevant_images/Appliances/0af115ee.jpg,0af115ee.jpg
0c94abd5.jpg,Appliances,relevant_images/Appliances/0c94abd5.jpg,0c94abd5.jpg
0d0e5f3b.jpg,Appliances,relevant_images/Appliances/0d0e5f3b.jpg,0d0e5f3b.jpg
0dc726df.jpg,Appliances,relevant_images/Appliances/0dc726df.jpg,0dc726df.jpg
14d191b9.jpg,Appliances,relevant_images/Appliances/14d191b9.jpg,14d191b9.jpg
152338ea.jpg,Appliances,relevant_images/Appliances/152338ea.jpg,152338ea.jpg
1733ea5d.jpg,Appliances,relevant_images/Appliances/1733ea5d.jpg,1733ea5d.jpg
18f98c9d.jpg,Appliances,relevant_images/Appliances/18f98c9d.jpg,18f98c9d.jpg
1b322a62.jpg,Appliances,relevant_images/Appliances/1b322a62.jpg,1b322a62.jpg
1dc4171e.jpg,Appliances,relevant_images/Appliances/1dc4171e.jpg,1dc4171e.jpg
1f019fb8.jpg,Appliances,relevant_images/Appliances/1f019fb8.jpg,1f019fb8.jpg
21f4bafa.jpg,Appliances,relevant_images/Appliances/21f4bafa.jpg,21f4bafa.jpg
249c8e37.jpg,Appliances,relevant_images/Appliances/249c8e37.jpg,249c8e37.jpg
251d2ae1.jpg,Appliances,relevant_images/Appliances/251d2ae1.jpg,251d2ae1.jpg
25c05c04.jpg,Appliances,relevant_images/Appliances/25c05c04.jpg,25c05c04.jpg
26b795fd.jpg,Appliances,relevant_images/Appliances/26b795fd.jpg,26b795fd.jpg
27272ed8.jpg,Appliances,relevant_images/Appliances/27272ed8.jpg,27272ed8.jpg
27f05461.jpg,Appliances,relevant_images/Appliances/27f05461.jpg,27f05461.jpg
2a9b567b.jpg,Appliances,relevant_images/Appliances/2a9b567b.jpg,2a9b567b.jpg
2b848912.jpg,Appliances,relevant_images/Appliances/2b848912.jpg,2b848912.jpg
2bc7d1fe.jpg,Appliances,relevant_images/Appliances/2bc7d1fe.jpg,2bc7d1fe.jpg
2c352f74.jpg,Appliances,relevant_images/Appliances/2c352f74.jpg,2c352f74.jpg
2d353619.jpg,Appliances,relevant_images/Appliances/2d353619.jpg,2d353619.jpg
2dd1c69c.jpg,Appliances,relevant_images/Appliances/2dd1c69c.jpg,2dd1c69c.jpg
2e5a29fb.jpg,Appliances,relevant_images/Appliances/2e5a29fb.jpg,2e5a29fb.jpg
2f193d0d.jpg,Appliances,relevant_images/Appliances/2f193d0d.jpg,2f193d0d.jpg
2f1fdfb9.jpg,Appliances,relevant_images/Appliances/2f1fdfb9.jpg,2f1fdfb9.jpg
2f89cb4d.jpg,Appliances,relevant_images/Appliances/2f89cb4d.jpg,2f89cb4d.jpg
2fe5331e.jpg,Appliances,relevant_images/Appliances/2fe5331e.jpg,2fe5331e.jpg
31744c35.jpg,Appliances,relevant_images/Appliances/31744c35.jpg,31744c35.jpg
36173cc1.jpg,Appliances,relevant_images/Appliances/36173cc1.jpg,36173cc1.jpg
375c90ca.jpg,Appliances,relevant_images/Appliances/375c90ca.jpg,375c90ca.jpg
37ba2bd3.jpg,Appliances,relevant_images/Appliances/37ba2bd3.jpg,37ba2bd3.jpg
3843b575.jpg,Appliances,relevant_images/Appliances/3843b575.jpg,3843b575.jpg
38d1c3cf.jpg,Appliances,relevant_images/Appliances/38d1c3cf.jpg,38d1c3cf.jpg
3d001567.jpg,Appliances,relevant_images/Appliances/3d001567.jpg,3d001567.jpg
3d2a65d9.jpg,Appliances,relevant_images/Appliances/3d2a65d9.jpg,3d2a65d9.jpg
42fad05f.jpg,Appliances,relevant_images/Appliances/42fad05f.jpg,42fad05f.jpg
4358994e.jpg,Appliances,relevant_images/Appliances/4358994e.jpg,4358994e.jpg
4387bf6d.jpg,Appliances,relevant_images/Appliances/4387bf6d.jpg,4387bf6d.jpg
49b82399.jpg,Appliances,relevant_images/Appliances/49b82399.jpg,49b82399.jpg
4c7e8f96.jpg,Appliances,relevant_images/Appliances/4c7e8f96.jpg,4c7e8f96.jpg
4d5657f1.jpg,Appliances,relevant_images/Appliances/4d5657f1.jpg,4d5657f1.jpg
4dc91d7e.jpg,Appliances,relevant_images/Appliances/4dc91d7e.jpg,4dc91d7e.jpg
4e2db179.jpg,Appliances,relevant_images/Appliances/4e2db179.jpg,4e2db179.jpg
4e840f83.jpg,Appliances,relevant_images/Appliances/4e840f83.jpg,4e840f83.jpg
4fda64ab.jpg,Appliances,relevant_images/Appliances/4fda64ab.jpg,4fda64ab.jpg
516bc002.jpg,Appliances,relevant_images/Appliances/516bc002.jpg,516bc002.jpg
518ca417.jpg,Appliances,relevant_images/Appliances/518ca417.jpg,518ca417.jpg
52b2114c.jpg,Appliances,relevant_images/Appliances/52b2114c.jpg,52b2114c.jpg
534b71c6.jpg,Appliances,relevant_images/Appliances/534b71c6.jpg,534b71c6.jpg
547f8144.jpg,Appliances,relevant_images/Appliances/547f8144.jpg,547f8144.jpg
566bfbbc.jpg,Appliances,relevant_images/Appliances/566bfbbc.jpg,566bfbbc.jpg
579359c6.jpg,Appliances,relevant_images/Appliances/579359c6.jpg,579359c6.jpg
58e8d0f0.jpg,Appliances,relevant_images/Appliances/58e8d0f0.jpg,58e8d0f0.jpg
59741676.jpg,Appliances,relevant_images/Appliances/59741676.jpg,59741676.jpg
5df95281.jpg,Appliances,relevant_images/Appliances/5df95281.jpg,5df95281.jpg
5edf3a45.jpg,Appliances,relevant_images/Appliances/5edf3a45.jpg,5edf3a45.jpg
5f6bf7da.jpg,Appliances,relevant_images/Appliances/5f6bf7da.jpg,5f6bf7da.jpg
5fee34ee.jpg,Appliances,relevant_images/Appliances/5fee34ee.jpg,5fee34ee.jpg
606895e0.jpg,Appliances,relevant_images/Appliances/606895e0.jpg,606895e0.jpg
6129c2ce.jpg,Appliances,relevant_images/Appliances/6129c2ce.jpg,6129c2ce.jpg
6465888a.jpg,Appliances,relevant_images/Appliances/6465888a.jpg,6465888a.jpg
658ff69e.jpg,Appliances,relevant_images/Appliances/658ff69e.jpg,658ff69e.jpg
66148e8b.jpg,Appliances,relevant_images/Appliances/66148e8b.jpg,66148e8b.jpg
68bc92ac.jpg,Appliances,relevant_images/Appliances/68bc92ac.jpg,68bc92ac.jpg
68d18ecf.jpg,Appliances,relevant_images/Appliances/68d18ecf.jpg,68d18ecf.jpg
69c67791.jpg,Appliances,relevant_images/Appliances/69c67791.jpg,69c67791.jpg
6e3dc690.jpg,Appliances,relevant_images/Appliances/6e3dc690.jpg,6e3dc690.jpg
6ed9fea4.jpg,Appliances,relevant_images/Appliances/6ed9fea4.jpg,6ed9fea4.jpg
72a3bd47.jpg,Appliances,relevant_images/Appliances/72a3bd47.jpg,72a3bd47.jpg
76817c09.jpg,Appliances,relevant_images/Appliances/76817c09.jpg,76817c09.jpg
770cc508.jpg,Appliances,relevant_images/Appliances/770cc508.jpg,770cc508.jpg
77d7dd7c.jpg,Appliances,relevant_images/Appliances/77d7dd7c.jpg,77d7dd7c.jpg
792d06dd.jpg,Appliances,relevant_images/Appliances/792d06dd.jpg,792d06dd.jpg
79733a0a.jpg,Appliances,relevant_images/Appliances/79733a0a.jpg,79733a0a.jpg
7b82ad3c.jpg,Appliances,relevant_images/Appliances/7b82ad3c.jpg,7b82ad3c.jpg
7c275b76.jpg,Appliances,relevant_images/Appliances/7c275b76.jpg,7c275b76.jpg
7dcfd853.jpg,Appliances,relevant_images/Appliances/7dcfd853.jpg,7dcfd853.jpg
7f0ce958.jpg,Appliances,relevant_images/Appliances/7f0ce958.jpg,7f0ce958.jpg
7f30f04f.jpg,Appliances,relevant_images/Appliances/7f30f04f.jpg,7f30f04f.jpg
8130b198.jpg,Appliances,relevant_images/Appliances/8130b198.jpg,8130b198.jpg
82bc94a6.jpg,Appliances,relevant_images/Appliances/82bc94a6.jpg,82bc94a6.jpg
83b89d59.jpg,Appliances,relevant_images/Appliances/83b89d59.jpg,83b89d59.jpg
84a2df92.jpg,Appliances,relevant_images/Appliances/84a2df92.jpg,84a2df92.jpg
84a3e231.jpg,Appliances,relevant_images/Appliances/84a3e231.jpg,84a3e231.jpg
8572dbfd.jpg,Appliances,relevant_images/Appliances/8572dbfd.jpg,8572dbfd.jpg
870f92e2.jpg,Appliances,relevant_images/Appliances/870f92e2.jpg,870f92e2.jpg
87f2dc9c.jpg,Appliances,relevant_images/Appliances/87f2dc9c.jpg,87f2dc9c.jpg
8b9167b3.jpg,Appliances,relevant_images/Appliances/8b9167b3.jpg,8b9167b3.jpg
8c104d13.jpg,Appliances,relevant_images/Appliances/8c104d13.jpg,8c104d13.jpg
8dd1cb74.jpg,Appliances,relevant_images/Appliances/8dd1cb74.jpg,8dd1cb74.jpg
8dd7541e.jpg,Appliances,relevant_images/Appliances/8dd7541e.jpg,8dd7541e.jpg
8e9a7e97.jpg,Appliances,relevant_images/Appliances/8e9a7e97.jpg,8e9a7e97.jpg
8f91b1c8.jpg,Appliances,relevant_images/Appliances/8f91b1c8.jpg,8f91b1c8.jpg
90733693.jpg,Appliances,relevant_images/Appliances/90733693.jpg,90733693.jpg
911fd023.jpg,Appliances,relevant_images/Appliances/911fd023.jpg,911fd023.jpg
92f18d2b.jpg,Appliances,relevant_images/Appliances/92f18d2b.jpg,92f18d2b.jpg
93667247.jpg,Appliances,relevant_images/Appliances/93667247.jpg,93667247.jpg
958249cf.jpg,Appliances,relevant_images/Appliances/958249cf.jpg,958249cf.jpg
980f3f3c.jpg,Appliances,relevant_images/Appliances/980f3f3c.jpg,980f3f3c.jpg
98625762.jpg,Appliances,relevant_images/Appliances/98625762.jpg,98625762.jpg
9884341c.jpg,Appliances,relevant_images/Appliances/9884341c.jpg,9884341c.jpg
98fac8a6.jpg,Appliances,relevant_images/Appliances/98fac8a6.jpg,98fac8a6.jpg
9964bcce.jpg,Appliances,relevant_images/Appliances/9964bcce.jpg,9964bcce.jpg
9a3c75b9.jpg,Appliances,relevant_images/Appliances/9a3c75b9.jpg,9a3c75b9.jpg
9a5e21c4.jpg,Appliances,relevant_images/Appliances/9a5e21c4.jpg,9a5e21c4.jpg
9a7607d4.jpg,Appliances,relevant_images/Appliances/9a7607d4.jpg,9a7607d4.jpg
9cfefc28.jpg,Appliances,relevant_images/Appliances/9cfefc28.jpg,9cfefc28.jpg
9e1a0c82.jpg,Appliances,relevant_images/Appliances/9e1a0c82.jpg,9e1a0c82.jpg
a11e13d6.jpg,Appliances,relevant_images/Appliances/a11e13d6.jpg,a11e13d6.jpg
a1dcba10.jpg,Appliances,relevant_images/Appliances/a1dcba10.jpg,a1dcba10.jpg
a299dfae.jpg,Appliances,relevant_images/Appliances/a299dfae.jpg,a299dfae.jpg
a4cb0556.jpg,Appliances,relevant_images/Appliances/a4cb0556.jpg,a4cb0556.jpg
a5a48423.jpg,Appliances,relevant_images/Appliances/a5a48423.jpg,a5a48423.jpg
a78992b4.jpg,Appliances,relevant_images/Appliances/a78992b4.jpg,a78992b4.jpg
aa0d5208.jpg,Appliances,relevant_images/Appliances/aa0d5208.jpg,aa0d5208.jpg
ac376e16.jpg,Appliances,relevant_images/Appliances/ac376e16.jpg,ac376e16.jpg
ad98a272.jpg,Appliances,relevant_images/Appliances/ad98a272.jpg,ad98a272.jpg
af856719.jpg,Appliances,relevant_images/Appliances/af856719.jpg,af856719.jpg
afa169eb.jpg,Appliances,relevant_images/Appliances/afa169eb.jpg,afa169eb.jpg
b1181594.jpg,Appliances,relevant_images/Appliances/b1181594.jpg,b1181594.jpg
b1b45541.jpg,Appliances,relevant_images/Appliances/b1b45541.jpg,b1b45541.jpg
b1e1a72d.jpg,Appliances,relevant_images/Appliances/b1e1a72d.jpg,b1e1a72d.jpg
b31fe6d0.jpg,Appliances,relevant_images/Appliances/b31fe6d0.jpg,b31fe6d0.jpg
b3a29c07.jpg,Appliances,relevant_images/Appliances/b3a29c07.jpg,b3a29c07.jpg
b4e8f3a2.jpg,Appliances,relevant_images/Appliances/b4e8f3a2.jpg,b4e8f3a2.jpg
b562d498.jpg,Appliances,relevant_images/Appliances/b562d498.jpg,b562d498.jpg
b8e5e0bf.jpg,Appliances,relevant_images/Appliances/b8e5e0bf.jpg,b8e5e0bf.jpg
b9bad79b.jpg,Appliances,relevant_images/Appliances/b9bad79b.jpg,b9bad79b.jpg
bc68d3c4.jpg,Appliances,relevant_images/Appliances/bc68d3c4.jpg,bc68d3c4.jpg
bcee81dc.jpg,Appliances,relevant_images/Appliances/bcee81dc.jpg,bcee81dc.jpg
bf4f27d4.jpg,Appliances,relevant_images/Appliances/bf4f27d4.jpg,bf4f27d4.jpg
bf6ae0fb.jpg,Appliances,relevant_images/Appliances/bf6ae0fb.jpg,bf6ae0fb.jpg
c0e58afe.jpg,Appliances,relevant_images/Appliances/c0e58afe.jpg,c0e58afe.jpg
c15c2f04.jpg,Appliances,relevant_images/Appliances/c15c2f04.jpg,c15c2f04.jpg
c81cce3a.jpg,Appliances,relevant_images/Appliances/c81cce3a.jpg,c81cce3a.jpg
c8c8ca57.jpg,Appliances,relevant_images/Appliances/c8c8ca57.jpg,c8c8ca57.jpg
ca6c0d01.jpg,Appliances,relevant_images/Appliances/ca6c0d01.jpg,ca6c0d01.jpg
caa41387.jpg,Appliances,relevant_images/Appliances/caa41387.jpg,caa41387.jpg
cc334a4c.jpg,Appliances,relevant_images/Appliances/cc334a4c.jpg,cc334a4c.jpg
ccd2dcba.jpg,Appliances,relevant_images/Appliances/ccd2dcba.jpg,ccd2dcba.jpg
cd7578b2.jpg,Appliances,relevant_images/Appliances/cd7578b2.jpg,cd7578b2.jpg
cdb2eee3.jpg,Appliances,relevant_images/Appliances/cdb2eee3.jpg,cdb2eee3.jpg
ce807e90.jpg,Appliances,relevant_images/Appliances/ce807e90.jpg,ce807e90.jpg
ceaacb04.jpg,Appliances,relevant_images/Appliances/ceaacb04.jpg,ceaacb04.jpg
d1083ff3.jpg,Appliances,relevant_images/Appliances/d1083ff3.jpg,d1083ff3.jpg
d20845cc.jpg,Appliances,relevant_images/Appliances/d20845cc.jpg,d20845cc.jpg
d2937776.jpg,Appliances,relevant_images/Appliances/d2937776.jpg,d2937776.jpg
d3952963.jpg,Appliances,relevant_images/Appliances/d3952963.jpg,d3952963.jpg
d4951372.jpg,Appliances,relevant_images/Appliances/d4951372.jpg,d4951372.jpg
d5612135.jpg,Appliances,relevant_images/Appliances/d5612135.jpg,d5612135.jpg
d69762dd.jpg,Appliances,relevant_images/Appliances/d69762dd.jpg,d69762dd.jpg
d81f61ec.jpg,Appliances,relevant_images/Appliances/d81f61ec.jpg,d81f61ec.jpg
d8c12323.jpg,Appliances,relevant_images/Appliances/d8c12323.jpg,d8c12323.jpg
d9cc3df2.jpg,Appliances,relevant_images/Appliances/d9cc3df2.jpg,d9cc3df2.jpg
db0e62bc.jpg,Appliances,relevant_images/Appliances/db0e62bc.jpg,db0e62bc.jpg
dbd4fb31.jpg,Appliances,relevant_images/Appliances/dbd4fb31.jpg,dbd4fb31.jpg
dd528777.jpg,Appliances,relevant_images/Appliances/dd528777.jpg,dd528777.jpg
dd779ef1.jpg,Appliances,relevant_images/Appliances/dd779ef1.jpg,dd779ef1.jpg
df2e3456.jpg,Appliances,relevant_images/Appliances/df2e3456.jpg,df2e3456.jpg
df7e7d42.jpg,Appliances,relevant_images/Appliances/df7e7d42.jpg,df7e7d42.jpg
e168c5fa.jpg,Appliances,relevant_images/Appliances/e168c5fa.jpg,e168c5fa.jpg
e2462b11.jpg,Appliances,relevant_images/Appliances/e2462b11.jpg,e2462b11.jpg
e5367d61.jpg,Appliances,relevant_images/Appliances/e5367d61.jpg,e5367d61.jpg
e5fedf72.jpg,Appliances,relevant_images/Appliances/e5fedf72.jpg,e5fedf72.jpg
e72ff35f.jpg,Appliances,relevant_images/Appliances/e72ff35f.jpg,e72ff35f.jpg
e9755ed7.jpg,Appliances,relevant_images/Appliances/e9755ed7.jpg,e9755ed7.jpg
e9d14731.jpg,Appliances,relevant_images/Appliances/e9d14731.jpg,e9d14731.jpg
ed0338db.jpg,Appliances,relevant_images/Appliances/ed0338db.jpg,ed0338db.jpg
edaf0be1.jpg,Appliances,relevant_images/Appliances/edaf0be1.jpg,edaf0be1.jpg
eeb31280.jpg,Appliances,relevant_images/Appliances/eeb31280.jpg,eeb31280.jpg
eeeb2794.jpg,Appliances,relevant_images/Appliances/eeeb2794.jpg,eeeb2794.jpg
f05c17f2.jpg,Appliances,relevant_images/Appliances/f05c17f2.jpg,f05c17f2.jpg
f13a8619.jpg,Appliances,relevant_images/Appliances/f13a8619.jpg,f13a8619.jpg
f195ba8b.jpg,Appliances,relevant_images/Appliances/f195ba8b.jpg,f195ba8b.jpg
f4fcd632.jpg,Appliances,relevant_images/Appliances/f4fcd632.jpg,f4fcd632.jpg
f595ab5b.jpg,Appliances,relevant_images/Appliances/f595ab5b.jpg,f595ab5b.jpg
f5ac4b7e.jpg,Appliances,relevant_images/Appliances/f5ac4b7e.jpg,f5ac4b7e.jpg
f624222e.jpg,Appliances,relevant_images/Appliances/f624222e.jpg,f624222e.jpg
f7003bed.jpg,Appliances,relevant_images/Appliances/f7003bed.jpg,f7003bed.jpg
f7de25d5.jpg,Appliances,relevant_images/Appliances/f7de25d5.jpg,f7de25d5.jpg
fe7183de.jpg,Appliances,relevant_images/Appliances/fe7183de.jpg,fe7183de.jpg
00e1cf35.jpg,Cookware,relevant_images/Cookware/00e1cf35.jpg,00e1cf35.jpg
0c64f736.jpg,Cookware,relevant_images/Cookware/0c64f736.jpg,0c64f736.jpg
0e170bc8.jpg,Cookware,relevant_images/Cookware/0e170bc8.jpg,0e170bc8.jpg
114cfc92.jpg,Cookware,relevant_images/Cookware/114cfc92.jpg,114cfc92.jpg
11edb254.jpg,Cookware,relevant_images/Cookware/11edb254.jpg,11edb254.jpg
12d40337.jpg,Cookware,relevant_images/Cookware/12d40337.jpg,12d40337.jpg
15fb1c73.jpg,Cookware,relevant_images/Cookware/15fb1c73.jpg,15fb1c73.jpg
16d395ad.jpg,Cookware,relevant_images/Cookware/16d395ad.jpg,16d395ad.jpg
1709ac5d.jpg,Cookware,relevant_images/Cookware/1709ac5d.jpg,1709ac5d.jpg
18b28798.jpg,Cookware,relevant_images/Cookware/18b28798.jpg,18b28798.jpg
1aa07c02.jpg,Cookware,relevant_images/Cookware/1aa07c02.jpg,1aa07c02.jpg
1fa1e422.jpg,Cookware,relevant_images/Cookware/1fa1e422.jpg,1fa1e422.jpg
22bc3262.jpg,Cookware,relevant_images/Cookware/22bc3262.jpg,22bc3262.jpg
256d55a1.jpg,Cookware,relevant_images/Cookware/256d55a1.jpg,256d55a1.jpg
286f0541.jpg,Cookware,relevant_images/Cookware/286f0541.jpg,286f0541.jpg
29364193.jpg,Cookware,relevant_images/Cookware/29364193.jpg,29364193.jpg
2958ff18.jpg,Cookware,relevant_images/Cookware/2958ff18.jpg,2958ff18.jpg
2ebb235b.jpg,Cookware,relevant_images/Cookware/2ebb235b.jpg,2ebb235b.jpg
3004fb71.jpg,Cookware,relevant_images/Cookware/3004fb71.jpg,3004fb71.jpg
31c5f02f.jpg,Cookware,relevant_images/Cookware/31c5f02f.jpg,31c5f02f.jpg
3202a1a8.jpg,Cookware,relevant_images/Cookware/3202a1a8.jpg,3202a1a8.jpg
32f46c28.jpg,Cookware,relevant_images/Cookware/32f46c28.jpg,32f46c28.jpg
3470fcca.jpg,Cookware,relevant_images/Cookware/3470fcca.jpg,3470fcca.jpg
349b4275.jpg,Cookware,relevant_images/Cookware/349b4275.jpg,349b4275.jpg
3690038e.jpg,Cookware,relevant_images/Cookware/3690038e.jpg,3690038e.jpg
3801ae87.jpg,Cookware,relevant_images/Cookware/3801ae87.jpg,3801ae87.jpg
3a1109db.jpg,Cookware,relevant_images/Cookware/3a1109db.jpg,3a1109db.jpg
3c9d1131.jpg,Cookware,relevant_images/Cookware/3c9d1131.jpg,3c9d1131.jpg
3eb98b4a.jpg,Cookware,relevant_images/Cookware/3eb98b4a.jpg,3eb98b4a.jpg
3f636aeb.jpg,Cookware,relevant_images/Cookware/3f636aeb.jpg,3f636aeb.jpg
422d6e66.jpg,Cookware,relevant_images/Cookware/422d6e66.jpg,422d6e66.jpg
48cc6c6f.jpg,Cookware,relevant_images/Cookware/48cc6c6f.jpg,48cc6c6f.jpg
4e7069d9.jpg,Cookware,relevant_images/Cookware/4e7069d9.jpg,4e7069d9.jpg
51dbaf34.jpg,Cookware,relevant_images/Cookware/51dbaf34.jpg,51dbaf34.jpg
521735cc.jpg,Cookware,relevant_images/Cookware/521735cc.jpg,521735cc.jpg
53eb388b.jpg,Cookware,relevant_images/Cookware/53eb388b.jpg,53eb388b.jpg
552be174.jpg,Cookware,relevant_images/Cookware/552be174.jpg,552be174.jpg
55c442fe.jpg,Cookware,relevant_images/Cookware/55c442fe.jpg,55c442fe.jpg
55cf77f3.jpg,Cookware,relevant_images/Cookware/55cf77f3.jpg,55cf77f3.jpg
57658226.jpg,Cookware,relevant_images/Cookware/57658226.jpg,57658226.jpg
582cf00e.jpg,Cookware,relevant_images/Cookware/582cf00e.jpg,582cf00e.jpg
59e8c5ff.jpg,Cookware,relevant_images/Cookware/59e8c5ff.jpg,59e8c5ff.jpg
5c1d05b7.jpg,Cookware,relevant_images/Cookware/5c1d05b7.jpg,5c1d05b7.jpg
5cf7369f.jpg,Cookware,relevant_images/Cookware/5cf7369f.jpg,5cf7369f.jpg
5dd2af6d.jpg,Cookware,relevant_images/Cookware/5dd2af6d.jpg,5dd2af6d.jpg
618d008b.jpg,Cookware,relevant_images/Cookware/618d008b.jpg,618d008b.jpg
622ce731.jpg,Cookware,relevant_images/Cookware/622ce731.jpg,622ce731.jpg
6347874f.jpg,Cookware,relevant_images/Cookware/6347874f.jpg,6347874f.jpg
666314be.jpg,Cookware,relevant_images/Cookware/666314be.jpg,666314be.jpg
66c1951f.jpg,Cookware,relevant_images/Cookware/66c1951f.jpg,66c1951f.jpg
682a456b.jpg,Cookware,relevant_images/Cookware/682a456b.jpg,682a456b.jpg
68d9d6b5.jpg,Cookware,relevant_images/Cookware/68d9d6b5.jpg,68d9d6b5.jpg
690435de.jpg,Cookware,relevant_images/Cookware/690435de.jpg,690435de.jpg
6922079d.jpg,Cookware,relevant_images/Cookware/6922079d.jpg,6922079d.jpg
69fad774.jpg,Cookware,relevant_images/Cookware/69fad774.jpg,69fad774.jpg
6c626bdf.jpg,Cookware,relevant_images/Cookware/6c626bdf.jpg,6c626bdf.jpg
6d4cdc99.jpg,Cookware,relevant_images/Cookware/6d4cdc99.jpg,6d4cdc99.jpg
70dab16f.jpg,Cookware,relevant_images/Cookware/70dab16f.jpg,70dab16f.jpg
762c802b.jpg,Cookware,relevant_images/Cookware/762c802b.jpg,762c802b.jpg
76473cfd.jpg,Cookware,relevant_images/Cookware/76473cfd.jpg,76473cfd.jpg
77ab2952.jpg,Cookware,relevant_images/Cookware/77ab2952.jpg,77ab2952.jpg
79458a37.jpg,Cookware,relevant_images/Cookware/79458a37.jpg,79458a37.jpg
7bb296f5.jpg,Cookware,relevant_images/Cookware/7bb296f5.jpg,7bb296f5.jpg
7bb3d068.jpg,Cookware,relevant_images/Cookware/7bb3d068.jpg,7bb3d068.jpg
7bc9cef2.jpg,Cookware,relevant_images/Cookware/7bc9cef2.jpg,7bc9cef2.jpg
7f022b19.jpg,Cookware,relevant_images/Cookware/7f022b19.jpg,7f022b19.jpg
80d3da1b.jpg,Cookware,relevant_images/Cookware/80d3da1b.jpg,80d3da1b.jpg
81d43159.jpg,Cookware,relevant_images/Cookware/81d43159.jpg,81d43159.jpg
84cb9927.jpg,Cookware,relevant_images/Cookware/84cb9927.jpg,84cb9927.jpg
86916e30.jpg,Cookware,relevant_images/Cookware/86916e30.jpg,86916e30.jpg
8757e833.jpg,Cookware,relevant_images/Cookware/8757e833.jpg,8757e833.jpg
8b2fb6f9.jpg,Cookware,relevant_images/Cookware/8b2fb6f9.jpg,8b2fb6f9.jpg
8b49a467.jpg,Cookware,relevant_images/Cookware/8b49a467.jpg,8b49a467.jpg
90fb11be.jpg,Cookware,relevant_images/Cookware/90fb11be.jpg,90fb11be.jpg
92290337.jpg,Cookware,relevant_images/Cookware/92290337.jpg,92290337.jpg
9323ef78.jpg,Cookware,relevant_images/Cookware/9323ef78.jpg,9323ef78.jpg
958c66b7.jpg,Cookware,relevant_images/Cookware/958c66b7.jpg,958c66b7.jpg
985b7c02.jpg,Cookware,relevant_images/Cookware/985b7c02.jpg,985b7c02.jpg
99ba9cf3.jpg,Cookware,relevant_images/Cookware/99ba9cf3.jpg,99ba9cf3.jpg
9c9531f5.jpg,Cookware,relevant_images/Cookware/9c9531f5.jpg,9c9531f5.jpg
9e0058ce.jpg,Cookware,relevant_images/Cookware/9e0058ce.jpg,9e0058ce.jpg
9e1a7b60.jpg,Cookware,relevant_images/Cookware/9e1a7b60.jpg,9e1a7b60.jpg
9f8a2b73.jpg,Cookware,relevant_images/Cookware/9f8a2b73.jpg,9f8a2b73.jpg
a017fa4b.jpg,Cookware,relevant_images/Cookware/a017fa4b.jpg,a017fa4b.jpg
a0271862.jpg,Cookware,relevant_images/Cookware/a0271862.jpg,a0271862.jpg
a1fc1d88.jpg,Cookware,relevant_images/Cookware/a1fc1d88.jpg,a1fc1d88.jpg
a57783db.jpg,Cookware,relevant_images/Cookware/a57783db.jpg,a57783db.jpg
a5a45e11.jpg,Cookware,relevant_images/Cookware/a5a45e11.jpg,a5a45e11.jpg
a9dd6bee.jpg,Cookware,relevant_images/Cookware/a9dd6bee.jpg,a9dd6bee.jpg
b1ecaa79.jpg,Cookware,relevant_images/Cookware/b1ecaa79.jpg,b1ecaa79.jpg
b3ebba6f.jpg,Cookware,relevant_images/Cookware/b3ebba6f.jpg,b3ebba6f.jpg
b656c4f4.jpg,Cookware,relevant_images/Cookware/b656c4f4.jpg,b656c4f4.jpg
b925ee0d.jpg,Cookware,relevant_images/Cookware/b925ee0d.jpg,b925ee0d.jpg
bad3210b.jpg,Cookware,relevant_images/Cookware/bad3210b.jpg,bad3210b.jpg
be2563b3.jpg,Cookware,relevant_images/Cookware/be2563b3.jpg,be2563b3.jpg
bff6e41c.jpg,Cookware,relevant_images/Cookware/bff6e41c.jpg,bff6e41c.jpg
c019ab30.jpg,Cookware,relevant_images/Cookware/c019ab30.jpg,c019ab30.jpg
c07d45ea.jpg,Cookware,relevant_images/Cookware/c07d45ea.jpg,c07d45ea.jpg
c125af15.jpg,Cookware,relevant_images/Cookware/c125af15.jpg,c125af15.jpg
c218e2d8.jpg,Cookware,relevant_images/Cookware/c218e2d8.jpg,c218e2d8.jpg
c34ff8c4.jpg,Cookware,relevant_images/Cookware/c34ff8c4.jpg,c34ff8c4.jpg
c540ec53.jpg,Cookware,relevant_images/Cookware/c540ec53.jpg,c540ec53.jpg
c77cc835.jpg,Cookware,relevant_images/Cookware/c77cc835.jpg,c77cc835.jpg
c848631c.jpg,Cookware,relevant_images/Cookware/c848631c.jpg,c848631c.jpg
cab6284e.jpg,Cookware,relevant_images/Cookware/cab6284e.jpg,cab6284e.jpg
cc7406db.jpg,Cookware,relevant_images/Cookware/cc7406db.jpg,cc7406db.jpg
cce52993.jpg,Cookware,relevant_images/Cookware/cce52993.jpg,cce52993.jpg
cf6e0e92.jpg,Cookware,relevant_images/Cookware/cf6e0e92.jpg,cf6e0e92.jpg
d01aee98.jpg,Cookware,relevant_images/Cookware/d01aee98.jpg,d01aee98.jpg
d2c6cfa5.jpg,Cookware,relevant_images/Cookware/d2c6cfa5.jpg,d2c6cfa5.jpg
d35bb8b9.jpg,Cookware,relevant_images/Cookware/d35bb8b9.jpg,d35bb8b9.jpg
d3d8094f.jpg,Cookware,relevant_images/Cookware/d3d8094f.jpg,d3d8094f.jpg
d6ec6c92.jpg,Cookware,relevant_images/Cookware/d6ec6c92.jpg,d6ec6c92.jpg
d978c233.jpg,Cookware,relevant_images/Cookware/d978c233.jpg,d978c233.jpg
db75e1cc.jpg,Cookware,relevant_images/Cookware/db75e1cc.jpg,db75e1cc.jpg
dc136511.jpg,Cookware,relevant_images/Cookware/dc136511.jpg,dc136511.jpg
dd789e2b.jpg,Cookware,relevant_images/Cookware/dd789e2b.jpg,dd789e2b.jpg
dfc9df8c.jpg,Cookware,relevant_images/Cookware/dfc9df8c.jpg,dfc9df8c.jpg
e0e11dfb.jpg,Cookware,relevant_images/Cookware/e0e11dfb.jpg,e0e11dfb.jpg
e0ea0108.jpg,Cookware,relevant_images/Cookware/e0ea0108.jpg,e0ea0108.jpg
e53d3002.jpg,Cookware,relevant_images/Cookware/e53d3002.jpg,e53d3002.jpg
e6907fe7.jpg,Cookware,relevant_images/Cookware/e6907fe7.jpg,e6907fe7.jpg
e8e950d6.jpg,Cookware,relevant_images/Cookware/e8e950d6.jpg,e8e950d6.jpg
eb52e57a.jpg,Cookware,relevant_images/Cookware/eb52e57a.jpg,eb52e57a.jpg
eb9c8aaa.jpg,Cookware,relevant_images/Cookware/eb9c8aaa.jpg,eb9c8aaa.jpg
f07ac7d9.jpg,Cookware,relevant_images/Cookware/f07ac7d9.jpg,f07ac7d9.jpg
f1c5db93.jpg,Cookware,relevant_images/Cookware/f1c5db93.jpg,f1c5db93.jpg
f1d02e8d.jpg,Cookware,relevant_images/Cookware/f1d02e8d.jpg,f1d02e8d.jpg
f6745f7a.jpg,Cookware,relevant_images/Cookware/f6745f7a.jpg,f6745f7a.jpg
f7ca9e1d.jpg,Cookware,relevant_images/Cookware/f7ca9e1d.jpg,f7ca9e1d.jpg
f85d696a.jpg,Cookware,relevant_images/Cookware/f85d696a.jpg,f85d696a.jpg
f95942b3.jpg,Cookware,relevant_images/Cookware/f95942b3.jpg,f95942b3.jpg
fc5d88f1.jpg,Cookware,relevant_images/Cookware/fc5d88f1.jpg,fc5d88f1.jpg
026e0c81.jpg,Dinnerware,relevant_images/Dinnerware/026e0c81.jpg,026e0c81.jpg
066519ec.jpg,Dinnerware,relevant_images/Dinnerware/066519ec.jpg,066519ec.jpg
0697fe17.jpg,Dinnerware,relevant_images/Dinnerware/0697fe17.jpg,0697fe17.jpg
0c818701.jpg,Dinnerware,relevant_images/Dinnerware/0c818701.jpg,0c818701.jpg
0d6d2831.jpg,Dinnerware,relevant_images/Dinnerware/0d6d2831.jpg,0d6d2831.jpg
0dd6f16f.jpg,Dinnerware,relevant_images/Dinnerware/0dd6f16f.jpg,0dd6f16f.jpg
1189461f.jpg,Dinnerware,relevant_images/Dinnerware/1189461f.jpg,1189461f.jpg
12340a98.jpg,Dinnerware,relevant_images/Dinnerware/12340a98.jpg,12340a98.jpg
153e869c.jpg,Dinnerware,relevant_images/Dinnerware/153e869c.jpg,153e869c.jpg
188cb633.jpg,Dinnerware,relevant_images/Dinnerware/188cb633.jpg,188cb633.jpg
1beb093a.jpg,Dinnerware,relevant_images/Dinnerware/1beb093a.jpg,1beb093a.jpg
1f9d0e7f.jpg,Dinnerware,relevant_images/Dinnerware/1f9d0e7f.jpg,1f9d0e7f.jpg
1fb65e31.jpg,Dinnerware,relevant_images/Dinnerware/1fb65e31.jpg,1fb65e31.jpg
222cffc8.jpg,Dinnerware,relevant_images/Dinnerware/222cffc8.jpg,222cffc8.jpg
256a85bd.jpg,Dinnerware,relevant_images/Dinnerware/256a85bd.jpg,256a85bd.jpg
26475341.jpg,Dinnerware,relevant_images/Dinnerware/26475341.jpg,26475341.jpg
293cc915.jpg,Dinnerware,relevant_images/Dinnerware/293cc915.jpg,293cc915.jpg
2e3702b0.jpg,Dinnerware,relevant_images/Dinnerware/2e3702b0.jpg,2e3702b0.jpg
312797bd.jpg,Dinnerware,relevant_images/Dinnerware/312797bd.jpg,312797bd.jpg
322cf453.jpg,Dinnerware,relevant_images/Dinnerware/322cf453.jpg,322cf453.jpg
37292a29.jpg,Dinnerware,relevant_images/Dinnerware/37292a29.jpg,37292a29.jpg
37e84848.jpg,Dinnerware,relevant_images/Dinnerware/37e84848.jpg,37e84848.jpg
4c610ab9.jpg,Dinnerware,relevant_images/Dinnerware/4c610ab9.jpg,4c610ab9.jpg
4f8543b4.jpg,Dinnerware,relevant_images/Dinnerware/4f8543b4.jpg,4f8543b4.jpg
50ac3126.jpg,Dinnerware,relevant_images/Dinnerware/50ac3126.jpg,50ac3126.jpg
528c7ac7.jpg,Dinnerware,relevant_images/Dinnerware/528c7ac7.jpg,528c7ac7.jpg
54839f89.jpg,Dinnerware,relevant_images/Dinnerware/54839f89.jpg,54839f89.jpg
54f6cf7e.jpg,Dinnerware,relevant_images/Dinnerware/54f6cf7e.jpg,54f6cf7e.jpg
6440cba2.jpg,Dinnerware,relevant_images/Dinnerware/6440cba2.jpg,6440cba2.jpg
67ed3f8b.jpg,Dinnerware,relevant_images/Dinnerware/67ed3f8b.jpg,67ed3f8b.jpg
6e9f22f3.jpg,Dinnerware,relevant_images/Dinnerware/6e9f22f3.jpg,6e9f22f3.jpg
741b6b3a.jpg,Dinnerware,relevant_images/Dinnerware/741b6b3a.jpg,741b6b3a.jpg
7a4f4782.jpg,Dinnerware,relevant_images/Dinnerware/7a4f4782.jpg,7a4f4782.jpg
865698c1.jpg,Dinnerware,relevant_images/Dinnerware/865698c1.jpg,865698c1.jpg
8b15f3db.jpg,Dinnerware,relevant_images/Dinnerware/8b15f3db.jpg,8b15f3db.jpg
8b5e2607.jpg,Dinnerware,relevant_images/Dinnerware/8b5e2607.jpg,8b5e2607.jpg
975d368d.jpg,Dinnerware,relevant_images/Dinnerware/975d368d.jpg,975d368d.jpg
97bf3953.jpg,Dinnerware,relevant_images/Dinnerware/97bf3953.jpg,97bf3953.jpg
99fbaf2a.jpg,Dinnerware,relevant_images/Dinnerware/99fbaf2a.jpg,99fbaf2a.jpg
9acb7597.jpg,Dinnerware,relevant_images/Dinnerware/9acb7597.jpg,9acb7597.jpg
9bd8a0c1.jpg,Dinnerware,relevant_images/Dinnerware/9bd8a0c1.jpg,9bd8a0c1.jpg
9c9d39af.jpg,Dinnerware,relevant_images/Dinnerware/9c9d39af.jpg,9c9d39af.jpg
aa43a550.jpg,Dinnerware,relevant_images/Dinnerware/aa43a550.jpg,aa43a550.jpg
aae50b35.jpg,Dinnerware,relevant_images/Dinnerware/aae50b35.jpg,aae50b35.jpg
abeeadd1.jpg,Dinnerware,relevant_images/Dinnerware/abeeadd1.jpg,abeeadd1.jpg
ae458687.jpg,Dinnerware,relevant_images/Dinnerware/ae458687.jpg,ae458687.jpg
b875620e.jpg,Dinnerware,relevant_images/Dinnerware/b875620e.jpg,b875620e.jpg
b8f120ee.jpg,Dinnerware,relevant_images/Dinnerware/b8f120ee.jpg,b8f120ee.jpg
b9271ff9.jpg,Dinnerware,relevant_images/Dinnerware/b9271ff9.jpg,b9271ff9.jpg
bbcec2d3.jpg,Dinnerware,relevant_images/Dinnerware/bbcec2d3.jpg,bbcec2d3.jpg
bd3681f0.jpg,Dinnerware,relevant_images/Dinnerware/bd3681f0.jpg,bd3681f0.jpg
bdf419d9.jpg,Dinnerware,relevant_images/Dinnerware/bdf419d9.jpg,bdf419d9.jpg
bf8139b0.jpg,Dinnerware,relevant_images/Dinnerware/bf8139b0.jpg,bf8139b0.jpg
c964e430.jpg,Dinnerware,relevant_images/Dinnerware/c964e430.jpg,c964e430.jpg
caf840e4.jpg,Dinnerware,relevant_images/Dinnerware/caf840e4.jpg,caf840e4.jpg
cc0e38c5.jpg,Dinnerware,relevant_images/Dinnerware/cc0e38c5.jpg,cc0e38c5.jpg
d98d8b5a.jpg,Dinnerware,relevant_images/Dinnerware/d98d8b5a.jpg,d98d8b5a.jpg
dc3cae1c.jpg,Dinnerware,relevant_images/Dinnerware/dc3cae1c.jpg,dc3cae1c.jpg
dcaafd61.jpg,Dinnerware,relevant_images/Dinnerware/dcaafd61.jpg,dcaafd61.jpg
ed214c34.jpg,Dinnerware,relevant_images/Dinnerware/ed214c34.jpg,ed214c34.jpg
f037c93b.jpg,Dinnerware,relevant_images/Dinnerware/f037c93b.jpg,f037c93b.jpg
f91179de.jpg,Dinnerware,relevant_images/Dinnerware/f91179de.jpg,f91179de.jpg
fc6f3b51.jpg,Dinnerware,relevant_images/Dinnerware/fc6f3b51.jpg,fc6f3b51.jpg
fcd743e7.jpg,Dinnerware,relevant_images/Dinnerware/fcd743e7.jpg,fcd743e7.jpg
002f15de.jpg,Jackets,relevant_images/Jackets/002f15de.jpg,002f15de.jpg
092beb81.jpg,Jackets,relevant_images/Jackets/092beb81.jpg,092beb81.jpg
09dd3145.jpg,Jackets,relevant_images/Jackets/09dd3145.jpg,09dd3145.jpg
0b215593.jpg,Jackets,relevant_images/Jackets/0b215593.jpg,0b215593.jpg
174330f8.jpg,Jackets,relevant_images/Jackets/174330f8.jpg,174330f8.jpg
18194e46.jpg,Jackets,relevant_images/Jackets/18194e46.jpg,18194e46.jpg
1aaa1e0a.jpg,Jackets,relevant_images/Jackets/1aaa1e0a.jpg,1aaa1e0a.jpg
1b519a76.jpg,Jackets,relevant_images/Jackets/1b519a76.jpg,1b519a76.jpg
1bb52faa.jpg,Jackets,relevant_images/Jackets/1bb52faa.jpg,1bb52faa.jpg
1eda69a0.jpg,Jackets,relevant_images/Jackets/1eda69a0.jpg,1eda69a0.jpg
22bccbb6.jpg,Jackets,relevant_images/Jackets/22bccbb6.jpg,22bccbb6.jpg
28788dbb.jpg,Jackets,relevant_images/Jackets/28788dbb.jpg,28788dbb.jpg
2a4e4637.jpg,Jackets,relevant_images/Jackets/2a4e4637.jpg,2a4e4637.jpg
2a98995d.jpg,Jackets,relevant_images/Jackets/2a98995d.jpg,2a98995d.jpg
2bd9a524.jpg,Jackets,relevant_images/Jackets/2bd9a524.jpg,2bd9a524.jpg
368611e5.jpg,Jackets,relevant_images/Jackets/368611e5.jpg,368611e5.jpg
39cce294.jpg,Jackets,relevant_images/Jackets/39cce294.jpg,39cce294.jpg
3c716d8e.jpg,Jackets,relevant_images/Jackets/3c716d8e.jpg,3c716d8e.jpg
470eba77.jpg,Jackets,relevant_images/Jackets/470eba77.jpg,470eba77.jpg
4db0dd56.jpg,Jackets,relevant_images/Jackets/4db0dd56.jpg,4db0dd56.jpg
50881a96.jpg,Jackets,relevant_images/Jackets/50881a96.jpg,50881a96.jpg
50de240e.jpg,Jackets,relevant_images/Jackets/50de240e.jpg,50de240e.jpg
5668c93b.jpg,Jackets,relevant_images/Jackets/5668c93b.jpg,5668c93b.jpg
57e4c20e.jpg,Jackets,relevant_images/Jackets/57e4c20e.jpg,57e4c20e.jpg
5b9121a8.jpg,Jackets,relevant_images/Jackets/5b9121a8.jpg,5b9121a8.jpg
5d08903b.jpg,Jackets,relevant_images/Jackets/5d08903b.jpg,5d08903b.jpg
5dddfa05.jpg,Jackets,relevant_images/Jackets/5dddfa05.jpg,5dddfa05.jpg
5df6b030.jpg,Jackets,relevant_images/Jackets/5df6b030.jpg,5df6b030.jpg
61c937c8.jpg,Jackets,relevant_images/Jackets/61c937c8.jpg,61c937c8.jpg
65034b8b.jpg,Jackets,relevant_images/Jackets/65034b8b.jpg,65034b8b.jpg
696d7eb6.jpg,Jackets,relevant_images/Jackets/696d7eb6.jpg,696d7eb6.jpg
6a7f4c73.jpg,Jackets,relevant_images/Jackets/6a7f4c73.jpg,6a7f4c73.jpg
6bc76cbd.jpg,Jackets,relevant_images/Jackets/6bc76cbd.jpg,6bc76cbd.jpg
6cf30480.jpg,Jackets,relevant_images/Jackets/6cf30480.jpg,6cf30480.jpg
7f380569.jpg,Jackets,relevant_images/Jackets/7f380569.jpg,7f380569.jpg
7ff138c8.jpg,Jackets,relevant_images/Jackets/7ff138c8.jpg,7ff138c8.jpg
81a705f6.jpg,Jackets,relevant_images/Jackets/81a705f6.jpg,81a705f6.jpg
83defd5b.jpg,Jackets,relevant_images/Jackets/83defd5b.jpg,83defd5b.jpg
84af5ea6.jpg,Jackets,relevant_images/Jackets/84af5ea6.jpg,84af5ea6.jpg
874d8b77.jpg,Jackets,relevant_images/Jackets/874d8b77.jpg,874d8b77.jpg
89a8d043.jpg,Jackets,relevant_images/Jackets/89a8d043.jpg,89a8d043.jpg
8a37efe9.jpg,Jackets,relevant_images/Jackets/8a37efe9.jpg,8a37efe9.jpg
90f06348.jpg,Jackets,relevant_images/Jackets/90f06348.jpg,90f06348.jpg
9290bd41.jpg,Jackets,relevant_images/Jackets/9290bd41.jpg,9290bd41.jpg
93108127.jpg,Jackets,relevant_images/Jackets/93108127.jpg,93108127.jpg
967cedf4.jpg,Jackets,relevant_images/Jackets/967cedf4.jpg,967cedf4.jpg
9ea753f3.jpg,Jackets,relevant_images/Jackets/9ea753f3.jpg,9ea753f3.jpg
9f3c601d.jpg,Jackets,relevant_images/Jackets/9f3c601d.jpg,9f3c601d.jpg
a65d058e.jpg,Jackets,relevant_images/Jackets/a65d058e.jpg,a65d058e.jpg
b1aa7864.jpg,Jackets,relevant_images/Jackets/b1aa7864.jpg,b1aa7864.jpg
bbd4a794.jpg,Jackets,relevant_images/Jackets/bbd4a794.jpg,bbd4a794.jpg
bf00d997.jpg,Jackets,relevant_images/Jackets/bf00d997.jpg,bf00d997.jpg
bf615b1c.jpg,Jackets,relevant_images/Jackets/bf615b1c.jpg,bf615b1c.jpg
bfd2ec9a.jpg,Jackets,relevant_images/Jackets/bfd2ec9a.jpg,bfd2ec9a.jpg
bffa20cf.jpg,Jackets,relevant_images/Jackets/bffa20cf.jpg,bffa20cf.jpg
c014ef88.jpg,Jackets,relevant_images/Jackets/c014ef88.jpg,c014ef88.jpg
cb225120.jpg,Jackets,relevant_images/Jackets/cb225120.jpg,cb225120.jpg
cc21f216.jpg,Jackets,relevant_images/Jackets/cc21f216.jpg,cc21f216.jpg
d5826269.jpg,Jackets,relevant_images/Jackets/d5826269.jpg,d5826269.jpg
db7169d3.jpg,Jackets,relevant_images/Jackets/db7169d3.jpg,db7169d3.jpg
dd075b00.jpg,Jackets,relevant_images/Jackets/dd075b00.jpg,dd075b00.jpg
ddd8758f.jpg,Jackets,relevant_images/Jackets/ddd8758f.jpg,ddd8758f.jpg
df57cc0a.jpg,Jackets,relevant_images/Jackets/df57cc0a.jpg,df57cc0a.jpg
e00805c9.jpg,Jackets,relevant_images/Jackets/e00805c9.jpg,e00805c9.jpg
e595815e.jpg,Jackets,relevant_images/Jackets/e595815e.jpg,e595815e.jpg
e6f7429a.jpg,Jackets,relevant_images/Jackets/e6f7429a.jpg,e6f7429a.jpg
e7d36641.jpg,Jackets,relevant_images/Jackets/e7d36641.jpg,e7d36641.jpg
e9488eca.jpg,Jackets,relevant_images/Jackets/e9488eca.jpg,e9488eca.jpg
099902e5.jpg,Jeans,relevant_images/Jeans/099902e5.jpg,099902e5.jpg
0cc0aa85.jpg,Jeans,relevant_images/Jeans/0cc0aa85.jpg,0cc0aa85.jpg
10e7cecc.jpg,Jeans,relevant_images/Jeans/10e7cecc.jpg,10e7cecc.jpg
26775ae4.jpg,Jeans,relevant_images/Jeans/26775ae4.jpg,26775ae4.jpg
28d3e5c6.jpg,Jeans,relevant_images/Jeans/28d3e5c6.jpg,28d3e5c6.jpg
362114a2.jpg,Jeans,relevant_images/Jeans/362114a2.jpg,362114a2.jpg
3ba8904c.jpg,Jeans,relevant_images/Jeans/3ba8904c.jpg,3ba8904c.jpg
4bee6b64.jpg,Jeans,relevant_images/Jeans/4bee6b64.jpg,4bee6b64.jpg
5959145f.jpg,Jeans,relevant_images/Jeans/5959145f.jpg,5959145f.jpg
5d5ec8c3.jpg,Jeans,relevant_images/Jeans/5d5ec8c3.jpg,5d5ec8c3.jpg
5dcce9bf.jpg,Jeans,relevant_images/Jeans/5dcce9bf.jpg,5dcce9bf.jpg
657aad64.jpg,Jeans,relevant_images/Jeans/657aad64.jpg,657aad64.jpg
66155055.jpg,Jeans,relevant_images/Jeans/66155055.jpg,66155055.jpg
6c1ddbae.jpg,Jeans,relevant_images/Jeans/6c1ddbae.jpg,6c1ddbae.jpg
6e34f09a.jpg,Jeans,relevant_images/Jeans/6e34f09a.jpg,6e34f09a.jpg
8f4b9f90.jpg,Jeans,relevant_images/Jeans/8f4b9f90.jpg,8f4b9f90.jpg
8f660bbf.jpg,Jeans,relevant_images/Jeans/8f660bbf.jpg,8f660bbf.jpg
8fcd3657.jpg,Jeans,relevant_images/Jeans/8fcd3657.jpg,8fcd3657.jpg
9379c7c4.jpg,Jeans,relevant_images/Jeans/9379c7c4.jpg,9379c7c4.jpg
9c7a5631.jpg,Jeans,relevant_images/Jeans/9c7a5631.jpg,9c7a5631.jpg
a613074a.jpg,Jeans,relevant_images/Jeans/a613074a.jpg,a613074a.jpg
acacafe2.jpg,Jeans,relevant_images/Jeans/acacafe2.jpg,acacafe2.jpg
b12e215f.jpg,Jeans,relevant_images/Jeans/b12e215f.jpg,b12e215f.jpg
b14be752.jpg,Jeans,relevant_images/Jeans/b14be752.jpg,b14be752.jpg
ce4764ee.jpg,Jeans,relevant_images/Jeans/ce4764ee.jpg,ce4764ee.jpg
cef7bd69.jpg,Jeans,relevant_images/Jeans/cef7bd69.jpg,cef7bd69.jpg
cf279933.jpg,Jeans,relevant_images/Jeans/cf279933.jpg,cf279933.jpg
cf99afa9.jpg,Jeans,relevant_images/Jeans/cf99afa9.jpg,cf99afa9.jpg
d1e89336.jpg,Jeans,relevant_images/Jeans/d1e89336.jpg,d1e89336.jpg
d387f19f.jpg,Jeans,relevant_images/Jeans/d387f19f.jpg,d387f19f.jpg
d6789f17.jpg,Jeans,relevant_images/Jeans/d6789f17.jpg,d6789f17.jpg
dafc22e7.jpg,Jeans,relevant_images/Jeans/dafc22e7.jpg,dafc22e7.jpg
e2e1ffbc.jpg,Jeans,relevant_images/Jeans/e2e1ffbc.jpg,e2e1ffbc.jpg
e3d71a4d.jpg,Jeans,relevant_images/Jeans/e3d71a4d.jpg,e3d71a4d.jpg
e7e7ecfd.jpg,Jeans,relevant_images/Jeans/e7e7ecfd.jpg,e7e7ecfd.jpg
e87e72c9.jpg,Jeans,relevant_images/Jeans/e87e72c9.jpg,e87e72c9.jpg
ed5ba86d.jpg,Jeans,relevant_images/Jeans/ed5ba86d.jpg,ed5ba86d.jpg
f2a49e5e.jpg,Jeans,relevant_images/Jeans/f2a49e5e.jpg,f2a49e5e.jpg
f457ccf5.jpg,Jeans,relevant_images/Jeans/f457ccf5.jpg,f457ccf5.jpg
06e4c677.jpg,Shoes,relevant_images/Shoes/06e4c677.jpg,06e4c677.jpg
080cee67.jpg,Shoes,relevant_images/Shoes/080cee67.jpg,080cee67.jpg
0883864e.jpg,Shoes,relevant_images/Shoes/0883864e.jpg,0883864e.jpg
0c6bb1fd.jpg,Shoes,relevant_images/Shoes/0c6bb1fd.jpg,0c6bb1fd.jpg
10dd895a.jpg,Shoes,relevant_images/Shoes/10dd895a.jpg,10dd895a.jpg
129b7edb.jpg,Shoes,relevant_images/Shoes/129b7edb.jpg,129b7edb.jpg
12c5ad6d.jpg,Shoes,relevant_images/Shoes/12c5ad6d.jpg,12c5ad6d.jpg
131dee55.jpg,Shoes,relevant_images/Shoes/131dee55.jpg,131dee55.jpg
1427aaa0.jpg,Shoes,relevant_images/Shoes/1427aaa0.jpg,1427aaa0.jpg
1465b4bd.jpg,Shoes,relevant_images/Shoes/1465b4bd.jpg,1465b4bd.jpg
1548bcac.jpg,Shoes,relevant_images/Shoes/1548bcac.jpg,1548bcac.jpg
158ea50a.jpg,Shoes,relevant_images/Shoes/158ea50a.jpg,158ea50a.jpg
195275cb.jpg,Shoes,relevant_images/Shoes/195275cb.jpg,195275cb.jpg
1b403a3e.jpg,Shoes,relevant_images/Shoes/1b403a3e.jpg,1b403a3e.jpg
1cd84e6b.jpg,Shoes,relevant_images/Shoes/1cd84e6b.jpg,1cd84e6b.jpg
1d4442ba.jpg,Shoes,relevant_images/Shoes/1d4442ba.jpg,1d4442ba.jpg
1e784e44.jpg,Shoes,relevant_images/Shoes/1e784e44.jpg,1e784e44.jpg
1ebe6152.jpg,Shoes,relevant_images/Shoes/1ebe6152.jpg,1ebe6152.jpg
217813a5.jpg,Shoes,relevant_images/Shoes/217813a5.jpg,217813a5.jpg
21940323.jpg,Shoes,relevant_images/Shoes/21940323.jpg,21940323.jpg
21b26980.jpg,Shoes,relevant_images/Shoes/21b26980.jpg,21b26980.jpg
26ffb507.jpg,Shoes,relevant_images/Shoes/26ffb507.jpg,26ffb507.jpg
2717afb3.jpg,Shoes,relevant_images/Shoes/2717afb3.jpg,2717afb3.jpg
28b4f991.jpg,Shoes,relevant_images/Shoes/28b4f991.jpg,28b4f991.jpg
28f40535.jpg,Shoes,relevant_images/Shoes/28f40535.jpg,28f40535.jpg
29b3ce17.jpg,Shoes,relevant_images/Shoes/29b3ce17.jpg,29b3ce17.jpg
2a812207.jpg,Shoes,relevant_images/Shoes/2a812207.jpg,2a812207.jpg
2b94626b.jpg,Shoes,relevant_images/Shoes/2b94626b.jpg,2b94626b.jpg
2c24c25f.jpg,Shoes,relevant_images/Shoes/2c24c25f.jpg,2c24c25f.jpg
2e76a5b1.jpg,Shoes,relevant_images/Shoes/2e76a5b1.jpg,2e76a5b1.jpg
2e783eb1.jpg,Shoes,relevant_images/Shoes/2e783eb1.jpg,2e783eb1.jpg
2e7ea2bb.jpg,Shoes,relevant_images/Shoes/2e7ea2bb.jpg,2e7ea2bb.jpg
303db92d.jpg,Shoes,relevant_images/Shoes/303db92d.jpg,303db92d.jpg
3053cdd3.jpg,Shoes,relevant_images/Shoes/3053cdd3.jpg,3053cdd3.jpg
305ef3a6.jpg,Shoes,relevant_images/Shoes/305ef3a6.jpg,305ef3a6.jpg
30844b00.jpg,Shoes,relevant_images/Shoes/30844b00.jpg,30844b00.jpg
3496462d.jpg,Shoes,relevant_images/Shoes/3496462d.jpg,3496462d.jpg
36da3718.jpg,Shoes,relevant_images/Shoes/36da3718.jpg,36da3718.jpg
3721ab38.jpg,Shoes,relevant_images/Shoes/3721ab38.jpg,3721ab38.jpg
37775c9e.jpg,Shoes,relevant_images/Shoes/37775c9e.jpg,37775c9e.jpg
38ac4063.jpg,Shoes,relevant_images/Shoes/38ac4063.jpg,38ac4063.jpg
393a70a0.jpg,Shoes,relevant_images/Shoes/393a70a0.jpg,393a70a0.jpg
39a21a6c.jpg,Shoes,relevant_images/Shoes/39a21a6c.jpg,39a21a6c.jpg
3a297d96.jpg,Shoes,relevant_images/Shoes/3a297d96.jpg,3a297d96.jpg
3be168ba.jpg,Shoes,relevant_images/Shoes/3be168ba.jpg,3be168ba.jpg
3ca13273.jpg,Shoes,relevant_images/Shoes/3ca13273.jpg,3ca13273.jpg
3cac32f5.jpg,Shoes,relevant_images/Shoes/3cac32f5.jpg,3cac32f5.jpg
3d26de63.jpg,Shoes,relevant_images/Shoes/3d26de63.jpg,3d26de63.jpg
3f38d885.jpg,Shoes,relevant_images/Shoes/3f38d885.jpg,3f38d885.jpg
41911851.jpg,Shoes,relevant_images/Shoes/41911851.jpg,41911851.jpg
430e28a7.jpg,Shoes,relevant_images/Shoes/430e28a7.jpg,430e28a7.jpg
43bdc986.jpg,Shoes,relevant_images/Shoes/43bdc986.jpg,43bdc986.jpg
44559855.jpg,Shoes,relevant_images/Shoes/44559855.jpg,44559855.jpg
45533ff0.jpg,Shoes,relevant_images/Shoes/45533ff0.jpg,45533ff0.jpg
4718be30.jpg,Shoes,relevant_images/Shoes/4718be30.jpg,4718be30.jpg
472c009a.jpg,Shoes,relevant_images/Shoes/472c009a.jpg,472c009a.jpg
47610319.jpg,Shoes,relevant_images/Shoes/47610319.jpg,47610319.jpg
47919748.jpg,Shoes,relevant_images/Shoes/47919748.jpg,47919748.jpg
4c1651be.jpg,Shoes,relevant_images/Shoes/4c1651be.jpg,4c1651be.jpg
4c883215.jpg,Shoes,relevant_images/Shoes/4c883215.jpg,4c883215.jpg
4de18942.jpg,Shoes,relevant_images/Shoes/4de18942.jpg,4de18942.jpg
4e16175e.jpg,Shoes,relevant_images/Shoes/4e16175e.jpg,4e16175e.jpg
4e7fc865.jpg,Shoes,relevant_images/Shoes/4e7fc865.jpg,4e7fc865.jpg
4ef4d1ec.jpg,Shoes,relevant_images/Shoes/4ef4d1ec.jpg,4ef4d1ec.jpg
4f1067db.jpg,Shoes,relevant_images/Shoes/4f1067db.jpg,4f1067db.jpg
4f9f144f.jpg,Shoes,relevant_images/Shoes/4f9f144f.jpg,4f9f144f.jpg
51045498.jpg,Shoes,relevant_images/Shoes/51045498.jpg,51045498.jpg
52a1a3f9.jpg,Shoes,relevant_images/Shoes/52a1a3f9.jpg,52a1a3f9.jpg
53cad37a.jpg,Shoes,relevant_images/Shoes/53cad37a.jpg,53cad37a.jpg
55fb506d.jpg,Shoes,relevant_images/Shoes/55fb506d.jpg,55fb506d.jpg
57fea1bf.jpg,Shoes,relevant_images/Shoes/57fea1bf.jpg,57fea1bf.jpg
5a1e9204.jpg,Shoes,relevant_images/Shoes/5a1e9204.jpg,5a1e9204.jpg
5a700880.jpg,Shoes,relevant_images/Shoes/5a700880.jpg,5a700880.jpg
5b3629e0.jpg,Shoes,relevant_images/Shoes/5b3629e0.jpg,5b3629e0.jpg
5c5ec130.jpg,Shoes,relevant_images/Shoes/5c5ec130.jpg,5c5ec130.jpg
5c9803f9.jpg,Shoes,relevant_images/Shoes/5c9803f9.jpg,5c9803f9.jpg
5d2bbc42.jpg,Shoes,relevant_images/Shoes/5d2bbc42.jpg,5d2bbc42.jpg
60dc853d.jpg,Shoes,relevant_images/Shoes/60dc853d.jpg,60dc853d.jpg
62e34ef1.jpg,Shoes,relevant_images/Shoes/62e34ef1.jpg,62e34ef1.jpg
645dd0e6.jpg,Shoes,relevant_images/Shoes/645dd0e6.jpg,645dd0e6.jpg
65cbf07d.jpg,Shoes,relevant_images/Shoes/65cbf07d.jpg,65cbf07d.jpg
67c644b5.jpg,Shoes,relevant_images/Shoes/67c644b5.jpg,67c644b5.jpg
68249806.jpg,Shoes,relevant_images/Shoes/68249806.jpg,68249806.jpg
687e3501.jpg,Shoes,relevant_images/Shoes/687e3501.jpg,687e3501.jpg
688842a5.jpg,Shoes,relevant_images/Shoes/688842a5.jpg,688842a5.jpg
6984a845.jpg,Shoes,relevant_images/Shoes/6984a845.jpg,6984a845.jpg
699702d3.jpg,Shoes,relevant_images/Shoes/699702d3.jpg,699702d3.jpg
69be86d0.jpg,Shoes,relevant_images/Shoes/69be86d0.jpg,69be86d0.jpg
6a667d51.jpg,Shoes,relevant_images/Shoes/6a667d51.jpg,6a667d51.jpg
6b855790.jpg,Shoes,relevant_images/Shoes/6b855790.jpg,6b855790.jpg
6c0303e9.jpg,Shoes,relevant_images/Shoes/6c0303e9.jpg,6c0303e9.jpg
6c84b6b8.jpg,Shoes,relevant_images/Shoes/6c84b6b8.jpg,6c84b6b8.jpg
6ddc969f.jpg,Shoes,relevant_images/Shoes/6ddc969f.jpg,6ddc969f.jpg
6e88c55c.jpg,Shoes,relevant_images/Shoes/6e88c55c.jpg,6e88c55c.jpg
6f26b68a.jpg,Shoes,relevant_images/Shoes/6f26b68a.jpg,6f26b68a.jpg
717d12b9.jpg,Shoes,relevant_images/Shoes/717d12b9.jpg,717d12b9.jpg
7254bf90.jpg,Shoes,relevant_images/Shoes/7254bf90.jpg,7254bf90.jpg
74e3586e.jpg,Shoes,relevant_images/Shoes/74e3586e.jpg,74e3586e.jpg
753af0cf.jpg,Shoes,relevant_images/Shoes/753af0cf.jpg,753af0cf.jpg
77bb9af9.jpg,Shoes,relevant_images/Shoes/77bb9af9.jpg,77bb9af9.jpg
7899a75c.jpg,Shoes,relevant_images/Shoes/7899a75c.jpg,7899a75c.jpg
798e42b3.jpg,Shoes,relevant_images/Shoes/798e42b3.jpg,798e42b3.jpg
7adb5932.jpg,Shoes,relevant_images/Shoes/7adb5932.jpg,7adb5932.jpg
7aea55ef.jpg,Shoes,relevant_images/Shoes/7aea55ef.jpg,7aea55ef.jpg
7af4b8a7.jpg,Shoes,relevant_images/Shoes/7af4b8a7.jpg,7af4b8a7.jpg
7b79ffbd.jpg,Shoes,relevant_images/Shoes/7b79ffbd.jpg,7b79ffbd.jpg
7b973065.jpg,Shoes,relevant_images/Shoes/7b973065.jpg,7b973065.jpg
817cd092.jpg,Shoes,relevant_images/Shoes/817cd092.jpg,817cd092.jpg
81f89017.jpg,Shoes,relevant_images/Shoes/81f89017.jpg,81f89017.jpg
8317b5bd.jpg,Shoes,relevant_images/Shoes/8317b5bd.jpg,8317b5bd.jpg
877cd2a3.jpg,Shoes,relevant_images/Shoes/877cd2a3.jpg,877cd2a3.jpg
8dd5f2dd.jpg,Shoes,relevant_images/Shoes/8dd5f2dd.jpg,8dd5f2dd.jpg
90b22919.jpg,Shoes,relevant_images/Shoes/90b22919.jpg,90b22919.jpg
90b5b249.jpg,Shoes,relevant_images/Shoes/90b5b249.jpg,90b5b249.jpg
9428ac40.jpg,Shoes,relevant_images/Shoes/9428ac40.jpg,9428ac40.jpg
95c8e915.jpg,Shoes,relevant_images/Shoes/95c8e915.jpg,95c8e915.jpg
99dc0eca.jpg,Shoes,relevant_images/Shoes/99dc0eca.jpg,99dc0eca.jpg
9b7352c8.jpg,Shoes,relevant_images/Shoes/9b7352c8.jpg,9b7352c8.jpg
9c5b33e4.jpg,Shoes,relevant_images/Shoes/9c5b33e4.jpg,9c5b33e4.jpg
9cb58365.jpg,Shoes,relevant_images/Shoes/9cb58365.jpg,9cb58365.jpg
9e0a8c14.jpg,Shoes,relevant_images/Shoes/9e0a8c14.jpg,9e0a8c14.jpg
9efa8501.jpg,Shoes,relevant_images/Shoes/9efa8501.jpg,9efa8501.jpg
9fd37123.jpg,Shoes,relevant_images/Shoes/9fd37123.jpg,9fd37123.jpg
a0c133f9.jpg,Shoes,relevant_images/Shoes/a0c133f9.jpg,a0c133f9.jpg
a0c254c5.jpg,Shoes,relevant_images/Shoes/a0c254c5.jpg,a0c254c5.jpg
a0c66deb.jpg,Shoes,relevant_images/Shoes/a0c66deb.jpg,a0c66deb.jpg
a1ce10ed.jpg,Shoes,relevant_images/Shoes/a1ce10ed.jpg,a1ce10ed.jpg
a66960c2.jpg,Shoes,relevant_images/Shoes/a66960c2.jpg,a66960c2.jpg
aa248f8e.jpg,Shoes,relevant_images/Shoes/aa248f8e.jpg,aa248f8e.jpg
acb6b491.jpg,Shoes,relevant_images/Shoes/acb6b491.jpg,acb6b491.jpg
acc846cd.jpg,Shoes,relevant_images/Shoes/acc846cd.jpg,acc846cd.jpg
ad6ccd6c.jpg,Shoes,relevant_images/Shoes/ad6ccd6c.jpg,ad6ccd6c.jpg
adcd09b1.jpg,Shoes,relevant_images/Shoes/adcd09b1.jpg,adcd09b1.jpg
ae09e5ff.jpg,Shoes,relevant_images/Shoes/ae09e5ff.jpg,ae09e5ff.jpg
ae2f03d1.jpg,Shoes,relevant_images/Shoes/ae2f03d1.jpg,ae2f03d1.jpg
afa41eba.jpg,Shoes,relevant_images/Shoes/afa41eba.jpg,afa41eba.jpg
b2e14bd9.jpg,Shoes,relevant_images/Shoes/b2e14bd9.jpg,b2e14bd9.jpg
b338162c.jpg,Shoes,relevant_images/Shoes/b338162c.jpg,b338162c.jpg
b3e4fbbc.jpg,Shoes,relevant_images/Shoes/b3e4fbbc.jpg,b3e4fbbc.jpg
b4cc81ad.jpg,Shoes,relevant_images/Shoes/b4cc81ad.jpg,b4cc81ad.jpg
b5121ed6.jpg,Shoes,relevant_images/Shoes/b5121ed6.jpg,b5121ed6.jpg
b52b3b69.jpg,Shoes,relevant_images/Shoes/b52b3b69.jpg,b52b3b69.jpg
b5e6c5bc.jpg,Shoes,relevant_images/Shoes/b5e6c5bc.jpg,b5e6c5bc.jpg
b6cad30b.jpg,Shoes,relevant_images/Shoes/b6cad30b.jpg,b6cad30b.jpg
b78b1916.jpg,Shoes,relevant_images/Shoes/b78b1916.jpg,b78b1916.jpg
b90fee30.jpg,Shoes,relevant_images/Shoes/b90fee30.jpg,b90fee30.jpg
b915293a.jpg,Shoes,relevant_images/Shoes/b915293a.jpg,b915293a.jpg
b9f79471.jpg,Shoes,relevant_images/Shoes/b9f79471.jpg,b9f79471.jpg
ba29ab51.jpg,Shoes,relevant_images/Shoes/ba29ab51.jpg,ba29ab51.jpg
bb1be728.jpg,Shoes,relevant_images/Shoes/bb1be728.jpg,bb1be728.jpg
bd915c35.jpg,Shoes,relevant_images/Shoes/bd915c35.jpg,bd915c35.jpg
c0d136ca.jpg,Shoes,relevant_images/Shoes/c0d136ca.jpg,c0d136ca.jpg
c18d84e4.jpg,Shoes,relevant_images/Shoes/c18d84e4.jpg,c18d84e4.jpg
c5aca57a.jpg,Shoes,relevant_images/Shoes/c5aca57a.jpg,c5aca57a.jpg
c6da7466.jpg,Shoes,relevant_images/Shoes/c6da7466.jpg,c6da7466.jpg
c8209f27.jpg,Shoes,relevant_images/Shoes/c8209f27.jpg,c8209f27.jpg
c991f5aa.jpg,Shoes,relevant_images/Shoes/c991f5aa.jpg,c991f5aa.jpg
cb6415e0.jpg,Shoes,relevant_images/Shoes/cb6415e0.jpg,cb6415e0.jpg
cbc7e73b.jpg,Shoes,relevant_images/Shoes/cbc7e73b.jpg,cbc7e73b.jpg
cdd3a8c5.jpg,Shoes,relevant_images/Shoes/cdd3a8c5.jpg,cdd3a8c5.jpg
ce3b487f.jpg,Shoes,relevant_images/Shoes/ce3b487f.jpg,ce3b487f.jpg
cecc8614.jpg,Shoes,relevant_images/Shoes/cecc8614.jpg,cecc8614.jpg
d128d13a.jpg,Shoes,relevant_images/Shoes/d128d13a.jpg,d128d13a.jpg
d28eeae3.jpg,Shoes,relevant_images/Shoes/d28eeae3.jpg,d28eeae3.jpg
d35dfb19.jpg,Shoes,relevant_images/Shoes/d35dfb19.jpg,d35dfb19.jpg
d3a57ce4.jpg,Shoes,relevant_images/Shoes/d3a57ce4.jpg,d3a57ce4.jpg
d58f0c5c.jpg,Shoes,relevant_images/Shoes/d58f0c5c.jpg,d58f0c5c.jpg
d6fa4db8.jpg,Shoes,relevant_images/Shoes/d6fa4db8.jpg,d6fa4db8.jpg
d8d7b10e.jpg,Shoes,relevant_images/Shoes/d8d7b10e.jpg,d8d7b10e.jpg
d97b7744.jpg,Shoes,relevant_images/Shoes/d97b7744.jpg,d97b7744.jpg
dadea86f.jpg,Shoes,relevant_images/Shoes/dadea86f.jpg,dadea86f.jpg
db5f69fc.jpg,Shoes,relevant_images/Shoes/db5f69fc.jpg,db5f69fc.jpg
dbd14dc2.jpg,Shoes,relevant_images/Shoes/dbd14dc2.jpg,dbd14dc2.jpg
dd0a968f.jpg,Shoes,relevant_images/Shoes/dd0a968f.jpg,dd0a968f.jpg
dfc6a175.jpg,Shoes,relevant_images/Shoes/dfc6a175.jpg,dfc6a175.jpg
e0b107ad.jpg,Shoes,relevant_images/Shoes/e0b107ad.jpg,e0b107ad.jpg
e2c75e28.jpg,Shoes,relevant_images/Shoes/e2c75e28.jpg,e2c75e28.jpg
e442687e.jpg,Shoes,relevant_images/Shoes/e442687e.jpg,e442687e.jpg
e54f36c0.jpg,Shoes,relevant_images/Shoes/e54f36c0.jpg,e54f36c0.jpg
e5b8a1eb.jpg,Shoes,relevant_images/Shoes/e5b8a1eb.jpg,e5b8a1eb.jpg
e70484ed.jpg,Shoes,relevant_images/Shoes/e70484ed.jpg,e70484ed.jpg
e80d4449.jpg,Shoes,relevant_images/Shoes/e80d4449.jpg,e80d4449.jpg
eda35bfa.jpg,Shoes,relevant_images/Shoes/eda35bfa.jpg,eda35bfa.jpg
edbf9af7.jpg,Shoes,relevant_images/Shoes/edbf9af7.jpg,edbf9af7.jpg
ef7f335d.jpg,Shoes,relevant_images/Shoes/ef7f335d.jpg,ef7f335d.jpg
f1f0f26a.jpg,Shoes,relevant_images/Shoes/f1f0f26a.jpg,f1f0f26a.jpg
f2fcf3e7.jpg,Shoes,relevant_images/Shoes/f2fcf3e7.jpg,f2fcf3e7.jpg
f3d21c4b.jpg,Shoes,relevant_images/Shoes/f3d21c4b.jpg,f3d21c4b.jpg
f6315356.jpg,Shoes,relevant_images/Shoes/f6315356.jpg,f6315356.jpg
fa4d6090.jpg,Shoes,relevant_images/Shoes/fa4d6090.jpg,fa4d6090.jpg
fc678b36.jpg,Shoes,relevant_images/Shoes/fc678b36.jpg,fc678b36.jpg
fc8d1b7a.jpg,Shoes,relevant_images/Shoes/fc8d1b7a.jpg,fc8d1b7a.jpg
ff78c4a1.jpg,Shoes,relevant_images/Shoes/ff78c4a1.jpg,ff78c4a1.jpg
001fcf42.jpg,Smartphones,relevant_images/Smartphones/001fcf42.jpg,001fcf42.jpg
00ee2aa6.jpg,Smartphones,relevant_images/Smartphones/00ee2aa6.jpg,00ee2aa6.jpg
0138f477.jpg,Smartphones,relevant_images/Smartphones/0138f477.jpg,0138f477.jpg
0232ef29.jpg,Smartphones,relevant_images/Smartphones/0232ef29.jpg,0232ef29.jpg
0346e067.jpg,Smartphones,relevant_images/Smartphones/0346e067.jpg,0346e067.jpg
04227559.jpg,Smartphones,relevant_images/Smartphones/04227559.jpg,04227559.jpg
04a01c80.jpg,Smartphones,relevant_images/Smartphones/04a01c80.jpg,04a01c80.jpg
04c83a86.jpg,Smartphones,relevant_images/Smartphones/04c83a86.jpg,04c83a86.jpg
05081863.jpg,Smartphones,relevant_images/Smartphones/05081863.jpg,05081863.jpg
05e1682e.jpg,Smartphones,relevant_images/Smartphones/05e1682e.jpg,05e1682e.jpg
067a327a.jpg,Smartphones,relevant_images/Smartphones/067a327a.jpg,067a327a.jpg
070a1ca7.jpg,Smartphones,relevant_images/Smartphones/070a1ca7.jpg,070a1ca7.jpg
07438b6c.jpg,Smartphones,relevant_images/Smartphones/07438b6c.jpg,07438b6c.jpg
07e768ce.jpg,Smartphones,relevant_images/Smartphones/07e768ce.jpg,07e768ce.jpg
084fa114.jpg,Smartphones,relevant_images/Smartphones/084fa114.jpg,084fa114.jpg
08846cb0.jpg,Smartphones,relevant_images/Smartphones/08846cb0.jpg,08846cb0.jpg
09657514.jpg,Smartphones,relevant_images/Smartphones/09657514.jpg,09657514.jpg
09a8b8f5.jpg,Smartphones,relevant_images/Smartphones/09a8b8f5.jpg,09a8b8f5.jpg
0a270c14.jpg,Smartphones,relevant_images/Smartphones/0a270c14.jpg,0a270c14.jpg
0a7548e2.jpg,Smartphones,relevant_images/Smartphones/0a7548e2.jpg,0a7548e2.jpg
0aa0a80e.jpg,Smartphones,relevant_images/Smartphones/0aa0a80e.jpg,0aa0a80e.jpg
0ab6887e.jpg,Smartphones,relevant_images/Smartphones/0ab6887e.jpg,0ab6887e.jpg
0ad54d64.jpg,Smartphones,relevant_images/Smartphones/0ad54d64.jpg,0ad54d64.jpg
0b0b2b6e.jpg,Smartphones,relevant_images/Smartphones/0b0b2b6e.jpg,0b0b2b6e.jpg
0c851ace.jpg,Smartphones,relevant_images/Smartphones/0c851ace.jpg,0c851ace.jpg
0cb64880.jpg,Smartphones,relevant_images/Smartphones/0cb64880.jpg,0cb64880.jpg
0ce75114.jpg,Smartphones,relevant_images/Smartphones/0ce75114.jpg,0ce75114.jpg
0d30157e.jpg,Smartphones,relevant_images/Smartphones/0d30157e.jpg,0d30157e.jpg
0d484177.jpg,Smartphones,relevant_images/Smartphones/0d484177.jpg,0d484177.jpg
0d6ef063.jpg,Smartphones,relevant_images/Smartphones/0d6ef063.jpg,0d6ef063.jpg
0d8c88ea.jpg,Smartphones,relevant_images/Smartphones/0d8c88ea.jpg,0d8c88ea.jpg
0e3c00d1.jpg,Smartphones,relevant_images/Smartphones/0e3c00d1.jpg,0e3c00d1.jpg
0e42417b.jpg,Smartphones,relevant_images/Smartphones/0e42417b.jpg,0e42417b.jpg
0e97be68.jpg,Smartphones,relevant_images/Smartphones/0e97be68.jpg,0e97be68.jpg
0e9f4897.jpg,Smartphones,relevant_images/Smartphones/0e9f4897.jpg,0e9f4897.jpg
0eb34465.jpg,Smartphones,relevant_images/Smartphones/0eb34465.jpg,0eb34465.jpg
0ebb72d5.jpg,Smartphones,relevant_images/Smartphones/0ebb72d5.jpg,0ebb72d5.jpg
0ed3351e.jpg,Smartphones,relevant_images/Smartphones/0ed3351e.jpg,0ed3351e.jpg
0f463467.jpg,Smartphones,relevant_images/Smartphones/0f463467.jpg,0f463467.jpg
0f722356.jpg,Smartphones,relevant_images/Smartphones/0f722356.jpg,0f722356.jpg
10626494.jpg,Smartphones,relevant_images/Smartphones/10626494.jpg,10626494.jpg
10b865bc.jpg,Smartphones,relevant_images/Smartphones/10b865bc.jpg,10b865bc.jpg
10fcddd8.jpg,Smartphones,relevant_images/Smartphones/10fcddd8.jpg,10fcddd8.jpg
1101ade9.jpg,Smartphones,relevant_images/Smartphones/1101ade9.jpg,1101ade9.jpg
1236dfb9.jpg,Smartphones,relevant_images/Smartphones/1236dfb9.jpg,1236dfb9.jpg
1268391d.jpg,Smartphones,relevant_images/Smartphones/1268391d.jpg,1268391d.jpg
13ba8529.jpg,Smartphones,relevant_images/Smartphones/13ba8529.jpg,13ba8529.jpg
1411a15c.jpg,Smartphones,relevant_images/Smartphones/1411a15c.jpg,1411a15c.jpg
1442cd60.jpg,Smartphones,relevant_images/Smartphones/1442cd60.jpg,1442cd60.jpg
1645203b.jpg,Smartphones,relevant_images/Smartphones/1645203b.jpg,1645203b.jpg
16c7b5f6.jpg,Smartphones,relevant_images/Smartphones/16c7b5f6.jpg,16c7b5f6.jpg
171efe2c.jpg,Smartphones,relevant_images/Smartphones/171efe2c.jpg,171efe2c.jpg
176a5898.jpg,Smartphones,relevant_images/Smartphones/176a5898.jpg,176a5898.jpg
17770c0d.jpg,Smartphones,relevant_images/Smartphones/17770c0d.jpg,17770c0d.jpg
178c1bdc.jpg,Smartphones,relevant_images/Smartphones/178c1bdc.jpg,178c1bdc.jpg
179cc8bf.jpg,Smartphones,relevant_images/Smartphones/179cc8bf.jpg,179cc8bf.jpg
18512783.jpg,Smartphones,relevant_images/Smartphones/18512783.jpg,18512783.jpg
1898cc78.jpg,Smartphones,relevant_images/Smartphones/1898cc78.jpg,1898cc78.jpg
18dad1e4.jpg,Smartphones,relevant_images/Smartphones/18dad1e4.jpg,18dad1e4.jpg
1905290b.jpg,Smartphones,relevant_images/Smartphones/1905290b.jpg,1905290b.jpg
1967d1a7.jpg,Smartphones,relevant_images/Smartphones/1967d1a7.jpg,1967d1a7.jpg
19ca60bc.jpg,Smartphones,relevant_images/Smartphones/19ca60bc.jpg,19ca60bc.jpg
1a973994.jpg,Smartphones,relevant_images/Smartphones/1a973994.jpg,1a973994.jpg
1ac8d1df.jpg,Smartphones,relevant_images/Smartphones/1ac8d1df.jpg,1ac8d1df.jpg
1b11abb1.jpg,Smartphones,relevant_images/Smartphones/1b11abb1.jpg,1b11abb1.jpg
1b158f69.jpg,Smartphones,relevant_images/Smartphones/1b158f69.jpg,1b158f69.jpg
1b8d0ec9.jpg,Smartphones,relevant_images/Smartphones/1b8d0ec9.jpg,1b8d0ec9.jpg
1c5869c5.jpg,Smartphones,relevant_images/Smartphones/1c5869c5.jpg,1c5869c5.jpg
1cb6142e.jpg,Smartphones,relevant_images/Smartphones/1cb6142e.jpg,1cb6142e.jpg
1cebd7a1.jpg,Smartphones,relevant_images/Smartphones/1cebd7a1.jpg,1cebd7a1.jpg
1d5cd1a3.jpg,Smartphones,relevant_images/Smartphones/1d5cd1a3.jpg,1d5cd1a3.jpg
1e704a9f.jpg,Smartphones,relevant_images/Smartphones/1e704a9f.jpg,1e704a9f.jpg
1e864817.jpg,Smartphones,relevant_images/Smartphones/1e864817.jpg,1e864817.jpg
1e86da6b.jpg,Smartphones,relevant_images/Smartphones/1e86da6b.jpg,1e86da6b.jpg
1f081cd4.jpg,Smartphones,relevant_images/Smartphones/1f081cd4.jpg,1f081cd4.jpg
1f3b19e7.jpg,Smartphones,relevant_images/Smartphones/1f3b19e7.jpg,1f3b19e7.jpg
1f804cd9.jpg,Smartphones,relevant_images/Smartphones/1f804cd9.jpg,1f804cd9.jpg
1f8d97da.jpg,Smartphones,relevant_images/Smartphones/1f8d97da.jpg,1f8d97da.jpg
1ff61909.jpg,Smartphones,relevant_images/Smartphones/1ff61909.jpg,1ff61909.jpg
20210a6a.jpg,Smartphones,relevant_images/Smartphones/20210a6a.jpg,20210a6a.jpg
20b134fc.jpg,Smartphones,relevant_images/Smartphones/20b134fc.jpg,20b134fc.jpg
20c03005.jpg,Smartphones,relevant_images/Smartphones/20c03005.jpg,20c03005.jpg
20d43c4e.jpg,Smartphones,relevant_images/Smartphones/20d43c4e.jpg,20d43c4e.jpg
21145536.jpg,Smartphones,relevant_images/Smartphones/21145536.jpg,21145536.jpg
21c874a3.jpg,Smartphones,relevant_images/Smartphones/21c874a3.jpg,21c874a3.jpg
21ea3917.jpg,Smartphones,relevant_images/Smartphones/21ea3917.jpg,21ea3917.jpg
226b9796.jpg,Smartphones,relevant_images/Smartphones/226b9796.jpg,226b9796.jpg
2288700b.jpg,Smartphones,relevant_images/Smartphones/2288700b.jpg,2288700b.jpg
22aaed79.jpg,Smartphones,relevant_images/Smartphones/22aaed79.jpg,22aaed79.jpg
22fc5c4a.jpg,Smartphones,relevant_images/Smartphones/22fc5c4a.jpg,22fc5c4a.jpg
22fd6314.jpg,Smartphones,relevant_images/Smartphones/22fd6314.jpg,22fd6314.jpg
23bd1ce1.jpg,Smartphones,relevant_images/Smartphones/23bd1ce1.jpg,23bd1ce1.jpg
244fc475.jpg,Smartphones,relevant_images/Smartphones/244fc475.jpg,244fc475.jpg
24745fff.jpg,Smartphones,relevant_images/Smartphones/24745fff.jpg,24745fff.jpg
2481b938.jpg,Smartphones,relevant_images/Smartphones/2481b938.jpg,2481b938.jpg
248cde31.jpg,Smartphones,relevant_images/Smartphones/248cde31.jpg,248cde31.jpg
24d10f7a.jpg,Smartphones,relevant_images/Smartphones/24d10f7a.jpg,24d10f7a.jpg
25078f26.jpg,Smartphones,relevant_images/Smartphones/25078f26.jpg,25078f26.jpg
2593d7a0.jpg,Smartphones,relevant_images/Smartphones/2593d7a0.jpg,2593d7a0.jpg
25a4bc78.jpg,Smartphones,relevant_images/Smartphones/25a4bc78.jpg,25a4bc78.jpg
25c10d98.jpg,Smartphones,relevant_images/Smartphones/25c10d98.jpg,25c10d98.jpg
265a0e3f.jpg,Smartphones,relevant_images/Smartphones/265a0e3f.jpg,265a0e3f.jpg
267c12dd.jpg,Smartphones,relevant_images/Smartphones/267c12dd.jpg,267c12dd.jpg
26a1efcd.jpg,Smartphones,relevant_images/Smartphones/26a1efcd.jpg,26a1efcd.jpg
26c0ba31.jpg,Smartphones,relevant_images/Smartphones/26c0ba31.jpg,26c0ba31.jpg
26e51eff.jpg,Smartphones,relevant_images/Smartphones/26e51eff.jpg,26e51eff.jpg
26ee5396.jpg,Smartphones,relevant_images/Smartphones/26ee5396.jpg,26ee5396.jpg
279b09b0.jpg,Smartphones,relevant_images/Smartphones/279b09b0.jpg,279b09b0.jpg
27b509df.jpg,Smartphones,relevant_images/Smartphones/27b509df.jpg,27b509df.jpg
2850480f.jpg,Smartphones,relevant_images/Smartphones/2850480f.jpg,2850480f.jpg
28f98099.jpg,Smartphones,relevant_images/Smartphones/28f98099.jpg,28f98099.jpg
296128e4.jpg,Smartphones,relevant_images/Smartphones/296128e4.jpg,296128e4.jpg
29e4479b.jpg,Smartphones,relevant_images/Smartphones/29e4479b.jpg,29e4479b.jpg
2a0d7c8d.jpg,Smartphones,relevant_images/Smartphones/2a0d7c8d.jpg,2a0d7c8d.jpg
2a120532.jpg,Smartphones,relevant_images/Smartphones/2a120532.jpg,2a120532.jpg
2a3f32f2.jpg,Smartphones,relevant_images/Smartphones/2a3f32f2.jpg,2a3f32f2.jpg
2a9add6a.jpg,Smartphones,relevant_images/Smartphones/2a9add6a.jpg,2a9add6a.jpg
2a9c50eb.jpg,Smartphones,relevant_images/Smartphones/2a9c50eb.jpg,2a9c50eb.jpg
2b034939.jpg,Smartphones,relevant_images/Smartphones/2b034939.jpg,2b034939.jpg
2b8b3713.jpg,Smartphones,relevant_images/Smartphones/2b8b3713.jpg,2b8b3713.jpg
2c38e568.jpg,Smartphones,relevant_images/Smartphones/2c38e568.jpg,2c38e568.jpg
2c5a42f7.jpg,Smartphones,relevant_images/Smartphones/2c5a42f7.jpg,2c5a42f7.jpg
2c7da972.jpg,Smartphones,relevant_images/Smartphones/2c7da972.jpg,2c7da972.jpg
2ca108e2.jpg,Smartphones,relevant_images/Smartphones/2ca108e2.jpg,2ca108e2.jpg
2cb95e34.jpg,Smartphones,relevant_images/Smartphones/2cb95e34.jpg,2cb95e34.jpg
2d54d118.jpg,Smartphones,relevant_images/Smartphones/2d54d118.jpg,2d54d118.jpg
2d848074.jpg,Smartphones,relevant_images/Smartphones/2d848074.jpg,2d848074.jpg
2dcb2cc9.jpg,Smartphones,relevant_images/Smartphones/2dcb2cc9.jpg,2dcb2cc9.jpg
2dceb2b8.jpg,Smartphones,relevant_images/Smartphones/2dceb2b8.jpg,2dceb2b8.jpg
2ebcc42b.jpg,Smartphones,relevant_images/Smartphones/2ebcc42b.jpg,2ebcc42b.jpg
2f2cd6ad.jpg,Smartphones,relevant_images/Smartphones/2f2cd6ad.jpg,2f2cd6ad.jpg
2f7ff7be.jpg,Smartphones,relevant_images/Smartphones/2f7ff7be.jpg,2f7ff7be.jpg
2fbce6cc.jpg,Smartphones,relevant_images/Smartphones/2fbce6cc.jpg,2fbce6cc.jpg
303567a7.jpg,Smartphones,relevant_images/Smartphones/303567a7.jpg,303567a7.jpg
30a876d4.jpg,Smartphones,relevant_images/Smartphones/30a876d4.jpg,30a876d4.jpg
31503f27.jpg,Smartphones,relevant_images/Smartphones/31503f27.jpg,31503f27.jpg
31c6b21d.jpg,Smartphones,relevant_images/Smartphones/31c6b21d.jpg,31c6b21d.jpg
32188cb7.jpg,Smartphones,relevant_images/Smartphones/32188cb7.jpg,32188cb7.jpg
32509ac0.jpg,Smartphones,relevant_images/Smartphones/32509ac0.jpg,32509ac0.jpg
32551371.jpg,Smartphones,relevant_images/Smartphones/32551371.jpg,32551371.jpg
32ca8850.jpg,Smartphones,relevant_images/Smartphones/32ca8850.jpg,32ca8850.jpg
32f27df2.jpg,Smartphones,relevant_images/Smartphones/32f27df2.jpg,32f27df2.jpg
32fc05a3.jpg,Smartphones,relevant_images/Smartphones/32fc05a3.jpg,32fc05a3.jpg
3498fb7f.jpg,Smartphones,relevant_images/Smartphones/3498fb7f.jpg,3498fb7f.jpg
34a6eaad.jpg,Smartphones,relevant_images/Smartphones/34a6eaad.jpg,34a6eaad.jpg
34a8b470.jpg,Smartphones,relevant_images/Smartphones/34a8b470.jpg,34a8b470.jpg
36419f6d.jpg,Smartphones,relevant_images/Smartphones/36419f6d.jpg,36419f6d.jpg
3646dc36.jpg,Smartphones,relevant_images/Smartphones/3646dc36.jpg,3646dc36.jpg
365591dd.jpg,Smartphones,relevant_images/Smartphones/365591dd.jpg,365591dd.jpg
37216c71.jpg,Smartphones,relevant_images/Smartphones/37216c71.jpg,37216c71.jpg
3722e805.jpg,Smartphones,relevant_images/Smartphones/3722e805.jpg,3722e805.jpg
37636c34.jpg,Smartphones,relevant_images/Smartphones/37636c34.jpg,37636c34.jpg
37bde765.jpg,Smartphones,relevant_images/Smartphones/37bde765.jpg,37bde765.jpg
38016d15.jpg,Smartphones,relevant_images/Smartphones/38016d15.jpg,38016d15.jpg
38a45c35.jpg,Smartphones,relevant_images/Smartphones/38a45c35.jpg,38a45c35.jpg
38bb6770.jpg,Smartphones,relevant_images/Smartphones/38bb6770.jpg,38bb6770.jpg
39ed65cc.jpg,Smartphones,relevant_images/Smartphones/39ed65cc.jpg,39ed65cc.jpg
3a0d2c8f.jpg,Smartphones,relevant_images/Smartphones/3a0d2c8f.jpg,3a0d2c8f.jpg
3ad2aa40.jpg,Smartphones,relevant_images/Smartphones/3ad2aa40.jpg,3ad2aa40.jpg
3b425cd5.jpg,Smartphones,relevant_images/Smartphones/3b425cd5.jpg,3b425cd5.jpg
3c1b2d5d.jpg,Smartphones,relevant_images/Smartphones/3c1b2d5d.jpg,3c1b2d5d.jpg
3c8b47c0.jpg,Smartphones,relevant_images/Smartphones/3c8b47c0.jpg,3c8b47c0.jpg
3cf4f7f5.jpg,Smartphones,relevant_images/Smartphones/3cf4f7f5.jpg,3cf4f7f5.jpg
3d4eb45b.jpg,Smartphones,relevant_images/Smartphones/3d4eb45b.jpg,3d4eb45b.jpg
3ec54bee.jpg,Smartphones,relevant_images/Smartphones/3ec54bee.jpg,3ec54bee.jpg
3ec9f807.jpg,Smartphones,relevant_images/Smartphones/3ec9f807.jpg,3ec9f807.jpg
3f4bafc8.jpg,Smartphones,relevant_images/Smartphones/3f4bafc8.jpg,3f4bafc8.jpg
3fd0078f.jpg,Smartphones,relevant_images/Smartphones/3fd0078f.jpg,3fd0078f.jpg
41192ad9.jpg,Smartphones,relevant_images/Smartphones/41192ad9.jpg,41192ad9.jpg
415b985d.jpg,Smartphones,relevant_images/Smartphones/415b985d.jpg,415b985d.jpg
42145c09.jpg,Smartphones,relevant_images/Smartphones/42145c09.jpg,42145c09.jpg
4264be9d.jpg,Smartphones,relevant_images/Smartphones/4264be9d.jpg,4264be9d.jpg
4287e38c.jpg,Smartphones,relevant_images/Smartphones/4287e38c.jpg,4287e38c.jpg
431485b4.jpg,Smartphones,relevant_images/Smartphones/431485b4.jpg,431485b4.jpg
4324d230.jpg,Smartphones,relevant_images/Smartphones/4324d230.jpg,4324d230.jpg
435ce4b8.jpg,Smartphones,relevant_images/Smartphones/435ce4b8.jpg,435ce4b8.jpg
43816387.jpg,Smartphones,relevant_images/Smartphones/43816387.jpg,43816387.jpg
45c39d3e.jpg,Smartphones,relevant_images/Smartphones/45c39d3e.jpg,45c39d3e.jpg
45ed9156.jpg,Smartphones,relevant_images/Smartphones/45ed9156.jpg,45ed9156.jpg
47078ded.jpg,Smartphones,relevant_images/Smartphones/47078ded.jpg,47078ded.jpg
47a3bd5b.jpg,Smartphones,relevant_images/Smartphones/47a3bd5b.jpg,47a3bd5b.jpg
48ab5987.jpg,Smartphones,relevant_images/Smartphones/48ab5987.jpg,48ab5987.jpg
4aac1e99.jpg,Smartphones,relevant_images/Smartphones/4aac1e99.jpg,4aac1e99.jpg
4ab5f6eb.jpg,Smartphones,relevant_images/Smartphones/4ab5f6eb.jpg,4ab5f6eb.jpg
4aecebac.jpg,Smartphones,relevant_images/Smartphones/4aecebac.jpg,4aecebac.jpg
4afc5e4f.jpg,Smartphones,relevant_images/Smartphones/4afc5e4f.jpg,4afc5e4f.jpg
4b36e0a9.jpg,Smartphones,relevant_images/Smartphones/4b36e0a9.jpg,4b36e0a9.jpg
4b425d65.jpg,Smartphones,relevant_images/Smartphones/4b425d65.jpg,4b425d65.jpg
4b5c5cea.jpg,Smartphones,relevant_images/Smartphones/4b5c5cea.jpg,4b5c5cea.jpg
4bb87ce9.jpg,Smartphones,relevant_images/Smartphones/4bb87ce9.jpg,4bb87ce9.jpg
4bfceafe.jpg,Smartphones,relevant_images/Smartphones/4bfceafe.jpg,4bfceafe.jpg
4c585fef.jpg,Smartphones,relevant_images/Smartphones/4c585fef.jpg,4c585fef.jpg
4c6098dc.jpg,Smartphones,relevant_images/Smartphones/4c6098dc.jpg,4c6098dc.jpg
4c6df51b.jpg,Smartphones,relevant_images/Smartphones/4c6df51b.jpg,4c6df51b.jpg
4d1904a7.jpg,Smartphones,relevant_images/Smartphones/4d1904a7.jpg,4d1904a7.jpg
4d3f46ba.jpg,Smartphones,relevant_images/Smartphones/4d3f46ba.jpg,4d3f46ba.jpg
4dd18045.jpg,Smartphones,relevant_images/Smartphones/4dd18045.jpg,4dd18045.jpg
4e309eb8.jpg,Smartphones,relevant_images/Smartphones/4e309eb8.jpg,4e309eb8.jpg
4f6c7655.jpg,Smartphones,relevant_images/Smartphones/4f6c7655.jpg,4f6c7655.jpg
4fe6fee6.jpg,Smartphones,relevant_images/Smartphones/4fe6fee6.jpg,4fe6fee6.jpg
5036e9d4.jpg,Smartphones,relevant_images/Smartphones/5036e9d4.jpg,5036e9d4.jpg
516b163d.jpg,Smartphones,relevant_images/Smartphones/516b163d.jpg,516b163d.jpg
516b816f.jpg,Smartphones,relevant_images/Smartphones/516b816f.jpg,516b816f.jpg
51c8c34d.jpg,Smartphones,relevant_images/Smartphones/51c8c34d.jpg,51c8c34d.jpg
53732962.jpg,Smartphones,relevant_images/Smartphones/53732962.jpg,53732962.jpg
537d31b9.jpg,Smartphones,relevant_images/Smartphones/537d31b9.jpg,537d31b9.jpg
539e2633.jpg,Smartphones,relevant_images/Smartphones/539e2633.jpg,539e2633.jpg
539e2ee9.jpg,Smartphones,relevant_images/Smartphones/539e2ee9.jpg,539e2ee9.jpg
543bbb18.jpg,Smartphones,relevant_images/Smartphones/543bbb18.jpg,543bbb18.jpg
547ad780.jpg,Smartphones,relevant_images/Smartphones/547ad780.jpg,547ad780.jpg
54e34c05.jpg,Smartphones,relevant_images/Smartphones/54e34c05.jpg,54e34c05.jpg
5506bf19.jpg,Smartphones,relevant_images/Smartphones/5506bf19.jpg,5506bf19.jpg
553f8940.jpg,Smartphones,relevant_images/Smartphones/553f8940.jpg,553f8940.jpg
5609e73f.jpg,Smartphones,relevant_images/Smartphones/5609e73f.jpg,5609e73f.jpg
5616a052.jpg,Smartphones,relevant_images/Smartphones/5616a052.jpg,5616a052.jpg
56387ebb.jpg,Smartphones,relevant_images/Smartphones/56387ebb.jpg,56387ebb.jpg
5665db0e.jpg,Smartphones,relevant_images/Smartphones/5665db0e.jpg,5665db0e.jpg
570381af.jpg,Smartphones,relevant_images/Smartphones/570381af.jpg,570381af.jpg
573d4f3e.jpg,Smartphones,relevant_images/Smartphones/573d4f3e.jpg,573d4f3e.jpg
5775b051.jpg,Smartphones,relevant_images/Smartphones/5775b051.jpg,5775b051.jpg
578a47e1.jpg,Smartphones,relevant_images/Smartphones/578a47e1.jpg,578a47e1.jpg
57b35a7a.jpg,Smartphones,relevant_images/Smartphones/57b35a7a.jpg,57b35a7a.jpg
580531ff.jpg,Smartphones,relevant_images/Smartphones/580531ff.jpg,580531ff.jpg
5825aa28.jpg,Smartphones,relevant_images/Smartphones/5825aa28.jpg,5825aa28.jpg
585e2a73.jpg,Smartphones,relevant_images/Smartphones/585e2a73.jpg,585e2a73.jpg
58fad96c.jpg,Smartphones,relevant_images/Smartphones/58fad96c.jpg,58fad96c.jpg
593fcc76.jpg,Smartphones,relevant_images/Smartphones/593fcc76.jpg,593fcc76.jpg
59b4a819.jpg,Smartphones,relevant_images/Smartphones/59b4a819.jpg,59b4a819.jpg
59c23ce8.jpg,Smartphones,relevant_images/Smartphones/59c23ce8.jpg,59c23ce8.jpg
5a1a7bfd.jpg,Smartphones,relevant_images/Smartphones/5a1a7bfd.jpg,5a1a7bfd.jpg
5aee4af3.jpg,Smartphones,relevant_images/Smartphones/5aee4af3.jpg,5aee4af3.jpg
5bba5805.jpg,Smartphones,relevant_images/Smartphones/5bba5805.jpg,5bba5805.jpg
5cfc7f35.jpg,Smartphones,relevant_images/Smartphones/5cfc7f35.jpg,5cfc7f35.jpg
5d080465.jpg,Smartphones,relevant_images/Smartphones/5d080465.jpg,5d080465.jpg
5d1f77da.jpg,Smartphones,relevant_images/Smartphones/5d1f77da.jpg,5d1f77da.jpg
5d48a038.jpg,Smartphones,relevant_images/Smartphones/5d48a038.jpg,5d48a038.jpg
5db98bc7.jpg,Smartphones,relevant_images/Smartphones/5db98bc7.jpg,5db98bc7.jpg
5dbe866d.jpg,Smartphones,relevant_images/Smartphones/5dbe866d.jpg,5dbe866d.jpg
5dc01ed1.jpg,Smartphones,relevant_images/Smartphones/5dc01ed1.jpg,5dc01ed1.jpg
5ed38a38.jpg,Smartphones,relevant_images/Smartphones/5ed38a38.jpg,5ed38a38.jpg
5f28f1f3.jpg,Smartphones,relevant_images/Smartphones/5f28f1f3.jpg,5f28f1f3.jpg
5f8e3fd0.jpg,Smartphones,relevant_images/Smartphones/5f8e3fd0.jpg,5f8e3fd0.jpg
5fe9add0.jpg,Smartphones,relevant_images/Smartphones/5fe9add0.jpg,5fe9add0.jpg
5ff2240c.jpg,Smartphones,relevant_images/Smartphones/5ff2240c.jpg,5ff2240c.jpg
6050a27d.jpg,Smartphones,relevant_images/Smartphones/6050a27d.jpg,6050a27d.jpg
60732642.jpg,Smartphones,relevant_images/Smartphones/60732642.jpg,60732642.jpg
6100da7d.jpg,Smartphones,relevant_images/Smartphones/6100da7d.jpg,6100da7d.jpg
6103881c.jpg,Smartphones,relevant_images/Smartphones/6103881c.jpg,6103881c.jpg
6194bdbe.jpg,Smartphones,relevant_images/Smartphones/6194bdbe.jpg,6194bdbe.jpg
61ae7ed9.jpg,Smartphones,relevant_images/Smartphones/61ae7ed9.jpg,61ae7ed9.jpg
61c0e0a9.jpg,Smartphones,relevant_images/Smartphones/61c0e0a9.jpg,61c0e0a9.jpg
61c7561a.jpg,Smartphones,relevant_images/Smartphones/61c7561a.jpg,61c7561a.jpg
61e45282.jpg,Smartphones,relevant_images/Smartphones/61e45282.jpg,61e45282.jpg
6226fd04.jpg,Smartphones,relevant_images/Smartphones/6226fd04.jpg,6226fd04.jpg
634c9b4a.jpg,Smartphones,relevant_images/Smartphones/634c9b4a.jpg,634c9b4a.jpg
63fdc504.jpg,Smartphones,relevant_images/Smartphones/63fdc504.jpg,63fdc504.jpg
6404675d.jpg,Smartphones,relevant_images/Smartphones/6404675d.jpg,6404675d.jpg
641560cd.jpg,Smartphones,relevant_images/Smartphones/641560cd.jpg,641560cd.jpg
643fa549.jpg,Smartphones,relevant_images/Smartphones/643fa549.jpg,643fa549.jpg
64a72fb6.jpg,Smartphones,relevant_images/Smartphones/64a72fb6.jpg,64a72fb6.jpg
64e19c07.jpg,Smartphones,relevant_images/Smartphones/64e19c07.jpg,64e19c07.jpg
65141910.jpg,Smartphones,relevant_images/Smartphones/65141910.jpg,65141910.jpg
66d99c36.jpg,Smartphones,relevant_images/Smartphones/66d99c36.jpg,66d99c36.jpg
66f2c5a4.jpg,Smartphones,relevant_images/Smartphones/66f2c5a4.jpg,66f2c5a4.jpg
6767efde.jpg,Smartphones,relevant_images/Smartphones/6767efde.jpg,6767efde.jpg
67a437b8.jpg,Smartphones,relevant_images/Smartphones/67a437b8.jpg,67a437b8.jpg
69067fd5.jpg,Smartphones,relevant_images/Smartphones/69067fd5.jpg,69067fd5.jpg
69cdeb1b.jpg,Smartphones,relevant_images/Smartphones/69cdeb1b.jpg,69cdeb1b.jpg
69fa74ef.jpg,Smartphones,relevant_images/Smartphones/69fa74ef.jpg,69fa74ef.jpg
6a53d4b6.jpg,Smartphones,relevant_images/Smartphones/6a53d4b6.jpg,6a53d4b6.jpg
6b3078d4.jpg,Smartphones,relevant_images/Smartphones/6b3078d4.jpg,6b3078d4.jpg
6b3a42c4.jpg,Smartphones,relevant_images/Smartphones/6b3a42c4.jpg,6b3a42c4.jpg
6bf9076f.jpg,Smartphones,relevant_images/Smartphones/6bf9076f.jpg,6bf9076f.jpg
6bfe7b66.jpg,Smartphones,relevant_images/Smartphones/6bfe7b66.jpg,6bfe7b66.jpg
6c746a9a.jpg,Smartphones,relevant_images/Smartphones/6c746a9a.jpg,6c746a9a.jpg
6c77cbe3.jpg,Smartphones,relevant_images/Smartphones/6c77cbe3.jpg,6c77cbe3.jpg
6cf90c40.jpg,Smartphones,relevant_images/Smartphones/6cf90c40.jpg,6cf90c40.jpg
6d0d22ae.jpg,Smartphones,relevant_images/Smartphones/6d0d22ae.jpg,6d0d22ae.jpg
6d3ff28c.jpg,Smartphones,relevant_images/Smartphones/6d3ff28c.jpg,6d3ff28c.jpg
6d6b6d56.jpg,Smartphones,relevant_images/Smartphones/6d6b6d56.jpg,6d6b6d56.jpg
6d9ca0f3.jpg,Smartphones,relevant_images/Smartphones/6d9ca0f3.jpg,6d9ca0f3.jpg
6db8cffe.jpg,Smartphones,relevant_images/Smartphones/6db8cffe.jpg,6db8cffe.jpg
6dcce27c.jpg,Smartphones,relevant_images/Smartphones/6dcce27c.jpg,6dcce27c.jpg
6de75af6.jpg,Smartphones,relevant_images/Smartphones/6de75af6.jpg,6de75af6.jpg
6df5dddc.jpg,Smartphones,relevant_images/Smartphones/6df5dddc.jpg,6df5dddc.jpg
6e77e229.jpg,Smartphones,relevant_images/Smartphones/6e77e229.jpg,6e77e229.jpg
6f75f035.jpg,Smartphones,relevant_images/Smartphones/6f75f035.jpg,6f75f035.jpg
6fa67b6c.jpg,Smartphones,relevant_images/Smartphones/6fa67b6c.jpg,6fa67b6c.jpg
7088251e.jpg,Smartphones,relevant_images/Smartphones/7088251e.jpg,7088251e.jpg
708e237d.jpg,Smartphones,relevant_images/Smartphones/708e237d.jpg,708e237d.jpg
70aae57e.jpg,Smartphones,relevant_images/Smartphones/70aae57e.jpg,70aae57e.jpg
710c89cb.jpg,Smartphones,relevant_images/Smartphones/710c89cb.jpg,710c89cb.jpg
7216b95a.jpg,Smartphones,relevant_images/Smartphones/7216b95a.jpg,7216b95a.jpg
728e64fa.jpg,Smartphones,relevant_images/Smartphones/728e64fa.jpg,728e64fa.jpg
72984ad8.jpg,Smartphones,relevant_images/Smartphones/72984ad8.jpg,72984ad8.jpg
72bccefb.jpg,Smartphones,relevant_images/Smartphones/72bccefb.jpg,72bccefb.jpg
74599b48.jpg,Smartphones,relevant_images/Smartphones/74599b48.jpg,74599b48.jpg
747891ee.jpg,Smartphones,relevant_images/Smartphones/747891ee.jpg,747891ee.jpg
7496f804.jpg,Smartphones,relevant_images/Smartphones/7496f804.jpg,7496f804.jpg
7508f2d9.jpg,Smartphones,relevant_images/Smartphones/7508f2d9.jpg,7508f2d9.jpg
7510b2ea.jpg,Smartphones,relevant_images/Smartphones/7510b2ea.jpg,7510b2ea.jpg
754fb60d.jpg,Smartphones,relevant_images/Smartphones/754fb60d.jpg,754fb60d.jpg
756178e3.jpg,Smartphones,relevant_images/Smartphones/756178e3.jpg,756178e3.jpg
7565c922.jpg,Smartphones,relevant_images/Smartphones/7565c922.jpg,7565c922.jpg
75f62394.jpg,Smartphones,relevant_images/Smartphones/75f62394.jpg,75f62394.jpg
75ffd705.jpg,Smartphones,relevant_images/Smartphones/75ffd705.jpg,75ffd705.jpg
76ca26fa.jpg,Smartphones,relevant_images/Smartphones/76ca26fa.jpg,76ca26fa.jpg
771cec4e.jpg,Smartphones,relevant_images/Smartphones/771cec4e.jpg,771cec4e.jpg
772b6ec6.jpg,Smartphones,relevant_images/Smartphones/772b6ec6.jpg,772b6ec6.jpg
7747c142.jpg,Smartphones,relevant_images/Smartphones/7747c142.jpg,7747c142.jpg
77b1a628.jpg,Smartphones,relevant_images/Smartphones/77b1a628.jpg,77b1a628.jpg
77e914a7.jpg,Smartphones,relevant_images/Smartphones/77e914a7.jpg,77e914a7.jpg
78334c1b.jpg,Smartphones,relevant_images/Smartphones/78334c1b.jpg,78334c1b.jpg
78c94289.jpg,Smartphones,relevant_images/Smartphones/78c94289.jpg,78c94289.jpg
795f18d1.jpg,Smartphones,relevant_images/Smartphones/795f18d1.jpg,795f18d1.jpg
7984575a.jpg,Smartphones,relevant_images/Smartphones/7984575a.jpg,7984575a.jpg
79a99236.jpg,Smartphones,relevant_images/Smartphones/79a99236.jpg,79a99236.jpg
7ad3f95d.jpg,Smartphones,relevant_images/Smartphones/7ad3f95d.jpg,7ad3f95d.jpg
7b01a775.jpg,Smartphones,relevant_images/Smartphones/7b01a775.jpg,7b01a775.jpg
7b5574e7.jpg,Smartphones,relevant_images/Smartphones/7b5574e7.jpg,7b5574e7.jpg
7c5cd6c4.jpg,Smartphones,relevant_images/Smartphones/7c5cd6c4.jpg,7c5cd6c4.jpg
7d549aa6.jpg,Smartphones,relevant_images/Smartphones/7d549aa6.jpg,7d549aa6.jpg
7d9611b5.jpg,Smartphones,relevant_images/Smartphones/7d9611b5.jpg,7d9611b5.jpg
7ea1da70.jpg,Smartphones,relevant_images/Smartphones/7ea1da70.jpg,7ea1da70.jpg
7ea2dc37.jpg,Smartphones,relevant_images/Smartphones/7ea2dc37.jpg,7ea2dc37.jpg
7ed17fcb.jpg,Smartphones,relevant_images/Smartphones/7ed17fcb.jpg,7ed17fcb.jpg
7f0fa3db.jpg,Smartphones,relevant_images/Smartphones/7f0fa3db.jpg,7f0fa3db.jpg
7f71c7c7.jpg,Smartphones,relevant_images/Smartphones/7f71c7c7.jpg,7f71c7c7.jpg
7fa0a940.jpg,Smartphones,relevant_images/Smartphones/7fa0a940.jpg,7fa0a940.jpg
7fba23be.jpg,Smartphones,relevant_images/Smartphones/7fba23be.jpg,7fba23be.jpg
8043d717.jpg,Smartphones,relevant_images/Smartphones/8043d717.jpg,8043d717.jpg
80a1f526.jpg,Smartphones,relevant_images/Smartphones/80a1f526.jpg,80a1f526.jpg
80c12db9.jpg,Smartphones,relevant_images/Smartphones/80c12db9.jpg,80c12db9.jpg
813d3185.jpg,Smartphones,relevant_images/Smartphones/813d3185.jpg,813d3185.jpg
8154e67e.jpg,Smartphones,relevant_images/Smartphones/8154e67e.jpg,8154e67e.jpg
81d2a860.jpg,Smartphones,relevant_images/Smartphones/81d2a860.jpg,81d2a860.jpg
821f9656.jpg,Smartphones,relevant_images/Smartphones/821f9656.jpg,821f9656.jpg
8296cbb5.jpg,Smartphones,relevant_images/Smartphones/8296cbb5.jpg,8296cbb5.jpg
834ac873.jpg,Smartphones,relevant_images/Smartphones/834ac873.jpg,834ac873.jpg
847c5d45.jpg,Smartphones,relevant_images/Smartphones/847c5d45.jpg,847c5d45.jpg
84f8073a.jpg,Smartphones,relevant_images/Smartphones/84f8073a.jpg,84f8073a.jpg
851f20fe.jpg,Smartphones,relevant_images/Smartphones/851f20fe.jpg,851f20fe.jpg
855728b9.jpg,Smartphones,relevant_images/Smartphones/855728b9.jpg,855728b9.jpg
859e8414.jpg,Smartphones,relevant_images/Smartphones/859e8414.jpg,859e8414.jpg
85f1b87e.jpg,Smartphones,relevant_images/Smartphones/85f1b87e.jpg,85f1b87e.jpg
86328755.jpg,Smartphones,relevant_images/Smartphones/86328755.jpg,86328755.jpg
86972d5e.jpg,Smartphones,relevant_images/Smartphones/86972d5e.jpg,86972d5e.jpg
8732d159.jpg,Smartphones,relevant_images/Smartphones/8732d159.jpg,8732d159.jpg
88276b60.jpg,Smartphones,relevant_images/Smartphones/88276b60.jpg,88276b60.jpg
88546475.jpg,Smartphones,relevant_images/Smartphones/88546475.jpg,88546475.jpg
887ba0d3.jpg,Smartphones,relevant_images/Smartphones/887ba0d3.jpg,887ba0d3.jpg
89d6bd3e.jpg,Smartphones,relevant_images/Smartphones/89d6bd3e.jpg,89d6bd3e.jpg
8a7eb77a.jpg,Smartphones,relevant_images/Smartphones/8a7eb77a.jpg,8a7eb77a.jpg
8ab57ed0.jpg,Smartphones,relevant_images/Smartphones/8ab57ed0.jpg,8ab57ed0.jpg
8be92c21.jpg,Smartphones,relevant_images/Smartphones/8be92c21.jpg,8be92c21.jpg
8c377f7e.jpg,Smartphones,relevant_images/Smartphones/8c377f7e.jpg,8c377f7e.jpg
8c8ed856.jpg,Smartphones,relevant_images/Smartphones/8c8ed856.jpg,8c8ed856.jpg
8cc44e25.jpg,Smartphones,relevant_images/Smartphones/8cc44e25.jpg,8cc44e25.jpg
8cf229ce.jpg,Smartphones,relevant_images/Smartphones/8cf229ce.jpg,8cf229ce.jpg
8d137261.jpg,Smartphones,relevant_images/Smartphones/8d137261.jpg,8d137261.jpg
8d284fb9.jpg,Smartphones,relevant_images/Smartphones/8d284fb9.jpg,8d284fb9.jpg
8db862d5.jpg,Smartphones,relevant_images/Smartphones/8db862d5.jpg,8db862d5.jpg
8db98592.jpg,Smartphones,relevant_images/Smartphones/8db98592.jpg,8db98592.jpg
8dc367d8.jpg,Smartphones,relevant_images/Smartphones/8dc367d8.jpg,8dc367d8.jpg
8e34720c.jpg,Smartphones,relevant_images/Smartphones/8e34720c.jpg,8e34720c.jpg
8e564732.jpg,Smartphones,relevant_images/Smartphones/8e564732.jpg,8e564732.jpg
8e6210cb.jpg,Smartphones,relevant_images/Smartphones/8e6210cb.jpg,8e6210cb.jpg
8e7acd6a.jpg,Smartphones,relevant_images/Smartphones/8e7acd6a.jpg,8e7acd6a.jpg
8e860c2f.jpg,Smartphones,relevant_images/Smartphones/8e860c2f.jpg,8e860c2f.jpg
8ed39851.jpg,Smartphones,relevant_images/Smartphones/8ed39851.jpg,8ed39851.jpg
8f4a3806.jpg,Smartphones,relevant_images/Smartphones/8f4a3806.jpg,8f4a3806.jpg
90224260.jpg,Smartphones,relevant_images/Smartphones/90224260.jpg,90224260.jpg
904f2b75.jpg,Smartphones,relevant_images/Smartphones/904f2b75.jpg,904f2b75.jpg
90b0d2e0.jpg,Smartphones,relevant_images/Smartphones/90b0d2e0.jpg,90b0d2e0.jpg
91418d8f.jpg,Smartphones,relevant_images/Smartphones/91418d8f.jpg,91418d8f.jpg
91f1eb1c.jpg,Smartphones,relevant_images/Smartphones/91f1eb1c.jpg,91f1eb1c.jpg
925e89d2.jpg,Smartphones,relevant_images/Smartphones/925e89d2.jpg,925e89d2.jpg
925f1551.jpg,Smartphones,relevant_images/Smartphones/925f1551.jpg,925f1551.jpg
92731376.jpg,Smartphones,relevant_images/Smartphones/92731376.jpg,92731376.jpg
9279d30a.jpg,Smartphones,relevant_images/Smartphones/9279d30a.jpg,9279d30a.jpg
92bee062.jpg,Smartphones,relevant_images/Smartphones/92bee062.jpg,92bee062.jpg
9397b9e4.jpg,Smartphones,relevant_images/Smartphones/9397b9e4.jpg,9397b9e4.jpg
93de9e07.jpg,Smartphones,relevant_images/Smartphones/93de9e07.jpg,93de9e07.jpg
944830e4.jpg,Smartphones,relevant_images/Smartphones/944830e4.jpg,944830e4.jpg
948871ce.jpg,Smartphones,relevant_images/Smartphones/948871ce.jpg,948871ce.jpg
94b067af.jpg,Smartphones,relevant_images/Smartphones/94b067af.jpg,94b067af.jpg
94b2ac13.jpg,Smartphones,relevant_images/Smartphones/94b2ac13.jpg,94b2ac13.jpg
9557f2cd.jpg,Smartphones,relevant_images/Smartphones/9557f2cd.jpg,9557f2cd.jpg
956a48c9.jpg,Smartphones,relevant_images/Smartphones/956a48c9.jpg,956a48c9.jpg
95bc298f.jpg,Smartphones,relevant_images/Smartphones/95bc298f.jpg,95bc298f.jpg
95c5aee0.jpg,Smartphones,relevant_images/Smartphones/95c5aee0.jpg,95c5aee0.jpg
95d69daa.jpg,Smartphones,relevant_images/Smartphones/95d69daa.jpg,95d69daa.jpg
95e38976.jpg,Smartphones,relevant_images/Smartphones/95e38976.jpg,95e38976.jpg
96050943.jpg,Smartphones,relevant_images/Smartphones/96050943.jpg,96050943.jpg
96064a82.jpg,Smartphones,relevant_images/Smartphones/96064a82.jpg,96064a82.jpg
96727408.jpg,Smartphones,relevant_images/Smartphones/96727408.jpg,96727408.jpg
971e049b.jpg,Smartphones,relevant_images/Smartphones/971e049b.jpg,971e049b.jpg
976c491d.jpg,Smartphones,relevant_images/Smartphones/976c491d.jpg,976c491d.jpg
979cc833.jpg,Smartphones,relevant_images/Smartphones/979cc833.jpg,979cc833.jpg
98219769.jpg,Smartphones,relevant_images/Smartphones/98219769.jpg,98219769.jpg
987dd917.jpg,Smartphones,relevant_images/Smartphones/987dd917.jpg,987dd917.jpg
98ec8aaf.jpg,Smartphones,relevant_images/Smartphones/98ec8aaf.jpg,98ec8aaf.jpg
9904fc8e.jpg,Smartphones,relevant_images/Smartphones/9904fc8e.jpg,9904fc8e.jpg
99084250.jpg,Smartphones,relevant_images/Smartphones/99084250.jpg,99084250.jpg
9911f95a.jpg,Smartphones,relevant_images/Smartphones/9911f95a.jpg,9911f95a.jpg
9948f3cb.jpg,Smartphones,relevant_images/Smartphones/9948f3cb.jpg,9948f3cb.jpg
99b1b6c5.jpg,Smartphones,relevant_images/Smartphones/99b1b6c5.jpg,99b1b6c5.jpg
99b5910d.jpg,Smartphones,relevant_images/Smartphones/99b5910d.jpg,99b5910d.jpg
99cdf420.jpg,Smartphones,relevant_images/Smartphones/99cdf420.jpg,99cdf420.jpg
9a0cc9ee.jpg,Smartphones,relevant_images/Smartphones/9a0cc9ee.jpg,9a0cc9ee.jpg
9a3a6907.jpg,Smartphones,relevant_images/Smartphones/9a3a6907.jpg,9a3a6907.jpg
9a84a230.jpg,Smartphones,relevant_images/Smartphones/9a84a230.jpg,9a84a230.jpg
9aa31861.jpg,Smartphones,relevant_images/Smartphones/9aa31861.jpg,9aa31861.jpg
9aa7b519.jpg,Smartphones,relevant_images/Smartphones/9aa7b519.jpg,9aa7b519.jpg
9b936ecf.jpg,Smartphones,relevant_images/Smartphones/9b936ecf.jpg,9b936ecf.jpg
9c3b3e52.jpg,Smartphones,relevant_images/Smartphones/9c3b3e52.jpg,9c3b3e52.jpg
9c5a5229.jpg,Smartphones,relevant_images/Smartphones/9c5a5229.jpg,9c5a5229.jpg
9cbd4056.jpg,Smartphones,relevant_images/Smartphones/9cbd4056.jpg,9cbd4056.jpg
9d006edf.jpg,Smartphones,relevant_images/Smartphones/9d006edf.jpg,9d006edf.jpg
9d1945f0.jpg,Smartphones,relevant_images/Smartphones/9d1945f0.jpg,9d1945f0.jpg
9e1b6698.jpg,Smartphones,relevant_images/Smartphones/9e1b6698.jpg,9e1b6698.jpg
9e33ac7b.jpg,Smartphones,relevant_images/Smartphones/9e33ac7b.jpg,9e33ac7b.jpg
9e72ad5e.jpg,Smartphones,relevant_images/Smartphones/9e72ad5e.jpg,9e72ad5e.jpg
9e7b4aa1.jpg,Smartphones,relevant_images/Smartphones/9e7b4aa1.jpg,9e7b4aa1.jpg
9f175564.jpg,Smartphones,relevant_images/Smartphones/9f175564.jpg,9f175564.jpg
9f1b8d91.jpg,Smartphones,relevant_images/Smartphones/9f1b8d91.jpg,9f1b8d91.jpg
9f3b7ba3.jpg,Smartphones,relevant_images/Smartphones/9f3b7ba3.jpg,9f3b7ba3.jpg
a094b01d.jpg,Smartphones,relevant_images/Smartphones/a094b01d.jpg,a094b01d.jpg
a0f4924b.jpg,Smartphones,relevant_images/Smartphones/a0f4924b.jpg,a0f4924b.jpg
a1a840c6.jpg,Smartphones,relevant_images/Smartphones/a1a840c6.jpg,a1a840c6.jpg
a1b5ef93.jpg,Smartphones,relevant_images/Smartphones/a1b5ef93.jpg,a1b5ef93.jpg
a1bf21cb.jpg,Smartphones,relevant_images/Smartphones/a1bf21cb.jpg,a1bf21cb.jpg
a1c7dc93.jpg,Smartphones,relevant_images/Smartphones/a1c7dc93.jpg,a1c7dc93.jpg
a1e6437b.jpg,Smartphones,relevant_images/Smartphones/a1e6437b.jpg,a1e6437b.jpg
a1e9d284.jpg,Smartphones,relevant_images/Smartphones/a1e9d284.jpg,a1e9d284.jpg
a22f59d2.jpg,Smartphones,relevant_images/Smartphones/a22f59d2.jpg,a22f59d2.jpg
a26bac64.jpg,Smartphones,relevant_images/Smartphones/a26bac64.jpg,a26bac64.jpg
a40bdd0b.jpg,Smartphones,relevant_images/Smartphones/a40bdd0b.jpg,a40bdd0b.jpg
a4482be1.jpg,Smartphones,relevant_images/Smartphones/a4482be1.jpg,a4482be1.jpg
a46d3951.jpg,Smartphones,relevant_images/Smartphones/a46d3951.jpg,a46d3951.jpg
a47569a1.jpg,Smartphones,relevant_images/Smartphones/a47569a1.jpg,a47569a1.jpg
a496bd3e.jpg,Smartphones,relevant_images/Smartphones/a496bd3e.jpg,a496bd3e.jpg
a49f4795.jpg,Smartphones,relevant_images/Smartphones/a49f4795.jpg,a49f4795.jpg
a4ab17e2.jpg,Smartphones,relevant_images/Smartphones/a4ab17e2.jpg,a4ab17e2.jpg
a4d2da94.jpg,Smartphones,relevant_images/Smartphones/a4d2da94.jpg,a4d2da94.jpg
a4de1d5e.jpg,Smartphones,relevant_images/Smartphones/a4de1d5e.jpg,a4de1d5e.jpg
a5223d8d.jpg,Smartphones,relevant_images/Smartphones/a5223d8d.jpg,a5223d8d.jpg
a58b2ab4.jpg,Smartphones,relevant_images/Smartphones/a58b2ab4.jpg,a58b2ab4.jpg
a6e542de.jpg,Smartphones,relevant_images/Smartphones/a6e542de.jpg,a6e542de.jpg
a6f734b6.jpg,Smartphones,relevant_images/Smartphones/a6f734b6.jpg,a6f734b6.jpg
a73ac7d4.jpg,Smartphones,relevant_images/Smartphones/a73ac7d4.jpg,a73ac7d4.jpg
a7a77c8d.jpg,Smartphones,relevant_images/Smartphones/a7a77c8d.jpg,a7a77c8d.jpg
a8c55be5.jpg,Smartphones,relevant_images/Smartphones/a8c55be5.jpg,a8c55be5.jpg
a90ae7b0.jpg,Smartphones,relevant_images/Smartphones/a90ae7b0.jpg,a90ae7b0.jpg
a9215e1b.jpg,Smartphones,relevant_images/Smartphones/a9215e1b.jpg,a9215e1b.jpg
a97c367c.jpg,Smartphones,relevant_images/Smartphones/a97c367c.jpg,a97c367c.jpg
a983ced5.jpg,Smartphones,relevant_images/Smartphones/a983ced5.jpg,a983ced5.jpg
a999cea5.jpg,Smartphones,relevant_images/Smartphones/a999cea5.jpg,a999cea5.jpg
a9ef04c7.jpg,Smartphones,relevant_images/Smartphones/a9ef04c7.jpg,a9ef04c7.jpg
aab3e333.jpg,Smartphones,relevant_images/Smartphones/aab3e333.jpg,aab3e333.jpg
aaea36e9.jpg,Smartphones,relevant_images/Smartphones/aaea36e9.jpg,aaea36e9.jpg
ab28423a.jpg,Smartphones,relevant_images/Smartphones/ab28423a.jpg,ab28423a.jpg
ab40d524.jpg,Smartphones,relevant_images/Smartphones/ab40d524.jpg,ab40d524.jpg
ab722c79.jpg,Smartphones,relevant_images/Smartphones/ab722c79.jpg,ab722c79.jpg
aba63f67.jpg,Smartphones,relevant_images/Smartphones/aba63f67.jpg,aba63f67.jpg
abed6f1f.jpg,Smartphones,relevant_images/Smartphones/abed6f1f.jpg,abed6f1f.jpg
acce6169.jpg,Smartphones,relevant_images/Smartphones/acce6169.jpg,acce6169.jpg
add98eb7.jpg,Smartphones,relevant_images/Smartphones/add98eb7.jpg,add98eb7.jpg
ae246d7f.jpg,Smartphones,relevant_images/Smartphones/ae246d7f.jpg,ae246d7f.jpg
ae5a08a0.jpg,Smartphones,relevant_images/Smartphones/ae5a08a0.jpg,ae5a08a0.jpg
aed970b5.jpg,Smartphones,relevant_images/Smartphones/aed970b5.jpg,aed970b5.jpg
af454ac2.jpg,Smartphones,relevant_images/Smartphones/af454ac2.jpg,af454ac2.jpg
af57f74a.jpg,Smartphones,relevant_images/Smartphones/af57f74a.jpg,af57f74a.jpg
afa08b53.jpg,Smartphones,relevant_images/Smartphones/afa08b53.jpg,afa08b53.jpg
b087bfc1.jpg,Smartphones,relevant_images/Smartphones/b087bfc1.jpg,b087bfc1.jpg
b0915e96.jpg,Smartphones,relevant_images/Smartphones/b0915e96.jpg,b0915e96.jpg
b0ae5964.jpg,Smartphones,relevant_images/Smartphones/b0ae5964.jpg,b0ae5964.jpg
b0b64400.jpg,Smartphones,relevant_images/Smartphones/b0b64400.jpg,b0b64400.jpg
b12d5aa1.jpg,Smartphones,relevant_images/Smartphones/b12d5aa1.jpg,b12d5aa1.jpg
b147782f.jpg,Smartphones,relevant_images/Smartphones/b147782f.jpg,b147782f.jpg
b14a018e.jpg,Smartphones,relevant_images/Smartphones/b14a018e.jpg,b14a018e.jpg
b1503c35.jpg,Smartphones,relevant_images/Smartphones/b1503c35.jpg,b1503c35.jpg
b158e11e.jpg,Smartphones,relevant_images/Smartphones/b158e11e.jpg,b158e11e.jpg
b17a9a47.jpg,Smartphones,relevant_images/Smartphones/b17a9a47.jpg,b17a9a47.jpg
b1918d8a.jpg,Smartphones,relevant_images/Smartphones/b1918d8a.jpg,b1918d8a.jpg
b23d5d8d.jpg,Smartphones,relevant_images/Smartphones/b23d5d8d.jpg,b23d5d8d.jpg
b3add1e5.jpg,Smartphones,relevant_images/Smartphones/b3add1e5.jpg,b3add1e5.jpg
b3c47011.jpg,Smartphones,relevant_images/Smartphones/b3c47011.jpg,b3c47011.jpg
b41168b4.jpg,Smartphones,relevant_images/Smartphones/b41168b4.jpg,b41168b4.jpg
b4517f4f.jpg,Smartphones,relevant_images/Smartphones/b4517f4f.jpg,b4517f4f.jpg
b4a2040f.jpg,Smartphones,relevant_images/Smartphones/b4a2040f.jpg,b4a2040f.jpg
b4af7c1a.jpg,Smartphones,relevant_images/Smartphones/b4af7c1a.jpg,b4af7c1a.jpg
b50bfc8b.jpg,Smartphones,relevant_images/Smartphones/b50bfc8b.jpg,b50bfc8b.jpg
b76c6fdc.jpg,Smartphones,relevant_images/Smartphones/b76c6fdc.jpg,b76c6fdc.jpg
b7741fd8.jpg,Smartphones,relevant_images/Smartphones/b7741fd8.jpg,b7741fd8.jpg
b7b8c122.jpg,Smartphones,relevant_images/Smartphones/b7b8c122.jpg,b7b8c122.jpg
b8fa1819.jpg,Smartphones,relevant_images/Smartphones/b8fa1819.jpg,b8fa1819.jpg
b9bdc2b5.jpg,Smartphones,relevant_images/Smartphones/b9bdc2b5.jpg,b9bdc2b5.jpg
ba21100e.jpg,Smartphones,relevant_images/Smartphones/ba21100e.jpg,ba21100e.jpg
ba291d49.jpg,Smartphones,relevant_images/Smartphones/ba291d49.jpg,ba291d49.jpg
bac1de72.jpg,Smartphones,relevant_images/Smartphones/bac1de72.jpg,bac1de72.jpg
bafcfc58.jpg,Smartphones,relevant_images/Smartphones/bafcfc58.jpg,bafcfc58.jpg
bb8e9d48.jpg,Smartphones,relevant_images/Smartphones/bb8e9d48.jpg,bb8e9d48.jpg
bbb967ee.jpg,Smartphones,relevant_images/Smartphones/bbb967ee.jpg,bbb967ee.jpg
bbe1d3d8.jpg,Smartphones,relevant_images/Smartphones/bbe1d3d8.jpg,bbe1d3d8.jpg
bbfbb497.jpg,Smartphones,relevant_images/Smartphones/bbfbb497.jpg,bbfbb497.jpg
bcc832dd.jpg,Smartphones,relevant_images/Smartphones/bcc832dd.jpg,bcc832dd.jpg
bcecd6d7.jpg,Smartphones,relevant_images/Smartphones/bcecd6d7.jpg,bcecd6d7.jpg
bd6d5652.jpg,Smartphones,relevant_images/Smartphones/bd6d5652.jpg,bd6d5652.jpg
bde03be3.jpg,Smartphones,relevant_images/Smartphones/bde03be3.jpg,bde03be3.jpg
bdf2d320.jpg,Smartphones,relevant_images/Smartphones/bdf2d320.jpg,bdf2d320.jpg
be492e8c.jpg,Smartphones,relevant_images/Smartphones/be492e8c.jpg,be492e8c.jpg
bfd73401.jpg,Smartphones,relevant_images/Smartphones/bfd73401.jpg,bfd73401.jpg
bfd9f045.jpg,Smartphones,relevant_images/Smartphones/bfd9f045.jpg,bfd9f045.jpg
c00e2280.jpg,Smartphones,relevant_images/Smartphones/c00e2280.jpg,c00e2280.jpg
c07d29eb.jpg,Smartphones,relevant_images/Smartphones/c07d29eb.jpg,c07d29eb.jpg
c0ba90c6.jpg,Smartphones,relevant_images/Smartphones/c0ba90c6.jpg,c0ba90c6.jpg
c0ce00f6.jpg,Smartphones,relevant_images/Smartphones/c0ce00f6.jpg,c0ce00f6.jpg
c0f142df.jpg,Smartphones,relevant_images/Smartphones/c0f142df.jpg,c0f142df.jpg
c0f8d9d3.jpg,Smartphones,relevant_images/Smartphones/c0f8d9d3.jpg,c0f8d9d3.jpg
c15a0bc1.jpg,Smartphones,relevant_images/Smartphones/c15a0bc1.jpg,c15a0bc1.jpg
c1bfd497.jpg,Smartphones,relevant_images/Smartphones/c1bfd497.jpg,c1bfd497.jpg
c22283a2.jpg,Smartphones,relevant_images/Smartphones/c22283a2.jpg,c22283a2.jpg
c268edad.jpg,Smartphones,relevant_images/Smartphones/c268edad.jpg,c268edad.jpg
c2697d0d.jpg,Smartphones,relevant_images/Smartphones/c2697d0d.jpg,c2697d0d.jpg
c2ba8fb8.jpg,Smartphones,relevant_images/Smartphones/c2ba8fb8.jpg,c2ba8fb8.jpg
c3115e41.jpg,Smartphones,relevant_images/Smartphones/c3115e41.jpg,c3115e41.jpg
c33a1be1.jpg,Smartphones,relevant_images/Smartphones/c33a1be1.jpg,c33a1be1.jpg
c34b3094.jpg,Smartphones,relevant_images/Smartphones/c34b3094.jpg,c34b3094.jpg
c3538dfc.jpg,Smartphones,relevant_images/Smartphones/c3538dfc.jpg,c3538dfc.jpg
c3c24a4b.jpg,Smartphones,relevant_images/Smartphones/c3c24a4b.jpg,c3c24a4b.jpg
c4042e28.jpg,Smartphones,relevant_images/Smartphones/c4042e28.jpg,c4042e28.jpg
c486be5a.jpg,Smartphones,relevant_images/Smartphones/c486be5a.jpg,c486be5a.jpg
c4c3b478.jpg,Smartphones,relevant_images/Smartphones/c4c3b478.jpg,c4c3b478.jpg
c53241d2.jpg,Smartphones,relevant_images/Smartphones/c53241d2.jpg,c53241d2.jpg
c5d6d320.jpg,Smartphones,relevant_images/Smartphones/c5d6d320.jpg,c5d6d320.jpg
c616a62f.jpg,Smartphones,relevant_images/Smartphones/c616a62f.jpg,c616a62f.jpg
c6c7cbb6.jpg,Smartphones,relevant_images/Smartphones/c6c7cbb6.jpg,c6c7cbb6.jpg
c74ac295.jpg,Smartphones,relevant_images/Smartphones/c74ac295.jpg,c74ac295.jpg
c788bbb6.jpg,Smartphones,relevant_images/Smartphones/c788bbb6.jpg,c788bbb6.jpg
c78b16a6.jpg,Smartphones,relevant_images/Smartphones/c78b16a6.jpg,c78b16a6.jpg
c7d385d5.jpg,Smartphones,relevant_images/Smartphones/c7d385d5.jpg,c7d385d5.jpg
c7ede937.jpg,Smartphones,relevant_images/Smartphones/c7ede937.jpg,c7ede937.jpg
c8145391.jpg,Smartphones,relevant_images/Smartphones/c8145391.jpg,c8145391.jpg
c845b071.jpg,Smartphones,relevant_images/Smartphones/c845b071.jpg,c845b071.jpg
c8768ae9.jpg,Smartphones,relevant_images/Smartphones/c8768ae9.jpg,c8768ae9.jpg
c8aa7b49.jpg,Smartphones,relevant_images/Smartphones/c8aa7b49.jpg,c8aa7b49.jpg
c8dce754.jpg,Smartphones,relevant_images/Smartphones/c8dce754.jpg,c8dce754.jpg
c9238ab3.jpg,Smartphones,relevant_images/Smartphones/c9238ab3.jpg,c9238ab3.jpg
c937e154.jpg,Smartphones,relevant_images/Smartphones/c937e154.jpg,c937e154.jpg
c94d642b.jpg,Smartphones,relevant_images/Smartphones/c94d642b.jpg,c94d642b.jpg
ca1d9897.jpg,Smartphones,relevant_images/Smartphones/ca1d9897.jpg,ca1d9897.jpg
cad3825a.jpg,Smartphones,relevant_images/Smartphones/cad3825a.jpg,cad3825a.jpg
cbc1727a.jpg,Smartphones,relevant_images/Smartphones/cbc1727a.jpg,cbc1727a.jpg
cbfbd90e.jpg,Smartphones,relevant_images/Smartphones/cbfbd90e.jpg,cbfbd90e.jpg
cc6c8cca.jpg,Smartphones,relevant_images/Smartphones/cc6c8cca.jpg,cc6c8cca.jpg
cc90220e.jpg,Smartphones,relevant_images/Smartphones/cc90220e.jpg,cc90220e.jpg
cd214c20.jpg,Smartphones,relevant_images/Smartphones/cd214c20.jpg,cd214c20.jpg
ce5b8504.jpg,Smartphones,relevant_images/Smartphones/ce5b8504.jpg,ce5b8504.jpg
ceaaaa2e.jpg,Smartphones,relevant_images/Smartphones/ceaaaa2e.jpg,ceaaaa2e.jpg
ceaaf442.jpg,Smartphones,relevant_images/Smartphones/ceaaf442.jpg,ceaaf442.jpg
cef060dc.jpg,Smartphones,relevant_images/Smartphones/cef060dc.jpg,cef060dc.jpg
cf0b91cc.jpg,Smartphones,relevant_images/Smartphones/cf0b91cc.jpg,cf0b91cc.jpg
cf3576aa.jpg,Smartphones,relevant_images/Smartphones/cf3576aa.jpg,cf3576aa.jpg
cf78ff6c.jpg,Smartphones,relevant_images/Smartphones/cf78ff6c.jpg,cf78ff6c.jpg
d0787acc.jpg,Smartphones,relevant_images/Smartphones/d0787acc.jpg,d0787acc.jpg
d078984a.jpg,Smartphones,relevant_images/Smartphones/d078984a.jpg,d078984a.jpg
d12da96d.jpg,Smartphones,relevant_images/Smartphones/d12da96d.jpg,d12da96d.jpg
d16f0824.jpg,Smartphones,relevant_images/Smartphones/d16f0824.jpg,d16f0824.jpg
d195ee9c.jpg,Smartphones,relevant_images/Smartphones/d195ee9c.jpg,d195ee9c.jpg
d1f7fbf0.jpg,Smartphones,relevant_images/Smartphones/d1f7fbf0.jpg,d1f7fbf0.jpg
d2110b4b.jpg,Smartphones,relevant_images/Smartphones/d2110b4b.jpg,d2110b4b.jpg
d26fcf6a.jpg,Smartphones,relevant_images/Smartphones/d26fcf6a.jpg,d26fcf6a.jpg
d2b7c81e.jpg,Smartphones,relevant_images/Smartphones/d2b7c81e.jpg,d2b7c81e.jpg
d2e676d3.jpg,Smartphones,relevant_images/Smartphones/d2e676d3.jpg,d2e676d3.jpg
d31ea9ea.jpg,Smartphones,relevant_images/Smartphones/d31ea9ea.jpg,d31ea9ea.jpg
d350b5ef.jpg,Smartphones,relevant_images/Smartphones/d350b5ef.jpg,d350b5ef.jpg
d35185f5.jpg,Smartphones,relevant_images/Smartphones/d35185f5.jpg,d35185f5.jpg
d454ede0.jpg,Smartphones,relevant_images/Smartphones/d454ede0.jpg,d454ede0.jpg
d45aaa9e.jpg,Smartphones,relevant_images/Smartphones/d45aaa9e.jpg,d45aaa9e.jpg
d54f5e06.jpg,Smartphones,relevant_images/Smartphones/d54f5e06.jpg,d54f5e06.jpg
d5527957.jpg,Smartphones,relevant_images/Smartphones/d5527957.jpg,d5527957.jpg
d568e880.jpg,Smartphones,relevant_images/Smartphones/d568e880.jpg,d568e880.jpg
d59a3d57.jpg,Smartphones,relevant_images/Smartphones/d59a3d57.jpg,d59a3d57.jpg
d5b51600.jpg,Smartphones,relevant_images/Smartphones/d5b51600.jpg,d5b51600.jpg
d670ec94.jpg,Smartphones,relevant_images/Smartphones/d670ec94.jpg,d670ec94.jpg
d677155f.jpg,Smartphones,relevant_images/Smartphones/d677155f.jpg,d677155f.jpg
d68fd9f4.jpg,Smartphones,relevant_images/Smartphones/d68fd9f4.jpg,d68fd9f4.jpg
d6d438e6.jpg,Smartphones,relevant_images/Smartphones/d6d438e6.jpg,d6d438e6.jpg
d7627ea8.jpg,Smartphones,relevant_images/Smartphones/d7627ea8.jpg,d7627ea8.jpg
d76c98c2.jpg,Smartphones,relevant_images/Smartphones/d76c98c2.jpg,d76c98c2.jpg
d7a781cc.jpg,Smartphones,relevant_images/Smartphones/d7a781cc.jpg,d7a781cc.jpg
d7d4645d.jpg,Smartphones,relevant_images/Smartphones/d7d4645d.jpg,d7d4645d.jpg
d7efd69a.jpg,Smartphones,relevant_images/Smartphones/d7efd69a.jpg,d7efd69a.jpg
d94ca92b.jpg,Smartphones,relevant_images/Smartphones/d94ca92b.jpg,d94ca92b.jpg
d951a476.jpg,Smartphones,relevant_images/Smartphones/d951a476.jpg,d951a476.jpg
da524d99.jpg,Smartphones,relevant_images/Smartphones/da524d99.jpg,da524d99.jpg
daccf60a.jpg,Smartphones,relevant_images/Smartphones/daccf60a.jpg,daccf60a.jpg
dc31f168.jpg,Smartphones,relevant_images/Smartphones/dc31f168.jpg,dc31f168.jpg
dc503178.jpg,Smartphones,relevant_images/Smartphones/dc503178.jpg,dc503178.jpg
dc5846ad.jpg,Smartphones,relevant_images/Smartphones/dc5846ad.jpg,dc5846ad.jpg
dcd5236c.jpg,Smartphones,relevant_images/Smartphones/dcd5236c.jpg,dcd5236c.jpg
dda7d75e.jpg,Smartphones,relevant_images/Smartphones/dda7d75e.jpg,dda7d75e.jpg
ddaa2cb6.jpg,Smartphones,relevant_images/Smartphones/ddaa2cb6.jpg,ddaa2cb6.jpg
ddc789e0.jpg,Smartphones,relevant_images/Smartphones/ddc789e0.jpg,ddc789e0.jpg
dde44208.jpg,Smartphones,relevant_images/Smartphones/dde44208.jpg,dde44208.jpg
df2fea89.jpg,Smartphones,relevant_images/Smartphones/df2fea89.jpg,df2fea89.jpg
dfdc5c81.jpg,Smartphones,relevant_images/Smartphones/dfdc5c81.jpg,dfdc5c81.jpg
e075fa61.jpg,Smartphones,relevant_images/Smartphones/e075fa61.jpg,e075fa61.jpg
e0b61c9a.jpg,Smartphones,relevant_images/Smartphones/e0b61c9a.jpg,e0b61c9a.jpg
e0ff3d83.jpg,Smartphones,relevant_images/Smartphones/e0ff3d83.jpg,e0ff3d83.jpg
e150d094.jpg,Smartphones,relevant_images/Smartphones/e150d094.jpg,e150d094.jpg
e1967b93.jpg,Smartphones,relevant_images/Smartphones/e1967b93.jpg,e1967b93.jpg
e1fd8c8d.jpg,Smartphones,relevant_images/Smartphones/e1fd8c8d.jpg,e1fd8c8d.jpg
e218cd95.jpg,Smartphones,relevant_images/Smartphones/e218cd95.jpg,e218cd95.jpg
e22d4f0f.jpg,Smartphones,relevant_images/Smartphones/e22d4f0f.jpg,e22d4f0f.jpg
e2b22175.jpg,Smartphones,relevant_images/Smartphones/e2b22175.jpg,e2b22175.jpg
e3960dda.jpg,Smartphones,relevant_images/Smartphones/e3960dda.jpg,e3960dda.jpg
e4130ec1.jpg,Smartphones,relevant_images/Smartphones/e4130ec1.jpg,e4130ec1.jpg
e4b37db5.jpg,Smartphones,relevant_images/Smartphones/e4b37db5.jpg,e4b37db5.jpg
e4b67806.jpg,Smartphones,relevant_images/Smartphones/e4b67806.jpg,e4b67806.jpg
e4d021eb.jpg,Smartphones,relevant_images/Smartphones/e4d021eb.jpg,e4d021eb.jpg
e5282e0c.jpg,Smartphones,relevant_images/Smartphones/e5282e0c.jpg,e5282e0c.jpg
e57dd13f.jpg,Smartphones,relevant_images/Smartphones/e57dd13f.jpg,e57dd13f.jpg
e58e5b06.jpg,Smartphones,relevant_images/Smartphones/e58e5b06.jpg,e58e5b06.jpg
e5dfa015.jpg,Smartphones,relevant_images/Smartphones/e5dfa015.jpg,e5dfa015.jpg
e5f92f9c.jpg,Smartphones,relevant_images/Smartphones/e5f92f9c.jpg,e5f92f9c.jpg
e681964b.jpg,Smartphones,relevant_images/Smartphones/e681964b.jpg,e681964b.jpg
e6e13ae2.jpg,Smartphones,relevant_images/Smartphones/e6e13ae2.jpg,e6e13ae2.jpg
e7412d13.jpg,Smartphones,relevant_images/Smartphones/e7412d13.jpg,e7412d13.jpg
e7d0087f.jpg,Smartphones,relevant_images/Smartphones/e7d0087f.jpg,e7d0087f.jpg
e7d668ca.jpg,Smartphones,relevant_images/Smartphones/e7d668ca.jpg,e7d668ca.jpg
e8249b64.jpg,Smartphones,relevant_images/Smartphones/e8249b64.jpg,e8249b64.jpg
e8865a4d.jpg,Smartphones,relevant_images/Smartphones/e8865a4d.jpg,e8865a4d.jpg
e8b14171.jpg,Smartphones,relevant_images/Smartphones/e8b14171.jpg,e8b14171.jpg
e8e833ba.jpg,Smartphones,relevant_images/Smartphones/e8e833ba.jpg,e8e833ba.jpg
e9048553.jpg,Smartphones,relevant_images/Smartphones/e9048553.jpg,e9048553.jpg
e907386d.jpg,Smartphones,relevant_images/Smartphones/e907386d.jpg,e907386d.jpg
e914f7b7.jpg,Smartphones,relevant_images/Smartphones/e914f7b7.jpg,e914f7b7.jpg
e9a77f1b.jpg,Smartphones,relevant_images/Smartphones/e9a77f1b.jpg,e9a77f1b.jpg
e9ac1ab4.jpg,Smartphones,relevant_images/Smartphones/e9ac1ab4.jpg,e9ac1ab4.jpg
e9d5087c.jpg,Smartphones,relevant_images/Smartphones/e9d5087c.jpg,e9d5087c.jpg
eb32826e.jpg,Smartphones,relevant_images/Smartphones/eb32826e.jpg,eb32826e.jpg
ed5da9b1.jpg,Smartphones,relevant_images/Smartphones/ed5da9b1.jpg,ed5da9b1.jpg
ed78b722.jpg,Smartphones,relevant_images/Smartphones/ed78b722.jpg,ed78b722.jpg
ed87f33f.jpg,Smartphones,relevant_images/Smartphones/ed87f33f.jpg,ed87f33f.jpg
edcd46d1.jpg,Smartphones,relevant_images/Smartphones/edcd46d1.jpg,edcd46d1.jpg
edefbee8.jpg,Smartphones,relevant_images/Smartphones/edefbee8.jpg,edefbee8.jpg
edff0f74.jpg,Smartphones,relevant_images/Smartphones/edff0f74.jpg,edff0f74.jpg
ee273ae2.jpg,Smartphones,relevant_images/Smartphones/ee273ae2.jpg,ee273ae2.jpg
ee5861ad.jpg,Smartphones,relevant_images/Smartphones/ee5861ad.jpg,ee5861ad.jpg
eee3c9c9.jpg,Smartphones,relevant_images/Smartphones/eee3c9c9.jpg,eee3c9c9.jpg
eef659a1.jpg,Smartphones,relevant_images/Smartphones/eef659a1.jpg,eef659a1.jpg
ef015989.jpg,Smartphones,relevant_images/Smartphones/ef015989.jpg,ef015989.jpg
ef592827.jpg,Smartphones,relevant_images/Smartphones/ef592827.jpg,ef592827.jpg
efbaf198.jpg,Smartphones,relevant_images/Smartphones/efbaf198.jpg,efbaf198.jpg
efc66f5f.jpg,Smartphones,relevant_images/Smartphones/efc66f5f.jpg,efc66f5f.jpg
f09d488e.jpg,Smartphones,relevant_images/Smartphones/f09d488e.jpg,f09d488e.jpg
f14167c5.jpg,Smartphones,relevant_images/Smartphones/f14167c5.jpg,f14167c5.jpg
f1ad67c6.jpg,Smartphones,relevant_images/Smartphones/f1ad67c6.jpg,f1ad67c6.jpg
f1d29d0e.jpg,Smartphones,relevant_images/Smartphones/f1d29d0e.jpg,f1d29d0e.jpg
f215567a.jpg,Smartphones,relevant_images/Smartphones/f215567a.jpg,f215567a.jpg
f2567d9c.jpg,Smartphones,relevant_images/Smartphones/f2567d9c.jpg,f2567d9c.jpg
f3ad9f90.jpg,Smartphones,relevant_images/Smartphones/f3ad9f90.jpg,f3ad9f90.jpg
f3e406bd.jpg,Smartphones,relevant_images/Smartphones/f3e406bd.jpg,f3e406bd.jpg
f3fac2fc.jpg,Smartphones,relevant_images/Smartphones/f3fac2fc.jpg,f3fac2fc.jpg
f4055f82.jpg,Smartphones,relevant_images/Smartphones/f4055f82.jpg,f4055f82.jpg
f4418f59.jpg,Smartphones,relevant_images/Smartphones/f4418f59.jpg,f4418f59.jpg
f50b7bc8.jpg,Smartphones,relevant_images/Smartphones/f50b7bc8.jpg,f50b7bc8.jpg
f5a70a1f.jpg,Smartphones,relevant_images/Smartphones/f5a70a1f.jpg,f5a70a1f.jpg
f63c45ee.jpg,Smartphones,relevant_images/Smartphones/f63c45ee.jpg,f63c45ee.jpg
f669cfe3.jpg,Smartphones,relevant_images/Smartphones/f669cfe3.jpg,f669cfe3.jpg
f6898297.jpg,Smartphones,relevant_images/Smartphones/f6898297.jpg,f6898297.jpg
f6987da6.jpg,Smartphones,relevant_images/Smartphones/f6987da6.jpg,f6987da6.jpg
f6c41fba.jpg,Smartphones,relevant_images/Smartphones/f6c41fba.jpg,f6c41fba.jpg
f75f7e33.jpg,Smartphones,relevant_images/Smartphones/f75f7e33.jpg,f75f7e33.jpg
f7ec9dc1.jpg,Smartphones,relevant_images/Smartphones/f7ec9dc1.jpg,f7ec9dc1.jpg
f96fc68b.jpg,Smartphones,relevant_images/Smartphones/f96fc68b.jpg,f96fc68b.jpg
fa32081c.jpg,Smartphones,relevant_images/Smartphones/fa32081c.jpg,fa32081c.jpg
faa7ff06.jpg,Smartphones,relevant_images/Smartphones/faa7ff06.jpg,faa7ff06.jpg
fab2d659.jpg,Smartphones,relevant_images/Smartphones/fab2d659.jpg,fab2d659.jpg
fad8f6a2.jpg,Smartphones,relevant_images/Smartphones/fad8f6a2.jpg,fad8f6a2.jpg
fb7b00c2.jpg,Smartphones,relevant_images/Smartphones/fb7b00c2.jpg,fb7b00c2.jpg
fb8a45a1.jpg,Smartphones,relevant_images/Smartphones/fb8a45a1.jpg,fb8a45a1.jpg
fbece1cb.jpg,Smartphones,relevant_images/Smartphones/fbece1cb.jpg,fbece1cb.jpg
fc0b1e83.jpg,Smartphones,relevant_images/Smartphones/fc0b1e83.jpg,fc0b1e83.jpg
fc378afb.jpg,Smartphones,relevant_images/Smartphones/fc378afb.jpg,fc378afb.jpg
fc3f0141.jpg,Smartphones,relevant_images/Smartphones/fc3f0141.jpg,fc3f0141.jpg
fc49d90c.jpg,Smartphones,relevant_images/Smartphones/fc49d90c.jpg,fc49d90c.jpg
fcbb3c31.jpg,Smartphones,relevant_images/Smartphones/fcbb3c31.jpg,fcbb3c31.jpg
ff448fcf.jpg,Smartphones,relevant_images/Smartphones/ff448fcf.jpg,ff448fcf.jpg
ff5607b9.jpg,Smartphones,relevant_images/Smartphones/ff5607b9.jpg,ff5607b9.jpg
ff6b516d.jpg,Smartphones,relevant_images/Smartphones/ff6b516d.jpg,ff6b516d.jpg
ff7896ec.jpg,Smartphones,relevant_images/Smartphones/ff7896ec.jpg,ff7896ec.jpg
ffc52333.jpg,Smartphones,relevant_images/Smartphones/ffc52333.jpg,ffc52333.jpg
0eafafb4.jpg,Sofas,relevant_images/Sofas/0eafafb4.jpg,0eafafb4.jpg
12d9ef62.jpg,Sofas,relevant_images/Sofas/12d9ef62.jpg,12d9ef62.jpg
131d1c06.jpg,Sofas,relevant_images/Sofas/131d1c06.jpg,131d1c06.jpg
146122b1.jpg,Sofas,relevant_images/Sofas/146122b1.jpg,146122b1.jpg
15a144ce.jpg,Sofas,relevant_images/Sofas/15a144ce.jpg,15a144ce.jpg
17162380.jpg,Sofas,relevant_images/Sofas/17162380.jpg,17162380.jpg
1950fcba.jpg,Sofas,relevant_images/Sofas/1950fcba.jpg,1950fcba.jpg
1af8e0f0.jpg,Sofas,relevant_images/Sofas/1af8e0f0.jpg,1af8e0f0.jpg
1b725e2a.jpg,Sofas,relevant_images/Sofas/1b725e2a.jpg,1b725e2a.jpg
1dab75d8.jpg,Sofas,relevant_images/Sofas/1dab75d8.jpg,1dab75d8.jpg
1fe87654.jpg,Sofas,relevant_images/Sofas/1fe87654.jpg,1fe87654.jpg
20b7e0ee.jpg,Sofas,relevant_images/Sofas/20b7e0ee.jpg,20b7e0ee.jpg
217d5ec0.jpg,Sofas,relevant_images/Sofas/217d5ec0.jpg,217d5ec0.jpg
234bc84c.jpg,Sofas,relevant_images/Sofas/234bc84c.jpg,234bc84c.jpg
24016bb2.jpg,Sofas,relevant_images/Sofas/24016bb2.jpg,24016bb2.jpg
24263719.jpg,Sofas,relevant_images/Sofas/24263719.jpg,24263719.jpg
2695724d.jpg,Sofas,relevant_images/Sofas/2695724d.jpg,2695724d.jpg
2ab7979d.jpg,Sofas,relevant_images/Sofas/2ab7979d.jpg,2ab7979d.jpg
2b507723.jpg,Sofas,relevant_images/Sofas/2b507723.jpg,2b507723.jpg
2b5491a6.jpg,Sofas,relevant_images/Sofas/2b5491a6.jpg,2b5491a6.jpg
2be24cb3.jpg,Sofas,relevant_images/Sofas/2be24cb3.jpg,2be24cb3.jpg
2c28a2ea.jpg,Sofas,relevant_images/Sofas/2c28a2ea.jpg,2c28a2ea.jpg
2ede12af.jpg,Sofas,relevant_images/Sofas/2ede12af.jpg,2ede12af.jpg
387fe2aa.jpg,Sofas,relevant_images/Sofas/387fe2aa.jpg,387fe2aa.jpg
3b29b0f6.jpg,Sofas,relevant_images/Sofas/3b29b0f6.jpg,3b29b0f6.jpg
3e20adae.jpg,Sofas,relevant_images/Sofas/3e20adae.jpg,3e20adae.jpg
43d86c99.jpg,Sofas,relevant_images/Sofas/43d86c99.jpg,43d86c99.jpg
45674ce9.jpg,Sofas,relevant_images/Sofas/45674ce9.jpg,45674ce9.jpg
47380ada.jpg,Sofas,relevant_images/Sofas/47380ada.jpg,47380ada.jpg
47b4ea66.jpg,Sofas,relevant_images/Sofas/47b4ea66.jpg,47b4ea66.jpg
4882b777.jpg,Sofas,relevant_images/Sofas/4882b777.jpg,4882b777.jpg
49ec7605.jpg,Sofas,relevant_images/Sofas/49ec7605.jpg,49ec7605.jpg
4b12de54.jpg,Sofas,relevant_images/Sofas/4b12de54.jpg,4b12de54.jpg
4c12cd44.jpg,Sofas,relevant_images/Sofas/4c12cd44.jpg,4c12cd44.jpg
523f8bef.jpg,Sofas,relevant_images/Sofas/523f8bef.jpg,523f8bef.jpg
544471d3.jpg,Sofas,relevant_images/Sofas/544471d3.jpg,544471d3.jpg
550f74ad.jpg,Sofas,relevant_images/Sofas/550f74ad.jpg,550f74ad.jpg
5631ce56.jpg,Sofas,relevant_images/Sofas/5631ce56.jpg,5631ce56.jpg
5774f815.jpg,Sofas,relevant_images/Sofas/5774f815.jpg,5774f815.jpg
578bb1da.jpg,Sofas,relevant_images/Sofas/578bb1da.jpg,578bb1da.jpg
59f9ee83.jpg,Sofas,relevant_images/Sofas/59f9ee83.jpg,59f9ee83.jpg
5cf62f1e.jpg,Sofas,relevant_images/Sofas/5cf62f1e.jpg,5cf62f1e.jpg
5d2edf54.jpg,Sofas,relevant_images/Sofas/5d2edf54.jpg,5d2edf54.jpg
61180a03.jpg,Sofas,relevant_images/Sofas/61180a03.jpg,61180a03.jpg
63535479.jpg,Sofas,relevant_images/Sofas/63535479.jpg,63535479.jpg
64e18712.jpg,Sofas,relevant_images/Sofas/64e18712.jpg,64e18712.jpg
653771a0.jpg,Sofas,relevant_images/Sofas/653771a0.jpg,653771a0.jpg
6992bac2.jpg,Sofas,relevant_images/Sofas/6992bac2.jpg,6992bac2.jpg
6f86e5c6.jpg,Sofas,relevant_images/Sofas/6f86e5c6.jpg,6f86e5c6.jpg
70dff8df.jpg,Sofas,relevant_images/Sofas/70dff8df.jpg,70dff8df.jpg
7445502d.jpg,Sofas,relevant_images/Sofas/7445502d.jpg,7445502d.jpg
76c119ba.jpg,Sofas,relevant_images/Sofas/76c119ba.jpg,76c119ba.jpg
7b8adfab.jpg,Sofas,relevant_images/Sofas/7b8adfab.jpg,7b8adfab.jpg
7b8db620.jpg,Sofas,relevant_images/Sofas/7b8db620.jpg,7b8db620.jpg
7c518562.jpg,Sofas,relevant_images/Sofas/7c518562.jpg,7c518562.jpg
7dfc929f.jpg,Sofas,relevant_images/Sofas/7dfc929f.jpg,7dfc929f.jpg
7ef15467.jpg,Sofas,relevant_images/Sofas/7ef15467.jpg,7ef15467.jpg
7fee838a.jpg,Sofas,relevant_images/Sofas/7fee838a.jpg,7fee838a.jpg
806aad3d.jpg,Sofas,relevant_images/Sofas/806aad3d.jpg,806aad3d.jpg
82f2ebd6.jpg,Sofas,relevant_images/Sofas/82f2ebd6.jpg,82f2ebd6.jpg
84ad9cd3.jpg,Sofas,relevant_images/Sofas/84ad9cd3.jpg,84ad9cd3.jpg
851eebc7.jpg,Sofas,relevant_images/Sofas/851eebc7.jpg,851eebc7.jpg
8567b766.jpg,Sofas,relevant_images/Sofas/8567b766.jpg,8567b766.jpg
8664968e.jpg,Sofas,relevant_images/Sofas/8664968e.jpg,8664968e.jpg
87e08734.jpg,Sofas,relevant_images/Sofas/87e08734.jpg,87e08734.jpg
88fbbed3.jpg,Sofas,relevant_images/Sofas/88fbbed3.jpg,88fbbed3.jpg
8c7c0242.jpg,Sofas,relevant_images/Sofas/8c7c0242.jpg,8c7c0242.jpg
9428e401.jpg,Sofas,relevant_images/Sofas/9428e401.jpg,9428e401.jpg
9505161d.jpg,Sofas,relevant_images/Sofas/9505161d.jpg,9505161d.jpg
96ada841.jpg,Sofas,relevant_images/Sofas/96ada841.jpg,96ada841.jpg
98d6969a.jpg,Sofas,relevant_images/Sofas/98d6969a.jpg,98d6969a.jpg
9b734e03.jpg,Sofas,relevant_images/Sofas/9b734e03.jpg,9b734e03.jpg
9cd012df.jpg,Sofas,relevant_images/Sofas/9cd012df.jpg,9cd012df.jpg
9e153e20.jpg,Sofas,relevant_images/Sofas/9e153e20.jpg,9e153e20.jpg
a027c83a.jpg,Sofas,relevant_images/Sofas/a027c83a.jpg,a027c83a.jpg
a0db9150.jpg,Sofas,relevant_images/Sofas/a0db9150.jpg,a0db9150.jpg
a43ff1e3.jpg,Sofas,relevant_images/Sofas/a43ff1e3.jpg,a43ff1e3.jpg
a833c865.jpg,Sofas,relevant_images/Sofas/a833c865.jpg,a833c865.jpg
a9a17c41.jpg,Sofas,relevant_images/Sofas/a9a17c41.jpg,a9a17c41.jpg
aff41139.jpg,Sofas,relevant_images/Sofas/aff41139.jpg,aff41139.jpg
bae5c671.jpg,Sofas,relevant_images/Sofas/bae5c671.jpg,bae5c671.jpg
bd260d84.jpg,Sofas,relevant_images/Sofas/bd260d84.jpg,bd260d84.jpg
c65ef6b8.jpg,Sofas,relevant_images/Sofas/c65ef6b8.jpg,c65ef6b8.jpg
c6e8f0bb.jpg,Sofas,relevant_images/Sofas/c6e8f0bb.jpg,c6e8f0bb.jpg
c88ccf5d.jpg,Sofas,relevant_images/Sofas/c88ccf5d.jpg,c88ccf5d.jpg
c9b20f0e.jpg,Sofas,relevant_images/Sofas/c9b20f0e.jpg,c9b20f0e.jpg
cb204807.jpg,Sofas,relevant_images/Sofas/cb204807.jpg,cb204807.jpg
cc61a44b.jpg,Sofas,relevant_images/Sofas/cc61a44b.jpg,cc61a44b.jpg
ce0c1c64.jpg,Sofas,relevant_images/Sofas/ce0c1c64.jpg,ce0c1c64.jpg
d293b502.jpg,Sofas,relevant_images/Sofas/d293b502.jpg,d293b502.jpg
d4454032.jpg,Sofas,relevant_images/Sofas/d4454032.jpg,d4454032.jpg
d53083cf.jpg,Sofas,relevant_images/Sofas/d53083cf.jpg,d53083cf.jpg
d7798269.jpg,Sofas,relevant_images/Sofas/d7798269.jpg,d7798269.jpg
dd78b62c.jpg,Sofas,relevant_images/Sofas/dd78b62c.jpg,dd78b62c.jpg
e1715a79.jpg,Sofas,relevant_images/Sofas/e1715a79.jpg,e1715a79.jpg
e176173c.jpg,Sofas,relevant_images/Sofas/e176173c.jpg,e176173c.jpg
e23634bb.jpg,Sofas,relevant_images/Sofas/e23634bb.jpg,e23634bb.jpg
e3ad868e.jpg,Sofas,relevant_images/Sofas/e3ad868e.jpg,e3ad868e.jpg
e44272e6.jpg,Sofas,relevant_images/Sofas/e44272e6.jpg,e44272e6.jpg
e500ea73.jpg,Sofas,relevant_images/Sofas/e500ea73.jpg,e500ea73.jpg
e6136f1d.jpg,Sofas,relevant_images/Sofas/e6136f1d.jpg,e6136f1d.jpg
ebc134e7.jpg,Sofas,relevant_images/Sofas/ebc134e7.jpg,ebc134e7.jpg
f31c1419.jpg,Sofas,relevant_images/Sofas/f31c1419.jpg,f31c1419.jpg
f521636e.jpg,Sofas,relevant_images/Sofas/f521636e.jpg,f521636e.jpg
f5d9bdcf.jpg,Sofas,relevant_images/Sofas/f5d9bdcf.jpg,f5d9bdcf.jpg
f7222872.jpg,Sofas,relevant_images/Sofas/f7222872.jpg,f7222872.jpg
f884b96a.jpg,Sofas,relevant_images/Sofas/f884b96a.jpg,f884b96a.jpg
008d50cd.jpg,Sports,relevant_images/Sports/008d50cd.jpg,008d50cd.jpg
01e6462f.jpg,Sports,relevant_images/Sports/01e6462f.jpg,01e6462f.jpg
036e170d.jpg,Sports,relevant_images/Sports/036e170d.jpg,036e170d.jpg
055bd558.jpg,Sports,relevant_images/Sports/055bd558.jpg,055bd558.jpg
06a12300.jpg,Sports,relevant_images/Sports/06a12300.jpg,06a12300.jpg
08f09ae9.jpg,Sports,relevant_images/Sports/08f09ae9.jpg,08f09ae9.jpg
09163cb8.jpg,Sports,relevant_images/Sports/09163cb8.jpg,09163cb8.jpg
0a96aaef.jpg,Sports,relevant_images/Sports/0a96aaef.jpg,0a96aaef.jpg
0c3264ac.jpg,Sports,relevant_images/Sports/0c3264ac.jpg,0c3264ac.jpg
0ceb28e3.jpg,Sports,relevant_images/Sports/0ceb28e3.jpg,0ceb28e3.jpg
0f6388b3.jpg,Sports,relevant_images/Sports/0f6388b3.jpg,0f6388b3.jpg
1102494f.jpg,Sports,relevant_images/Sports/1102494f.jpg,1102494f.jpg
1113b844.jpg,Sports,relevant_images/Sports/1113b844.jpg,1113b844.jpg
1476b0ca.jpg,Sports,relevant_images/Sports/1476b0ca.jpg,1476b0ca.jpg
156352c9.jpg,Sports,relevant_images/Sports/156352c9.jpg,156352c9.jpg
177a26b9.jpg,Sports,relevant_images/Sports/177a26b9.jpg,177a26b9.jpg
17f28dd5.jpg,Sports,relevant_images/Sports/17f28dd5.jpg,17f28dd5.jpg
1877aa66.jpg,Sports,relevant_images/Sports/1877aa66.jpg,1877aa66.jpg
193ec52e.jpg,Sports,relevant_images/Sports/193ec52e.jpg,193ec52e.jpg
19ea5936.jpg,Sports,relevant_images/Sports/19ea5936.jpg,19ea5936.jpg
1a2ef909.jpg,Sports,relevant_images/Sports/1a2ef909.jpg,1a2ef909.jpg
1aafaef1.jpg,Sports,relevant_images/Sports/1aafaef1.jpg,1aafaef1.jpg
1ab4cc54.jpg,Sports,relevant_images/Sports/1ab4cc54.jpg,1ab4cc54.jpg
1b27f778.jpg,Sports,relevant_images/Sports/1b27f778.jpg,1b27f778.jpg
1b92cfcc.jpg,Sports,relevant_images/Sports/1b92cfcc.jpg,1b92cfcc.jpg
1c5eb982.jpg,Sports,relevant_images/Sports/1c5eb982.jpg,1c5eb982.jpg
1ee32f46.jpg,Sports,relevant_images/Sports/1ee32f46.jpg,1ee32f46.jpg
221f9e1b.jpg,Sports,relevant_images/Sports/221f9e1b.jpg,221f9e1b.jpg
23029482.jpg,Sports,relevant_images/Sports/23029482.jpg,23029482.jpg
23d8a33e.jpg,Sports,relevant_images/Sports/23d8a33e.jpg,23d8a33e.jpg
2587d3bd.jpg,Sports,relevant_images/Sports/2587d3bd.jpg,2587d3bd.jpg
28f3bb10.jpg,Sports,relevant_images/Sports/28f3bb10.jpg,28f3bb10.jpg
2a1e269b.jpg,Sports,relevant_images/Sports/2a1e269b.jpg,2a1e269b.jpg
2a9f7d34.jpg,Sports,relevant_images/Sports/2a9f7d34.jpg,2a9f7d34.jpg
2b229d9a.jpg,Sports,relevant_images/Sports/2b229d9a.jpg,2b229d9a.jpg
2e1d44a7.jpg,Sports,relevant_images/Sports/2e1d44a7.jpg,2e1d44a7.jpg
2ee47c9c.jpg,Sports,relevant_images/Sports/2ee47c9c.jpg,2ee47c9c.jpg
34fc088c.jpg,Sports,relevant_images/Sports/34fc088c.jpg,34fc088c.jpg
37c91644.jpg,Sports,relevant_images/Sports/37c91644.jpg,37c91644.jpg
3882c3d1.jpg,Sports,relevant_images/Sports/3882c3d1.jpg,3882c3d1.jpg
3cf6bb7d.jpg,Sports,relevant_images/Sports/3cf6bb7d.jpg,3cf6bb7d.jpg
3f1db6f8.jpg,Sports,relevant_images/Sports/3f1db6f8.jpg,3f1db6f8.jpg
3f2319ce.jpg,Sports,relevant_images/Sports/3f2319ce.jpg,3f2319ce.jpg
3f424bff.jpg,Sports,relevant_images/Sports/3f424bff.jpg,3f424bff.jpg
41a67a82.jpg,Sports,relevant_images/Sports/41a67a82.jpg,41a67a82.jpg
459b2941.jpg,Sports,relevant_images/Sports/459b2941.jpg,459b2941.jpg
48bc86bc.jpg,Sports,relevant_images/Sports/48bc86bc.jpg,48bc86bc.jpg
4995ba51.jpg,Sports,relevant_images/Sports/4995ba51.jpg,4995ba51.jpg
4aff7352.jpg,Sports,relevant_images/Sports/4aff7352.jpg,4aff7352.jpg
4b5d3e63.jpg,Sports,relevant_images/Sports/4b5d3e63.jpg,4b5d3e63.jpg
4beb1af7.jpg,Sports,relevant_images/Sports/4beb1af7.jpg,4beb1af7.jpg
5101fded.jpg,Sports,relevant_images/Sports/5101fded.jpg,5101fded.jpg
525cd154.jpg,Sports,relevant_images/Sports/525cd154.jpg,525cd154.jpg
528126f6.jpg,Sports,relevant_images/Sports/528126f6.jpg,528126f6.jpg
54904528.jpg,Sports,relevant_images/Sports/54904528.jpg,54904528.jpg
551384aa.jpg,Sports,relevant_images/Sports/551384aa.jpg,551384aa.jpg
55e8d701.jpg,Sports,relevant_images/Sports/55e8d701.jpg,55e8d701.jpg
5620b89a.jpg,Sports,relevant_images/Sports/5620b89a.jpg,5620b89a.jpg
56de8c6d.jpg,Sports,relevant_images/Sports/56de8c6d.jpg,56de8c6d.jpg
57382a75.jpg,Sports,relevant_images/Sports/57382a75.jpg,57382a75.jpg
58590c4c.jpg,Sports,relevant_images/Sports/58590c4c.jpg,58590c4c.jpg
585acfe8.jpg,Sports,relevant_images/Sports/585acfe8.jpg,585acfe8.jpg
5884f4aa.jpg,Sports,relevant_images/Sports/5884f4aa.jpg,5884f4aa.jpg
5eae5dd8.jpg,Sports,relevant_images/Sports/5eae5dd8.jpg,5eae5dd8.jpg
608ec2ea.jpg,Sports,relevant_images/Sports/608ec2ea.jpg,608ec2ea.jpg
62e4549a.jpg,Sports,relevant_images/Sports/62e4549a.jpg,62e4549a.jpg
633c1a7d.jpg,Sports,relevant_images/Sports/633c1a7d.jpg,633c1a7d.jpg
6368b2f3.jpg,Sports,relevant_images/Sports/6368b2f3.jpg,6368b2f3.jpg
63937384.jpg,Sports,relevant_images/Sports/63937384.jpg,63937384.jpg
63f9011d.jpg,Sports,relevant_images/Sports/63f9011d.jpg,63f9011d.jpg
64b2c4af.jpg,Sports,relevant_images/Sports/64b2c4af.jpg,64b2c4af.jpg
671a268d.jpg,Sports,relevant_images/Sports/671a268d.jpg,671a268d.jpg
688e3bf5.jpg,Sports,relevant_images/Sports/688e3bf5.jpg,688e3bf5.jpg
6a519e79.jpg,Sports,relevant_images/Sports/6a519e79.jpg,6a519e79.jpg
6acf4af8.jpg,Sports,relevant_images/Sports/6acf4af8.jpg,6acf4af8.jpg
6ca285ca.jpg,Sports,relevant_images/Sports/6ca285ca.jpg,6ca285ca.jpg
6d3d4fbd.jpg,Sports,relevant_images/Sports/6d3d4fbd.jpg,6d3d4fbd.jpg
6da32241.jpg,Sports,relevant_images/Sports/6da32241.jpg,6da32241.jpg
6f9c6812.jpg,Sports,relevant_images/Sports/6f9c6812.jpg,6f9c6812.jpg
702e6899.jpg,Sports,relevant_images/Sports/702e6899.jpg,702e6899.jpg
713a9d34.jpg,Sports,relevant_images/Sports/713a9d34.jpg,713a9d34.jpg
718b7fb0.jpg,Sports,relevant_images/Sports/718b7fb0.jpg,718b7fb0.jpg
72bd493c.jpg,Sports,relevant_images/Sports/72bd493c.jpg,72bd493c.jpg
7426188d.jpg,Sports,relevant_images/Sports/7426188d.jpg,7426188d.jpg
7480b7f6.jpg,Sports,relevant_images/Sports/7480b7f6.jpg,7480b7f6.jpg
75c2a387.jpg,Sports,relevant_images/Sports/75c2a387.jpg,75c2a387.jpg
765ee223.jpg,Sports,relevant_images/Sports/765ee223.jpg,765ee223.jpg
78fb8e78.jpg,Sports,relevant_images/Sports/78fb8e78.jpg,78fb8e78.jpg
7a114a5b.jpg,Sports,relevant_images/Sports/7a114a5b.jpg,7a114a5b.jpg
7b4dba18.jpg,Sports,relevant_images/Sports/7b4dba18.jpg,7b4dba18.jpg
7c206938.jpg,Sports,relevant_images/Sports/7c206938.jpg,7c206938.jpg
7d4b697a.jpg,Sports,relevant_images/Sports/7d4b697a.jpg,7d4b697a.jpg
86ba4af6.jpg,Sports,relevant_images/Sports/86ba4af6.jpg,86ba4af6.jpg
8a92406d.jpg,Sports,relevant_images/Sports/8a92406d.jpg,8a92406d.jpg
8b1ca6e9.jpg,Sports,relevant_images/Sports/8b1ca6e9.jpg,8b1ca6e9.jpg
8bd3f3b9.jpg,Sports,relevant_images/Sports/8bd3f3b9.jpg,8bd3f3b9.jpg
8f48a0e2.jpg,Sports,relevant_images/Sports/8f48a0e2.jpg,8f48a0e2.jpg
9546ae35.jpg,Sports,relevant_images/Sports/9546ae35.jpg,9546ae35.jpg
96f72de7.jpg,Sports,relevant_images/Sports/96f72de7.jpg,96f72de7.jpg
97a5a1be.jpg,Sports,relevant_images/Sports/97a5a1be.jpg,97a5a1be.jpg
97adc088.jpg,Sports,relevant_images/Sports/97adc088.jpg,97adc088.jpg
97dd241e.jpg,Sports,relevant_images/Sports/97dd241e.jpg,97dd241e.jpg
97ef8f35.jpg,Sports,relevant_images/Sports/97ef8f35.jpg,97ef8f35.jpg
9ba7191e.jpg,Sports,relevant_images/Sports/9ba7191e.jpg,9ba7191e.jpg
9c780c5f.jpg,Sports,relevant_images/Sports/9c780c5f.jpg,9c780c5f.jpg
9e156209.jpg,Sports,relevant_images/Sports/9e156209.jpg,9e156209.jpg
9e779cf2.jpg,Sports,relevant_images/Sports/9e779cf2.jpg,9e779cf2.jpg
9f237b0d.jpg,Sports,relevant_images/Sports/9f237b0d.jpg,9f237b0d.jpg
a0ae4dbb.jpg,Sports,relevant_images/Sports/a0ae4dbb.jpg,a0ae4dbb.jpg
a2ba92c0.jpg,Sports,relevant_images/Sports/a2ba92c0.jpg,a2ba92c0.jpg
a93d447f.jpg,Sports,relevant_images/Sports/a93d447f.jpg,a93d447f.jpg
a9f0c324.jpg,Sports,relevant_images/Sports/a9f0c324.jpg,a9f0c324.jpg
b11c9cd3.jpg,Sports,relevant_images/Sports/b11c9cd3.jpg,b11c9cd3.jpg
b37e7245.jpg,Sports,relevant_images/Sports/b37e7245.jpg,b37e7245.jpg
b3e4b7dd.jpg,Sports,relevant_images/Sports/b3e4b7dd.jpg,b3e4b7dd.jpg
b659b1c1.jpg,Sports,relevant_images/Sports/b659b1c1.jpg,b659b1c1.jpg
b695d6bc.jpg,Sports,relevant_images/Sports/b695d6bc.jpg,b695d6bc.jpg
b6f853ec.jpg,Sports,relevant_images/Sports/b6f853ec.jpg,b6f853ec.jpg
b8f5f97a.jpg,Sports,relevant_images/Sports/b8f5f97a.jpg,b8f5f97a.jpg
bdba3314.jpg,Sports,relevant_images/Sports/bdba3314.jpg,bdba3314.jpg
be1abc11.jpg,Sports,relevant_images/Sports/be1abc11.jpg,be1abc11.jpg
bfab6930.jpg,Sports,relevant_images/Sports/bfab6930.jpg,bfab6930.jpg
c1dec5b8.jpg,Sports,relevant_images/Sports/c1dec5b8.jpg,c1dec5b8.jpg
c7df49ae.jpg,Sports,relevant_images/Sports/c7df49ae.jpg,c7df49ae.jpg
c98d858b.jpg,Sports,relevant_images/Sports/c98d858b.jpg,c98d858b.jpg
cd9f5499.jpg,Sports,relevant_images/Sports/cd9f5499.jpg,cd9f5499.jpg
d0165dd4.jpg,Sports,relevant_images/Sports/d0165dd4.jpg,d0165dd4.jpg
d22e3d8a.jpg,Sports,relevant_images/Sports/d22e3d8a.jpg,d22e3d8a.jpg
d8187ade.jpg,Sports,relevant_images/Sports/d8187ade.jpg,d8187ade.jpg
d8e86402.jpg,Sports,relevant_images/Sports/d8e86402.jpg,d8e86402.jpg
d9b4fd6f.jpg,Sports,relevant_images/Sports/d9b4fd6f.jpg,d9b4fd6f.jpg
da67e899.jpg,Sports,relevant_images/Sports/da67e899.jpg,da67e899.jpg
dc01876e.jpg,Sports,relevant_images/Sports/dc01876e.jpg,dc01876e.jpg
dd1b4a10.jpg,Sports,relevant_images/Sports/dd1b4a10.jpg,dd1b4a10.jpg
df6f3848.jpg,Sports,relevant_images/Sports/df6f3848.jpg,df6f3848.jpg
dffadc04.jpg,Sports,relevant_images/Sports/dffadc04.jpg,dffadc04.jpg
e12ea854.jpg,Sports,relevant_images/Sports/e12ea854.jpg,e12ea854.jpg
e280b3fd.jpg,Sports,relevant_images/Sports/e280b3fd.jpg,e280b3fd.jpg
e2d038e3.jpg,Sports,relevant_images/Sports/e2d038e3.jpg,e2d038e3.jpg
e366e14c.jpg,Sports,relevant_images/Sports/e366e14c.jpg,e366e14c.jpg
e3dd8a89.jpg,Sports,relevant_images/Sports/e3dd8a89.jpg,e3dd8a89.jpg
e46e6c44.jpg,Sports,relevant_images/Sports/e46e6c44.jpg,e46e6c44.jpg
e4df996f.jpg,Sports,relevant_images/Sports/e4df996f.jpg,e4df996f.jpg
e64cf0f3.jpg,Sports,relevant_images/Sports/e64cf0f3.jpg,e64cf0f3.jpg
e6d6dcfc.jpg,Sports,relevant_images/Sports/e6d6dcfc.jpg,e6d6dcfc.jpg
e752b8fc.jpg,Sports,relevant_images/Sports/e752b8fc.jpg,e752b8fc.jpg
e9b8242f.jpg,Sports,relevant_images/Sports/e9b8242f.jpg,e9b8242f.jpg
eb5744c9.jpg,Sports,relevant_images/Sports/eb5744c9.jpg,eb5744c9.jpg
ee1dabcc.jpg,Sports,relevant_images/Sports/ee1dabcc.jpg,ee1dabcc.jpg
f0434d9e.jpg,Sports,relevant_images/Sports/f0434d9e.jpg,f0434d9e.jpg
f0cff8d0.jpg,Sports,relevant_images/Sports/f0cff8d0.jpg,f0cff8d0.jpg
f0d82e64.jpg,Sports,relevant_images/Sports/f0d82e64.jpg,f0d82e64.jpg
f451f8e3.jpg,Sports,relevant_images/Sports/f451f8e3.jpg,f451f8e3.jpg
f4b4b5b6.jpg,Sports,relevant_images/Sports/f4b4b5b6.jpg,f4b4b5b6.jpg
f6302b54.jpg,Sports,relevant_images/Sports/f6302b54.jpg,f6302b54.jpg
f9be4b26.jpg,Sports,relevant_images/Sports/f9be4b26.jpg,f9be4b26.jpg
fc51dd8a.jpg,Sports,relevant_images/Sports/fc51dd8a.jpg,fc51dd8a.jpg
00c02d46.jpg,Tables,relevant_images/Tables/00c02d46.jpg,00c02d46.jpg
02020e07.jpg,Tables,relevant_images/Tables/02020e07.jpg,02020e07.jpg
059b0d94.jpg,Tables,relevant_images/Tables/059b0d94.jpg,059b0d94.jpg
077ab402.jpg,Tables,relevant_images/Tables/077ab402.jpg,077ab402.jpg
08d4e04a.jpg,Tables,relevant_images/Tables/08d4e04a.jpg,08d4e04a.jpg
09e40e6d.jpg,Tables,relevant_images/Tables/09e40e6d.jpg,09e40e6d.jpg
0d8a3597.jpg,Tables,relevant_images/Tables/0d8a3597.jpg,0d8a3597.jpg
11a0d606.jpg,Tables,relevant_images/Tables/11a0d606.jpg,11a0d606.jpg
11a30984.jpg,Tables,relevant_images/Tables/11a30984.jpg,11a30984.jpg
1336ad24.jpg,Tables,relevant_images/Tables/1336ad24.jpg,1336ad24.jpg
137cac2f.jpg,Tables,relevant_images/Tables/137cac2f.jpg,137cac2f.jpg
142ddc89.jpg,Tables,relevant_images/Tables/142ddc89.jpg,142ddc89.jpg
14f25767.jpg,Tables,relevant_images/Tables/14f25767.jpg,14f25767.jpg
15617741.jpg,Tables,relevant_images/Tables/15617741.jpg,15617741.jpg
162b12b9.jpg,Tables,relevant_images/Tables/162b12b9.jpg,162b12b9.jpg
17e56ba3.jpg,Tables,relevant_images/Tables/17e56ba3.jpg,17e56ba3.jpg
1a5036fb.jpg,Tables,relevant_images/Tables/1a5036fb.jpg,1a5036fb.jpg
1ca848b7.jpg,Tables,relevant_images/Tables/1ca848b7.jpg,1ca848b7.jpg
1cebd154.jpg,Tables,relevant_images/Tables/1cebd154.jpg,1cebd154.jpg
1e8ff39c.jpg,Tables,relevant_images/Tables/1e8ff39c.jpg,1e8ff39c.jpg
214259eb.jpg,Tables,relevant_images/Tables/214259eb.jpg,214259eb.jpg
218a198f.jpg,Tables,relevant_images/Tables/218a198f.jpg,218a198f.jpg
21f331ff.jpg,Tables,relevant_images/Tables/21f331ff.jpg,21f331ff.jpg
22aa08bf.jpg,Tables,relevant_images/Tables/22aa08bf.jpg,22aa08bf.jpg
22f78129.jpg,Tables,relevant_images/Tables/22f78129.jpg,22f78129.jpg
239fef87.jpg,Tables,relevant_images/Tables/239fef87.jpg,239fef87.jpg
248140e4.jpg,Tables,relevant_images/Tables/248140e4.jpg,248140e4.jpg
26d607c3.jpg,Tables,relevant_images/Tables/26d607c3.jpg,26d607c3.jpg
2b133eed.jpg,Tables,relevant_images/Tables/2b133eed.jpg,2b133eed.jpg
307e14aa.jpg,Tables,relevant_images/Tables/307e14aa.jpg,307e14aa.jpg
31d83b28.jpg,Tables,relevant_images/Tables/31d83b28.jpg,31d83b28.jpg
362eea80.jpg,Tables,relevant_images/Tables/362eea80.jpg,362eea80.jpg
3683f2c9.jpg,Tables,relevant_images/Tables/3683f2c9.jpg,3683f2c9.jpg
3705883d.jpg,Tables,relevant_images/Tables/3705883d.jpg,3705883d.jpg
373c1197.jpg,Tables,relevant_images/Tables/373c1197.jpg,373c1197.jpg
3795da49.jpg,Tables,relevant_images/Tables/3795da49.jpg,3795da49.jpg
37e30a46.jpg,Tables,relevant_images/Tables/37e30a46.jpg,37e30a46.jpg
38ddf3e6.jpg,Tables,relevant_images/Tables/38ddf3e6.jpg,38ddf3e6.jpg
3e74998a.jpg,Tables,relevant_images/Tables/3e74998a.jpg,3e74998a.jpg
3eeb41cd.jpg,Tables,relevant_images/Tables/3eeb41cd.jpg,3eeb41cd.jpg
439af459.jpg,Tables,relevant_images/Tables/439af459.jpg,439af459.jpg
4440514b.jpg,Tables,relevant_images/Tables/4440514b.jpg,4440514b.jpg
4513ad17.jpg,Tables,relevant_images/Tables/4513ad17.jpg,4513ad17.jpg
47dcae83.jpg,Tables,relevant_images/Tables/47dcae83.jpg,47dcae83.jpg
4b8906dd.jpg,Tables,relevant_images/Tables/4b8906dd.jpg,4b8906dd.jpg
4b92f374.jpg,Tables,relevant_images/Tables/4b92f374.jpg,4b92f374.jpg
4d91ad6a.jpg,Tables,relevant_images/Tables/4d91ad6a.jpg,4d91ad6a.jpg
4da22300.jpg,Tables,relevant_images/Tables/4da22300.jpg,4da22300.jpg
4ea40ce1.jpg,Tables,relevant_images/Tables/4ea40ce1.jpg,4ea40ce1.jpg
4f8ed55f.jpg,Tables,relevant_images/Tables/4f8ed55f.jpg,4f8ed55f.jpg
50169d96.jpg,Tables,relevant_images/Tables/50169d96.jpg,50169d96.jpg
510e35b0.jpg,Tables,relevant_images/Tables/510e35b0.jpg,510e35b0.jpg
52dadc0d.jpg,Tables,relevant_images/Tables/52dadc0d.jpg,52dadc0d.jpg
535da230.jpg,Tables,relevant_images/Tables/535da230.jpg,535da230.jpg
55746937.jpg,Tables,relevant_images/Tables/55746937.jpg,55746937.jpg
56a49365.jpg,Tables,relevant_images/Tables/56a49365.jpg,56a49365.jpg
581526d1.jpg,Tables,relevant_images/Tables/581526d1.jpg,581526d1.jpg
5d51d4e0.jpg,Tables,relevant_images/Tables/5d51d4e0.jpg,5d51d4e0.jpg
5d5e04a2.jpg,Tables,relevant_images/Tables/5d5e04a2.jpg,5d5e04a2.jpg
5e4a1a44.jpg,Tables,relevant_images/Tables/5e4a1a44.jpg,5e4a1a44.jpg
5fa34559.jpg,Tables,relevant_images/Tables/5fa34559.jpg,5fa34559.jpg
605ec79f.jpg,Tables,relevant_images/Tables/605ec79f.jpg,605ec79f.jpg
60619e67.jpg,Tables,relevant_images/Tables/60619e67.jpg,60619e67.jpg
62c05ec4.jpg,Tables,relevant_images/Tables/62c05ec4.jpg,62c05ec4.jpg
6580580e.jpg,Tables,relevant_images/Tables/6580580e.jpg,6580580e.jpg
66df35ec.jpg,Tables,relevant_images/Tables/66df35ec.jpg,66df35ec.jpg
676b5bd3.jpg,Tables,relevant_images/Tables/676b5bd3.jpg,676b5bd3.jpg
6a690409.jpg,Tables,relevant_images/Tables/6a690409.jpg,6a690409.jpg
6e411905.jpg,Tables,relevant_images/Tables/6e411905.jpg,6e411905.jpg
705ef95b.jpg,Tables,relevant_images/Tables/705ef95b.jpg,705ef95b.jpg
708cb010.jpg,Tables,relevant_images/Tables/708cb010.jpg,708cb010.jpg
74dcc947.jpg,Tables,relevant_images/Tables/74dcc947.jpg,74dcc947.jpg
7a219c95.jpg,Tables,relevant_images/Tables/7a219c95.jpg,7a219c95.jpg
7aa4bba1.jpg,Tables,relevant_images/Tables/7aa4bba1.jpg,7aa4bba1.jpg
7b524ff1.jpg,Tables,relevant_images/Tables/7b524ff1.jpg,7b524ff1.jpg
7be8cd00.jpg,Tables,relevant_images/Tables/7be8cd00.jpg,7be8cd00.jpg
7eff07ef.jpg,Tables,relevant_images/Tables/7eff07ef.jpg,7eff07ef.jpg
803b46ed.jpg,Tables,relevant_images/Tables/803b46ed.jpg,803b46ed.jpg
8164e74d.jpg,Tables,relevant_images/Tables/8164e74d.jpg,8164e74d.jpg
840cc039.jpg,Tables,relevant_images/Tables/840cc039.jpg,840cc039.jpg
85109620.jpg,Tables,relevant_images/Tables/85109620.jpg,85109620.jpg
858979d1.jpg,Tables,relevant_images/Tables/858979d1.jpg,858979d1.jpg
8968ab2b.jpg,Tables,relevant_images/Tables/8968ab2b.jpg,8968ab2b.jpg
8a4278c5.jpg,Tables,relevant_images/Tables/8a4278c5.jpg,8a4278c5.jpg
8a46b76f.jpg,Tables,relevant_images/Tables/8a46b76f.jpg,8a46b76f.jpg
8b09130b.jpg,Tables,relevant_images/Tables/8b09130b.jpg,8b09130b.jpg
8bf004e2.jpg,Tables,relevant_images/Tables/8bf004e2.jpg,8bf004e2.jpg
8c04bb17.jpg,Tables,relevant_images/Tables/8c04bb17.jpg,8c04bb17.jpg
8d1fcf60.jpg,Tables,relevant_images/Tables/8d1fcf60.jpg,8d1fcf60.jpg
8e7769be.jpg,Tables,relevant_images/Tables/8e7769be.jpg,8e7769be.jpg
8f978597.jpg,Tables,relevant_images/Tables/8f978597.jpg,8f978597.jpg
8fb6579f.jpg,Tables,relevant_images/Tables/8fb6579f.jpg,8fb6579f.jpg
90e57482.jpg,Tables,relevant_images/Tables/90e57482.jpg,90e57482.jpg
919ec316.jpg,Tables,relevant_images/Tables/919ec316.jpg,919ec316.jpg
9243369e.jpg,Tables,relevant_images/Tables/9243369e.jpg,9243369e.jpg
930df0ee.jpg,Tables,relevant_images/Tables/930df0ee.jpg,930df0ee.jpg
93492348.jpg,Tables,relevant_images/Tables/93492348.jpg,93492348.jpg
9626dc92.jpg,Tables,relevant_images/Tables/9626dc92.jpg,9626dc92.jpg
9883af5f.jpg,Tables,relevant_images/Tables/9883af5f.jpg,9883af5f.jpg
993bad43.jpg,Tables,relevant_images/Tables/993bad43.jpg,993bad43.jpg
99cdc98e.jpg,Tables,relevant_images/Tables/99cdc98e.jpg,99cdc98e.jpg
9e70e38d.jpg,Tables,relevant_images/Tables/9e70e38d.jpg,9e70e38d.jpg
a1c8d7a9.jpg,Tables,relevant_images/Tables/a1c8d7a9.jpg,a1c8d7a9.jpg
a6b8c16e.jpg,Tables,relevant_images/Tables/a6b8c16e.jpg,a6b8c16e.jpg
a78ddfa4.jpg,Tables,relevant_images/Tables/a78ddfa4.jpg,a78ddfa4.jpg
a8e26570.jpg,Tables,relevant_images/Tables/a8e26570.jpg,a8e26570.jpg
a9eef75d.jpg,Tables,relevant_images/Tables/a9eef75d.jpg,a9eef75d.jpg
aa4684cb.jpg,Tables,relevant_images/Tables/aa4684cb.jpg,aa4684cb.jpg
abc483a5.jpg,Tables,relevant_images/Tables/abc483a5.jpg,abc483a5.jpg
b0372b79.jpg,Tables,relevant_images/Tables/b0372b79.jpg,b0372b79.jpg
b5d8e6b4.jpg,Tables,relevant_images/Tables/b5d8e6b4.jpg,b5d8e6b4.jpg
b64925d5.jpg,Tables,relevant_images/Tables/b64925d5.jpg,b64925d5.jpg
b6c1b11e.jpg,Tables,relevant_images/Tables/b6c1b11e.jpg,b6c1b11e.jpg
b7972b60.jpg,Tables,relevant_images/Tables/b7972b60.jpg,b7972b60.jpg
ba2a0746.jpg,Tables,relevant_images/Tables/ba2a0746.jpg,ba2a0746.jpg
bb476f97.jpg,Tables,relevant_images/Tables/bb476f97.jpg,bb476f97.jpg
bd14d8b8.jpg,Tables,relevant_images/Tables/bd14d8b8.jpg,bd14d8b8.jpg
bf7c92d6.jpg,Tables,relevant_images/Tables/bf7c92d6.jpg,bf7c92d6.jpg
c0c19241.jpg,Tables,relevant_images/Tables/c0c19241.jpg,c0c19241.jpg
c0dd2bcd.jpg,Tables,relevant_images/Tables/c0dd2bcd.jpg,c0dd2bcd.jpg
c1e5d0e6.jpg,Tables,relevant_images/Tables/c1e5d0e6.jpg,c1e5d0e6.jpg
c32910ca.jpg,Tables,relevant_images/Tables/c32910ca.jpg,c32910ca.jpg
c3b4a3be.jpg,Tables,relevant_images/Tables/c3b4a3be.jpg,c3b4a3be.jpg
c8156aa4.jpg,Tables,relevant_images/Tables/c8156aa4.jpg,c8156aa4.jpg
cbeea75a.jpg,Tables,relevant_images/Tables/cbeea75a.jpg,cbeea75a.jpg
cd995079.jpg,Tables,relevant_images/Tables/cd995079.jpg,cd995079.jpg
cf02bfec.jpg,Tables,relevant_images/Tables/cf02bfec.jpg,cf02bfec.jpg
cff60c4f.jpg,Tables,relevant_images/Tables/cff60c4f.jpg,cff60c4f.jpg
d27e519d.jpg,Tables,relevant_images/Tables/d27e519d.jpg,d27e519d.jpg
d6612a63.jpg,Tables,relevant_images/Tables/d6612a63.jpg,d6612a63.jpg
d6df8c31.jpg,Tables,relevant_images/Tables/d6df8c31.jpg,d6df8c31.jpg
d8911b24.jpg,Tables,relevant_images/Tables/d8911b24.jpg,d8911b24.jpg
d895369f.jpg,Tables,relevant_images/Tables/d895369f.jpg,d895369f.jpg
d8a8606b.jpg,Tables,relevant_images/Tables/d8a8606b.jpg,d8a8606b.jpg
d8e0014e.jpg,Tables,relevant_images/Tables/d8e0014e.jpg,d8e0014e.jpg
d9739952.jpg,Tables,relevant_images/Tables/d9739952.jpg,d9739952.jpg
d98c742b.jpg,Tables,relevant_images/Tables/d98c742b.jpg,d98c742b.jpg
d9cd1c0a.jpg,Tables,relevant_images/Tables/d9cd1c0a.jpg,d9cd1c0a.jpg
d9f08a35.jpg,Tables,relevant_images/Tables/d9f08a35.jpg,d9f08a35.jpg
dac92e34.jpg,Tables,relevant_images/Tables/dac92e34.jpg,dac92e34.jpg
dcfb50f7.jpg,Tables,relevant_images/Tables/dcfb50f7.jpg,dcfb50f7.jpg
dd1dc91f.jpg,Tables,relevant_images/Tables/dd1dc91f.jpg,dd1dc91f.jpg
df5b0c70.jpg,Tables,relevant_images/Tables/df5b0c70.jpg,df5b0c70.jpg
e2ed4dab.jpg,Tables,relevant_images/Tables/e2ed4dab.jpg,e2ed4dab.jpg
e6af0a34.jpg,Tables,relevant_images/Tables/e6af0a34.jpg,e6af0a34.jpg
e8261790.jpg,Tables,relevant_images/Tables/e8261790.jpg,e8261790.jpg
e8e14bda.jpg,Tables,relevant_images/Tables/e8e14bda.jpg,e8e14bda.jpg
e9752117.jpg,Tables,relevant_images/Tables/e9752117.jpg,e9752117.jpg
ebffd5eb.jpg,Tables,relevant_images/Tables/ebffd5eb.jpg,ebffd5eb.jpg
efdf9f4e.jpg,Tables,relevant_images/Tables/efdf9f4e.jpg,efdf9f4e.jpg
effa6f82.jpg,Tables,relevant_images/Tables/effa6f82.jpg,effa6f82.jpg
f2b0cdd4.jpg,Tables,relevant_images/Tables/f2b0cdd4.jpg,f2b0cdd4.jpg
f2ebc0e3.jpg,Tables,relevant_images/Tables/f2ebc0e3.jpg,f2ebc0e3.jpg
f5d78943.jpg,Tables,relevant_images/Tables/f5d78943.jpg,f5d78943.jpg
f7ad0591.jpg,Tables,relevant_images/Tables/f7ad0591.jpg,f7ad0591.jpg
f87098f5.jpg,Tables,relevant_images/Tables/f87098f5.jpg,f87098f5.jpg
fb67eac1.jpg,Tables,relevant_images/Tables/fb67eac1.jpg,fb67eac1.jpg
fb96656c.jpg,Tables,relevant_images/Tables/fb96656c.jpg,fb96656c.jpg
fc628f40.jpg,Tables,relevant_images/Tables/fc628f40.jpg,fc628f40.jpg
fe6d5bfb.jpg,Tables,relevant_images/Tables/fe6d5bfb.jpg,fe6d5bfb.jpg
fe912649.jpg,Tables,relevant_images/Tables/fe912649.jpg,fe912649.jpg
ff81d4cc.jpg,Tables,relevant_images/Tables/ff81d4cc.jpg,ff81d4cc.jpg
