image_path,product_name,category,price,description,image_url
D:\FYP Project\fypapp\abo-images-small (1)\images\small\25\2593d7a0.jpg,Mobile Phone,Smartphones,699.99,A high-quality mobile phone — smartphones product with excellent build quality and modern design.,/abo-images-small (1)/images/small/25/2593d7a0.jpg
D:\FYP Project\fypapp\abo-images-small (1)\images\small\08\0883864e.jpg,Casual Shoes,Shoes,89.99,A high-quality casual shoes — shoes product with excellent build quality and modern design.,/abo-images-small (1)/images/small/08/0883864e.jpg
D:\FYP Project\fypapp\abo-images-small (1)\images\small\60\608ec2ea.jpg,Exercise Gear,Sports,34.99,A high-quality exercise gear — sports product with excellent build quality and modern design.,/abo-images-small (1)/images/small/60/608ec2ea.jpg
D:\FYP Project\fypapp\abo-images-small (1)\images\small\4f\4f1067db.jpg,Running Shoes,Shoes,89.99,A high-quality running shoes — shoes product with excellent build quality and modern design.,/abo-images-small (1)/images/small/4f/4f1067db.jpg
D:\FYP Project\fypapp\abo-images-small (1)\images\small\bd\bde03be3.jpg,Mobile Phone,Smartphones,699.99,A high-quality mobile phone — smartphones product with excellent build quality and modern design.,/abo-images-small (1)/images/small/bd/bde03be3.jpg
D:\FYP Project\fypapp\abo-images-small (1)\images\small\1d\1d5cd1a3.jpg,Android Phone,Smartphones,699.99,A high-quality android phone — smartphones product with excellent build quality and modern design.,/abo-images-small (1)/images/small/1d/1d5cd1a3.jpg
D:\FYP Project\fypapp\abo-images-small (1)\images\small\cd\cd214c20.jpg,iPhone,Smartphones,699.99,A high-quality iphone — smartphones product with excellent build quality and modern design.,/abo-images-small (1)/images/small/cd/cd214c20.jpg
D:\FYP Project\fypapp\abo-images-small (1)\images\small\93\93108127.jpg,Jacket,Jackets,119.99,A high-quality jacket — jackets product with excellent build quality and modern design.,/abo-images-small (1)/images/small/93/93108127.jpg
D:\FYP Project\fypapp\abo-images-small (1)\images\small\0a\0ad54d64.jpg,Mobile Phone,Smartphones,699.99,A high-quality mobile phone — smartphones product with excellent build quality and modern design.,/abo-images-small (1)/images/small/0a/0ad54d64.jpg
D:\FYP Project\fypapp\abo-images-small (1)\images\small\0a\0a270c14.jpg,Android Phone,Smartphones,699.99,A high-quality android phone — smartphones product with excellent build quality and modern design.,/abo-images-small (1)/images/small/0a/0a270c14.jpg
D:\FYP Project\fypapp\abo-images-small (1)\images\small\1f\1fb65e31.jpg,Mug Set,Dinnerware,49.99,A high-quality mug set — dinnerware product with excellent build quality and modern design.,/abo-images-small (1)/images/small/1f/1fb65e31.jpg
D:\FYP Project\fypapp\abo-images-small (1)\images\small\4d\4d91ad6a.jpg,Dining Table,Tables,299.99,A high-quality dining table — tables product with excellent build quality and modern design.,/abo-images-small (1)/images/small/4d/4d91ad6a.jpg
D:\FYP Project\fypapp\abo-images-small (1)\images\small\52\523f8bef.jpg,Couch,Sofas,799.99,A high-quality couch — sofas product with excellent build quality and modern design.,/abo-images-small (1)/images/small/52/523f8bef.jpg
D:\FYP Project\fypapp\abo-images-small (1)\images\small\d1\d1083ff3.jpg,Coffee Maker,Appliances,129.99,A high-quality coffee maker — appliances product with excellent build quality and modern design.,/abo-images-small (1)/images/small/d1/d1083ff3.jpg
D:\FYP Project\fypapp\abo-images-small (1)\images\small\09\09085934.jpg,T-Shirt,Shirts,39.99,A high-quality t-shirt — shirts product with excellent build quality and modern design.,/abo-images-small (1)/images/small/09/09085934.jpg
D:\FYP Project\fypapp\abo-images-small (1)\images\small\c3\c32910ca.jpg,Coffee Table,Tables,299.99,A high-quality coffee table — tables product with excellent build quality and modern design.,/abo-images-small (1)/images/small/c3/c32910ca.jpg
D:\FYP Project\fypapp\abo-images-small (1)\images\small\45\45ed9156.jpg,Android Phone,Smartphones,699.99,A high-quality android phone — smartphones product with excellent build quality and modern design.,/abo-images-small (1)/images/small/45/45ed9156.jpg
D:\FYP Project\fypapp\abo-images-small (1)\images\small\fa\faa6970f.jpg,Android Tablet,Tablets,449.99,A high-quality android tablet — tablets product with excellent build quality and modern design.,/abo-images-small (1)/images/small/fa/faa6970f.jpg
D:\FYP Project\fypapp\abo-images-small (1)\images\small\e2\e23064a1.jpg,Camping Tent,Outdoors,149.99,A high-quality camping tent — outdoors product with excellent build quality and modern design.,/abo-images-small (1)/images/small/e2/e23064a1.jpg
D:\FYP Project\fypapp\abo-images-small (1)\images\small\bd\bdba3314.jpg,Fitness Equipment,Sports,34.99,A high-quality fitness equipment — sports product with excellent build quality and modern design.,/abo-images-small (1)/images/small/bd/bdba3314.jpg
D:\FYP Project\fypapp\abo-images-small (1)\images\small\92\9243369e.jpg,Desk,Tables,299.99,A high-quality desk — tables product with excellent build quality and modern design.,/abo-images-small (1)/images/small/92/9243369e.jpg
D:\FYP Project\fypapp\abo-images-small (1)\images\small\cc\ccb5d152.jpg,Summer Dress,Dresses,59.99,A high-quality summer dress — dresses product with excellent build quality and modern design.,/abo-images-small (1)/images/small/cc/ccb5d152.jpg
D:\FYP Project\fypapp\abo-images-small (1)\images\small\02\0232ef29.jpg,Smartphone,Smartphones,699.99,A high-quality smartphone — smartphones product with excellent build quality and modern design.,/abo-images-small (1)/images/small/02/0232ef29.jpg
D:\FYP Project\fypapp\abo-images-small (1)\images\small\37\37e30a46.jpg,Coffee Table,Tables,299.99,A high-quality coffee table — tables product with excellent build quality and modern design.,/abo-images-small (1)/images/small/37/37e30a46.jpg
D:\FYP Project\fypapp\abo-images-small (1)\images\small\f4\f4947bea.jpg,King Bed,Beds,499.99,A high-quality king bed — beds product with excellent build quality and modern design.,/abo-images-small (1)/images/small/f4/f4947bea.jpg
D:\FYP Project\fypapp\abo-images-small (1)\images\small\93\93492348.jpg,Desk,Tables,299.99,A high-quality desk — tables product with excellent build quality and modern design.,/abo-images-small (1)/images/small/93/93492348.jpg
D:\FYP Project\fypapp\abo-images-small (1)\images\small\77\77b1a628.jpg,Smartphone,Smartphones,699.99,A high-quality smartphone — smartphones product with excellent build quality and modern design.,/abo-images-small (1)/images/small/77/77b1a628.jpg
D:\FYP Project\fypapp\abo-images-small (1)\images\small\61\618d008b.jpg,Non-Stick Pan,Cookware,89.99,A high-quality non-stick pan — cookware product with excellent build quality and modern design.,/abo-images-small (1)/images/small/61/618d008b.jpg
D:\FYP Project\fypapp\abo-images-small (1)\images\small\36\368611e5.jpg,Puffer Jacket,Jackets,119.99,A high-quality puffer jacket — jackets product with excellent build quality and modern design.,/abo-images-small (1)/images/small/36/368611e5.jpg
D:\FYP Project\fypapp\abo-images-small (1)\images\small\4c\4c6df51b.jpg,iPhone,Smartphones,699.99,A high-quality iphone — smartphones product with excellent build quality and modern design.,/abo-images-small (1)/images/small/4c/4c6df51b.jpg
D:\FYP Project\fypapp\abo-images-small (1)\images\small\22\2288700b.jpg,Mobile Phone,Smartphones,699.99,A high-quality mobile phone — smartphones product with excellent build quality and modern design.,/abo-images-small (1)/images/small/22/2288700b.jpg
D:\FYP Project\fypapp\abo-images-small (1)\images\small\84\84f8073a.jpg,iPhone,Smartphones,699.99,A high-quality iphone — smartphones product with excellent build quality and modern design.,/abo-images-small (1)/images/small/84/84f8073a.jpg
D:\FYP Project\fypapp\abo-images-small (1)\images\small\20\20b134fc.jpg,Smartphone,Smartphones,699.99,A high-quality smartphone — smartphones product with excellent build quality and modern design.,/abo-images-small (1)/images/small/20/20b134fc.jpg
D:\FYP Project\fypapp\abo-images-small (1)\images\small\7d\7dfc929f.jpg,Couch,Sofas,799.99,A high-quality couch — sofas product with excellent build quality and modern design.,/abo-images-small (1)/images/small/7d/7dfc929f.jpg
D:\FYP Project\fypapp\abo-images-small (1)\images\small\78\78fb8e78.jpg,Fitness Equipment,Sports,34.99,A high-quality fitness equipment — sports product with excellent build quality and modern design.,/abo-images-small (1)/images/small/78/78fb8e78.jpg
D:\FYP Project\fypapp\abo-images-small (1)\images\small\d1\d195ee9c.jpg,iPhone,Smartphones,699.99,A high-quality iphone — smartphones product with excellent build quality and modern design.,/abo-images-small (1)/images/small/d1/d195ee9c.jpg
D:\FYP Project\fypapp\abo-images-small (1)\images\small\5c\5cfc7f35.jpg,Smartphone,Smartphones,699.99,A high-quality smartphone — smartphones product with excellent build quality and modern design.,/abo-images-small (1)/images/small/5c/5cfc7f35.jpg
D:\FYP Project\fypapp\abo-images-small (1)\images\small\0e\0e9f4897.jpg,Mobile Phone,Smartphones,699.99,A high-quality mobile phone — smartphones product with excellent build quality and modern design.,/abo-images-small (1)/images/small/0e/0e9f4897.jpg
D:\FYP Project\fypapp\abo-images-small (1)\images\small\a0\a008f25c.jpg,Summer Dress,Dresses,59.99,A high-quality summer dress — dresses product with excellent build quality and modern design.,/abo-images-small (1)/images/small/a0/a008f25c.jpg
D:\FYP Project\fypapp\abo-images-small (1)\images\small\ba\bae11267.jpg,Casual Top,Shirts,39.99,A high-quality casual top — shirts product with excellent build quality and modern design.,/abo-images-small (1)/images/small/ba/bae11267.jpg
D:\FYP Project\fypapp\abo-images-small (1)\images\small\2a\2a1e269b.jpg,Yoga Mat,Sports,34.99,A high-quality yoga mat — sports product with excellent build quality and modern design.,/abo-images-small (1)/images/small/2a/2a1e269b.jpg
D:\FYP Project\fypapp\abo-images-small (1)\images\small\84\847c5d45.jpg,Mobile Phone,Smartphones,699.99,A high-quality mobile phone — smartphones product with excellent build quality and modern design.,/abo-images-small (1)/images/small/84/847c5d45.jpg
D:\FYP Project\fypapp\abo-images-small (1)\images\small\1a\1aa4e388.jpg,Ultrabook,Laptops,899.99,A high-quality ultrabook — laptops product with excellent build quality and modern design.,/abo-images-small (1)/images/small/1a/1aa4e388.jpg
D:\FYP Project\fypapp\abo-images-small (1)\images\small\c0\c019ab30.jpg,Skillet,Cookware,89.99,A high-quality skillet — cookware product with excellent build quality and modern design.,/abo-images-small (1)/images/small/c0/c019ab30.jpg
D:\FYP Project\fypapp\abo-images-small (1)\images\small\66\66c1951f.jpg,Cookware Set,Cookware,89.99,A high-quality cookware set — cookware product with excellent build quality and modern design.,/abo-images-small (1)/images/small/66/66c1951f.jpg
D:\FYP Project\fypapp\abo-images-small (1)\images\small\d9\d9f08a35.jpg,Coffee Table,Tables,299.99,A high-quality coffee table — tables product with excellent build quality and modern design.,/abo-images-small (1)/images/small/d9/d9f08a35.jpg
D:\FYP Project\fypapp\abo-images-small (1)\images\small\d6\d69762dd.jpg,Blender,Appliances,129.99,A high-quality blender — appliances product with excellent build quality and modern design.,/abo-images-small (1)/images/small/d6/d69762dd.jpg
D:\FYP Project\fypapp\abo-images-small (1)\images\small\7e\7ee15b36.jpg,Casual Top,Shirts,39.99,A high-quality casual top — shirts product with excellent build quality and modern design.,/abo-images-small (1)/images/small/7e/7ee15b36.jpg
D:\FYP Project\fypapp\abo-images-small (1)\images\small\c8\c8aa7b49.jpg,Smartphone,Smartphones,699.99,A high-quality smartphone — smartphones product with excellent build quality and modern design.,/abo-images-small (1)/images/small/c8/c8aa7b49.jpg
D:\FYP Project\fypapp\abo-images-small (1)\images\small\43\43bdc986.jpg,Running Shoes,Shoes,89.99,A high-quality running shoes — shoes product with excellent build quality and modern design.,/abo-images-small (1)/images/small/43/43bdc986.jpg
D:\FYP Project\fypapp\abo-images-small (1)\images\small\f6\f6c41fba.jpg,Android Phone,Smartphones,699.99,A high-quality android phone — smartphones product with excellent build quality and modern design.,/abo-images-small (1)/images/small/f6/f6c41fba.jpg
D:\FYP Project\fypapp\abo-images-small (1)\images\small\17\17770c0d.jpg,iPhone,Smartphones,699.99,A high-quality iphone — smartphones product with excellent build quality and modern design.,/abo-images-small (1)/images/small/17/17770c0d.jpg
D:\FYP Project\fypapp\abo-images-small (1)\images\small\0f\0f6388b3.jpg,Yoga Mat,Sports,34.99,A high-quality yoga mat — sports product with excellent build quality and modern design.,/abo-images-small (1)/images/small/0f/0f6388b3.jpg
D:\FYP Project\fypapp\abo-images-small (1)\images\small\e5\e5fedf72.jpg,Microwave,Appliances,129.99,A high-quality microwave — appliances product with excellent build quality and modern design.,/abo-images-small (1)/images/small/e5/e5fedf72.jpg
D:\FYP Project\fypapp\abo-images-small (1)\images\small\50\50ac3126.jpg,Bowl Set,Dinnerware,49.99,A high-quality bowl set — dinnerware product with excellent build quality and modern design.,/abo-images-small (1)/images/small/50/50ac3126.jpg
D:\FYP Project\fypapp\abo-images-small (1)\images\small\1a\1af8e0f0.jpg,Sofa,Sofas,799.99,A high-quality sofa — sofas product with excellent build quality and modern design.,/abo-images-small (1)/images/small/1a/1af8e0f0.jpg
D:\FYP Project\fypapp\abo-images-small (1)\images\small\52\524b5983.jpg,iPad,Tablets,449.99,A high-quality ipad — tablets product with excellent build quality and modern design.,/abo-images-small (1)/images/small/52/524b5983.jpg
D:\FYP Project\fypapp\abo-images-small (1)\images\small\61\6194bdbe.jpg,Smartphone,Smartphones,699.99,A high-quality smartphone — smartphones product with excellent build quality and modern design.,/abo-images-small (1)/images/small/61/6194bdbe.jpg
D:\FYP Project\fypapp\abo-images-small (1)\images\small\9e\9e0058ce.jpg,Non-Stick Pan,Cookware,89.99,A high-quality non-stick pan — cookware product with excellent build quality and modern design.,/abo-images-small (1)/images/small/9e/9e0058ce.jpg
D:\FYP Project\fypapp\abo-images-small (1)\images\small\dc\dc5846ad.jpg,Android Phone,Smartphones,699.99,A high-quality android phone — smartphones product with excellent build quality and modern design.,/abo-images-small (1)/images/small/dc/dc5846ad.jpg
D:\FYP Project\fypapp\abo-images-small (1)\images\small\7f\7fee838a.jpg,Loveseat,Sofas,799.99,A high-quality loveseat — sofas product with excellent build quality and modern design.,/abo-images-small (1)/images/small/7f/7fee838a.jpg
D:\FYP Project\fypapp\abo-images-small (1)\images\small\38\38ddf3e6.jpg,Dining Table,Tables,299.99,A high-quality dining table — tables product with excellent build quality and modern design.,/abo-images-small (1)/images/small/38/38ddf3e6.jpg
D:\FYP Project\fypapp\abo-images-small (1)\images\small\7c\7cb3a0cd.jpg,Ultrabook,Laptops,899.99,A high-quality ultrabook — laptops product with excellent build quality and modern design.,/abo-images-small (1)/images/small/7c/7cb3a0cd.jpg
D:\FYP Project\fypapp\abo-images-small (1)\images\small\4a\4a7fd570.jpg,Earphones,Headphones,149.99,A high-quality earphones — headphones product with excellent build quality and modern design.,/abo-images-small (1)/images/small/4a/4a7fd570.jpg
D:\FYP Project\fypapp\abo-images-small (1)\images\small\5d\5dcce9bf.jpg,Slim Jeans,Jeans,69.99,A high-quality slim jeans — jeans product with excellent build quality and modern design.,/abo-images-small (1)/images/small/5d/5dcce9bf.jpg
D:\FYP Project\fypapp\abo-images-small (1)\images\small\f5\f5d9bdcf.jpg,Sectional Sofa,Sofas,799.99,A high-quality sectional sofa — sofas product with excellent build quality and modern design.,/abo-images-small (1)/images/small/f5/f5d9bdcf.jpg
D:\FYP Project\fypapp\abo-images-small (1)\images\small\ef\ef7f335d.jpg,Boots,Shoes,89.99,A high-quality boots — shoes product with excellent build quality and modern design.,/abo-images-small (1)/images/small/ef/ef7f335d.jpg
D:\FYP Project\fypapp\abo-images-small (1)\images\small\e1\e1967b93.jpg,Smartphone,Smartphones,699.99,A high-quality smartphone — smartphones product with excellent build quality and modern design.,/abo-images-small (1)/images/small/e1/e1967b93.jpg
D:\FYP Project\fypapp\abo-images-small (1)\images\small\18\18190bc5.jpg,iPad,Tablets,449.99,A high-quality ipad — tablets product with excellent build quality and modern design.,/abo-images-small (1)/images/small/18/18190bc5.jpg
D:\FYP Project\fypapp\abo-images-small (1)\images\small\d3\d36b9527.jpg,Over-Ear Headphones,Headphones,149.99,A high-quality over-ear headphones — headphones product with excellent build quality and modern design.,/abo-images-small (1)/images/small/d3/d36b9527.jpg
D:\FYP Project\fypapp\abo-images-small (1)\images\small\dc\dc136511.jpg,Skillet,Cookware,89.99,A high-quality skillet — cookware product with excellent build quality and modern design.,/abo-images-small (1)/images/small/dc/dc136511.jpg
D:\FYP Project\fypapp\abo-images-small (1)\images\small\3b\3ba55f3c.jpg,Tablet,Tablets,449.99,A high-quality tablet — tablets product with excellent build quality and modern design.,/abo-images-small (1)/images/small/3b/3ba55f3c.jpg
D:\FYP Project\fypapp\abo-images-small (1)\images\small\ba\ba2a0746.jpg,Coffee Table,Tables,299.99,A high-quality coffee table — tables product with excellent build quality and modern design.,/abo-images-small (1)/images/small/ba/ba2a0746.jpg
D:\FYP Project\fypapp\abo-images-small (1)\images\small\56\5665db0e.jpg,Android Phone,Smartphones,699.99,A high-quality android phone — smartphones product with excellent build quality and modern design.,/abo-images-small (1)/images/small/56/5665db0e.jpg
D:\FYP Project\fypapp\abo-images-small (1)\images\small\39\391baeaf.jpg,Android Tablet,Tablets,449.99,A high-quality android tablet — tablets product with excellent build quality and modern design.,/abo-images-small (1)/images/small/39/391baeaf.jpg
D:\FYP Project\fypapp\abo-images-small (1)\images\small\a0\a0f4924b.jpg,Smartphone,Smartphones,699.99,A high-quality smartphone — smartphones product with excellent build quality and modern design.,/abo-images-small (1)/images/small/a0/a0f4924b.jpg
D:\FYP Project\fypapp\abo-images-small (1)\images\small\84\84cb9927.jpg,Non-Stick Pan,Cookware,89.99,A high-quality non-stick pan — cookware product with excellent build quality and modern design.,/abo-images-small (1)/images/small/84/84cb9927.jpg
D:\FYP Project\fypapp\abo-images-small (1)\images\small\5e\5ed38a38.jpg,Android Phone,Smartphones,699.99,A high-quality android phone — smartphones product with excellent build quality and modern design.,/abo-images-small (1)/images/small/5e/5ed38a38.jpg
D:\FYP Project\fypapp\abo-images-small (1)\images\small\dd\ddd8758f.jpg,Windbreaker,Jackets,119.99,A high-quality windbreaker — jackets product with excellent build quality and modern design.,/abo-images-small (1)/images/small/dd/ddd8758f.jpg
D:\FYP Project\fypapp\abo-images-small (1)\images\small\c1\c1bfd497.jpg,Mobile Phone,Smartphones,699.99,A high-quality mobile phone — smartphones product with excellent build quality and modern design.,/abo-images-small (1)/images/small/c1/c1bfd497.jpg
D:\FYP Project\fypapp\abo-images-small (1)\images\small\4d\4de18942.jpg,Casual Shoes,Shoes,89.99,A high-quality casual shoes — shoes product with excellent build quality and modern design.,/abo-images-small (1)/images/small/4d/4de18942.jpg
D:\FYP Project\fypapp\abo-images-small (1)\images\small\ef\efd9eeab.jpg,Platform Bed,Beds,499.99,A high-quality platform bed — beds product with excellent build quality and modern design.,/abo-images-small (1)/images/small/ef/efd9eeab.jpg
D:\FYP Project\fypapp\abo-images-small (1)\images\small\71\713a9d34.jpg,Yoga Mat,Sports,34.99,A high-quality yoga mat — sports product with excellent build quality and modern design.,/abo-images-small (1)/images/small/71/713a9d34.jpg
D:\FYP Project\fypapp\abo-images-small (1)\images\small\12\12c5ad6d.jpg,Running Shoes,Shoes,89.99,A high-quality running shoes — shoes product with excellent build quality and modern design.,/abo-images-small (1)/images/small/12/12c5ad6d.jpg
D:\FYP Project\fypapp\abo-images-small (1)\images\small\51\510e35b0.jpg,Side Table,Tables,299.99,A high-quality side table — tables product with excellent build quality and modern design.,/abo-images-small (1)/images/small/51/510e35b0.jpg
D:\FYP Project\fypapp\abo-images-small (1)\images\small\6e\6e34f09a.jpg,Jeans,Jeans,69.99,A high-quality jeans — jeans product with excellent build quality and modern design.,/abo-images-small (1)/images/small/6e/6e34f09a.jpg
D:\FYP Project\fypapp\abo-images-small (1)\images\small\8c\8c104d13.jpg,Microwave,Appliances,129.99,A high-quality microwave — appliances product with excellent build quality and modern design.,/abo-images-small (1)/images/small/8c/8c104d13.jpg
D:\FYP Project\fypapp\abo-images-small (1)\images\small\5e\5e12c725.jpg,Accent Chair,Chairs,199.99,A high-quality accent chair — chairs product with excellent build quality and modern design.,/abo-images-small (1)/images/small/5e/5e12c725.jpg
D:\FYP Project\fypapp\abo-images-small (1)\images\small\16\1645203b.jpg,iPhone,Smartphones,699.99,A high-quality iphone — smartphones product with excellent build quality and modern design.,/abo-images-small (1)/images/small/16/1645203b.jpg
D:\FYP Project\fypapp\abo-images-small (1)\images\small\4a\4afc5e4f.jpg,Smartphone,Smartphones,699.99,A high-quality smartphone — smartphones product with excellent build quality and modern design.,/abo-images-small (1)/images/small/4a/4afc5e4f.jpg
D:\FYP Project\fypapp\abo-images-small (1)\images\small\c5\c53241d2.jpg,Mobile Phone,Smartphones,699.99,A high-quality mobile phone — smartphones product with excellent build quality and modern design.,/abo-images-small (1)/images/small/c5/c53241d2.jpg
D:\FYP Project\fypapp\abo-images-small (1)\images\small\fb\fb459e13.jpg,King Bed,Beds,499.99,A high-quality king bed — beds product with excellent build quality and modern design.,/abo-images-small (1)/images/small/fb/fb459e13.jpg
D:\FYP Project\fypapp\abo-images-small (1)\images\small\6d\6df5dddc.jpg,iPhone,Smartphones,699.99,A high-quality iphone — smartphones product with excellent build quality and modern design.,/abo-images-small (1)/images/small/6d/6df5dddc.jpg
D:\FYP Project\fypapp\abo-images-small (1)\images\small\e4\e4130ec1.jpg,Mobile Phone,Smartphones,699.99,A high-quality mobile phone — smartphones product with excellent build quality and modern design.,/abo-images-small (1)/images/small/e4/e4130ec1.jpg
D:\FYP Project\fypapp\abo-images-small (1)\images\small\ae\ae6a13f1.jpg,Digital Tablet,Tablets,449.99,A high-quality digital tablet — tablets product with excellent build quality and modern design.,/abo-images-small (1)/images/small/ae/ae6a13f1.jpg
D:\FYP Project\fypapp\abo-images-small (1)\images\small\8a\8a37efe9.jpg,Windbreaker,Jackets,119.99,A high-quality windbreaker — jackets product with excellent build quality and modern design.,/abo-images-small (1)/images/small/8a/8a37efe9.jpg
D:\FYP Project\fypapp\abo-images-small (1)\images\small\df\dfd08b8e.jpg,Dress,Dresses,59.99,A high-quality dress — dresses product with excellent build quality and modern design.,/abo-images-small (1)/images/small/df/dfd08b8e.jpg
D:\FYP Project\fypapp\abo-images-small (1)\images\small\9f\9fd37123.jpg,Running Shoes,Shoes,89.99,A high-quality running shoes — shoes product with excellent build quality and modern design.,/abo-images-small (1)/images/small/9f/9fd37123.jpg
D:\FYP Project\fypapp\abo-images-small (1)\images\small\30\303db92d.jpg,Casual Shoes,Shoes,89.99,A high-quality casual shoes — shoes product with excellent build quality and modern design.,/abo-images-small (1)/images/small/30/303db92d.jpg
D:\FYP Project\fypapp\abo-images-small (1)\images\small\5d\5d1f77da.jpg,iPhone,Smartphones,699.99,A high-quality iphone — smartphones product with excellent build quality and modern design.,/abo-images-small (1)/images/small/5d/5d1f77da.jpg
D:\FYP Project\fypapp\abo-images-small (1)\images\small\2f\2f1fdfb9.jpg,Kitchen Appliance,Appliances,129.99,A high-quality kitchen appliance — appliances product with excellent build quality and modern design.,/abo-images-small (1)/images/small/2f/2f1fdfb9.jpg
D:\FYP Project\fypapp\abo-images-small (1)\images\small\57\570381af.jpg,Mobile Phone,Smartphones,699.99,A high-quality mobile phone — smartphones product with excellent build quality and modern design.,/abo-images-small (1)/images/small/57/570381af.jpg
D:\FYP Project\fypapp\abo-images-small (1)\images\small\c3\c3345c41.jpg,King Bed,Beds,499.99,A high-quality king bed — beds product with excellent build quality and modern design.,/abo-images-small (1)/images/small/c3/c3345c41.jpg
D:\FYP Project\fypapp\abo-images-small (1)\images\small\bb\bbb967ee.jpg,iPhone,Smartphones,699.99,A high-quality iphone — smartphones product with excellent build quality and modern design.,/abo-images-small (1)/images/small/bb/bbb967ee.jpg
D:\FYP Project\fypapp\abo-images-small (1)\images\small\5c\5c5ec130.jpg,Sneakers,Shoes,89.99,A high-quality sneakers — shoes product with excellent build quality and modern design.,/abo-images-small (1)/images/small/5c/5c5ec130.jpg
D:\FYP Project\fypapp\abo-images-small (1)\images\small\cb\cb225120.jpg,Winter Coat,Jackets,119.99,A high-quality winter coat — jackets product with excellent build quality and modern design.,/abo-images-small (1)/images/small/cb/cb225120.jpg
D:\FYP Project\fypapp\abo-images-small (1)\images\small\95\9546ae35.jpg,Fitness Equipment,Sports,34.99,A high-quality fitness equipment — sports product with excellent build quality and modern design.,/abo-images-small (1)/images/small/95/9546ae35.jpg
D:\FYP Project\fypapp\abo-images-small (1)\images\small\ca\cac5b738.jpg,Recliner,Chairs,199.99,A high-quality recliner — chairs product with excellent build quality and modern design.,/abo-images-small (1)/images/small/ca/cac5b738.jpg
D:\FYP Project\fypapp\abo-images-small (1)\images\small\7e\7eff07ef.jpg,Coffee Table,Tables,299.99,A high-quality coffee table — tables product with excellent build quality and modern design.,/abo-images-small (1)/images/small/7e/7eff07ef.jpg
D:\FYP Project\fypapp\abo-images-small (1)\images\small\2e\2eb6e88d.jpg,Gaming Laptop,Laptops,899.99,A high-quality gaming laptop — laptops product with excellent build quality and modern design.,/abo-images-small (1)/images/small/2e/2eb6e88d.jpg
D:\FYP Project\fypapp\abo-images-small (1)\images\small\b1\b1ecaa79.jpg,Cookware Set,Cookware,89.99,A high-quality cookware set — cookware product with excellent build quality and modern design.,/abo-images-small (1)/images/small/b1/b1ecaa79.jpg
D:\FYP Project\fypapp\abo-images-small (1)\images\small\ac\ac83e142.jpg,Dress Shirt,Shirts,39.99,A high-quality dress shirt — shirts product with excellent build quality and modern design.,/abo-images-small (1)/images/small/ac/ac83e142.jpg
D:\FYP Project\fypapp\abo-images-small (1)\images\small\1e\1ebe6152.jpg,Casual Shoes,Shoes,89.99,A high-quality casual shoes — shoes product with excellent build quality and modern design.,/abo-images-small (1)/images/small/1e/1ebe6152.jpg
D:\FYP Project\fypapp\abo-images-small (1)\images\small\0f\0fdbf337.jpg,Platform Bed,Beds,499.99,A high-quality platform bed — beds product with excellent build quality and modern design.,/abo-images-small (1)/images/small/0f/0fdbf337.jpg
D:\FYP Project\fypapp\abo-images-small (1)\images\small\25\25078f26.jpg,Smartphone,Smartphones,699.99,A high-quality smartphone — smartphones product with excellent build quality and modern design.,/abo-images-small (1)/images/small/25/25078f26.jpg
D:\FYP Project\fypapp\abo-images-small (1)\images\small\d9\d98c742b.jpg,Side Table,Tables,299.99,A high-quality side table — tables product with excellent build quality and modern design.,/abo-images-small (1)/images/small/d9/d98c742b.jpg
D:\FYP Project\fypapp\abo-images-small (1)\images\small\38\38016d15.jpg,iPhone,Smartphones,699.99,A high-quality iphone — smartphones product with excellent build quality and modern design.,/abo-images-small (1)/images/small/38/38016d15.jpg
D:\FYP Project\fypapp\abo-images-small (1)\images\small\ee\ee790621.jpg,Camping Tent,Outdoors,149.99,A high-quality camping tent — outdoors product with excellent build quality and modern design.,/abo-images-small (1)/images/small/ee/ee790621.jpg
D:\FYP Project\fypapp\abo-images-small (1)\images\small\93\9323ef78.jpg,Non-Stick Pan,Cookware,89.99,A high-quality non-stick pan — cookware product with excellent build quality and modern design.,/abo-images-small (1)/images/small/93/9323ef78.jpg
D:\FYP Project\fypapp\abo-images-small (1)\images\small\cf\cf1a217e.jpg,Digital Tablet,Tablets,449.99,A high-quality digital tablet — tablets product with excellent build quality and modern design.,/abo-images-small (1)/images/small/cf/cf1a217e.jpg
D:\FYP Project\fypapp\abo-images-small (1)\images\small\15\15617741.jpg,Desk,Tables,299.99,A high-quality desk — tables product with excellent build quality and modern design.,/abo-images-small (1)/images/small/15/15617741.jpg
D:\FYP Project\fypapp\abo-images-small (1)\images\small\86\86972d5e.jpg,Smartphone,Smartphones,699.99,A high-quality smartphone — smartphones product with excellent build quality and modern design.,/abo-images-small (1)/images/small/86/86972d5e.jpg
D:\FYP Project\fypapp\abo-images-small (1)\images\small\85\858979d1.jpg,Coffee Table,Tables,299.99,A high-quality coffee table — tables product with excellent build quality and modern design.,/abo-images-small (1)/images/small/85/858979d1.jpg
D:\FYP Project\fypapp\abo-images-small (1)\images\small\ce\cef060dc.jpg,Android Phone,Smartphones,699.99,A high-quality android phone — smartphones product with excellent build quality and modern design.,/abo-images-small (1)/images/small/ce/cef060dc.jpg
D:\FYP Project\fypapp\abo-images-small (1)\images\small\a2\a2f25dfc.jpg,Earphones,Headphones,149.99,A high-quality earphones — headphones product with excellent build quality and modern design.,/abo-images-small (1)/images/small/a2/a2f25dfc.jpg
D:\FYP Project\fypapp\abo-images-small (1)\images\small\b8\b875620e.jpg,Dinnerware Set,Dinnerware,49.99,A high-quality dinnerware set — dinnerware product with excellent build quality and modern design.,/abo-images-small (1)/images/small/b8/b875620e.jpg
D:\FYP Project\fypapp\abo-images-small (1)\images\small\58\589e6e84.jpg,Dining Chair,Chairs,199.99,A high-quality dining chair — chairs product with excellent build quality and modern design.,/abo-images-small (1)/images/small/58/589e6e84.jpg
D:\FYP Project\fypapp\abo-images-small (1)\images\small\c0\c07d45ea.jpg,Cooking Pot,Cookware,89.99,A high-quality cooking pot — cookware product with excellent build quality and modern design.,/abo-images-small (1)/images/small/c0/c07d45ea.jpg
D:\FYP Project\fypapp\abo-images-small (1)\images\small\03\03dc4e67.jpg,Platform Bed,Beds,499.99,A high-quality platform bed — beds product with excellent build quality and modern design.,/abo-images-small (1)/images/small/03/03dc4e67.jpg
D:\FYP Project\fypapp\abo-images-small (1)\images\small\ee\ee67a4d2.jpg,Digital Camera,Cameras,549.99,A high-quality digital camera — cameras product with excellent build quality and modern design.,/abo-images-small (1)/images/small/ee/ee67a4d2.jpg
D:\FYP Project\fypapp\abo-images-small (1)\images\small\fc\fc3f0141.jpg,Mobile Phone,Smartphones,699.99,A high-quality mobile phone — smartphones product with excellent build quality and modern design.,/abo-images-small (1)/images/small/fc/fc3f0141.jpg
D:\FYP Project\fypapp\abo-images-small (1)\images\small\26\26a3cc27.jpg,King Bed,Beds,499.99,A high-quality king bed — beds product with excellent build quality and modern design.,/abo-images-small (1)/images/small/26/26a3cc27.jpg
D:\FYP Project\fypapp\abo-images-small (1)\images\small\ee\eee3c9c9.jpg,iPhone,Smartphones,699.99,A high-quality iphone — smartphones product with excellent build quality and modern design.,/abo-images-small (1)/images/small/ee/eee3c9c9.jpg
D:\FYP Project\fypapp\abo-images-small (1)\images\small\bb\bb1be728.jpg,Sneakers,Shoes,89.99,A high-quality sneakers — shoes product with excellent build quality and modern design.,/abo-images-small (1)/images/small/bb/bb1be728.jpg
D:\FYP Project\fypapp\abo-images-small (1)\images\small\5d\5dc01ed1.jpg,Mobile Phone,Smartphones,699.99,A high-quality mobile phone — smartphones product with excellent build quality and modern design.,/abo-images-small (1)/images/small/5d/5dc01ed1.jpg
D:\FYP Project\fypapp\abo-images-small (1)\images\small\77\77a9f7aa.jpg,Casual Top,Shirts,39.99,A high-quality casual top — shirts product with excellent build quality and modern design.,/abo-images-small (1)/images/small/77/77a9f7aa.jpg
D:\FYP Project\fypapp\abo-images-small (1)\images\small\25\25a4bc78.jpg,Smartphone,Smartphones,699.99,A high-quality smartphone — smartphones product with excellent build quality and modern design.,/abo-images-small (1)/images/small/25/25a4bc78.jpg
D:\FYP Project\fypapp\abo-images-small (1)\images\small\97\975d368d.jpg,Bowl Set,Dinnerware,49.99,A high-quality bowl set — dinnerware product with excellent build quality and modern design.,/abo-images-small (1)/images/small/97/975d368d.jpg
D:\FYP Project\fypapp\abo-images-small (1)\images\small\37\37636c34.jpg,iPhone,Smartphones,699.99,A high-quality iphone — smartphones product with excellent build quality and modern design.,/abo-images-small (1)/images/small/37/37636c34.jpg
D:\FYP Project\fypapp\abo-images-small (1)\images\small\fc\fcbb3c31.jpg,Android Phone,Smartphones,699.99,A high-quality android phone — smartphones product with excellent build quality and modern design.,/abo-images-small (1)/images/small/fc/fcbb3c31.jpg
D:\FYP Project\fypapp\abo-images-small (1)\images\small\fb\fbe5b8e5.jpg,Backpack,Outdoors,149.99,A high-quality backpack — outdoors product with excellent build quality and modern design.,/abo-images-small (1)/images/small/fb/fbe5b8e5.jpg
D:\FYP Project\fypapp\abo-images-small (1)\images\small\5c\5c9803f9.jpg,Sneakers,Shoes,89.99,A high-quality sneakers — shoes product with excellent build quality and modern design.,/abo-images-small (1)/images/small/5c/5c9803f9.jpg
D:\FYP Project\fypapp\abo-images-small (1)\images\small\ae\aee2d653.jpg,Dress Shirt,Shirts,39.99,A high-quality dress shirt — shirts product with excellent build quality and modern design.,/abo-images-small (1)/images/small/ae/aee2d653.jpg
D:\FYP Project\fypapp\abo-images-small (1)\images\small\3e\3e28d9e3.jpg,Over-Ear Headphones,Headphones,149.99,A high-quality over-ear headphones — headphones product with excellent build quality and modern design.,/abo-images-small (1)/images/small/3e/3e28d9e3.jpg
D:\FYP Project\fypapp\abo-images-small (1)\images\small\23\23ebcc37.jpg,Office Chair,Chairs,199.99,A high-quality office chair — chairs product with excellent build quality and modern design.,/abo-images-small (1)/images/small/23/23ebcc37.jpg
D:\FYP Project\fypapp\abo-images-small (1)\images\small\d8\d8d7b10e.jpg,Running Shoes,Shoes,89.99,A high-quality running shoes — shoes product with excellent build quality and modern design.,/abo-images-small (1)/images/small/d8/d8d7b10e.jpg
D:\FYP Project\fypapp\abo-images-small (1)\images\small\68\687e3501.jpg,Casual Shoes,Shoes,89.99,A high-quality casual shoes — shoes product with excellent build quality and modern design.,/abo-images-small (1)/images/small/68/687e3501.jpg
D:\FYP Project\fypapp\abo-images-small (1)\images\small\dd\dd789e2b.jpg,Skillet,Cookware,89.99,A high-quality skillet — cookware product with excellent build quality and modern design.,/abo-images-small (1)/images/small/dd/dd789e2b.jpg
D:\FYP Project\fypapp\abo-images-small (1)\images\small\b1\b14a018e.jpg,Smartphone,Smartphones,699.99,A high-quality smartphone — smartphones product with excellent build quality and modern design.,/abo-images-small (1)/images/small/b1/b14a018e.jpg
D:\FYP Project\fypapp\abo-images-small (1)\images\small\34\3498fb7f.jpg,iPhone,Smartphones,699.99,A high-quality iphone — smartphones product with excellent build quality and modern design.,/abo-images-small (1)/images/small/34/3498fb7f.jpg
D:\FYP Project\fypapp\abo-images-small (1)\images\small\82\82f2ebd6.jpg,Sofa,Sofas,799.99,A high-quality sofa — sofas product with excellent build quality and modern design.,/abo-images-small (1)/images/small/82/82f2ebd6.jpg
D:\FYP Project\fypapp\abo-images-small (1)\images\small\38\387fe2aa.jpg,Couch,Sofas,799.99,A high-quality couch — sofas product with excellent build quality and modern design.,/abo-images-small (1)/images/small/38/387fe2aa.jpg
D:\FYP Project\fypapp\abo-images-small (1)\images\small\bb\bbddd58c.jpg,Digital Tablet,Tablets,449.99,A high-quality digital tablet — tablets product with excellent build quality and modern design.,/abo-images-small (1)/images/small/bb/bbddd58c.jpg
D:\FYP Project\fypapp\abo-images-small (1)\images\small\00\002f15de.jpg,Jacket,Jackets,119.99,A high-quality jacket — jackets product with excellent build quality and modern design.,/abo-images-small (1)/images/small/00/002f15de.jpg
D:\FYP Project\fypapp\abo-images-small (1)\images\small\cf\cff60c4f.jpg,Coffee Table,Tables,299.99,A high-quality coffee table — tables product with excellent build quality and modern design.,/abo-images-small (1)/images/small/cf/cff60c4f.jpg
D:\FYP Project\fypapp\abo-images-small (1)\images\small\71\712f0513.jpg,Accent Chair,Chairs,199.99,A high-quality accent chair — chairs product with excellent build quality and modern design.,/abo-images-small (1)/images/small/71/712f0513.jpg
D:\FYP Project\fypapp\abo-images-small (1)\images\small\aa\aaea36e9.jpg,iPhone,Smartphones,699.99,A high-quality iphone — smartphones product with excellent build quality and modern design.,/abo-images-small (1)/images/small/aa/aaea36e9.jpg
D:\FYP Project\fypapp\abo-images-small (1)\images\small\06\06a12300.jpg,Yoga Mat,Sports,34.99,A high-quality yoga mat — sports product with excellent build quality and modern design.,/abo-images-small (1)/images/small/06/06a12300.jpg
D:\FYP Project\fypapp\abo-images-small (1)\images\small\7f\7f50672c.jpg,Accent Chair,Chairs,199.99,A high-quality accent chair — chairs product with excellent build quality and modern design.,/abo-images-small (1)/images/small/7f/7f50672c.jpg
D:\FYP Project\fypapp\abo-images-small (1)\images\small\6b\6b855790.jpg,Boots,Shoes,89.99,A high-quality boots — shoes product with excellent build quality and modern design.,/abo-images-small (1)/images/small/6b/6b855790.jpg
D:\FYP Project\fypapp\abo-images-small (1)\images\small\54\54904528.jpg,Yoga Mat,Sports,34.99,A high-quality yoga mat — sports product with excellent build quality and modern design.,/abo-images-small (1)/images/small/54/54904528.jpg
D:\FYP Project\fypapp\abo-images-small (1)\images\small\13\137cac2f.jpg,Coffee Table,Tables,299.99,A high-quality coffee table — tables product with excellent build quality and modern design.,/abo-images-small (1)/images/small/13/137cac2f.jpg
D:\FYP Project\fypapp\abo-images-small (1)\images\small\55\551384aa.jpg,Fitness Equipment,Sports,34.99,A high-quality fitness equipment — sports product with excellent build quality and modern design.,/abo-images-small (1)/images/small/55/551384aa.jpg
D:\FYP Project\fypapp\abo-images-small (1)\images\small\c5\c540ec53.jpg,Skillet,Cookware,89.99,A high-quality skillet — cookware product with excellent build quality and modern design.,/abo-images-small (1)/images/small/c5/c540ec53.jpg
D:\FYP Project\fypapp\abo-images-small (1)\images\small\1c\1cefd907.jpg,iPad,Tablets,449.99,A high-quality ipad — tablets product with excellent build quality and modern design.,/abo-images-small (1)/images/small/1c/1cefd907.jpg
D:\FYP Project\fypapp\abo-images-small (1)\images\small\2a\2a71bee9.jpg,iPad,Tablets,449.99,A high-quality ipad — tablets product with excellent build quality and modern design.,/abo-images-small (1)/images/small/2a/2a71bee9.jpg
D:\FYP Project\fypapp\abo-images-small (1)\images\small\2b\2b5491a6.jpg,Sectional Sofa,Sofas,799.99,A high-quality sectional sofa — sofas product with excellent build quality and modern design.,/abo-images-small (1)/images/small/2b/2b5491a6.jpg
D:\FYP Project\fypapp\abo-images-small (1)\images\small\e5\e57dd13f.jpg,iPhone,Smartphones,699.99,A high-quality iphone — smartphones product with excellent build quality and modern design.,/abo-images-small (1)/images/small/e5/e57dd13f.jpg
D:\FYP Project\fypapp\abo-images-small (1)\images\small\a6\a66960c2.jpg,Sneakers,Shoes,89.99,A high-quality sneakers — shoes product with excellent build quality and modern design.,/abo-images-small (1)/images/small/a6/a66960c2.jpg
D:\FYP Project\fypapp\abo-images-small (1)\images\small\bf\bf4f27d4.jpg,Microwave,Appliances,129.99,A high-quality microwave — appliances product with excellent build quality and modern design.,/abo-images-small (1)/images/small/bf/bf4f27d4.jpg
D:\FYP Project\fypapp\abo-images-small (1)\images\small\39\39a93a34.jpg,Over-Ear Headphones,Headphones,149.99,A high-quality over-ear headphones — headphones product with excellent build quality and modern design.,/abo-images-small (1)/images/small/39/39a93a34.jpg
D:\FYP Project\fypapp\abo-images-small (1)\images\small\5d\5d2edf54.jpg,Loveseat,Sofas,799.99,A high-quality loveseat — sofas product with excellent build quality and modern design.,/abo-images-small (1)/images/small/5d/5d2edf54.jpg
D:\FYP Project\fypapp\abo-images-small (1)\images\small\b7\b7f55bc1.jpg,T-Shirt,Shirts,39.99,A high-quality t-shirt — shirts product with excellent build quality and modern design.,/abo-images-small (1)/images/small/b7/b7f55bc1.jpg
D:\FYP Project\fypapp\abo-images-small (1)\images\small\d2\d28eeae3.jpg,Running Shoes,Shoes,89.99,A high-quality running shoes — shoes product with excellent build quality and modern design.,/abo-images-small (1)/images/small/d2/d28eeae3.jpg
D:\FYP Project\fypapp\abo-images-small (1)\images\small\93\93708f05.jpg,Digital Tablet,Tablets,449.99,A high-quality digital tablet — tablets product with excellent build quality and modern design.,/abo-images-small (1)/images/small/93/93708f05.jpg
D:\FYP Project\fypapp\abo-images-small (1)\images\small\4b\4b425d65.jpg,iPhone,Smartphones,699.99,A high-quality iphone — smartphones product with excellent build quality and modern design.,/abo-images-small (1)/images/small/4b/4b425d65.jpg
D:\FYP Project\fypapp\abo-images-small (1)\images\small\bb\bbd4a794.jpg,Jacket,Jackets,119.99,A high-quality jacket — jackets product with excellent build quality and modern design.,/abo-images-small (1)/images/small/bb/bbd4a794.jpg
D:\FYP Project\fypapp\abo-images-small (1)\images\small\f1\f1ad67c6.jpg,Mobile Phone,Smartphones,699.99,A high-quality mobile phone — smartphones product with excellent build quality and modern design.,/abo-images-small (1)/images/small/f1/f1ad67c6.jpg
D:\FYP Project\fypapp\abo-images-small (1)\images\small\47\47b4ea66.jpg,Sectional Sofa,Sofas,799.99,A high-quality sectional sofa — sofas product with excellent build quality and modern design.,/abo-images-small (1)/images/small/47/47b4ea66.jpg
D:\FYP Project\fypapp\abo-images-small (1)\images\small\f9\f99cfe46.jpg,Android Tablet,Tablets,449.99,A high-quality android tablet — tablets product with excellent build quality and modern design.,/abo-images-small (1)/images/small/f9/f99cfe46.jpg
D:\FYP Project\fypapp\abo-images-small (1)\images\small\6c\6cf90c40.jpg,Smartphone,Smartphones,699.99,A high-quality smartphone — smartphones product with excellent build quality and modern design.,/abo-images-small (1)/images/small/6c/6cf90c40.jpg
D:\FYP Project\fypapp\abo-images-small (1)\images\small\8b\8b5e2607.jpg,Ceramic Plates,Dinnerware,49.99,A high-quality ceramic plates — dinnerware product with excellent build quality and modern design.,/abo-images-small (1)/images/small/8b/8b5e2607.jpg
D:\FYP Project\fypapp\abo-images-small (1)\images\small\e9\e9752117.jpg,Side Table,Tables,299.99,A high-quality side table — tables product with excellent build quality and modern design.,/abo-images-small (1)/images/small/e9/e9752117.jpg
D:\FYP Project\fypapp\abo-images-small (1)\images\small\e2\e2301923.jpg,Floral Dress,Dresses,59.99,A high-quality floral dress — dresses product with excellent build quality and modern design.,/abo-images-small (1)/images/small/e2/e2301923.jpg
D:\FYP Project\fypapp\abo-images-small (1)\images\small\98\987cc4a4.jpg,Dining Chair,Chairs,199.99,A high-quality dining chair — chairs product with excellent build quality and modern design.,/abo-images-small (1)/images/small/98/987cc4a4.jpg
D:\FYP Project\fypapp\abo-images-small (1)\images\small\b4\b4a2040f.jpg,Android Phone,Smartphones,699.99,A high-quality android phone — smartphones product with excellent build quality and modern design.,/abo-images-small (1)/images/small/b4/b4a2040f.jpg
D:\FYP Project\fypapp\abo-images-small (1)\images\small\9d\9d5259ef.jpg,Floral Dress,Dresses,59.99,A high-quality floral dress — dresses product with excellent build quality and modern design.,/abo-images-small (1)/images/small/9d/9d5259ef.jpg
D:\FYP Project\fypapp\abo-images-small (1)\images\small\57\5774f815.jpg,Couch,Sofas,799.99,A high-quality couch — sofas product with excellent build quality and modern design.,/abo-images-small (1)/images/small/57/5774f815.jpg
D:\FYP Project\fypapp\abo-images-small (1)\images\small\4f\4f94bf9e.jpg,Outdoor Equipment,Outdoors,149.99,A high-quality outdoor equipment — outdoors product with excellent build quality and modern design.,/abo-images-small (1)/images/small/4f/4f94bf9e.jpg
D:\FYP Project\fypapp\abo-images-small (1)\images\small\15\158ea50a.jpg,Boots,Shoes,89.99,A high-quality boots — shoes product with excellent build quality and modern design.,/abo-images-small (1)/images/small/15/158ea50a.jpg
D:\FYP Project\fypapp\abo-images-small (1)\images\small\07\0726d4c5.jpg,Wireless Earbuds,Headphones,149.99,A high-quality wireless earbuds — headphones product with excellent build quality and modern design.,/abo-images-small (1)/images/small/07/0726d4c5.jpg
D:\FYP Project\fypapp\abo-images-small (1)\images\small\cc\cc61a44b.jpg,Sectional Sofa,Sofas,799.99,A high-quality sectional sofa — sofas product with excellent build quality and modern design.,/abo-images-small (1)/images/small/cc/cc61a44b.jpg
D:\FYP Project\fypapp\abo-images-small (1)\images\small\c0\c0ba90c6.jpg,iPhone,Smartphones,699.99,A high-quality iphone — smartphones product with excellent build quality and modern design.,/abo-images-small (1)/images/small/c0/c0ba90c6.jpg
D:\FYP Project\fypapp\abo-images-small (1)\images\small\51\516b816f.jpg,Smartphone,Smartphones,699.99,A high-quality smartphone — smartphones product with excellent build quality and modern design.,/abo-images-small (1)/images/small/51/516b816f.jpg
D:\FYP Project\fypapp\abo-images-small (1)\images\small\cc\cc6c8cca.jpg,Mobile Phone,Smartphones,699.99,A high-quality mobile phone — smartphones product with excellent build quality and modern design.,/abo-images-small (1)/images/small/cc/cc6c8cca.jpg
D:\FYP Project\fypapp\abo-images-small (1)\images\small\4e\4e16175e.jpg,Casual Shoes,Shoes,89.99,A high-quality casual shoes — shoes product with excellent build quality and modern design.,/abo-images-small (1)/images/small/4e/4e16175e.jpg
D:\FYP Project\fypapp\abo-images-small (1)\images\small\02\026e0c81.jpg,Mug Set,Dinnerware,49.99,A high-quality mug set — dinnerware product with excellent build quality and modern design.,/abo-images-small (1)/images/small/02/026e0c81.jpg
D:\FYP Project\fypapp\abo-images-small (1)\images\small\17\17f28dd5.jpg,Yoga Mat,Sports,34.99,A high-quality yoga mat — sports product with excellent build quality and modern design.,/abo-images-small (1)/images/small/17/17f28dd5.jpg
D:\FYP Project\fypapp\abo-images-small (1)\images\small\da\dac92e34.jpg,Side Table,Tables,299.99,A high-quality side table — tables product with excellent build quality and modern design.,/abo-images-small (1)/images/small/da/dac92e34.jpg
D:\FYP Project\fypapp\abo-images-small (1)\images\small\51\51045498.jpg,Sneakers,Shoes,89.99,A high-quality sneakers — shoes product with excellent build quality and modern design.,/abo-images-small (1)/images/small/51/51045498.jpg
D:\FYP Project\fypapp\abo-images-small (1)\images\small\16\16b49594.jpg,DSLR Camera,Cameras,549.99,A high-quality dslr camera — cameras product with excellent build quality and modern design.,/abo-images-small (1)/images/small/16/16b49594.jpg
D:\FYP Project\fypapp\abo-images-small (1)\images\small\0a\0ab6887e.jpg,Android Phone,Smartphones,699.99,A high-quality android phone — smartphones product with excellent build quality and modern design.,/abo-images-small (1)/images/small/0a/0ab6887e.jpg
D:\FYP Project\fypapp\abo-images-small (1)\images\small\74\74599b48.jpg,iPhone,Smartphones,699.99,A high-quality iphone — smartphones product with excellent build quality and modern design.,/abo-images-small (1)/images/small/74/74599b48.jpg
D:\FYP Project\fypapp\abo-images-small (1)\images\small\17\17e56ba3.jpg,Dining Table,Tables,299.99,A high-quality dining table — tables product with excellent build quality and modern design.,/abo-images-small (1)/images/small/17/17e56ba3.jpg
D:\FYP Project\fypapp\abo-images-small (1)\images\small\b3\b37e7245.jpg,Resistance Bands,Sports,34.99,A high-quality resistance bands — sports product with excellent build quality and modern design.,/abo-images-small (1)/images/small/b3/b37e7245.jpg
D:\FYP Project\fypapp\abo-images-small (1)\images\small\54\5414bc09.jpg,King Bed,Beds,499.99,A high-quality king bed — beds product with excellent build quality and modern design.,/abo-images-small (1)/images/small/54/5414bc09.jpg
D:\FYP Project\fypapp\abo-images-small (1)\images\small\61\61c0e0a9.jpg,iPhone,Smartphones,699.99,A high-quality iphone — smartphones product with excellent build quality and modern design.,/abo-images-small (1)/images/small/61/61c0e0a9.jpg
D:\FYP Project\fypapp\abo-images-small (1)\images\small\e8\e8865a4d.jpg,Smartphone,Smartphones,699.99,A high-quality smartphone — smartphones product with excellent build quality and modern design.,/abo-images-small (1)/images/small/e8/e8865a4d.jpg
D:\FYP Project\fypapp\abo-images-small (1)\images\small\4c\4c1651be.jpg,Casual Shoes,Shoes,89.99,A high-quality casual shoes — shoes product with excellent build quality and modern design.,/abo-images-small (1)/images/small/4c/4c1651be.jpg
D:\FYP Project\fypapp\abo-images-small (1)\images\small\bb\bbcec2d3.jpg,Mug Set,Dinnerware,49.99,A high-quality mug set — dinnerware product with excellent build quality and modern design.,/abo-images-small (1)/images/small/bb/bbcec2d3.jpg
D:\FYP Project\fypapp\abo-images-small (1)\images\small\2c\2cad34c9.jpg,Headphones,Headphones,149.99,A high-quality headphones — headphones product with excellent build quality and modern design.,/abo-images-small (1)/images/small/2c/2cad34c9.jpg
D:\FYP Project\fypapp\abo-images-small (1)\images\small\fe\fe25ada3.jpg,Maxi Dress,Dresses,59.99,A high-quality maxi dress — dresses product with excellent build quality and modern design.,/abo-images-small (1)/images/small/fe/fe25ada3.jpg
D:\FYP Project\fypapp\abo-images-small (1)\images\small\c8\c845b071.jpg,iPhone,Smartphones,699.99,A high-quality iphone — smartphones product with excellent build quality and modern design.,/abo-images-small (1)/images/small/c8/c845b071.jpg
D:\FYP Project\fypapp\abo-images-small (1)\images\small\a5\a58b2ab4.jpg,Smartphone,Smartphones,699.99,A high-quality smartphone — smartphones product with excellent build quality and modern design.,/abo-images-small (1)/images/small/a5/a58b2ab4.jpg
D:\FYP Project\fypapp\abo-images-small (1)\images\small\55\55cf77f3.jpg,Non-Stick Pan,Cookware,89.99,A high-quality non-stick pan — cookware product with excellent build quality and modern design.,/abo-images-small (1)/images/small/55/55cf77f3.jpg
D:\FYP Project\fypapp\abo-images-small (1)\images\small\a5\a5a45e11.jpg,Cooking Pot,Cookware,89.99,A high-quality cooking pot — cookware product with excellent build quality and modern design.,/abo-images-small (1)/images/small/a5/a5a45e11.jpg
D:\FYP Project\fypapp\abo-images-small (1)\images\small\8e\8e063e22.jpg,Android Tablet,Tablets,449.99,A high-quality android tablet — tablets product with excellent build quality and modern design.,/abo-images-small (1)/images/small/8e/8e063e22.jpg
D:\FYP Project\fypapp\abo-images-small (1)\images\small\43\4324d230.jpg,Smartphone,Smartphones,699.99,A high-quality smartphone — smartphones product with excellent build quality and modern design.,/abo-images-small (1)/images/small/43/4324d230.jpg
D:\FYP Project\fypapp\abo-images-small (1)\images\small\1f\1fe87654.jpg,Couch,Sofas,799.99,A high-quality couch — sofas product with excellent build quality and modern design.,/abo-images-small (1)/images/small/1f/1fe87654.jpg
D:\FYP Project\fypapp\abo-images-small (1)\images\small\20\20c03005.jpg,Android Phone,Smartphones,699.99,A high-quality android phone — smartphones product with excellent build quality and modern design.,/abo-images-small (1)/images/small/20/20c03005.jpg
D:\FYP Project\fypapp\abo-images-small (1)\images\small\e5\e53d3002.jpg,Skillet,Cookware,89.99,A high-quality skillet — cookware product with excellent build quality and modern design.,/abo-images-small (1)/images/small/e5/e53d3002.jpg
D:\FYP Project\fypapp\abo-images-small (1)\images\small\96\9626dc92.jpg,Dining Table,Tables,299.99,A high-quality dining table — tables product with excellent build quality and modern design.,/abo-images-small (1)/images/small/96/9626dc92.jpg
D:\FYP Project\fypapp\abo-images-small (1)\images\small\7c\7c5cd6c4.jpg,Mobile Phone,Smartphones,699.99,A high-quality mobile phone — smartphones product with excellent build quality and modern design.,/abo-images-small (1)/images/small/7c/7c5cd6c4.jpg
D:\FYP Project\fypapp\abo-images-small (1)\images\small\93\9398176c.jpg,Outdoor Equipment,Outdoors,149.99,A high-quality outdoor equipment — outdoors product with excellent build quality and modern design.,/abo-images-small (1)/images/small/93/9398176c.jpg
D:\FYP Project\fypapp\abo-images-small (1)\images\small\8f\8f660bbf.jpg,Denim Pants,Jeans,69.99,A high-quality denim pants — jeans product with excellent build quality and modern design.,/abo-images-small (1)/images/small/8f/8f660bbf.jpg
D:\FYP Project\fypapp\abo-images-small (1)\images\small\a2\a299dfae.jpg,Kitchen Appliance,Appliances,129.99,A high-quality kitchen appliance — appliances product with excellent build quality and modern design.,/abo-images-small (1)/images/small/a2/a299dfae.jpg
D:\FYP Project\fypapp\abo-images-small (1)\images\small\12\12340a98.jpg,Ceramic Plates,Dinnerware,49.99,A high-quality ceramic plates — dinnerware product with excellent build quality and modern design.,/abo-images-small (1)/images/small/12/12340a98.jpg
D:\FYP Project\fypapp\abo-images-small (1)\images\small\e0\e0ef87b7.jpg,Digital Camera,Cameras,549.99,A high-quality digital camera — cameras product with excellent build quality and modern design.,/abo-images-small (1)/images/small/e0/e0ef87b7.jpg
D:\FYP Project\fypapp\abo-images-small (1)\images\small\21\213f9758.jpg,Wireless Earbuds,Headphones,149.99,A high-quality wireless earbuds — headphones product with excellent build quality and modern design.,/abo-images-small (1)/images/small/21/213f9758.jpg
D:\FYP Project\fypapp\abo-images-small (1)\images\small\14\1465b4bd.jpg,Casual Shoes,Shoes,89.99,A high-quality casual shoes — shoes product with excellent build quality and modern design.,/abo-images-small (1)/images/small/14/1465b4bd.jpg
D:\FYP Project\fypapp\abo-images-small (1)\images\small\8c\8c8ed856.jpg,iPhone,Smartphones,699.99,A high-quality iphone — smartphones product with excellent build quality and modern design.,/abo-images-small (1)/images/small/8c/8c8ed856.jpg
D:\FYP Project\fypapp\abo-images-small (1)\images\small\ff\ffc52333.jpg,Smartphone,Smartphones,699.99,A high-quality smartphone — smartphones product with excellent build quality and modern design.,/abo-images-small (1)/images/small/ff/ffc52333.jpg
D:\FYP Project\fypapp\abo-images-small (1)\images\small\77\775fcc1f.jpg,Dining Chair,Chairs,199.99,A high-quality dining chair — chairs product with excellent build quality and modern design.,/abo-images-small (1)/images/small/77/775fcc1f.jpg
D:\FYP Project\fypapp\abo-images-small (1)\images\small\57\57b35a7a.jpg,iPhone,Smartphones,699.99,A high-quality iphone — smartphones product with excellent build quality and modern design.,/abo-images-small (1)/images/small/57/57b35a7a.jpg
D:\FYP Project\fypapp\abo-images-small (1)\images\small\43\4387bf6d.jpg,Kitchen Appliance,Appliances,129.99,A high-quality kitchen appliance — appliances product with excellent build quality and modern design.,/abo-images-small (1)/images/small/43/4387bf6d.jpg
D:\FYP Project\fypapp\abo-images-small (1)\images\small\43\431485b4.jpg,Mobile Phone,Smartphones,699.99,A high-quality mobile phone — smartphones product with excellent build quality and modern design.,/abo-images-small (1)/images/small/43/431485b4.jpg
D:\FYP Project\fypapp\abo-images-small (1)\images\small\ba\bae5c671.jpg,Sectional Sofa,Sofas,799.99,A high-quality sectional sofa — sofas product with excellent build quality and modern design.,/abo-images-small (1)/images/small/ba/bae5c671.jpg
D:\FYP Project\fypapp\abo-images-small (1)\images\small\9c\9c5b33e4.jpg,Boots,Shoes,89.99,A high-quality boots — shoes product with excellent build quality and modern design.,/abo-images-small (1)/images/small/9c/9c5b33e4.jpg
D:\FYP Project\fypapp\abo-images-small (1)\images\small\2f\2f4d2ec3.jpg,Bed Frame,Beds,499.99,A high-quality bed frame — beds product with excellent build quality and modern design.,/abo-images-small (1)/images/small/2f/2f4d2ec3.jpg
D:\FYP Project\fypapp\abo-images-small (1)\images\small\93\930df0ee.jpg,Coffee Table,Tables,299.99,A high-quality coffee table — tables product with excellent build quality and modern design.,/abo-images-small (1)/images/small/93/930df0ee.jpg
D:\FYP Project\fypapp\abo-images-small (1)\images\small\3f\3fd0078f.jpg,Android Phone,Smartphones,699.99,A high-quality android phone — smartphones product with excellent build quality and modern design.,/abo-images-small (1)/images/small/3f/3fd0078f.jpg
D:\FYP Project\fypapp\abo-images-small (1)\images\small\61\61c7561a.jpg,iPhone,Smartphones,699.99,A high-quality iphone — smartphones product with excellent build quality and modern design.,/abo-images-small (1)/images/small/61/61c7561a.jpg
D:\FYP Project\fypapp\abo-images-small (1)\images\small\a1\a1158812.jpg,Tablet,Tablets,449.99,A high-quality tablet — tablets product with excellent build quality and modern design.,/abo-images-small (1)/images/small/a1/a1158812.jpg
D:\FYP Project\fypapp\abo-images-small (1)\images\small\19\196ffc7a.jpg,Polo Shirt,Shirts,39.99,A high-quality polo shirt — shirts product with excellent build quality and modern design.,/abo-images-small (1)/images/small/19/196ffc7a.jpg
D:\FYP Project\fypapp\abo-images-small (1)\images\small\9a\9a3c75b9.jpg,Coffee Maker,Appliances,129.99,A high-quality coffee maker — appliances product with excellent build quality and modern design.,/abo-images-small (1)/images/small/9a/9a3c75b9.jpg
D:\FYP Project\fypapp\abo-images-small (1)\images\small\bf\bf7c92d6.jpg,Dining Table,Tables,299.99,A high-quality dining table — tables product with excellent build quality and modern design.,/abo-images-small (1)/images/small/bf/bf7c92d6.jpg
D:\FYP Project\fypapp\abo-images-small (1)\images\small\21\21145536.jpg,Mobile Phone,Smartphones,699.99,A high-quality mobile phone — smartphones product with excellent build quality and modern design.,/abo-images-small (1)/images/small/21/21145536.jpg
D:\FYP Project\fypapp\abo-images-small (1)\images\small\11\1101ade9.jpg,Android Phone,Smartphones,699.99,A high-quality android phone — smartphones product with excellent build quality and modern design.,/abo-images-small (1)/images/small/11/1101ade9.jpg
D:\FYP Project\fypapp\abo-images-small (1)\images\small\e2\e2ed4dab.jpg,Desk,Tables,299.99,A high-quality desk — tables product with excellent build quality and modern design.,/abo-images-small (1)/images/small/e2/e2ed4dab.jpg
D:\FYP Project\fypapp\abo-images-small (1)\images\small\53\537d31b9.jpg,iPhone,Smartphones,699.99,A high-quality iphone — smartphones product with excellent build quality and modern design.,/abo-images-small (1)/images/small/53/537d31b9.jpg
D:\FYP Project\fypapp\abo-images-small (1)\images\small\3a\3a0d2c8f.jpg,Smartphone,Smartphones,699.99,A high-quality smartphone — smartphones product with excellent build quality and modern design.,/abo-images-small (1)/images/small/3a/3a0d2c8f.jpg
D:\FYP Project\fypapp\abo-images-small (1)\images\small\8d\8dd5f2dd.jpg,Running Shoes,Shoes,89.99,A high-quality running shoes — shoes product with excellent build quality and modern design.,/abo-images-small (1)/images/small/8d/8dd5f2dd.jpg
D:\FYP Project\fypapp\abo-images-small (1)\images\small\a9\a9eef75d.jpg,Side Table,Tables,299.99,A high-quality side table — tables product with excellent build quality and modern design.,/abo-images-small (1)/images/small/a9/a9eef75d.jpg
D:\FYP Project\fypapp\abo-images-small (1)\images\small\a8\a87e55ad.jpg,Platform Bed,Beds,499.99,A high-quality platform bed — beds product with excellent build quality and modern design.,/abo-images-small (1)/images/small/a8/a87e55ad.jpg
D:\FYP Project\fypapp\abo-images-small (1)\images\small\4b\4bee6b64.jpg,Jeans,Jeans,69.99,A high-quality jeans — jeans product with excellent build quality and modern design.,/abo-images-small (1)/images/small/4b/4bee6b64.jpg
D:\FYP Project\fypapp\abo-images-small (1)\images\small\8c\8c04bb17.jpg,Coffee Table,Tables,299.99,A high-quality coffee table — tables product with excellent build quality and modern design.,/abo-images-small (1)/images/small/8c/8c04bb17.jpg
D:\FYP Project\fypapp\abo-images-small (1)\images\small\13\13ba8529.jpg,Android Phone,Smartphones,699.99,A high-quality android phone — smartphones product with excellent build quality and modern design.,/abo-images-small (1)/images/small/13/13ba8529.jpg
D:\FYP Project\fypapp\abo-images-small (1)\images\small\39\3983f7e1.jpg,Recliner,Chairs,199.99,A high-quality recliner — chairs product with excellent build quality and modern design.,/abo-images-small (1)/images/small/39/3983f7e1.jpg
D:\FYP Project\fypapp\abo-images-small (1)\images\small\00\00c02d46.jpg,Coffee Table,Tables,299.99,A high-quality coffee table — tables product with excellent build quality and modern design.,/abo-images-small (1)/images/small/00/00c02d46.jpg
D:\FYP Project\fypapp\abo-images-small (1)\images\small\88\88784fa4.jpg,Outdoor Equipment,Outdoors,149.99,A high-quality outdoor equipment — outdoors product with excellent build quality and modern design.,/abo-images-small (1)/images/small/88/88784fa4.jpg
D:\FYP Project\fypapp\abo-images-small (1)\images\small\9e\9e88c207.jpg,T-Shirt,Shirts,39.99,A high-quality t-shirt — shirts product with excellent build quality and modern design.,/abo-images-small (1)/images/small/9e/9e88c207.jpg
D:\FYP Project\fypapp\abo-images-small (1)\images\small\64\641560cd.jpg,Mobile Phone,Smartphones,699.99,A high-quality mobile phone — smartphones product with excellent build quality and modern design.,/abo-images-small (1)/images/small/64/641560cd.jpg
D:\FYP Project\fypapp\abo-images-small (1)\images\small\93\93667247.jpg,Blender,Appliances,129.99,A high-quality blender — appliances product with excellent build quality and modern design.,/abo-images-small (1)/images/small/93/93667247.jpg
D:\FYP Project\fypapp\abo-images-small (1)\images\small\f4\f40e03bc.jpg,Android Tablet,Tablets,449.99,A high-quality android tablet — tablets product with excellent build quality and modern design.,/abo-images-small (1)/images/small/f4/f40e03bc.jpg
D:\FYP Project\fypapp\abo-images-small (1)\images\small\c1\c15a0bc1.jpg,Smartphone,Smartphones,699.99,A high-quality smartphone — smartphones product with excellent build quality and modern design.,/abo-images-small (1)/images/small/c1/c15a0bc1.jpg
D:\FYP Project\fypapp\abo-images-small (1)\images\small\e6\e633440e.jpg,Maxi Dress,Dresses,59.99,A high-quality maxi dress — dresses product with excellent build quality and modern design.,/abo-images-small (1)/images/small/e6/e633440e.jpg
D:\FYP Project\fypapp\abo-images-small (1)\images\small\aa\aa4684cb.jpg,Desk,Tables,299.99,A high-quality desk — tables product with excellent build quality and modern design.,/abo-images-small (1)/images/small/aa/aa4684cb.jpg
D:\FYP Project\fypapp\abo-images-small (1)\images\small\36\3646dc36.jpg,Smartphone,Smartphones,699.99,A high-quality smartphone — smartphones product with excellent build quality and modern design.,/abo-images-small (1)/images/small/36/3646dc36.jpg
D:\FYP Project\fypapp\abo-images-small (1)\images\small\67\67ed3f8b.jpg,Bowl Set,Dinnerware,49.99,A high-quality bowl set — dinnerware product with excellent build quality and modern design.,/abo-images-small (1)/images/small/67/67ed3f8b.jpg
D:\FYP Project\fypapp\abo-images-small (1)\images\small\4d\4d3f46ba.jpg,iPhone,Smartphones,699.99,A high-quality iphone — smartphones product with excellent build quality and modern design.,/abo-images-small (1)/images/small/4d/4d3f46ba.jpg
D:\FYP Project\fypapp\abo-images-small (1)\images\small\13\13af2524.jpg,Dress,Dresses,59.99,A high-quality dress — dresses product with excellent build quality and modern design.,/abo-images-small (1)/images/small/13/13af2524.jpg
D:\FYP Project\fypapp\abo-images-small (1)\images\small\c9\c94d642b.jpg,Mobile Phone,Smartphones,699.99,A high-quality mobile phone — smartphones product with excellent build quality and modern design.,/abo-images-small (1)/images/small/c9/c94d642b.jpg
D:\FYP Project\fypapp\abo-images-small (1)\images\small\bc\bcc9d12e.jpg,Summer Dress,Dresses,59.99,A high-quality summer dress — dresses product with excellent build quality and modern design.,/abo-images-small (1)/images/small/bc/bcc9d12e.jpg
D:\FYP Project\fypapp\abo-images-small (1)\images\small\14\14818f68.jpg,Gaming Laptop,Laptops,899.99,A high-quality gaming laptop — laptops product with excellent build quality and modern design.,/abo-images-small (1)/images/small/14/14818f68.jpg
D:\FYP Project\fypapp\abo-images-small (1)\images\small\6d\6d9ca0f3.jpg,Smartphone,Smartphones,699.99,A high-quality smartphone — smartphones product with excellent build quality and modern design.,/abo-images-small (1)/images/small/6d/6d9ca0f3.jpg
D:\FYP Project\fypapp\abo-images-small (1)\images\small\13\1336ad24.jpg,Coffee Table,Tables,299.99,A high-quality coffee table — tables product with excellent build quality and modern design.,/abo-images-small (1)/images/small/13/1336ad24.jpg
D:\FYP Project\fypapp\abo-images-small (1)\images\small\10\10dd895a.jpg,Casual Shoes,Shoes,89.99,A high-quality casual shoes — shoes product with excellent build quality and modern design.,/abo-images-small (1)/images/small/10/10dd895a.jpg
D:\FYP Project\fypapp\abo-images-small (1)\images\small\a6\a6e542de.jpg,Smartphone,Smartphones,699.99,A high-quality smartphone — smartphones product with excellent build quality and modern design.,/abo-images-small (1)/images/small/a6/a6e542de.jpg
D:\FYP Project\fypapp\abo-images-small (1)\images\small\af\afa08b53.jpg,Mobile Phone,Smartphones,699.99,A high-quality mobile phone — smartphones product with excellent build quality and modern design.,/abo-images-small (1)/images/small/af/afa08b53.jpg
D:\FYP Project\fypapp\abo-images-small (1)\images\small\37\3722e805.jpg,iPhone,Smartphones,699.99,A high-quality iphone — smartphones product with excellent build quality and modern design.,/abo-images-small (1)/images/small/37/3722e805.jpg
D:\FYP Project\fypapp\abo-images-small (1)\images\small\13\131d1c06.jpg,Sofa,Sofas,799.99,A high-quality sofa — sofas product with excellent build quality and modern design.,/abo-images-small (1)/images/small/13/131d1c06.jpg
D:\FYP Project\fypapp\abo-images-small (1)\images\small\b1\b158e11e.jpg,Mobile Phone,Smartphones,699.99,A high-quality mobile phone — smartphones product with excellent build quality and modern design.,/abo-images-small (1)/images/small/b1/b158e11e.jpg
D:\FYP Project\fypapp\abo-images-small (1)\images\small\1b\1b158f69.jpg,Android Phone,Smartphones,699.99,A high-quality android phone — smartphones product with excellent build quality and modern design.,/abo-images-small (1)/images/small/1b/1b158f69.jpg
D:\FYP Project\fypapp\abo-images-small (1)\images\small\41\41911851.jpg,Boots,Shoes,89.99,A high-quality boots — shoes product with excellent build quality and modern design.,/abo-images-small (1)/images/small/41/41911851.jpg
D:\FYP Project\fypapp\abo-images-small (1)\images\small\17\171efe2c.jpg,Smartphone,Smartphones,699.99,A high-quality smartphone — smartphones product with excellent build quality and modern design.,/abo-images-small (1)/images/small/17/171efe2c.jpg
D:\FYP Project\fypapp\abo-images-small (1)\images\small\ce\ceaaaa2e.jpg,Mobile Phone,Smartphones,699.99,A high-quality mobile phone — smartphones product with excellent build quality and modern design.,/abo-images-small (1)/images/small/ce/ceaaaa2e.jpg
D:\FYP Project\fypapp\abo-images-small (1)\images\small\16\16ef285f.jpg,Summer Dress,Dresses,59.99,A high-quality summer dress — dresses product with excellent build quality and modern design.,/abo-images-small (1)/images/small/16/16ef285f.jpg
D:\FYP Project\fypapp\abo-images-small (1)\images\small\53\5317d881.jpg,Tablet,Tablets,449.99,A high-quality tablet — tablets product with excellent build quality and modern design.,/abo-images-small (1)/images/small/53/5317d881.jpg
D:\FYP Project\fypapp\abo-images-small (1)\images\small\8c\8cf229ce.jpg,Mobile Phone,Smartphones,699.99,A high-quality mobile phone — smartphones product with excellent build quality and modern design.,/abo-images-small (1)/images/small/8c/8cf229ce.jpg
D:\FYP Project\fypapp\abo-images-small (1)\images\small\c6\c60660eb.jpg,Action Camera,Cameras,549.99,A high-quality action camera — cameras product with excellent build quality and modern design.,/abo-images-small (1)/images/small/c6/c60660eb.jpg
D:\FYP Project\fypapp\abo-images-small (1)\images\small\56\56de8c6d.jpg,Yoga Mat,Sports,34.99,A high-quality yoga mat — sports product with excellent build quality and modern design.,/abo-images-small (1)/images/small/56/56de8c6d.jpg
D:\FYP Project\fypapp\abo-images-small (1)\images\small\c9\c937e154.jpg,Mobile Phone,Smartphones,699.99,A high-quality mobile phone — smartphones product with excellent build quality and modern design.,/abo-images-small (1)/images/small/c9/c937e154.jpg
D:\FYP Project\fypapp\abo-images-small (1)\images\small\0d\0d647704.jpg,Android Tablet,Tablets,449.99,A high-quality android tablet — tablets product with excellent build quality and modern design.,/abo-images-small (1)/images/small/0d/0d647704.jpg
D:\FYP Project\fypapp\abo-images-small (1)\images\small\d6\d6df8c31.jpg,Dining Table,Tables,299.99,A high-quality dining table — tables product with excellent build quality and modern design.,/abo-images-small (1)/images/small/d6/d6df8c31.jpg
D:\FYP Project\fypapp\abo-images-small (1)\images\small\1b\1bb52faa.jpg,Winter Coat,Jackets,119.99,A high-quality winter coat — jackets product with excellent build quality and modern design.,/abo-images-small (1)/images/small/1b/1bb52faa.jpg
D:\FYP Project\fypapp\abo-images-small (1)\images\small\92\92290337.jpg,Cooking Pot,Cookware,89.99,A high-quality cooking pot — cookware product with excellent build quality and modern design.,/abo-images-small (1)/images/small/92/92290337.jpg
D:\FYP Project\fypapp\abo-images-small (1)\images\small\e4\e4b67806.jpg,iPhone,Smartphones,699.99,A high-quality iphone — smartphones product with excellent build quality and modern design.,/abo-images-small (1)/images/small/e4/e4b67806.jpg
D:\FYP Project\fypapp\abo-images-small (1)\images\small\ca\cad3825a.jpg,Smartphone,Smartphones,699.99,A high-quality smartphone — smartphones product with excellent build quality and modern design.,/abo-images-small (1)/images/small/ca/cad3825a.jpg
D:\FYP Project\fypapp\abo-images-small (1)\images\small\c4\c486be5a.jpg,Mobile Phone,Smartphones,699.99,A high-quality mobile phone — smartphones product with excellent build quality and modern design.,/abo-images-small (1)/images/small/c4/c486be5a.jpg
D:\FYP Project\fypapp\abo-images-small (1)\images\small\b6\b659b1c1.jpg,Fitness Equipment,Sports,34.99,A high-quality fitness equipment — sports product with excellent build quality and modern design.,/abo-images-small (1)/images/small/b6/b659b1c1.jpg
D:\FYP Project\fypapp\abo-images-small (1)\images\small\6e\6e88c55c.jpg,Boots,Shoes,89.99,A high-quality boots — shoes product with excellent build quality and modern design.,/abo-images-small (1)/images/small/6e/6e88c55c.jpg
D:\FYP Project\fypapp\abo-images-small (1)\images\small\5b\5bba5805.jpg,Smartphone,Smartphones,699.99,A high-quality smartphone — smartphones product with excellent build quality and modern design.,/abo-images-small (1)/images/small/5b/5bba5805.jpg
D:\FYP Project\fypapp\abo-images-small (1)\images\small\48\48bc86bc.jpg,Resistance Bands,Sports,34.99,A high-quality resistance bands — sports product with excellent build quality and modern design.,/abo-images-small (1)/images/small/48/48bc86bc.jpg
D:\FYP Project\fypapp\abo-images-small (1)\images\small\e8\e8ca150b.jpg,Outdoor Equipment,Outdoors,149.99,A high-quality outdoor equipment — outdoors product with excellent build quality and modern design.,/abo-images-small (1)/images/small/e8/e8ca150b.jpg
D:\FYP Project\fypapp\abo-images-small (1)\images\small\fa\fab2d659.jpg,iPhone,Smartphones,699.99,A high-quality iphone — smartphones product with excellent build quality and modern design.,/abo-images-small (1)/images/small/fa/fab2d659.jpg
D:\FYP Project\fypapp\abo-images-small (1)\images\small\6d\6dcce27c.jpg,Smartphone,Smartphones,699.99,A high-quality smartphone — smartphones product with excellent build quality and modern design.,/abo-images-small (1)/images/small/6d/6dcce27c.jpg
D:\FYP Project\fypapp\abo-images-small (1)\images\small\54\544fa633.jpg,iPad,Tablets,449.99,A high-quality ipad — tablets product with excellent build quality and modern design.,/abo-images-small (1)/images/small/54/544fa633.jpg
D:\FYP Project\fypapp\abo-images-small (1)\images\small\5d\5d5e04a2.jpg,Side Table,Tables,299.99,A high-quality side table — tables product with excellent build quality and modern design.,/abo-images-small (1)/images/small/5d/5d5e04a2.jpg
D:\FYP Project\fypapp\abo-images-small (1)\images\small\8a\8a444f59.jpg,Recliner,Chairs,199.99,A high-quality recliner — chairs product with excellent build quality and modern design.,/abo-images-small (1)/images/small/8a/8a444f59.jpg
D:\FYP Project\fypapp\abo-images-small (1)\images\small\e0\e0b61c9a.jpg,Android Phone,Smartphones,699.99,A high-quality android phone — smartphones product with excellent build quality and modern design.,/abo-images-small (1)/images/small/e0/e0b61c9a.jpg
D:\FYP Project\fypapp\abo-images-small (1)\images\small\69\69067fd5.jpg,iPhone,Smartphones,699.99,A high-quality iphone — smartphones product with excellent build quality and modern design.,/abo-images-small (1)/images/small/69/69067fd5.jpg
D:\FYP Project\fypapp\abo-images-small (1)\images\small\9f\9f3b7ba3.jpg,Smartphone,Smartphones,699.99,A high-quality smartphone — smartphones product with excellent build quality and modern design.,/abo-images-small (1)/images/small/9f/9f3b7ba3.jpg
D:\FYP Project\fypapp\abo-images-small (1)\images\small\6e\6e77e229.jpg,Mobile Phone,Smartphones,699.99,A high-quality mobile phone — smartphones product with excellent build quality and modern design.,/abo-images-small (1)/images/small/6e/6e77e229.jpg
D:\FYP Project\fypapp\abo-images-small (1)\images\small\18\1877aa66.jpg,Fitness Equipment,Sports,34.99,A high-quality fitness equipment — sports product with excellent build quality and modern design.,/abo-images-small (1)/images/small/18/1877aa66.jpg
D:\FYP Project\fypapp\abo-images-small (1)\images\small\d7\d7798269.jpg,Couch,Sofas,799.99,A high-quality couch — sofas product with excellent build quality and modern design.,/abo-images-small (1)/images/small/d7/d7798269.jpg
D:\FYP Project\fypapp\abo-images-small (1)\images\small\c3\c3c24a4b.jpg,Android Phone,Smartphones,699.99,A high-quality android phone — smartphones product with excellent build quality and modern design.,/abo-images-small (1)/images/small/c3/c3c24a4b.jpg
D:\FYP Project\fypapp\abo-images-small (1)\images\small\21\21c874a3.jpg,iPhone,Smartphones,699.99,A high-quality iphone — smartphones product with excellent build quality and modern design.,/abo-images-small (1)/images/small/21/21c874a3.jpg
D:\FYP Project\fypapp\abo-images-small (1)\images\small\18\18b28798.jpg,Cookware Set,Cookware,89.99,A high-quality cookware set — cookware product with excellent build quality and modern design.,/abo-images-small (1)/images/small/18/18b28798.jpg
D:\FYP Project\fypapp\abo-images-small (1)\images\small\bb\bb4f4752.jpg,Queen Bed,Beds,499.99,A high-quality queen bed — beds product with excellent build quality and modern design.,/abo-images-small (1)/images/small/bb/bb4f4752.jpg
D:\FYP Project\fypapp\abo-images-small (1)\images\small\4b\4bb87ce9.jpg,Android Phone,Smartphones,699.99,A high-quality android phone — smartphones product with excellent build quality and modern design.,/abo-images-small (1)/images/small/4b/4bb87ce9.jpg
D:\FYP Project\fypapp\abo-images-small (1)\images\small\b0\b0ae5964.jpg,iPhone,Smartphones,699.99,A high-quality iphone — smartphones product with excellent build quality and modern design.,/abo-images-small (1)/images/small/b0/b0ae5964.jpg
D:\FYP Project\fypapp\abo-images-small (1)\images\small\5d\5d3950a3.jpg,Headphones,Headphones,149.99,A high-quality headphones — headphones product with excellent build quality and modern design.,/abo-images-small (1)/images/small/5d/5d3950a3.jpg
D:\FYP Project\fypapp\abo-images-small (1)\images\small\2c\2cb95e34.jpg,Mobile Phone,Smartphones,699.99,A high-quality mobile phone — smartphones product with excellent build quality and modern design.,/abo-images-small (1)/images/small/2c/2cb95e34.jpg
D:\FYP Project\fypapp\abo-images-small (1)\images\small\7a\7aa4bba1.jpg,Side Table,Tables,299.99,A high-quality side table — tables product with excellent build quality and modern design.,/abo-images-small (1)/images/small/7a/7aa4bba1.jpg
D:\FYP Project\fypapp\abo-images-small (1)\images\small\17\1733ea5d.jpg,Coffee Maker,Appliances,129.99,A high-quality coffee maker — appliances product with excellent build quality and modern design.,/abo-images-small (1)/images/small/17/1733ea5d.jpg
D:\FYP Project\fypapp\abo-images-small (1)\images\small\56\56387ebb.jpg,Smartphone,Smartphones,699.99,A high-quality smartphone — smartphones product with excellent build quality and modern design.,/abo-images-small (1)/images/small/56/56387ebb.jpg
D:\FYP Project\fypapp\abo-images-small (1)\images\small\81\817cd092.jpg,Running Shoes,Shoes,89.99,A high-quality running shoes — shoes product with excellent build quality and modern design.,/abo-images-small (1)/images/small/81/817cd092.jpg
D:\FYP Project\fypapp\abo-images-small (1)\images\small\63\63fdc504.jpg,Android Phone,Smartphones,699.99,A high-quality android phone — smartphones product with excellent build quality and modern design.,/abo-images-small (1)/images/small/63/63fdc504.jpg
D:\FYP Project\fypapp\abo-images-small (1)\images\small\37\373c1197.jpg,Desk,Tables,299.99,A high-quality desk — tables product with excellent build quality and modern design.,/abo-images-small (1)/images/small/37/373c1197.jpg
D:\FYP Project\fypapp\abo-images-small (1)\images\small\98\9884341c.jpg,Kitchen Appliance,Appliances,129.99,A high-quality kitchen appliance — appliances product with excellent build quality and modern design.,/abo-images-small (1)/images/small/98/9884341c.jpg
D:\FYP Project\fypapp\abo-images-small (1)\images\small\bd\bd260d84.jpg,Couch,Sofas,799.99,A high-quality couch — sofas product with excellent build quality and modern design.,/abo-images-small (1)/images/small/bd/bd260d84.jpg
D:\FYP Project\fypapp\abo-images-small (1)\images\small\f6\f669cfe3.jpg,Android Phone,Smartphones,699.99,A high-quality android phone — smartphones product with excellent build quality and modern design.,/abo-images-small (1)/images/small/f6/f669cfe3.jpg
D:\FYP Project\fypapp\abo-images-small (1)\images\small\d4\d4454032.jpg,Sofa,Sofas,799.99,A high-quality sofa — sofas product with excellent build quality and modern design.,/abo-images-small (1)/images/small/d4/d4454032.jpg
D:\FYP Project\fypapp\abo-images-small (1)\images\small\e3\e3960dda.jpg,Mobile Phone,Smartphones,699.99,A high-quality mobile phone — smartphones product with excellent build quality and modern design.,/abo-images-small (1)/images/small/e3/e3960dda.jpg
D:\FYP Project\fypapp\abo-images-small (1)\images\small\b8\b867a07d.jpg,King Bed,Beds,499.99,A high-quality king bed — beds product with excellent build quality and modern design.,/abo-images-small (1)/images/small/b8/b867a07d.jpg
D:\FYP Project\fypapp\abo-images-small (1)\images\small\02\02a2e260.jpg,Action Camera,Cameras,549.99,A high-quality action camera — cameras product with excellent build quality and modern design.,/abo-images-small (1)/images/small/02/02a2e260.jpg
D:\FYP Project\fypapp\abo-images-small (1)\images\small\e8\e8261790.jpg,Dining Table,Tables,299.99,A high-quality dining table — tables product with excellent build quality and modern design.,/abo-images-small (1)/images/small/e8/e8261790.jpg
D:\FYP Project\fypapp\abo-images-small (1)\images\small\c0\c0f8d9d3.jpg,Mobile Phone,Smartphones,699.99,A high-quality mobile phone — smartphones product with excellent build quality and modern design.,/abo-images-small (1)/images/small/c0/c0f8d9d3.jpg
D:\FYP Project\fypapp\abo-images-small (1)\images\small\68\68d18ecf.jpg,Blender,Appliances,129.99,A high-quality blender — appliances product with excellent build quality and modern design.,/abo-images-small (1)/images/small/68/68d18ecf.jpg
D:\FYP Project\fypapp\abo-images-small (1)\images\small\e6\e6af0a34.jpg,Desk,Tables,299.99,A high-quality desk — tables product with excellent build quality and modern design.,/abo-images-small (1)/images/small/e6/e6af0a34.jpg
D:\FYP Project\fypapp\abo-images-small (1)\images\small\22\22fc5c4a.jpg,Smartphone,Smartphones,699.99,A high-quality smartphone — smartphones product with excellent build quality and modern design.,/abo-images-small (1)/images/small/22/22fc5c4a.jpg
D:\FYP Project\fypapp\abo-images-small (1)\images\small\2d\2d54d118.jpg,Mobile Phone,Smartphones,699.99,A high-quality mobile phone — smartphones product with excellent build quality and modern design.,/abo-images-small (1)/images/small/2d/2d54d118.jpg
D:\FYP Project\fypapp\abo-images-small (1)\images\small\5c\5cf7369f.jpg,Cooking Pot,Cookware,89.99,A high-quality cooking pot — cookware product with excellent build quality and modern design.,/abo-images-small (1)/images/small/5c/5cf7369f.jpg
D:\FYP Project\fypapp\abo-images-small (1)\images\small\26\26ee5396.jpg,iPhone,Smartphones,699.99,A high-quality iphone — smartphones product with excellent build quality and modern design.,/abo-images-small (1)/images/small/26/26ee5396.jpg
D:\FYP Project\fypapp\abo-images-small (1)\images\small\24\24263719.jpg,Sofa,Sofas,799.99,A high-quality sofa — sofas product with excellent build quality and modern design.,/abo-images-small (1)/images/small/24/24263719.jpg
D:\FYP Project\fypapp\abo-images-small (1)\images\small\c0\c07d29eb.jpg,Mobile Phone,Smartphones,699.99,A high-quality mobile phone — smartphones product with excellent build quality and modern design.,/abo-images-small (1)/images/small/c0/c07d29eb.jpg
D:\FYP Project\fypapp\abo-images-small (1)\images\small\36\3683f2c9.jpg,Side Table,Tables,299.99,A high-quality side table — tables product with excellent build quality and modern design.,/abo-images-small (1)/images/small/36/3683f2c9.jpg
D:\FYP Project\fypapp\abo-images-small (1)\images\small\5f\5fa34559.jpg,Desk,Tables,299.99,A high-quality desk — tables product with excellent build quality and modern design.,/abo-images-small (1)/images/small/5f/5fa34559.jpg
D:\FYP Project\fypapp\abo-images-small (1)\images\small\d1\d1f7fbf0.jpg,Mobile Phone,Smartphones,699.99,A high-quality mobile phone — smartphones product with excellent build quality and modern design.,/abo-images-small (1)/images/small/d1/d1f7fbf0.jpg
D:\FYP Project\fypapp\abo-images-small (1)\images\small\4a\4adbc74e.jpg,Digital Tablet,Tablets,449.99,A high-quality digital tablet — tablets product with excellent build quality and modern design.,/abo-images-small (1)/images/small/4a/4adbc74e.jpg
D:\FYP Project\fypapp\abo-images-small (1)\images\small\fb\fb2e2bd7.jpg,Platform Bed,Beds,499.99,A high-quality platform bed — beds product with excellent build quality and modern design.,/abo-images-small (1)/images/small/fb/fb2e2bd7.jpg
D:\FYP Project\fypapp\abo-images-small (1)\images\small\78\7899a75c.jpg,Sneakers,Shoes,89.99,A high-quality sneakers — shoes product with excellent build quality and modern design.,/abo-images-small (1)/images/small/78/7899a75c.jpg
D:\FYP Project\fypapp\abo-images-small (1)\images\small\48\48859e0e.jpg,Wireless Earbuds,Headphones,149.99,A high-quality wireless earbuds — headphones product with excellent build quality and modern design.,/abo-images-small (1)/images/small/48/48859e0e.jpg
D:\FYP Project\fypapp\abo-images-small (1)\images\small\f0\f0d82e64.jpg,Fitness Equipment,Sports,34.99,A high-quality fitness equipment — sports product with excellent build quality and modern design.,/abo-images-small (1)/images/small/f0/f0d82e64.jpg
D:\FYP Project\fypapp\abo-images-small (1)\images\small\db\dbd14dc2.jpg,Boots,Shoes,89.99,A high-quality boots — shoes product with excellent build quality and modern design.,/abo-images-small (1)/images/small/db/dbd14dc2.jpg
D:\FYP Project\fypapp\abo-images-small (1)\images\small\5c\5cc648d4.jpg,Bed Frame,Beds,499.99,A high-quality bed frame — beds product with excellent build quality and modern design.,/abo-images-small (1)/images/small/5c/5cc648d4.jpg
D:\FYP Project\fypapp\abo-images-small (1)\images\small\aa\aae50b35.jpg,Bowl Set,Dinnerware,49.99,A high-quality bowl set — dinnerware product with excellent build quality and modern design.,/abo-images-small (1)/images/small/aa/aae50b35.jpg
D:\FYP Project\fypapp\abo-images-small (1)\images\small\58\5884f4aa.jpg,Exercise Gear,Sports,34.99,A high-quality exercise gear — sports product with excellent build quality and modern design.,/abo-images-small (1)/images/small/58/5884f4aa.jpg
D:\FYP Project\fypapp\abo-images-small (1)\images\small\11\1113b844.jpg,Yoga Mat,Sports,34.99,A high-quality yoga mat — sports product with excellent build quality and modern design.,/abo-images-small (1)/images/small/11/1113b844.jpg
D:\FYP Project\fypapp\abo-images-small (1)\images\small\1f\1f3b19e7.jpg,Mobile Phone,Smartphones,699.99,A high-quality mobile phone — smartphones product with excellent build quality and modern design.,/abo-images-small (1)/images/small/1f/1f3b19e7.jpg
D:\FYP Project\fypapp\abo-images-small (1)\images\small\db\dbd4fb31.jpg,Blender,Appliances,129.99,A high-quality blender — appliances product with excellent build quality and modern design.,/abo-images-small (1)/images/small/db/dbd4fb31.jpg
D:\FYP Project\fypapp\abo-images-small (1)\images\small\93\9397b9e4.jpg,iPhone,Smartphones,699.99,A high-quality iphone — smartphones product with excellent build quality and modern design.,/abo-images-small (1)/images/small/93/9397b9e4.jpg
D:\FYP Project\fypapp\abo-images-small (1)\images\small\0e\0ed3351e.jpg,Mobile Phone,Smartphones,699.99,A high-quality mobile phone — smartphones product with excellent build quality and modern design.,/abo-images-small (1)/images/small/0e/0ed3351e.jpg
D:\FYP Project\fypapp\abo-images-small (1)\images\small\01\0138f477.jpg,Android Phone,Smartphones,699.99,A high-quality android phone — smartphones product with excellent build quality and modern design.,/abo-images-small (1)/images/small/01/0138f477.jpg
D:\FYP Project\fypapp\abo-images-small (1)\images\small\75\7565c922.jpg,iPhone,Smartphones,699.99,A high-quality iphone — smartphones product with excellent build quality and modern design.,/abo-images-small (1)/images/small/75/7565c922.jpg
D:\FYP Project\fypapp\abo-images-small (1)\images\small\2c\2c24c25f.jpg,Sneakers,Shoes,89.99,A high-quality sneakers — shoes product with excellent build quality and modern design.,/abo-images-small (1)/images/small/2c/2c24c25f.jpg
D:\FYP Project\fypapp\abo-images-small (1)\images\small\dc\dcd5236c.jpg,Mobile Phone,Smartphones,699.99,A high-quality mobile phone — smartphones product with excellent build quality and modern design.,/abo-images-small (1)/images/small/dc/dcd5236c.jpg
D:\FYP Project\fypapp\abo-images-small (1)\images\small\5c\5c1d05b7.jpg,Cooking Pot,Cookware,89.99,A high-quality cooking pot — cookware product with excellent build quality and modern design.,/abo-images-small (1)/images/small/5c/5c1d05b7.jpg
D:\FYP Project\fypapp\abo-images-small (1)\images\small\38\3882c3d1.jpg,Exercise Gear,Sports,34.99,A high-quality exercise gear — sports product with excellent build quality and modern design.,/abo-images-small (1)/images/small/38/3882c3d1.jpg
D:\FYP Project\fypapp\abo-images-small (1)\images\small\99\99ba9cf3.jpg,Cookware Set,Cookware,89.99,A high-quality cookware set — cookware product with excellent build quality and modern design.,/abo-images-small (1)/images/small/99/99ba9cf3.jpg
D:\FYP Project\fypapp\abo-images-small (1)\images\small\bf\bffa20cf.jpg,Winter Coat,Jackets,119.99,A high-quality winter coat — jackets product with excellent build quality and modern design.,/abo-images-small (1)/images/small/bf/bffa20cf.jpg
D:\FYP Project\fypapp\abo-images-small (1)\images\small\f7\f7222872.jpg,Sectional Sofa,Sofas,799.99,A high-quality sectional sofa — sofas product with excellent build quality and modern design.,/abo-images-small (1)/images/small/f7/f7222872.jpg
D:\FYP Project\fypapp\abo-images-small (1)\images\small\95\9505161d.jpg,Loveseat,Sofas,799.99,A high-quality loveseat — sofas product with excellent build quality and modern design.,/abo-images-small (1)/images/small/95/9505161d.jpg
D:\FYP Project\fypapp\abo-images-small (1)\images\small\c3\c30bc545.jpg,Office Chair,Chairs,199.99,A high-quality office chair — chairs product with excellent build quality and modern design.,/abo-images-small (1)/images/small/c3/c30bc545.jpg
D:\FYP Project\fypapp\abo-images-small (1)\images\small\03\0346e067.jpg,Mobile Phone,Smartphones,699.99,A high-quality mobile phone — smartphones product with excellent build quality and modern design.,/abo-images-small (1)/images/small/03/0346e067.jpg
D:\FYP Project\fypapp\abo-images-small (1)\images\small\25\25c10d98.jpg,Android Phone,Smartphones,699.99,A high-quality android phone — smartphones product with excellent build quality and modern design.,/abo-images-small (1)/images/small/25/25c10d98.jpg
D:\FYP Project\fypapp\abo-images-small (1)\images\small\f2\f215567a.jpg,Smartphone,Smartphones,699.99,A high-quality smartphone — smartphones product with excellent build quality and modern design.,/abo-images-small (1)/images/small/f2/f215567a.jpg
D:\FYP Project\fypapp\abo-images-small (1)\images\small\32\32551371.jpg,Mobile Phone,Smartphones,699.99,A high-quality mobile phone — smartphones product with excellent build quality and modern design.,/abo-images-small (1)/images/small/32/32551371.jpg
D:\FYP Project\fypapp\abo-images-small (1)\images\small\bd\bdf419d9.jpg,Bowl Set,Dinnerware,49.99,A high-quality bowl set — dinnerware product with excellent build quality and modern design.,/abo-images-small (1)/images/small/bd/bdf419d9.jpg
D:\FYP Project\fypapp\abo-images-small (1)\images\small\0c\0c3264ac.jpg,Exercise Gear,Sports,34.99,A high-quality exercise gear — sports product with excellent build quality and modern design.,/abo-images-small (1)/images/small/0c/0c3264ac.jpg
D:\FYP Project\fypapp\abo-images-small (1)\images\small\81\8164e74d.jpg,Dining Table,Tables,299.99,A high-quality dining table — tables product with excellent build quality and modern design.,/abo-images-small (1)/images/small/81/8164e74d.jpg
D:\FYP Project\fypapp\abo-images-small (1)\images\small\c0\c0445347.jpg,Ultrabook,Laptops,899.99,A high-quality ultrabook — laptops product with excellent build quality and modern design.,/abo-images-small (1)/images/small/c0/c0445347.jpg
D:\FYP Project\fypapp\abo-images-small (1)\images\small\32\3202a1a8.jpg,Skillet,Cookware,89.99,A high-quality skillet — cookware product with excellent build quality and modern design.,/abo-images-small (1)/images/small/32/3202a1a8.jpg
D:\FYP Project\fypapp\abo-images-small (1)\images\small\95\95bc298f.jpg,Smartphone,Smartphones,699.99,A high-quality smartphone — smartphones product with excellent build quality and modern design.,/abo-images-small (1)/images/small/95/95bc298f.jpg
D:\FYP Project\fypapp\abo-images-small (1)\images\small\2b\2b034939.jpg,Mobile Phone,Smartphones,699.99,A high-quality mobile phone — smartphones product with excellent build quality and modern design.,/abo-images-small (1)/images/small/2b/2b034939.jpg
D:\FYP Project\fypapp\abo-images-small (1)\images\small\0e\0e1156dc.jpg,Summer Dress,Dresses,59.99,A high-quality summer dress — dresses product with excellent build quality and modern design.,/abo-images-small (1)/images/small/0e/0e1156dc.jpg
D:\FYP Project\fypapp\abo-images-small (1)\images\small\6b\6bc76cbd.jpg,Windbreaker,Jackets,119.99,A high-quality windbreaker — jackets product with excellent build quality and modern design.,/abo-images-small (1)/images/small/6b/6bc76cbd.jpg
D:\FYP Project\fypapp\abo-images-small (1)\images\small\7f\7fde35aa.jpg,Tablet,Tablets,449.99,A high-quality tablet — tablets product with excellent build quality and modern design.,/abo-images-small (1)/images/small/7f/7fde35aa.jpg
D:\FYP Project\fypapp\abo-images-small (1)\images\small\0d\0d6ef063.jpg,Mobile Phone,Smartphones,699.99,A high-quality mobile phone — smartphones product with excellent build quality and modern design.,/abo-images-small (1)/images/small/0d/0d6ef063.jpg
D:\FYP Project\fypapp\abo-images-small (1)\images\small\7d\7d9611b5.jpg,Android Phone,Smartphones,699.99,A high-quality android phone — smartphones product with excellent build quality and modern design.,/abo-images-small (1)/images/small/7d/7d9611b5.jpg
D:\FYP Project\fypapp\abo-images-small (1)\images\small\4a\4aac1e99.jpg,iPhone,Smartphones,699.99,A high-quality iphone — smartphones product with excellent build quality and modern design.,/abo-images-small (1)/images/small/4a/4aac1e99.jpg
D:\FYP Project\fypapp\abo-images-small (1)\images\small\ef\ef015989.jpg,Smartphone,Smartphones,699.99,A high-quality smartphone — smartphones product with excellent build quality and modern design.,/abo-images-small (1)/images/small/ef/ef015989.jpg
D:\FYP Project\fypapp\abo-images-small (1)\images\small\57\57fea1bf.jpg,Running Shoes,Shoes,89.99,A high-quality running shoes — shoes product with excellent build quality and modern design.,/abo-images-small (1)/images/small/57/57fea1bf.jpg
D:\FYP Project\fypapp\abo-images-small (1)\images\small\e7\e7d668ca.jpg,Android Phone,Smartphones,699.99,A high-quality android phone — smartphones product with excellent build quality and modern design.,/abo-images-small (1)/images/small/e7/e7d668ca.jpg
D:\FYP Project\fypapp\abo-images-small (1)\images\small\22\22bc3262.jpg,Skillet,Cookware,89.99,A high-quality skillet — cookware product with excellent build quality and modern design.,/abo-images-small (1)/images/small/22/22bc3262.jpg
D:\FYP Project\fypapp\abo-images-small (1)\images\small\c2\c2ba8fb8.jpg,Mobile Phone,Smartphones,699.99,A high-quality mobile phone — smartphones product with excellent build quality and modern design.,/abo-images-small (1)/images/small/c2/c2ba8fb8.jpg
D:\FYP Project\fypapp\abo-images-small (1)\images\small\8d\8dd1cb74.jpg,Blender,Appliances,129.99,A high-quality blender — appliances product with excellent build quality and modern design.,/abo-images-small (1)/images/small/8d/8dd1cb74.jpg
D:\FYP Project\fypapp\abo-images-small (1)\images\small\d7\d74fa89d.jpg,Platform Bed,Beds,499.99,A high-quality platform bed — beds product with excellent build quality and modern design.,/abo-images-small (1)/images/small/d7/d74fa89d.jpg
D:\FYP Project\fypapp\abo-images-small (1)\images\small\53\539e2ee9.jpg,Mobile Phone,Smartphones,699.99,A high-quality mobile phone — smartphones product with excellent build quality and modern design.,/abo-images-small (1)/images/small/53/539e2ee9.jpg
D:\FYP Project\fypapp\abo-images-small (1)\images\small\3d\3da01088.jpg,Platform Bed,Beds,499.99,A high-quality platform bed — beds product with excellent build quality and modern design.,/abo-images-small (1)/images/small/3d/3da01088.jpg
D:\FYP Project\fypapp\abo-images-small (1)\images\small\8f\8fcd3657.jpg,Jeans,Jeans,69.99,A high-quality jeans — jeans product with excellent build quality and modern design.,/abo-images-small (1)/images/small/8f/8fcd3657.jpg
D:\FYP Project\fypapp\abo-images-small (1)\images\small\3e\3e6cf7a6.jpg,Digital Tablet,Tablets,449.99,A high-quality digital tablet — tablets product with excellent build quality and modern design.,/abo-images-small (1)/images/small/3e/3e6cf7a6.jpg
D:\FYP Project\fypapp\abo-images-small (1)\images\small\8f\8f978597.jpg,Dining Table,Tables,299.99,A high-quality dining table — tables product with excellent build quality and modern design.,/abo-images-small (1)/images/small/8f/8f978597.jpg
D:\FYP Project\fypapp\abo-images-small (1)\images\small\e8\e8d918fa.jpg,Queen Bed,Beds,499.99,A high-quality queen bed — beds product with excellent build quality and modern design.,/abo-images-small (1)/images/small/e8/e8d918fa.jpg
D:\FYP Project\fypapp\abo-images-small (1)\images\small\57\578a47e1.jpg,Android Phone,Smartphones,699.99,A high-quality android phone — smartphones product with excellent build quality and modern design.,/abo-images-small (1)/images/small/57/578a47e1.jpg
D:\FYP Project\fypapp\abo-images-small (1)\images\small\5d\5dbe866d.jpg,iPhone,Smartphones,699.99,A high-quality iphone — smartphones product with excellent build quality and modern design.,/abo-images-small (1)/images/small/5d/5dbe866d.jpg
D:\FYP Project\fypapp\abo-images-small (1)\images\small\37\37bde765.jpg,Smartphone,Smartphones,699.99,A high-quality smartphone — smartphones product with excellent build quality and modern design.,/abo-images-small (1)/images/small/37/37bde765.jpg
D:\FYP Project\fypapp\abo-images-small (1)\images\small\f5\f5a70a1f.jpg,Mobile Phone,Smartphones,699.99,A high-quality mobile phone — smartphones product with excellent build quality and modern design.,/abo-images-small (1)/images/small/f5/f5a70a1f.jpg
D:\FYP Project\fypapp\abo-images-small (1)\images\small\24\248140e4.jpg,Side Table,Tables,299.99,A high-quality side table — tables product with excellent build quality and modern design.,/abo-images-small (1)/images/small/24/248140e4.jpg
D:\FYP Project\fypapp\abo-images-small (1)\images\small\85\85d8f76d.jpg,Action Camera,Cameras,549.99,A high-quality action camera — cameras product with excellent build quality and modern design.,/abo-images-small (1)/images/small/85/85d8f76d.jpg
D:\FYP Project\fypapp\abo-images-small (1)\images\small\a4\a4de1d5e.jpg,Mobile Phone,Smartphones,699.99,A high-quality mobile phone — smartphones product with excellent build quality and modern design.,/abo-images-small (1)/images/small/a4/a4de1d5e.jpg
D:\FYP Project\fypapp\abo-images-small (1)\images\small\4e\4ec8ef16.jpg,Outdoor Equipment,Outdoors,149.99,A high-quality outdoor equipment — outdoors product with excellent build quality and modern design.,/abo-images-small (1)/images/small/4e/4ec8ef16.jpg
D:\FYP Project\fypapp\abo-images-small (1)\images\small\47\472c009a.jpg,Boots,Shoes,89.99,A high-quality boots — shoes product with excellent build quality and modern design.,/abo-images-small (1)/images/small/47/472c009a.jpg
D:\FYP Project\fypapp\abo-images-small (1)\images\small\a0\a04f9b7c.jpg,Dress,Dresses,59.99,A high-quality dress — dresses product with excellent build quality and modern design.,/abo-images-small (1)/images/small/a0/a04f9b7c.jpg
D:\FYP Project\fypapp\abo-images-small (1)\images\small\7a\7adb5932.jpg,Running Shoes,Shoes,89.99,A high-quality running shoes — shoes product with excellent build quality and modern design.,/abo-images-small (1)/images/small/7a/7adb5932.jpg
D:\FYP Project\fypapp\abo-images-small (1)\images\small\6a\6ac01521.jpg,Accent Chair,Chairs,199.99,A high-quality accent chair — chairs product with excellent build quality and modern design.,/abo-images-small (1)/images/small/6a/6ac01521.jpg
D:\FYP Project\fypapp\abo-images-small (1)\images\small\50\5093cde7.jpg,Android Tablet,Tablets,449.99,A high-quality android tablet — tablets product with excellent build quality and modern design.,/abo-images-small (1)/images/small/50/5093cde7.jpg
D:\FYP Project\fypapp\abo-images-small (1)\images\small\4e\4ef4d1ec.jpg,Sneakers,Shoes,89.99,A high-quality sneakers — shoes product with excellent build quality and modern design.,/abo-images-small (1)/images/small/4e/4ef4d1ec.jpg
D:\FYP Project\fypapp\abo-images-small (1)\images\small\08\080cee67.jpg,Running Shoes,Shoes,89.99,A high-quality running shoes — shoes product with excellent build quality and modern design.,/abo-images-small (1)/images/small/08/080cee67.jpg
D:\FYP Project\fypapp\abo-images-small (1)\images\small\e5\e595815e.jpg,Puffer Jacket,Jackets,119.99,A high-quality puffer jacket — jackets product with excellent build quality and modern design.,/abo-images-small (1)/images/small/e5/e595815e.jpg
D:\FYP Project\fypapp\abo-images-small (1)\images\small\44\440417e2.jpg,Action Camera,Cameras,549.99,A high-quality action camera — cameras product with excellent build quality and modern design.,/abo-images-small (1)/images/small/44/440417e2.jpg
D:\FYP Project\fypapp\abo-images-small (1)\images\small\72\72a3bd47.jpg,Microwave,Appliances,129.99,A high-quality microwave — appliances product with excellent build quality and modern design.,/abo-images-small (1)/images/small/72/72a3bd47.jpg
D:\FYP Project\fypapp\abo-images-small (1)\images\small\61\61cb8dab.jpg,Accent Chair,Chairs,199.99,A high-quality accent chair — chairs product with excellent build quality and modern design.,/abo-images-small (1)/images/small/61/61cb8dab.jpg
D:\FYP Project\fypapp\abo-images-small (1)\images\small\17\176a5898.jpg,iPhone,Smartphones,699.99,A high-quality iphone — smartphones product with excellent build quality and modern design.,/abo-images-small (1)/images/small/17/176a5898.jpg
D:\FYP Project\fypapp\abo-images-small (1)\images\small\61\61f60299.jpg,Office Chair,Chairs,199.99,A high-quality office chair — chairs product with excellent build quality and modern design.,/abo-images-small (1)/images/small/61/61f60299.jpg
D:\FYP Project\fypapp\abo-images-small (1)\images\small\7b\7b5574e7.jpg,Mobile Phone,Smartphones,699.99,A high-quality mobile phone — smartphones product with excellent build quality and modern design.,/abo-images-small (1)/images/small/7b/7b5574e7.jpg
D:\FYP Project\fypapp\abo-images-small (1)\images\small\df\df5b0c70.jpg,Side Table,Tables,299.99,A high-quality side table — tables product with excellent build quality and modern design.,/abo-images-small (1)/images/small/df/df5b0c70.jpg
D:\FYP Project\fypapp\abo-images-small (1)\images\small\b1\b1e1a72d.jpg,Coffee Maker,Appliances,129.99,A high-quality coffee maker — appliances product with excellent build quality and modern design.,/abo-images-small (1)/images/small/b1/b1e1a72d.jpg
D:\FYP Project\fypapp\abo-images-small (1)\images\small\8b\8b945768.jpg,Tablet,Tablets,449.99,A high-quality tablet — tablets product with excellent build quality and modern design.,/abo-images-small (1)/images/small/8b/8b945768.jpg
D:\FYP Project\fypapp\abo-images-small (1)\images\small\ee\ee273ae2.jpg,Mobile Phone,Smartphones,699.99,A high-quality mobile phone — smartphones product with excellent build quality and modern design.,/abo-images-small (1)/images/small/ee/ee273ae2.jpg
D:\FYP Project\fypapp\abo-images-small (1)\images\small\ba\bae0259a.jpg,Outdoor Equipment,Outdoors,149.99,A high-quality outdoor equipment — outdoors product with excellent build quality and modern design.,/abo-images-small (1)/images/small/ba/bae0259a.jpg
D:\FYP Project\fypapp\abo-images-small (1)\images\small\74\7496f804.jpg,iPhone,Smartphones,699.99,A high-quality iphone — smartphones product with excellent build quality and modern design.,/abo-images-small (1)/images/small/74/7496f804.jpg
D:\FYP Project\fypapp\abo-images-small (1)\images\small\09\09657514.jpg,Smartphone,Smartphones,699.99,A high-quality smartphone — smartphones product with excellent build quality and modern design.,/abo-images-small (1)/images/small/09/09657514.jpg
D:\FYP Project\fypapp\abo-images-small (1)\images\small\26\26e51eff.jpg,Mobile Phone,Smartphones,699.99,A high-quality mobile phone — smartphones product with excellent build quality and modern design.,/abo-images-small (1)/images/small/26/26e51eff.jpg
D:\FYP Project\fypapp\abo-images-small (1)\images\small\5b\5bddb461.jpg,Outdoor Equipment,Outdoors,149.99,A high-quality outdoor equipment — outdoors product with excellent build quality and modern design.,/abo-images-small (1)/images/small/5b/5bddb461.jpg
D:\FYP Project\fypapp\abo-images-small (1)\images\small\3e\3e20adae.jpg,Loveseat,Sofas,799.99,A high-quality loveseat — sofas product with excellent build quality and modern design.,/abo-images-small (1)/images/small/3e/3e20adae.jpg
D:\FYP Project\fypapp\abo-images-small (1)\images\small\c9\c9ce1a03.jpg,Laptop,Laptops,899.99,A high-quality laptop — laptops product with excellent build quality and modern design.,/abo-images-small (1)/images/small/c9/c9ce1a03.jpg
D:\FYP Project\fypapp\abo-images-small (1)\images\small\5d\5d51d4e0.jpg,Coffee Table,Tables,299.99,A high-quality coffee table — tables product with excellent build quality and modern design.,/abo-images-small (1)/images/small/5d/5d51d4e0.jpg
D:\FYP Project\fypapp\abo-images-small (1)\images\small\0c\0ce75114.jpg,Android Phone,Smartphones,699.99,A high-quality android phone — smartphones product with excellent build quality and modern design.,/abo-images-small (1)/images/small/0c/0ce75114.jpg
D:\FYP Project\fypapp\abo-images-small (1)\images\small\24\249c8e37.jpg,Coffee Maker,Appliances,129.99,A high-quality coffee maker — appliances product with excellent build quality and modern design.,/abo-images-small (1)/images/small/24/249c8e37.jpg
D:\FYP Project\fypapp\abo-images-small (1)\images\small\cf\cf279933.jpg,Jeans,Jeans,69.99,A high-quality jeans — jeans product with excellent build quality and modern design.,/abo-images-small (1)/images/small/cf/cf279933.jpg
D:\FYP Project\fypapp\abo-images-small (1)\images\small\97\974de20c.jpg,iPad,Tablets,449.99,A high-quality ipad — tablets product with excellent build quality and modern design.,/abo-images-small (1)/images/small/97/974de20c.jpg
D:\FYP Project\fypapp\abo-images-small (1)\images\small\79\798e42b3.jpg,Casual Shoes,Shoes,89.99,A high-quality casual shoes — shoes product with excellent build quality and modern design.,/abo-images-small (1)/images/small/79/798e42b3.jpg
D:\FYP Project\fypapp\abo-images-small (1)\images\small\6d\6da32241.jpg,Yoga Mat,Sports,34.99,A high-quality yoga mat — sports product with excellent build quality and modern design.,/abo-images-small (1)/images/small/6d/6da32241.jpg
D:\FYP Project\fypapp\abo-images-small (1)\images\small\97\97ef8f35.jpg,Resistance Bands,Sports,34.99,A high-quality resistance bands — sports product with excellent build quality and modern design.,/abo-images-small (1)/images/small/97/97ef8f35.jpg
D:\FYP Project\fypapp\abo-images-small (1)\images\small\d2\d26fcf6a.jpg,Android Phone,Smartphones,699.99,A high-quality android phone — smartphones product with excellent build quality and modern design.,/abo-images-small (1)/images/small/d2/d26fcf6a.jpg
D:\FYP Project\fypapp\abo-images-small (1)\images\small\b2\b28e0621.jpg,Platform Bed,Beds,499.99,A high-quality platform bed — beds product with excellent build quality and modern design.,/abo-images-small (1)/images/small/b2/b28e0621.jpg
D:\FYP Project\fypapp\abo-images-small (1)\images\small\26\26ffb507.jpg,Sneakers,Shoes,89.99,A high-quality sneakers — shoes product with excellent build quality and modern design.,/abo-images-small (1)/images/small/26/26ffb507.jpg
D:\FYP Project\fypapp\abo-images-small (1)\images\small\86\86ba4af6.jpg,Resistance Bands,Sports,34.99,A high-quality resistance bands — sports product with excellent build quality and modern design.,/abo-images-small (1)/images/small/86/86ba4af6.jpg
D:\FYP Project\fypapp\abo-images-small (1)\images\small\c8\c8655fe1.jpg,Polo Shirt,Shirts,39.99,A high-quality polo shirt — shirts product with excellent build quality and modern design.,/abo-images-small (1)/images/small/c8/c8655fe1.jpg
D:\FYP Project\fypapp\abo-images-small (1)\images\small\43\430a551b.jpg,Backpack,Outdoors,149.99,A high-quality backpack — outdoors product with excellent build quality and modern design.,/abo-images-small (1)/images/small/43/430a551b.jpg
D:\FYP Project\fypapp\abo-images-small (1)\images\small\59\59b4a819.jpg,Smartphone,Smartphones,699.99,A high-quality smartphone — smartphones product with excellent build quality and modern design.,/abo-images-small (1)/images/small/59/59b4a819.jpg
D:\FYP Project\fypapp\abo-images-small (1)\images\small\0e\0eecdc79.jpg,Hiking Gear,Outdoors,149.99,A high-quality hiking gear — outdoors product with excellent build quality and modern design.,/abo-images-small (1)/images/small/0e/0eecdc79.jpg
D:\FYP Project\fypapp\abo-images-small (1)\images\small\f8\f82d6267.jpg,Over-Ear Headphones,Headphones,149.99,A high-quality over-ear headphones — headphones product with excellent build quality and modern design.,/abo-images-small (1)/images/small/f8/f82d6267.jpg
D:\FYP Project\fypapp\abo-images-small (1)\images\small\97\97ce80f5.jpg,Backpack,Outdoors,149.99,A high-quality backpack — outdoors product with excellent build quality and modern design.,/abo-images-small (1)/images/small/97/97ce80f5.jpg
D:\FYP Project\fypapp\abo-images-small (1)\images\small\00\00987302.jpg,Tablet,Tablets,449.99,A high-quality tablet — tablets product with excellent build quality and modern design.,/abo-images-small (1)/images/small/00/00987302.jpg
D:\FYP Project\fypapp\abo-images-small (1)\images\small\bb\bb8e9d48.jpg,Android Phone,Smartphones,699.99,A high-quality android phone — smartphones product with excellent build quality and modern design.,/abo-images-small (1)/images/small/bb/bb8e9d48.jpg
D:\FYP Project\fypapp\abo-images-small (1)\images\small\f0\f0a04227.jpg,Platform Bed,Beds,499.99,A high-quality platform bed — beds product with excellent build quality and modern design.,/abo-images-small (1)/images/small/f0/f0a04227.jpg
D:\FYP Project\fypapp\abo-images-small (1)\images\small\fb\fbcba3fc.jpg,Tablet,Tablets,449.99,A high-quality tablet — tablets product with excellent build quality and modern design.,/abo-images-small (1)/images/small/fb/fbcba3fc.jpg
D:\FYP Project\fypapp\abo-images-small (1)\images\small\e9\e914f7b7.jpg,Mobile Phone,Smartphones,699.99,A high-quality mobile phone — smartphones product with excellent build quality and modern design.,/abo-images-small (1)/images/small/e9/e914f7b7.jpg
D:\FYP Project\fypapp\abo-images-small (1)\images\small\45\45533ff0.jpg,Casual Shoes,Shoes,89.99,A high-quality casual shoes — shoes product with excellent build quality and modern design.,/abo-images-small (1)/images/small/45/45533ff0.jpg
D:\FYP Project\fypapp\abo-images-small (1)\images\small\7f\7fba23be.jpg,iPhone,Smartphones,699.99,A high-quality iphone — smartphones product with excellent build quality and modern design.,/abo-images-small (1)/images/small/7f/7fba23be.jpg
D:\FYP Project\fypapp\abo-images-small (1)\images\small\96\963e7956.jpg,Headphones,Headphones,149.99,A high-quality headphones — headphones product with excellent build quality and modern design.,/abo-images-small (1)/images/small/96/963e7956.jpg
D:\FYP Project\fypapp\abo-images-small (1)\images\small\17\179cc8bf.jpg,Mobile Phone,Smartphones,699.99,A high-quality mobile phone — smartphones product with excellent build quality and modern design.,/abo-images-small (1)/images/small/17/179cc8bf.jpg
D:\FYP Project\fypapp\abo-images-small (1)\images\small\e6\e6f7429a.jpg,Puffer Jacket,Jackets,119.99,A high-quality puffer jacket — jackets product with excellent build quality and modern design.,/abo-images-small (1)/images/small/e6/e6f7429a.jpg
D:\FYP Project\fypapp\abo-images-small (1)\images\small\74\7445502d.jpg,Loveseat,Sofas,799.99,A high-quality loveseat — sofas product with excellent build quality and modern design.,/abo-images-small (1)/images/small/74/7445502d.jpg
D:\FYP Project\fypapp\abo-images-small (1)\images\small\d8\d8187ade.jpg,Yoga Mat,Sports,34.99,A high-quality yoga mat — sports product with excellent build quality and modern design.,/abo-images-small (1)/images/small/d8/d8187ade.jpg
D:\FYP Project\fypapp\abo-images-small (1)\images\small\6d\6db8cffe.jpg,Mobile Phone,Smartphones,699.99,A high-quality mobile phone — smartphones product with excellent build quality and modern design.,/abo-images-small (1)/images/small/6d/6db8cffe.jpg
D:\FYP Project\fypapp\abo-images-small (1)\images\small\2a\2a0d7c8d.jpg,Android Phone,Smartphones,699.99,A high-quality android phone — smartphones product with excellent build quality and modern design.,/abo-images-small (1)/images/small/2a/2a0d7c8d.jpg
D:\FYP Project\fypapp\abo-images-small (1)\images\small\fb\fbece1cb.jpg,iPhone,Smartphones,699.99,A high-quality iphone — smartphones product with excellent build quality and modern design.,/abo-images-small (1)/images/small/fb/fbece1cb.jpg
D:\FYP Project\fypapp\abo-images-small (1)\images\small\69\6922079d.jpg,Cookware Set,Cookware,89.99,A high-quality cookware set — cookware product with excellent build quality and modern design.,/abo-images-small (1)/images/small/69/6922079d.jpg
D:\FYP Project\fypapp\abo-images-small (1)\images\small\6c\6c1d8845.jpg,Digital Tablet,Tablets,449.99,A high-quality digital tablet — tablets product with excellent build quality and modern design.,/abo-images-small (1)/images/small/6c/6c1d8845.jpg
D:\FYP Project\fypapp\abo-images-small (1)\images\small\e7\e7d36641.jpg,Windbreaker,Jackets,119.99,A high-quality windbreaker — jackets product with excellent build quality and modern design.,/abo-images-small (1)/images/small/e7/e7d36641.jpg
D:\FYP Project\fypapp\abo-images-small (1)\images\small\8e\8e7acd6a.jpg,Smartphone,Smartphones,699.99,A high-quality smartphone — smartphones product with excellent build quality and modern design.,/abo-images-small (1)/images/small/8e/8e7acd6a.jpg
D:\FYP Project\fypapp\abo-images-small (1)\images\small\71\71e61521.jpg,Maxi Dress,Dresses,59.99,A high-quality maxi dress — dresses product with excellent build quality and modern design.,/abo-images-small (1)/images/small/71/71e61521.jpg
D:\FYP Project\fypapp\abo-images-small (1)\images\small\8c\8c7c0242.jpg,Sectional Sofa,Sofas,799.99,A high-quality sectional sofa — sofas product with excellent build quality and modern design.,/abo-images-small (1)/images/small/8c/8c7c0242.jpg
D:\FYP Project\fypapp\abo-images-small (1)\images\small\f4\f4418f59.jpg,iPhone,Smartphones,699.99,A high-quality iphone — smartphones product with excellent build quality and modern design.,/abo-images-small (1)/images/small/f4/f4418f59.jpg
D:\FYP Project\fypapp\abo-images-small (1)\images\small\67\6793f4b9.jpg,Bed Frame,Beds,499.99,A high-quality bed frame — beds product with excellent build quality and modern design.,/abo-images-small (1)/images/small/67/6793f4b9.jpg
D:\FYP Project\fypapp\abo-images-small (1)\images\small\2a\2af313aa.jpg,Accent Chair,Chairs,199.99,A high-quality accent chair — chairs product with excellent build quality and modern design.,/abo-images-small (1)/images/small/2a/2af313aa.jpg
D:\FYP Project\fypapp\abo-images-small (1)\images\small\43\439af459.jpg,Desk,Tables,299.99,A high-quality desk — tables product with excellent build quality and modern design.,/abo-images-small (1)/images/small/43/439af459.jpg
D:\FYP Project\fypapp\abo-images-small (1)\images\small\92\9290bd41.jpg,Jacket,Jackets,119.99,A high-quality jacket — jackets product with excellent build quality and modern design.,/abo-images-small (1)/images/small/92/9290bd41.jpg
D:\FYP Project\fypapp\abo-images-small (1)\images\small\e7\e72ff35f.jpg,Microwave,Appliances,129.99,A high-quality microwave — appliances product with excellent build quality and modern design.,/abo-images-small (1)/images/small/e7/e72ff35f.jpg
D:\FYP Project\fypapp\abo-images-small (1)\images\small\84\84b10f43.jpg,King Bed,Beds,499.99,A high-quality king bed — beds product with excellent build quality and modern design.,/abo-images-small (1)/images/small/84/84b10f43.jpg
D:\FYP Project\fypapp\abo-images-small (1)\images\small\ed\ed5ba86d.jpg,Denim Pants,Jeans,69.99,A high-quality denim pants — jeans product with excellent build quality and modern design.,/abo-images-small (1)/images/small/ed/ed5ba86d.jpg
D:\FYP Project\fypapp\abo-images-small (1)\images\small\3c\3c9d1131.jpg,Cookware Set,Cookware,89.99,A high-quality cookware set — cookware product with excellent build quality and modern design.,/abo-images-small (1)/images/small/3c/3c9d1131.jpg
D:\FYP Project\fypapp\abo-images-small (1)\images\small\d5\d58f0c5c.jpg,Running Shoes,Shoes,89.99,A high-quality running shoes — shoes product with excellent build quality and modern design.,/abo-images-small (1)/images/small/d5/d58f0c5c.jpg
D:\FYP Project\fypapp\abo-images-small (1)\images\small\c5\c5d6d320.jpg,Android Phone,Smartphones,699.99,A high-quality android phone — smartphones product with excellent build quality and modern design.,/abo-images-small (1)/images/small/c5/c5d6d320.jpg
D:\FYP Project\fypapp\abo-images-small (1)\images\small\69\695db1fc.jpg,Earphones,Headphones,149.99,A high-quality earphones — headphones product with excellent build quality and modern design.,/abo-images-small (1)/images/small/69/695db1fc.jpg
D:\FYP Project\fypapp\abo-images-small (1)\images\small\8d\8db862d5.jpg,Smartphone,Smartphones,699.99,A high-quality smartphone — smartphones product with excellent build quality and modern design.,/abo-images-small (1)/images/small/8d/8db862d5.jpg
D:\FYP Project\fypapp\abo-images-small (1)\images\small\be\beb83145.jpg,iPad,Tablets,449.99,A high-quality ipad — tablets product with excellent build quality and modern design.,/abo-images-small (1)/images/small/be/beb83145.jpg
D:\FYP Project\fypapp\abo-images-small (1)\images\small\00\001fcf42.jpg,Android Phone,Smartphones,699.99,A high-quality android phone — smartphones product with excellent build quality and modern design.,/abo-images-small (1)/images/small/00/001fcf42.jpg
D:\FYP Project\fypapp\abo-images-small (1)\images\small\6a\6a53d4b6.jpg,iPhone,Smartphones,699.99,A high-quality iphone — smartphones product with excellent build quality and modern design.,/abo-images-small (1)/images/small/6a/6a53d4b6.jpg
D:\FYP Project\fypapp\abo-images-small (1)\images\small\64\64a72fb6.jpg,Smartphone,Smartphones,699.99,A high-quality smartphone — smartphones product with excellent build quality and modern design.,/abo-images-small (1)/images/small/64/64a72fb6.jpg
D:\FYP Project\fypapp\abo-images-small (1)\images\small\4a\4ab5f6eb.jpg,Mobile Phone,Smartphones,699.99,A high-quality mobile phone — smartphones product with excellent build quality and modern design.,/abo-images-small (1)/images/small/4a/4ab5f6eb.jpg
D:\FYP Project\fypapp\abo-images-small (1)\images\small\95\95c5aee0.jpg,Android Phone,Smartphones,699.99,A high-quality android phone — smartphones product with excellent build quality and modern design.,/abo-images-small (1)/images/small/95/95c5aee0.jpg
D:\FYP Project\fypapp\abo-images-small (1)\images\small\c9\c991f5aa.jpg,Boots,Shoes,89.99,A high-quality boots — shoes product with excellent build quality and modern design.,/abo-images-small (1)/images/small/c9/c991f5aa.jpg
D:\FYP Project\fypapp\abo-images-small (1)\images\small\d2\d293b502.jpg,Sofa,Sofas,799.99,A high-quality sofa — sofas product with excellent build quality and modern design.,/abo-images-small (1)/images/small/d2/d293b502.jpg
D:\FYP Project\fypapp\abo-images-small (1)\images\small\e3\e3d6910e.jpg,Dining Chair,Chairs,199.99,A high-quality dining chair — chairs product with excellent build quality and modern design.,/abo-images-small (1)/images/small/e3/e3d6910e.jpg
D:\FYP Project\fypapp\abo-images-small (1)\images\small\70\7088251e.jpg,Android Phone,Smartphones,699.99,A high-quality android phone — smartphones product with excellent build quality and modern design.,/abo-images-small (1)/images/small/70/7088251e.jpg
D:\FYP Project\fypapp\abo-images-small (1)\images\small\a1\a1e6437b.jpg,iPhone,Smartphones,699.99,A high-quality iphone — smartphones product with excellent build quality and modern design.,/abo-images-small (1)/images/small/a1/a1e6437b.jpg
D:\FYP Project\fypapp\abo-images-small (1)\images\small\99\99b5910d.jpg,Smartphone,Smartphones,699.99,A high-quality smartphone — smartphones product with excellent build quality and modern design.,/abo-images-small (1)/images/small/99/99b5910d.jpg
D:\FYP Project\fypapp\abo-images-small (1)\images\small\99\99d8c9dc.jpg,Queen Bed,Beds,499.99,A high-quality queen bed — beds product with excellent build quality and modern design.,/abo-images-small (1)/images/small/99/99d8c9dc.jpg
D:\FYP Project\fypapp\abo-images-small (1)\images\small\eb\ebc134e7.jpg,Sectional Sofa,Sofas,799.99,A high-quality sectional sofa — sofas product with excellent build quality and modern design.,/abo-images-small (1)/images/small/eb/ebc134e7.jpg
D:\FYP Project\fypapp\abo-images-small (1)\images\small\4b\4beb1af7.jpg,Exercise Gear,Sports,34.99,A high-quality exercise gear — sports product with excellent build quality and modern design.,/abo-images-small (1)/images/small/4b/4beb1af7.jpg
D:\FYP Project\fypapp\abo-images-small (1)\images\small\b2\b2782a3b.jpg,Tablet,Tablets,449.99,A high-quality tablet — tablets product with excellent build quality and modern design.,/abo-images-small (1)/images/small/b2/b2782a3b.jpg
D:\FYP Project\fypapp\abo-images-small (1)\images\small\a5\a5b79e2c.jpg,iPad,Tablets,449.99,A high-quality ipad — tablets product with excellent build quality and modern design.,/abo-images-small (1)/images/small/a5/a5b79e2c.jpg
D:\FYP Project\fypapp\abo-images-small (1)\images\small\3b\3b29b0f6.jpg,Sectional Sofa,Sofas,799.99,A high-quality sectional sofa — sofas product with excellent build quality and modern design.,/abo-images-small (1)/images/small/3b/3b29b0f6.jpg
D:\FYP Project\fypapp\abo-images-small (1)\images\small\e5\e530bee8.jpg,Recliner,Chairs,199.99,A high-quality recliner — chairs product with excellent build quality and modern design.,/abo-images-small (1)/images/small/e5/e530bee8.jpg
D:\FYP Project\fypapp\abo-images-small (1)\images\small\1c\1ca848b7.jpg,Dining Table,Tables,299.99,A high-quality dining table — tables product with excellent build quality and modern design.,/abo-images-small (1)/images/small/1c/1ca848b7.jpg
D:\FYP Project\fypapp\abo-images-small (1)\images\small\63\63937384.jpg,Resistance Bands,Sports,34.99,A high-quality resistance bands — sports product with excellent build quality and modern design.,/abo-images-small (1)/images/small/63/63937384.jpg
D:\FYP Project\fypapp\abo-images-small (1)\images\small\e6\e6d6dcfc.jpg,Exercise Gear,Sports,34.99,A high-quality exercise gear — sports product with excellent build quality and modern design.,/abo-images-small (1)/images/small/e6/e6d6dcfc.jpg
D:\FYP Project\fypapp\abo-images-small (1)\images\small\db\db5f69fc.jpg,Sneakers,Shoes,89.99,A high-quality sneakers — shoes product with excellent build quality and modern design.,/abo-images-small (1)/images/small/db/db5f69fc.jpg
D:\FYP Project\fypapp\abo-images-small (1)\images\small\d6\d6d438e6.jpg,Mobile Phone,Smartphones,699.99,A high-quality mobile phone — smartphones product with excellent build quality and modern design.,/abo-images-small (1)/images/small/d6/d6d438e6.jpg
D:\FYP Project\fypapp\abo-images-small (1)\images\small\75\75f62394.jpg,Android Phone,Smartphones,699.99,A high-quality android phone — smartphones product with excellent build quality and modern design.,/abo-images-small (1)/images/small/75/75f62394.jpg
D:\FYP Project\fypapp\abo-images-small (1)\images\small\1f\1f9d0e7f.jpg,Mug Set,Dinnerware,49.99,A high-quality mug set — dinnerware product with excellent build quality and modern design.,/abo-images-small (1)/images/small/1f/1f9d0e7f.jpg
D:\FYP Project\fypapp\abo-images-small (1)\images\small\52\52fd4552.jpg,Tablet,Tablets,449.99,A high-quality tablet — tablets product with excellent build quality and modern design.,/abo-images-small (1)/images/small/52/52fd4552.jpg
D:\FYP Project\fypapp\abo-images-small (1)\images\small\6c\6c855e06.jpg,King Bed,Beds,499.99,A high-quality king bed — beds product with excellent build quality and modern design.,/abo-images-small (1)/images/small/6c/6c855e06.jpg
D:\FYP Project\fypapp\abo-images-small (1)\images\small\4f\4f8ed55f.jpg,Desk,Tables,299.99,A high-quality desk — tables product with excellent build quality and modern design.,/abo-images-small (1)/images/small/4f/4f8ed55f.jpg
D:\FYP Project\fypapp\abo-images-small (1)\images\small\47\47078ded.jpg,Smartphone,Smartphones,699.99,A high-quality smartphone — smartphones product with excellent build quality and modern design.,/abo-images-small (1)/images/small/47/47078ded.jpg
D:\FYP Project\fypapp\abo-images-small (1)\images\small\31\31c6b21d.jpg,Mobile Phone,Smartphones,699.99,A high-quality mobile phone — smartphones product with excellent build quality and modern design.,/abo-images-small (1)/images/small/31/31c6b21d.jpg
D:\FYP Project\fypapp\abo-images-small (1)\images\small\08\084fa114.jpg,Android Phone,Smartphones,699.99,A high-quality android phone — smartphones product with excellent build quality and modern design.,/abo-images-small (1)/images/small/08/084fa114.jpg
D:\FYP Project\fypapp\abo-images-small (1)\images\small\0f\0f888091.jpg,Android Tablet,Tablets,449.99,A high-quality android tablet — tablets product with excellent build quality and modern design.,/abo-images-small (1)/images/small/0f/0f888091.jpg
D:\FYP Project\fypapp\abo-images-small (1)\images\small\56\5668c93b.jpg,Jacket,Jackets,119.99,A high-quality jacket — jackets product with excellent build quality and modern design.,/abo-images-small (1)/images/small/56/5668c93b.jpg
D:\FYP Project\fypapp\abo-images-small (1)\images\small\a6\a65d058e.jpg,Winter Coat,Jackets,119.99,A high-quality winter coat — jackets product with excellent build quality and modern design.,/abo-images-small (1)/images/small/a6/a65d058e.jpg
D:\FYP Project\fypapp\abo-images-small (1)\images\small\d4\d422b04c.jpg,Summer Dress,Dresses,59.99,A high-quality summer dress — dresses product with excellent build quality and modern design.,/abo-images-small (1)/images/small/d4/d422b04c.jpg
D:\FYP Project\fypapp\abo-images-small (1)\images\small\18\188cb633.jpg,Mug Set,Dinnerware,49.99,A high-quality mug set — dinnerware product with excellent build quality and modern design.,/abo-images-small (1)/images/small/18/188cb633.jpg
D:\FYP Project\fypapp\abo-images-small (1)\images\small\9e\9eac890f.jpg,Bed Frame,Beds,499.99,A high-quality bed frame — beds product with excellent build quality and modern design.,/abo-images-small (1)/images/small/9e/9eac890f.jpg
D:\FYP Project\fypapp\abo-images-small (1)\images\small\90\90890682.jpg,Queen Bed,Beds,499.99,A high-quality queen bed — beds product with excellent build quality and modern design.,/abo-images-small (1)/images/small/90/90890682.jpg
D:\FYP Project\fypapp\abo-images-small (1)\images\small\da\da524d99.jpg,Android Phone,Smartphones,699.99,A high-quality android phone — smartphones product with excellent build quality and modern design.,/abo-images-small (1)/images/small/da/da524d99.jpg
D:\FYP Project\fypapp\abo-images-small (1)\images\small\c8\c8145391.jpg,iPhone,Smartphones,699.99,A high-quality iphone — smartphones product with excellent build quality and modern design.,/abo-images-small (1)/images/small/c8/c8145391.jpg
D:\FYP Project\fypapp\abo-images-small (1)\images\small\44\446df682.jpg,Tablet,Tablets,449.99,A high-quality tablet — tablets product with excellent build quality and modern design.,/abo-images-small (1)/images/small/44/446df682.jpg
D:\FYP Project\fypapp\abo-images-small (1)\images\small\fb\fb67eac1.jpg,Coffee Table,Tables,299.99,A high-quality coffee table — tables product with excellent build quality and modern design.,/abo-images-small (1)/images/small/fb/fb67eac1.jpg
D:\FYP Project\fypapp\abo-images-small (1)\images\small\f3\f3fac2fc.jpg,Android Phone,Smartphones,699.99,A high-quality android phone — smartphones product with excellent build quality and modern design.,/abo-images-small (1)/images/small/f3/f3fac2fc.jpg
D:\FYP Project\fypapp\abo-images-small (1)\images\small\86\865698c1.jpg,Mug Set,Dinnerware,49.99,A high-quality mug set — dinnerware product with excellent build quality and modern design.,/abo-images-small (1)/images/small/86/865698c1.jpg
D:\FYP Project\fypapp\abo-images-small (1)\images\small\ac\acce6169.jpg,Smartphone,Smartphones,699.99,A high-quality smartphone — smartphones product with excellent build quality and modern design.,/abo-images-small (1)/images/small/ac/acce6169.jpg
D:\FYP Project\fypapp\abo-images-small (1)\images\small\56\5620b89a.jpg,Fitness Equipment,Sports,34.99,A high-quality fitness equipment — sports product with excellent build quality and modern design.,/abo-images-small (1)/images/small/56/5620b89a.jpg
D:\FYP Project\fypapp\abo-images-small (1)\images\small\31\31d95d66.jpg,Casual Top,Shirts,39.99,A high-quality casual top — shirts product with excellent build quality and modern design.,/abo-images-small (1)/images/small/31/31d95d66.jpg
D:\FYP Project\fypapp\abo-images-small (1)\images\small\e4\e44272e6.jpg,Sofa,Sofas,799.99,A high-quality sofa — sofas product with excellent build quality and modern design.,/abo-images-small (1)/images/small/e4/e44272e6.jpg
D:\FYP Project\fypapp\abo-images-small (1)\images\small\01\01e6462f.jpg,Fitness Equipment,Sports,34.99,A high-quality fitness equipment — sports product with excellent build quality and modern design.,/abo-images-small (1)/images/small/01/01e6462f.jpg
D:\FYP Project\fypapp\abo-images-small (1)\images\small\94\9428e401.jpg,Sofa,Sofas,799.99,A high-quality sofa — sofas product with excellent build quality and modern design.,/abo-images-small (1)/images/small/94/9428e401.jpg
D:\FYP Project\fypapp\abo-images-small (1)\images\small\4d\4da22300.jpg,Coffee Table,Tables,299.99,A high-quality coffee table — tables product with excellent build quality and modern design.,/abo-images-small (1)/images/small/4d/4da22300.jpg
D:\FYP Project\fypapp\abo-images-small (1)\images\small\3d\3d390bf0.jpg,Accent Chair,Chairs,199.99,A high-quality accent chair — chairs product with excellent build quality and modern design.,/abo-images-small (1)/images/small/3d/3d390bf0.jpg
D:\FYP Project\fypapp\abo-images-small (1)\images\small\f3\f3d21c4b.jpg,Boots,Shoes,89.99,A high-quality boots — shoes product with excellent build quality and modern design.,/abo-images-small (1)/images/small/f3/f3d21c4b.jpg
D:\FYP Project\fypapp\abo-images-small (1)\images\small\b4\b4c11312.jpg,Dress,Dresses,59.99,A high-quality dress — dresses product with excellent build quality and modern design.,/abo-images-small (1)/images/small/b4/b4c11312.jpg
D:\FYP Project\fypapp\abo-images-small (1)\images\small\a1\a1bf21cb.jpg,Mobile Phone,Smartphones,699.99,A high-quality mobile phone — smartphones product with excellent build quality and modern design.,/abo-images-small (1)/images/small/a1/a1bf21cb.jpg
D:\FYP Project\fypapp\abo-images-small (1)\images\small\10\10e277a3.jpg,Digital Tablet,Tablets,449.99,A high-quality digital tablet — tablets product with excellent build quality and modern design.,/abo-images-small (1)/images/small/10/10e277a3.jpg
D:\FYP Project\fypapp\abo-images-small (1)\images\small\c1\c1e5d0e6.jpg,Desk,Tables,299.99,A high-quality desk — tables product with excellent build quality and modern design.,/abo-images-small (1)/images/small/c1/c1e5d0e6.jpg
D:\FYP Project\fypapp\abo-images-small (1)\images\small\57\57e4c20e.jpg,Jacket,Jackets,119.99,A high-quality jacket — jackets product with excellent build quality and modern design.,/abo-images-small (1)/images/small/57/57e4c20e.jpg
D:\FYP Project\fypapp\abo-images-small (1)\images\small\28\28f3bb10.jpg,Resistance Bands,Sports,34.99,A high-quality resistance bands — sports product with excellent build quality and modern design.,/abo-images-small (1)/images/small/28/28f3bb10.jpg
D:\FYP Project\fypapp\abo-images-small (1)\images\small\9e\9efa8501.jpg,Casual Shoes,Shoes,89.99,A high-quality casual shoes — shoes product with excellent build quality and modern design.,/abo-images-small (1)/images/small/9e/9efa8501.jpg
D:\FYP Project\fypapp\abo-images-small (1)\images\small\2d\2d079be4.jpg,Platform Bed,Beds,499.99,A high-quality platform bed — beds product with excellent build quality and modern design.,/abo-images-small (1)/images/small/2d/2d079be4.jpg
D:\FYP Project\fypapp\abo-images-small (1)\images\small\a1\a1c8d7a9.jpg,Dining Table,Tables,299.99,A high-quality dining table — tables product with excellent build quality and modern design.,/abo-images-small (1)/images/small/a1/a1c8d7a9.jpg
D:\FYP Project\fypapp\abo-images-small (1)\images\small\e8\e80d4449.jpg,Running Shoes,Shoes,89.99,A high-quality running shoes — shoes product with excellent build quality and modern design.,/abo-images-small (1)/images/small/e8/e80d4449.jpg
D:\FYP Project\fypapp\abo-images-small (1)\images\small\b9\b9271ff9.jpg,Bowl Set,Dinnerware,49.99,A high-quality bowl set — dinnerware product with excellent build quality and modern design.,/abo-images-small (1)/images/small/b9/b9271ff9.jpg
D:\FYP Project\fypapp\abo-images-small (1)\images\small\c2\c2697d0d.jpg,iPhone,Smartphones,699.99,A high-quality iphone — smartphones product with excellent build quality and modern design.,/abo-images-small (1)/images/small/c2/c2697d0d.jpg
D:\FYP Project\fypapp\abo-images-small (1)\images\small\ce\cecc8614.jpg,Sneakers,Shoes,89.99,A high-quality sneakers — shoes product with excellent build quality and modern design.,/abo-images-small (1)/images/small/ce/cecc8614.jpg
D:\FYP Project\fypapp\abo-images-small (1)\images\small\6e\6ed9fea4.jpg,Microwave,Appliances,129.99,A high-quality microwave — appliances product with excellent build quality and modern design.,/abo-images-small (1)/images/small/6e/6ed9fea4.jpg
D:\FYP Project\fypapp\abo-images-small (1)\images\small\99\99fbaf2a.jpg,Bowl Set,Dinnerware,49.99,A high-quality bowl set — dinnerware product with excellent build quality and modern design.,/abo-images-small (1)/images/small/99/99fbaf2a.jpg
D:\FYP Project\fypapp\abo-images-small (1)\images\small\d4\d4951372.jpg,Coffee Maker,Appliances,129.99,A high-quality coffee maker — appliances product with excellent build quality and modern design.,/abo-images-small (1)/images/small/d4/d4951372.jpg
D:\FYP Project\fypapp\abo-images-small (1)\images\small\fb\fbbcc921.jpg,Bed Frame,Beds,499.99,A high-quality bed frame — beds product with excellent build quality and modern design.,/abo-images-small (1)/images/small/fb/fbbcc921.jpg
D:\FYP Project\fypapp\abo-images-small (1)\images\small\94\94b067af.jpg,Android Phone,Smartphones,699.99,A high-quality android phone — smartphones product with excellent build quality and modern design.,/abo-images-small (1)/images/small/94/94b067af.jpg
D:\FYP Project\fypapp\abo-images-small (1)\images\small\be\beb119b8.jpg,Android Tablet,Tablets,449.99,A high-quality android tablet — tablets product with excellent build quality and modern design.,/abo-images-small (1)/images/small/be/beb119b8.jpg
D:\FYP Project\fypapp\abo-images-small (1)\images\small\9b\9b734e03.jpg,Sofa,Sofas,799.99,A high-quality sofa — sofas product with excellent build quality and modern design.,/abo-images-small (1)/images/small/9b/9b734e03.jpg
D:\FYP Project\fypapp\abo-images-small (1)\images\small\a6\a63682d3.jpg,Digital Tablet,Tablets,449.99,A high-quality digital tablet — tablets product with excellent build quality and modern design.,/abo-images-small (1)/images/small/a6/a63682d3.jpg
D:\FYP Project\fypapp\abo-images-small (1)\images\small\5b\5b3629e0.jpg,Sneakers,Shoes,89.99,A high-quality sneakers — shoes product with excellent build quality and modern design.,/abo-images-small (1)/images/small/5b/5b3629e0.jpg
D:\FYP Project\fypapp\abo-images-small (1)\images\small\57\57382a75.jpg,Resistance Bands,Sports,34.99,A high-quality resistance bands — sports product with excellent build quality and modern design.,/abo-images-small (1)/images/small/57/57382a75.jpg
D:\FYP Project\fypapp\abo-images-small (1)\images\small\dd\dd075b00.jpg,Puffer Jacket,Jackets,119.99,A high-quality puffer jacket — jackets product with excellent build quality and modern design.,/abo-images-small (1)/images/small/dd/dd075b00.jpg
D:\FYP Project\fypapp\abo-images-small (1)\images\small\61\615d345d.jpg,Backpack,Outdoors,149.99,A high-quality backpack — outdoors product with excellent build quality and modern design.,/abo-images-small (1)/images/small/61/615d345d.jpg
D:\FYP Project\fypapp\abo-images-small (1)\images\small\b5\b5d8e6b4.jpg,Dining Table,Tables,299.99,A high-quality dining table — tables product with excellent build quality and modern design.,/abo-images-small (1)/images/small/b5/b5d8e6b4.jpg
D:\FYP Project\fypapp\abo-images-small (1)\images\small\a9\a999cea5.jpg,Mobile Phone,Smartphones,699.99,A high-quality mobile phone — smartphones product with excellent build quality and modern design.,/abo-images-small (1)/images/small/a9/a999cea5.jpg
D:\FYP Project\fypapp\abo-images-small (1)\images\small\d9\d94ca92b.jpg,Android Phone,Smartphones,699.99,A high-quality android phone — smartphones product with excellent build quality and modern design.,/abo-images-small (1)/images/small/d9/d94ca92b.jpg
D:\FYP Project\fypapp\abo-images-small (1)\images\small\54\547f8144.jpg,Coffee Maker,Appliances,129.99,A high-quality coffee maker — appliances product with excellent build quality and modern design.,/abo-images-small (1)/images/small/54/547f8144.jpg
D:\FYP Project\fypapp\abo-images-small (1)\images\small\60\606ca45b.jpg,Tablet,Tablets,449.99,A high-quality tablet — tablets product with excellent build quality and modern design.,/abo-images-small (1)/images/small/60/606ca45b.jpg
D:\FYP Project\fypapp\abo-images-small (1)\images\small\99\9911f95a.jpg,Mobile Phone,Smartphones,699.99,A high-quality mobile phone — smartphones product with excellent build quality and modern design.,/abo-images-small (1)/images/small/99/9911f95a.jpg
D:\FYP Project\fypapp\abo-images-small (1)\images\small\1a\1a2ef909.jpg,Fitness Equipment,Sports,34.99,A high-quality fitness equipment — sports product with excellent build quality and modern design.,/abo-images-small (1)/images/small/1a/1a2ef909.jpg
D:\FYP Project\fypapp\abo-images-small (1)\images\small\f9\f9ce3fa5.jpg,Floral Dress,Dresses,59.99,A high-quality floral dress — dresses product with excellent build quality and modern design.,/abo-images-small (1)/images/small/f9/f9ce3fa5.jpg
D:\FYP Project\fypapp\abo-images-small (1)\images\small\64\643fa549.jpg,Smartphone,Smartphones,699.99,A high-quality smartphone — smartphones product with excellent build quality and modern design.,/abo-images-small (1)/images/small/64/643fa549.jpg
D:\FYP Project\fypapp\abo-images-small (1)\images\small\52\52dadc0d.jpg,Coffee Table,Tables,299.99,A high-quality coffee table — tables product with excellent build quality and modern design.,/abo-images-small (1)/images/small/52/52dadc0d.jpg
D:\FYP Project\fypapp\abo-images-small (1)\images\small\6f\6fa67b6c.jpg,Smartphone,Smartphones,699.99,A high-quality smartphone — smartphones product with excellent build quality and modern design.,/abo-images-small (1)/images/small/6f/6fa67b6c.jpg
D:\FYP Project\fypapp\abo-images-small (1)\images\small\bc\bc1ecc1e.jpg,Queen Bed,Beds,499.99,A high-quality queen bed — beds product with excellent build quality and modern design.,/abo-images-small (1)/images/small/bc/bc1ecc1e.jpg
D:\FYP Project\fypapp\abo-images-small (1)\images\small\1b\1b403a3e.jpg,Casual Shoes,Shoes,89.99,A high-quality casual shoes — shoes product with excellent build quality and modern design.,/abo-images-small (1)/images/small/1b/1b403a3e.jpg
D:\FYP Project\fypapp\abo-images-small (1)\images\small\2e\2ebb235b.jpg,Skillet,Cookware,89.99,A high-quality skillet — cookware product with excellent build quality and modern design.,/abo-images-small (1)/images/small/2e/2ebb235b.jpg
D:\FYP Project\fypapp\abo-images-small (1)\images\small\32\32f27df2.jpg,Smartphone,Smartphones,699.99,A high-quality smartphone — smartphones product with excellent build quality and modern design.,/abo-images-small (1)/images/small/32/32f27df2.jpg
D:\FYP Project\fypapp\abo-images-small (1)\images\small\51\51c8c34d.jpg,Mobile Phone,Smartphones,699.99,A high-quality mobile phone — smartphones product with excellent build quality and modern design.,/abo-images-small (1)/images/small/51/51c8c34d.jpg
D:\FYP Project\fypapp\abo-images-small (1)\images\small\86\86015972.jpg,Outdoor Equipment,Outdoors,149.99,A high-quality outdoor equipment — outdoors product with excellent build quality and modern design.,/abo-images-small (1)/images/small/86/86015972.jpg
D:\FYP Project\fypapp\abo-images-small (1)\images\small\34\3496462d.jpg,Sneakers,Shoes,89.99,A high-quality sneakers — shoes product with excellent build quality and modern design.,/abo-images-small (1)/images/small/34/3496462d.jpg
D:\FYP Project\fypapp\abo-images-small (1)\images\small\f7\f75f7e33.jpg,Mobile Phone,Smartphones,699.99,A high-quality mobile phone — smartphones product with excellent build quality and modern design.,/abo-images-small (1)/images/small/f7/f75f7e33.jpg
D:\FYP Project\fypapp\abo-images-small (1)\images\small\4b\4bfceafe.jpg,Android Phone,Smartphones,699.99,A high-quality android phone — smartphones product with excellent build quality and modern design.,/abo-images-small (1)/images/small/4b/4bfceafe.jpg
D:\FYP Project\fypapp\abo-images-small (1)\images\small\15\15a144ce.jpg,Loveseat,Sofas,799.99,A high-quality loveseat — sofas product with excellent build quality and modern design.,/abo-images-small (1)/images/small/15/15a144ce.jpg
D:\FYP Project\fypapp\abo-images-small (1)\images\small\90\90af3a53.jpg,Camping Tent,Outdoors,149.99,A high-quality camping tent — outdoors product with excellent build quality and modern design.,/abo-images-small (1)/images/small/90/90af3a53.jpg
D:\FYP Project\fypapp\abo-images-small (1)\images\small\8e\8e34720c.jpg,Mobile Phone,Smartphones,699.99,A high-quality mobile phone — smartphones product with excellent build quality and modern design.,/abo-images-small (1)/images/small/8e/8e34720c.jpg
D:\FYP Project\fypapp\abo-images-small (1)\images\small\74\7480b7f6.jpg,Fitness Equipment,Sports,34.99,A high-quality fitness equipment — sports product with excellent build quality and modern design.,/abo-images-small (1)/images/small/74/7480b7f6.jpg
D:\FYP Project\fypapp\abo-images-small (1)\images\small\bc\bcee81dc.jpg,Coffee Maker,Appliances,129.99,A high-quality coffee maker — appliances product with excellent build quality and modern design.,/abo-images-small (1)/images/small/bc/bcee81dc.jpg
D:\FYP Project\fypapp\abo-images-small (1)\images\small\14\14f25767.jpg,Side Table,Tables,299.99,A high-quality side table — tables product with excellent build quality and modern design.,/abo-images-small (1)/images/small/14/14f25767.jpg
D:\FYP Project\fypapp\abo-images-small (1)\images\small\49\4995ba51.jpg,Exercise Gear,Sports,34.99,A high-quality exercise gear — sports product with excellent build quality and modern design.,/abo-images-small (1)/images/small/49/4995ba51.jpg
D:\FYP Project\fypapp\abo-images-small (1)\images\small\92\9279d30a.jpg,Smartphone,Smartphones,699.99,A high-quality smartphone — smartphones product with excellent build quality and modern design.,/abo-images-small (1)/images/small/92/9279d30a.jpg
D:\FYP Project\fypapp\abo-images-small (1)\images\small\88\88276b60.jpg,Mobile Phone,Smartphones,699.99,A high-quality mobile phone — smartphones product with excellent build quality and modern design.,/abo-images-small (1)/images/small/88/88276b60.jpg
D:\FYP Project\fypapp\abo-images-small (1)\images\small\ca\caf840e4.jpg,Bowl Set,Dinnerware,49.99,A high-quality bowl set — dinnerware product with excellent build quality and modern design.,/abo-images-small (1)/images/small/ca/caf840e4.jpg
D:\FYP Project\fypapp\abo-images-small (1)\images\small\f3\f3ad9f90.jpg,iPhone,Smartphones,699.99,A high-quality iphone — smartphones product with excellent build quality and modern design.,/abo-images-small (1)/images/small/f3/f3ad9f90.jpg
D:\FYP Project\fypapp\abo-images-small (1)\images\small\c8\c8156aa4.jpg,Coffee Table,Tables,299.99,A high-quality coffee table — tables product with excellent build quality and modern design.,/abo-images-small (1)/images/small/c8/c8156aa4.jpg
D:\FYP Project\fypapp\abo-images-small (1)\images\small\85\851f20fe.jpg,Android Phone,Smartphones,699.99,A high-quality android phone — smartphones product with excellent build quality and modern design.,/abo-images-small (1)/images/small/85/851f20fe.jpg
D:\FYP Project\fypapp\abo-images-small (1)\images\small\a6\a6f734b6.jpg,iPhone,Smartphones,699.99,A high-quality iphone — smartphones product with excellent build quality and modern design.,/abo-images-small (1)/images/small/a6/a6f734b6.jpg
D:\FYP Project\fypapp\abo-images-small (1)\images\small\02\02020e07.jpg,Dining Table,Tables,299.99,A high-quality dining table — tables product with excellent build quality and modern design.,/abo-images-small (1)/images/small/02/02020e07.jpg
D:\FYP Project\fypapp\abo-images-small (1)\images\small\7b\7b8adfab.jpg,Couch,Sofas,799.99,A high-quality couch — sofas product with excellent build quality and modern design.,/abo-images-small (1)/images/small/7b/7b8adfab.jpg
D:\FYP Project\fypapp\abo-images-small (1)\images\small\68\688e3bf5.jpg,Fitness Equipment,Sports,34.99,A high-quality fitness equipment — sports product with excellent build quality and modern design.,/abo-images-small (1)/images/small/68/688e3bf5.jpg
D:\FYP Project\fypapp\abo-images-small (1)\images\small\88\88546475.jpg,iPhone,Smartphones,699.99,A high-quality iphone — smartphones product with excellent build quality and modern design.,/abo-images-small (1)/images/small/88/88546475.jpg
D:\FYP Project\fypapp\abo-images-small (1)\images\small\92\9214a70f.jpg,Office Chair,Chairs,199.99,A high-quality office chair — chairs product with excellent build quality and modern design.,/abo-images-small (1)/images/small/92/9214a70f.jpg
D:\FYP Project\fypapp\abo-images-small (1)\images\small\bb\bb7d19b8.jpg,iPad,Tablets,449.99,A high-quality ipad — tablets product with excellent build quality and modern design.,/abo-images-small (1)/images/small/bb/bb7d19b8.jpg
D:\FYP Project\fypapp\abo-images-small (1)\images\small\be\be2563b3.jpg,Cooking Pot,Cookware,89.99,A high-quality cooking pot — cookware product with excellent build quality and modern design.,/abo-images-small (1)/images/small/be/be2563b3.jpg
D:\FYP Project\fypapp\abo-images-small (1)\images\small\d1\d16f0824.jpg,iPhone,Smartphones,699.99,A high-quality iphone — smartphones product with excellent build quality and modern design.,/abo-images-small (1)/images/small/d1/d16f0824.jpg
D:\FYP Project\fypapp\abo-images-small (1)\images\small\4e\4e309eb8.jpg,Smartphone,Smartphones,699.99,A high-quality smartphone — smartphones product with excellent build quality and modern design.,/abo-images-small (1)/images/small/4e/4e309eb8.jpg
D:\FYP Project\fypapp\abo-images-small (1)\images\small\4d\4dd18045.jpg,Android Phone,Smartphones,699.99,A high-quality android phone — smartphones product with excellent build quality and modern design.,/abo-images-small (1)/images/small/4d/4dd18045.jpg
D:\FYP Project\fypapp\abo-images-small (1)\images\small\97\97baa0ed.jpg,Dress,Dresses,59.99,A high-quality dress — dresses product with excellent build quality and modern design.,/abo-images-small (1)/images/small/97/97baa0ed.jpg
D:\FYP Project\fypapp\abo-images-small (1)\images\small\a9\a9ef04c7.jpg,Mobile Phone,Smartphones,699.99,A high-quality mobile phone — smartphones product with excellent build quality and modern design.,/abo-images-small (1)/images/small/a9/a9ef04c7.jpg
D:\FYP Project\fypapp\abo-images-small (1)\images\small\09\09e40e6d.jpg,Side Table,Tables,299.99,A high-quality side table — tables product with excellent build quality and modern design.,/abo-images-small (1)/images/small/09/09e40e6d.jpg
D:\FYP Project\fypapp\abo-images-small (1)\images\small\87\87f2dc9c.jpg,Coffee Maker,Appliances,129.99,A high-quality coffee maker — appliances product with excellent build quality and modern design.,/abo-images-small (1)/images/small/87/87f2dc9c.jpg
D:\FYP Project\fypapp\abo-images-small (1)\images\small\76\76473cfd.jpg,Cookware Set,Cookware,89.99,A high-quality cookware set — cookware product with excellent build quality and modern design.,/abo-images-small (1)/images/small/76/76473cfd.jpg
D:\FYP Project\fypapp\abo-images-small (1)\images\small\e8\e87e72c9.jpg,Slim Jeans,Jeans,69.99,A high-quality slim jeans — jeans product with excellent build quality and modern design.,/abo-images-small (1)/images/small/e8/e87e72c9.jpg
D:\FYP Project\fypapp\abo-images-small (1)\images\small\8d\8d1fcf60.jpg,Desk,Tables,299.99,A high-quality desk — tables product with excellent build quality and modern design.,/abo-images-small (1)/images/small/8d/8d1fcf60.jpg
D:\FYP Project\fypapp\abo-images-small (1)\images\small\fe\fe6d5bfb.jpg,Dining Table,Tables,299.99,A high-quality dining table — tables product with excellent build quality and modern design.,/abo-images-small (1)/images/small/fe/fe6d5bfb.jpg
D:\FYP Project\fypapp\abo-images-small (1)\images\small\39\39a21a6c.jpg,Running Shoes,Shoes,89.99,A high-quality running shoes — shoes product with excellent build quality and modern design.,/abo-images-small (1)/images/small/39/39a21a6c.jpg
D:\FYP Project\fypapp\abo-images-small (1)\images\small\a2\a2b95a0f.jpg,Mirrorless Camera,Cameras,549.99,A high-quality mirrorless camera — cameras product with excellent build quality and modern design.,/abo-images-small (1)/images/small/a2/a2b95a0f.jpg
D:\FYP Project\fypapp\abo-images-small (1)\images\small\2b\2b133eed.jpg,Desk,Tables,299.99,A high-quality desk — tables product with excellent build quality and modern design.,/abo-images-small (1)/images/small/2b/2b133eed.jpg
D:\FYP Project\fypapp\abo-images-small (1)\images\small\d7\d7d4645d.jpg,Smartphone,Smartphones,699.99,A high-quality smartphone — smartphones product with excellent build quality and modern design.,/abo-images-small (1)/images/small/d7/d7d4645d.jpg
D:\FYP Project\fypapp\abo-images-small (1)\images\small\ba\ba291d49.jpg,Mobile Phone,Smartphones,699.99,A high-quality mobile phone — smartphones product with excellent build quality and modern design.,/abo-images-small (1)/images/small/ba/ba291d49.jpg
D:\FYP Project\fypapp\abo-images-small (1)\images\small\09\092beb81.jpg,Puffer Jacket,Jackets,119.99,A high-quality puffer jacket — jackets product with excellent build quality and modern design.,/abo-images-small (1)/images/small/09/092beb81.jpg
D:\FYP Project\fypapp\abo-images-small (1)\images\small\89\89a8d043.jpg,Windbreaker,Jackets,119.99,A high-quality windbreaker — jackets product with excellent build quality and modern design.,/abo-images-small (1)/images/small/89/89a8d043.jpg
D:\FYP Project\fypapp\abo-images-small (1)\images\small\cd\cd9f5499.jpg,Yoga Mat,Sports,34.99,A high-quality yoga mat — sports product with excellent build quality and modern design.,/abo-images-small (1)/images/small/cd/cd9f5499.jpg
D:\FYP Project\fypapp\abo-images-small (1)\images\small\c4\c43cc7bb.jpg,Dining Chair,Chairs,199.99,A high-quality dining chair — chairs product with excellent build quality and modern design.,/abo-images-small (1)/images/small/c4/c43cc7bb.jpg
D:\FYP Project\fypapp\abo-images-small (1)\images\small\e6\e6907fe7.jpg,Cooking Pot,Cookware,89.99,A high-quality cooking pot — cookware product with excellent build quality and modern design.,/abo-images-small (1)/images/small/e6/e6907fe7.jpg
D:\FYP Project\fypapp\abo-images-small (1)\images\small\09\09391bfd.jpg,Coffee Maker,Appliances,129.99,A high-quality coffee maker — appliances product with excellent build quality and modern design.,/abo-images-small (1)/images/small/09/09391bfd.jpg
D:\FYP Project\fypapp\abo-images-small (1)\images\small\1c\1c5eb982.jpg,Yoga Mat,Sports,34.99,A high-quality yoga mat — sports product with excellent build quality and modern design.,/abo-images-small (1)/images/small/1c/1c5eb982.jpg
D:\FYP Project\fypapp\abo-images-small (1)\images\small\df\dfc6a175.jpg,Running Shoes,Shoes,89.99,A high-quality running shoes — shoes product with excellent build quality and modern design.,/abo-images-small (1)/images/small/df/dfc6a175.jpg
D:\FYP Project\fypapp\abo-images-small (1)\images\small\95\9557f2cd.jpg,Android Phone,Smartphones,699.99,A high-quality android phone — smartphones product with excellent build quality and modern design.,/abo-images-small (1)/images/small/95/9557f2cd.jpg
D:\FYP Project\fypapp\abo-images-small (1)\images\small\2d\2dceb2b8.jpg,iPhone,Smartphones,699.99,A high-quality iphone — smartphones product with excellent build quality and modern design.,/abo-images-small (1)/images/small/2d/2dceb2b8.jpg
D:\FYP Project\fypapp\abo-images-small (1)\images\small\a0\a0c254c5.jpg,Sneakers,Shoes,89.99,A high-quality sneakers — shoes product with excellent build quality and modern design.,/abo-images-small (1)/images/small/a0/a0c254c5.jpg
D:\FYP Project\fypapp\abo-images-small (1)\images\small\3f\3f38d885.jpg,Running Shoes,Shoes,89.99,A high-quality running shoes — shoes product with excellent build quality and modern design.,/abo-images-small (1)/images/small/3f/3f38d885.jpg
D:\FYP Project\fypapp\abo-images-small (1)\images\small\10\10e7cecc.jpg,Straight Jeans,Jeans,69.99,A high-quality straight jeans — jeans product with excellent build quality and modern design.,/abo-images-small (1)/images/small/10/10e7cecc.jpg
D:\FYP Project\fypapp\abo-images-small (1)\images\small\84\84ad9cd3.jpg,Sofa,Sofas,799.99,A high-quality sofa — sofas product with excellent build quality and modern design.,/abo-images-small (1)/images/small/84/84ad9cd3.jpg
D:\FYP Project\fypapp\abo-images-small (1)\images\small\72\7254bf90.jpg,Running Shoes,Shoes,89.99,A high-quality running shoes — shoes product with excellent build quality and modern design.,/abo-images-small (1)/images/small/72/7254bf90.jpg
D:\FYP Project\fypapp\abo-images-small (1)\images\small\4b\4b36e0a9.jpg,Android Phone,Smartphones,699.99,A high-quality android phone — smartphones product with excellent build quality and modern design.,/abo-images-small (1)/images/small/4b/4b36e0a9.jpg
D:\FYP Project\fypapp\abo-images-small (1)\images\small\9e\9e70e38d.jpg,Desk,Tables,299.99,A high-quality desk — tables product with excellent build quality and modern design.,/abo-images-small (1)/images/small/9e/9e70e38d.jpg
D:\FYP Project\fypapp\abo-images-small (1)\images\small\72\72216413.jpg,Digital Camera,Cameras,549.99,A high-quality digital camera — cameras product with excellent build quality and modern design.,/abo-images-small (1)/images/small/72/72216413.jpg
D:\FYP Project\fypapp\abo-images-small (1)\images\small\76\76c119ba.jpg,Couch,Sofas,799.99,A high-quality couch — sofas product with excellent build quality and modern design.,/abo-images-small (1)/images/small/76/76c119ba.jpg
D:\FYP Project\fypapp\abo-images-small (1)\images\small\61\61ae7ed9.jpg,iPhone,Smartphones,699.99,A high-quality iphone — smartphones product with excellent build quality and modern design.,/abo-images-small (1)/images/small/61/61ae7ed9.jpg
D:\FYP Project\fypapp\abo-images-small (1)\images\small\1b\1bad5b54.jpg,Accent Chair,Chairs,199.99,A high-quality accent chair — chairs product with excellent build quality and modern design.,/abo-images-small (1)/images/small/1b/1bad5b54.jpg
D:\FYP Project\fypapp\abo-images-small (1)\images\small\a4\a4b99058.jpg,Gaming Laptop,Laptops,899.99,A high-quality gaming laptop — laptops product with excellent build quality and modern design.,/abo-images-small (1)/images/small/a4/a4b99058.jpg
D:\FYP Project\fypapp\abo-images-small (1)\images\small\06\0697fe17.jpg,Dinnerware Set,Dinnerware,49.99,A high-quality dinnerware set — dinnerware product with excellent build quality and modern design.,/abo-images-small (1)/images/small/06/0697fe17.jpg
D:\FYP Project\fypapp\abo-images-small (1)\images\small\bb\bbe1d3d8.jpg,Mobile Phone,Smartphones,699.99,A high-quality mobile phone — smartphones product with excellent build quality and modern design.,/abo-images-small (1)/images/small/bb/bbe1d3d8.jpg
D:\FYP Project\fypapp\abo-images-small (1)\images\small\7a\7af4b8a7.jpg,Boots,Shoes,89.99,A high-quality boots — shoes product with excellent build quality and modern design.,/abo-images-small (1)/images/small/7a/7af4b8a7.jpg
D:\FYP Project\fypapp\abo-images-small (1)\images\small\4f\4f6aad46.jpg,Tablet,Tablets,449.99,A high-quality tablet — tablets product with excellent build quality and modern design.,/abo-images-small (1)/images/small/4f/4f6aad46.jpg
D:\FYP Project\fypapp\abo-images-small (1)\images\small\17\17265212.jpg,Digital Tablet,Tablets,449.99,A high-quality digital tablet — tablets product with excellent build quality and modern design.,/abo-images-small (1)/images/small/17/17265212.jpg
D:\FYP Project\fypapp\abo-images-small (1)\images\small\e2\e2c75e28.jpg,Boots,Shoes,89.99,A high-quality boots — shoes product with excellent build quality and modern design.,/abo-images-small (1)/images/small/e2/e2c75e28.jpg
D:\FYP Project\fypapp\abo-images-small (1)\images\small\0d\0d8c88ea.jpg,Smartphone,Smartphones,699.99,A high-quality smartphone — smartphones product with excellent build quality and modern design.,/abo-images-small (1)/images/small/0d/0d8c88ea.jpg
D:\FYP Project\fypapp\abo-images-small (1)\images\small\0a\0a96aaef.jpg,Resistance Bands,Sports,34.99,A high-quality resistance bands — sports product with excellent build quality and modern design.,/abo-images-small (1)/images/small/0a/0a96aaef.jpg
D:\FYP Project\fypapp\abo-images-small (1)\images\small\57\573d4f3e.jpg,Android Phone,Smartphones,699.99,A high-quality android phone — smartphones product with excellent build quality and modern design.,/abo-images-small (1)/images/small/57/573d4f3e.jpg
D:\FYP Project\fypapp\abo-images-small (1)\images\small\47\4718be30.jpg,Boots,Shoes,89.99,A high-quality boots — shoes product with excellent build quality and modern design.,/abo-images-small (1)/images/small/47/4718be30.jpg
D:\FYP Project\fypapp\abo-images-small (1)\images\small\06\06e784d5.jpg,Bed Frame,Beds,499.99,A high-quality bed frame — beds product with excellent build quality and modern design.,/abo-images-small (1)/images/small/06/06e784d5.jpg
D:\FYP Project\fypapp\abo-images-small (1)\images\small\d7\d789ae17.jpg,Dress Shirt,Shirts,39.99,A high-quality dress shirt — shirts product with excellent build quality and modern design.,/abo-images-small (1)/images/small/d7/d789ae17.jpg
D:\FYP Project\fypapp\abo-images-small (1)\images\small\34\3470fcca.jpg,Cooking Pot,Cookware,89.99,A high-quality cooking pot — cookware product with excellent build quality and modern design.,/abo-images-small (1)/images/small/34/3470fcca.jpg
D:\FYP Project\fypapp\abo-images-small (1)\images\small\54\544471d3.jpg,Loveseat,Sofas,799.99,A high-quality loveseat — sofas product with excellent build quality and modern design.,/abo-images-small (1)/images/small/54/544471d3.jpg
D:\FYP Project\fypapp\abo-images-small (1)\images\small\2a\2a9add6a.jpg,Smartphone,Smartphones,699.99,A high-quality smartphone — smartphones product with excellent build quality and modern design.,/abo-images-small (1)/images/small/2a/2a9add6a.jpg
D:\FYP Project\fypapp\abo-images-small (1)\images\small\e8\e8b14171.jpg,Android Phone,Smartphones,699.99,A high-quality android phone — smartphones product with excellent build quality and modern design.,/abo-images-small (1)/images/small/e8/e8b14171.jpg
D:\FYP Project\fypapp\abo-images-small (1)\images\small\26\2695724d.jpg,Loveseat,Sofas,799.99,A high-quality loveseat — sofas product with excellent build quality and modern design.,/abo-images-small (1)/images/small/26/2695724d.jpg
D:\FYP Project\fypapp\abo-images-small (1)\images\small\c4\c4165ae6.jpg,Bed Frame,Beds,499.99,A high-quality bed frame — beds product with excellent build quality and modern design.,/abo-images-small (1)/images/small/c4/c4165ae6.jpg
D:\FYP Project\fypapp\abo-images-small (1)\images\small\4d\4d5657f1.jpg,Microwave,Appliances,129.99,A high-quality microwave — appliances product with excellent build quality and modern design.,/abo-images-small (1)/images/small/4d/4d5657f1.jpg
D:\FYP Project\fypapp\abo-images-small (1)\images\small\a1\a1e9d284.jpg,Android Phone,Smartphones,699.99,A high-quality android phone — smartphones product with excellent build quality and modern design.,/abo-images-small (1)/images/small/a1/a1e9d284.jpg
D:\FYP Project\fypapp\abo-images-small (1)\images\small\f5\f50b7bc8.jpg,iPhone,Smartphones,699.99,A high-quality iphone — smartphones product with excellent build quality and modern design.,/abo-images-small (1)/images/small/f5/f50b7bc8.jpg
D:\FYP Project\fypapp\abo-images-small (1)\images\small\5a\5a36cb92.jpg,Tablet,Tablets,449.99,A high-quality tablet — tablets product with excellent build quality and modern design.,/abo-images-small (1)/images/small/5a/5a36cb92.jpg
D:\FYP Project\fypapp\abo-images-small (1)\images\small\81\814a7137.jpg,iPad,Tablets,449.99,A high-quality ipad — tablets product with excellent build quality and modern design.,/abo-images-small (1)/images/small/81/814a7137.jpg
D:\FYP Project\fypapp\abo-images-small (1)\images\small\d2\d255f1ef.jpg,Backpack,Outdoors,149.99,A high-quality backpack — outdoors product with excellent build quality and modern design.,/abo-images-small (1)/images/small/d2/d255f1ef.jpg
D:\FYP Project\fypapp\abo-images-small (1)\images\small\fb\fb688868.jpg,Notebook PC,Laptops,899.99,A high-quality notebook pc — laptops product with excellent build quality and modern design.,/abo-images-small (1)/images/small/fb/fb688868.jpg
D:\FYP Project\fypapp\abo-images-small (1)\images\small\26\26a1efcd.jpg,Android Phone,Smartphones,699.99,A high-quality android phone — smartphones product with excellent build quality and modern design.,/abo-images-small (1)/images/small/26/26a1efcd.jpg
D:\FYP Project\fypapp\abo-images-small (1)\images\small\39\393a70a0.jpg,Boots,Shoes,89.99,A high-quality boots — shoes product with excellent build quality and modern design.,/abo-images-small (1)/images/small/39/393a70a0.jpg
D:\FYP Project\fypapp\abo-images-small (1)\images\small\6c\6cbeaa26.jpg,Camping Tent,Outdoors,149.99,A high-quality camping tent — outdoors product with excellent build quality and modern design.,/abo-images-small (1)/images/small/6c/6cbeaa26.jpg
D:\FYP Project\fypapp\abo-images-small (1)\images\small\24\2481b938.jpg,Mobile Phone,Smartphones,699.99,A high-quality mobile phone — smartphones product with excellent build quality and modern design.,/abo-images-small (1)/images/small/24/2481b938.jpg
D:\FYP Project\fypapp\abo-images-small (1)\images\small\c9\c9238ab3.jpg,Android Phone,Smartphones,699.99,A high-quality android phone — smartphones product with excellent build quality and modern design.,/abo-images-small (1)/images/small/c9/c9238ab3.jpg
D:\FYP Project\fypapp\abo-images-small (1)\images\small\08\08bf4294.jpg,Platform Bed,Beds,499.99,A high-quality platform bed — beds product with excellent build quality and modern design.,/abo-images-small (1)/images/small/08/08bf4294.jpg
D:\FYP Project\fypapp\abo-images-small (1)\images\small\6d\6d0d22ae.jpg,Smartphone,Smartphones,699.99,A high-quality smartphone — smartphones product with excellent build quality and modern design.,/abo-images-small (1)/images/small/6d/6d0d22ae.jpg
D:\FYP Project\fypapp\abo-images-small (1)\images\small\c8\c8209f27.jpg,Running Shoes,Shoes,89.99,A high-quality running shoes — shoes product with excellent build quality and modern design.,/abo-images-small (1)/images/small/c8/c8209f27.jpg
D:\FYP Project\fypapp\abo-images-small (1)\images\small\ed\ed5da9b1.jpg,Android Phone,Smartphones,699.99,A high-quality android phone — smartphones product with excellent build quality and modern design.,/abo-images-small (1)/images/small/ed/ed5da9b1.jpg
D:\FYP Project\fypapp\abo-images-small (1)\images\small\83\836f6e1b.jpg,Recliner,Chairs,199.99,A high-quality recliner — chairs product with excellent build quality and modern design.,/abo-images-small (1)/images/small/83/836f6e1b.jpg
D:\FYP Project\fypapp\abo-images-small (1)\images\small\8a\8a92406d.jpg,Yoga Mat,Sports,34.99,A high-quality yoga mat — sports product with excellent build quality and modern design.,/abo-images-small (1)/images/small/8a/8a92406d.jpg
D:\FYP Project\fypapp\abo-images-small (1)\images\small\fa\fa4d6090.jpg,Running Shoes,Shoes,89.99,A high-quality running shoes — shoes product with excellent build quality and modern design.,/abo-images-small (1)/images/small/fa/fa4d6090.jpg
D:\FYP Project\fypapp\abo-images-small (1)\images\small\45\45c39d3e.jpg,Android Phone,Smartphones,699.99,A high-quality android phone — smartphones product with excellent build quality and modern design.,/abo-images-small (1)/images/small/45/45c39d3e.jpg
D:\FYP Project\fypapp\abo-images-small (1)\images\small\19\19a771a2.jpg,Android Tablet,Tablets,449.99,A high-quality android tablet — tablets product with excellent build quality and modern design.,/abo-images-small (1)/images/small/19/19a771a2.jpg
D:\FYP Project\fypapp\abo-images-small (1)\images\small\cd\cdb2eee3.jpg,Kitchen Appliance,Appliances,129.99,A high-quality kitchen appliance — appliances product with excellent build quality and modern design.,/abo-images-small (1)/images/small/cd/cdb2eee3.jpg
D:\FYP Project\fypapp\abo-images-small (1)\images\small\f1\f1f0f26a.jpg,Running Shoes,Shoes,89.99,A high-quality running shoes — shoes product with excellent build quality and modern design.,/abo-images-small (1)/images/small/f1/f1f0f26a.jpg
D:\FYP Project\fypapp\abo-images-small (1)\images\small\d9\d97b7744.jpg,Casual Shoes,Shoes,89.99,A high-quality casual shoes — shoes product with excellent build quality and modern design.,/abo-images-small (1)/images/small/d9/d97b7744.jpg
D:\FYP Project\fypapp\abo-images-small (1)\images\small\55\55c442fe.jpg,Skillet,Cookware,89.99,A high-quality skillet — cookware product with excellent build quality and modern design.,/abo-images-small (1)/images/small/55/55c442fe.jpg
D:\FYP Project\fypapp\abo-images-small (1)\images\small\22\226b9796.jpg,Smartphone,Smartphones,699.99,A high-quality smartphone — smartphones product with excellent build quality and modern design.,/abo-images-small (1)/images/small/22/226b9796.jpg
D:\FYP Project\fypapp\abo-images-small (1)\images\small\f4\f440b62e.jpg,Wireless Earbuds,Headphones,149.99,A high-quality wireless earbuds — headphones product with excellent build quality and modern design.,/abo-images-small (1)/images/small/f4/f440b62e.jpg
D:\FYP Project\fypapp\abo-images-small (1)\images\small\69\6992bac2.jpg,Sectional Sofa,Sofas,799.99,A high-quality sectional sofa — sofas product with excellent build quality and modern design.,/abo-images-small (1)/images/small/69/6992bac2.jpg
D:\FYP Project\fypapp\abo-images-small (1)\images\small\ef\efbaf198.jpg,iPhone,Smartphones,699.99,A high-quality iphone — smartphones product with excellent build quality and modern design.,/abo-images-small (1)/images/small/ef/efbaf198.jpg
D:\FYP Project\fypapp\abo-images-small (1)\images\small\d0\d078984a.jpg,Smartphone,Smartphones,699.99,A high-quality smartphone — smartphones product with excellent build quality and modern design.,/abo-images-small (1)/images/small/d0/d078984a.jpg
D:\FYP Project\fypapp\abo-images-small (1)\images\small\28\28d773b8.jpg,Dining Chair,Chairs,199.99,A high-quality dining chair — chairs product with excellent build quality and modern design.,/abo-images-small (1)/images/small/28/28d773b8.jpg
D:\FYP Project\fypapp\abo-images-small (1)\images\small\c4\c4c3b478.jpg,Android Phone,Smartphones,699.99,A high-quality android phone — smartphones product with excellent build quality and modern design.,/abo-images-small (1)/images/small/c4/c4c3b478.jpg
D:\FYP Project\fypapp\abo-images-small (1)\images\small\0d\0dca6668.jpg,Casual Top,Shirts,39.99,A high-quality casual top — shirts product with excellent build quality and modern design.,/abo-images-small (1)/images/small/0d/0dca6668.jpg
D:\FYP Project\fypapp\abo-images-small (1)\images\small\b9\b9bdc2b5.jpg,Mobile Phone,Smartphones,699.99,A high-quality mobile phone — smartphones product with excellent build quality and modern design.,/abo-images-small (1)/images/small/b9/b9bdc2b5.jpg
D:\FYP Project\fypapp\abo-images-small (1)\images\small\95\9540357c.jpg,Polo Shirt,Shirts,39.99,A high-quality polo shirt — shirts product with excellent build quality and modern design.,/abo-images-small (1)/images/small/95/9540357c.jpg
D:\FYP Project\fypapp\abo-images-small (1)\images\small\e6\e6136f1d.jpg,Loveseat,Sofas,799.99,A high-quality loveseat — sofas product with excellent build quality and modern design.,/abo-images-small (1)/images/small/e6/e6136f1d.jpg
D:\FYP Project\fypapp\abo-images-small (1)\images\small\81\81d43159.jpg,Cookware Set,Cookware,89.99,A high-quality cookware set — cookware product with excellent build quality and modern design.,/abo-images-small (1)/images/small/81/81d43159.jpg
D:\FYP Project\fypapp\abo-images-small (1)\images\small\17\174330f8.jpg,Winter Coat,Jackets,119.99,A high-quality winter coat — jackets product with excellent build quality and modern design.,/abo-images-small (1)/images/small/17/174330f8.jpg
D:\FYP Project\fypapp\abo-images-small (1)\images\small\b0\b0b64400.jpg,Android Phone,Smartphones,699.99,A high-quality android phone — smartphones product with excellent build quality and modern design.,/abo-images-small (1)/images/small/b0/b0b64400.jpg
D:\FYP Project\fypapp\abo-images-small (1)\images\small\78\78072adb.jpg,Laptop,Laptops,899.99,A high-quality laptop — laptops product with excellent build quality and modern design.,/abo-images-small (1)/images/small/78/78072adb.jpg
D:\FYP Project\fypapp\abo-images-small (1)\images\small\92\92731376.jpg,Android Phone,Smartphones,699.99,A high-quality android phone — smartphones product with excellent build quality and modern design.,/abo-images-small (1)/images/small/92/92731376.jpg
D:\FYP Project\fypapp\abo-images-small (1)\images\small\ab\ab722c79.jpg,iPhone,Smartphones,699.99,A high-quality iphone — smartphones product with excellent build quality and modern design.,/abo-images-small (1)/images/small/ab/ab722c79.jpg
D:\FYP Project\fypapp\abo-images-small (1)\images\small\23\239fef87.jpg,Dining Table,Tables,299.99,A high-quality dining table — tables product with excellent build quality and modern design.,/abo-images-small (1)/images/small/23/239fef87.jpg
D:\FYP Project\fypapp\abo-images-small (1)\images\small\96\96f72de7.jpg,Resistance Bands,Sports,34.99,A high-quality resistance bands — sports product with excellent build quality and modern design.,/abo-images-small (1)/images/small/96/96f72de7.jpg
D:\FYP Project\fypapp\abo-images-small (1)\images\small\7f\7f0fa3db.jpg,Android Phone,Smartphones,699.99,A high-quality android phone — smartphones product with excellent build quality and modern design.,/abo-images-small (1)/images/small/7f/7f0fa3db.jpg
D:\FYP Project\fypapp\abo-images-small (1)\images\small\dc\dc503178.jpg,iPhone,Smartphones,699.99,A high-quality iphone — smartphones product with excellent build quality and modern design.,/abo-images-small (1)/images/small/dc/dc503178.jpg
D:\FYP Project\fypapp\abo-images-small (1)\images\small\f7\f7ad0591.jpg,Coffee Table,Tables,299.99,A high-quality coffee table — tables product with excellent build quality and modern design.,/abo-images-small (1)/images/small/f7/f7ad0591.jpg
D:\FYP Project\fypapp\abo-images-small (1)\images\small\34\34a6eaad.jpg,Android Phone,Smartphones,699.99,A high-quality android phone — smartphones product with excellent build quality and modern design.,/abo-images-small (1)/images/small/34/34a6eaad.jpg
D:\FYP Project\fypapp\abo-images-small (1)\images\small\97\979cc833.jpg,iPhone,Smartphones,699.99,A high-quality iphone — smartphones product with excellent build quality and modern design.,/abo-images-small (1)/images/small/97/979cc833.jpg
D:\FYP Project\fypapp\abo-images-small (1)\images\small\3d\3d4eb45b.jpg,Smartphone,Smartphones,699.99,A high-quality smartphone — smartphones product with excellent build quality and modern design.,/abo-images-small (1)/images/small/3d/3d4eb45b.jpg
D:\FYP Project\fypapp\abo-images-small (1)\images\small\b5\b5fdff61.jpg,iPad,Tablets,449.99,A high-quality ipad — tablets product with excellent build quality and modern design.,/abo-images-small (1)/images/small/b5/b5fdff61.jpg
D:\FYP Project\fypapp\abo-images-small (1)\images\small\5e\5edf3a45.jpg,Coffee Maker,Appliances,129.99,A high-quality coffee maker — appliances product with excellent build quality and modern design.,/abo-images-small (1)/images/small/5e/5edf3a45.jpg
D:\FYP Project\fypapp\abo-images-small (1)\images\small\d5\d5b51600.jpg,Smartphone,Smartphones,699.99,A high-quality smartphone — smartphones product with excellent build quality and modern design.,/abo-images-small (1)/images/small/d5/d5b51600.jpg
D:\FYP Project\fypapp\abo-images-small (1)\images\small\bb\bb78a1d7.jpg,Wireless Earbuds,Headphones,149.99,A high-quality wireless earbuds — headphones product with excellent build quality and modern design.,/abo-images-small (1)/images/small/bb/bb78a1d7.jpg
D:\FYP Project\fypapp\abo-images-small (1)\images\small\a9\a93d447f.jpg,Fitness Equipment,Sports,34.99,A high-quality fitness equipment — sports product with excellent build quality and modern design.,/abo-images-small (1)/images/small/a9/a93d447f.jpg
D:\FYP Project\fypapp\abo-images-small (1)\images\small\97\97a5a1be.jpg,Yoga Mat,Sports,34.99,A high-quality yoga mat — sports product with excellent build quality and modern design.,/abo-images-small (1)/images/small/97/97a5a1be.jpg
D:\FYP Project\fypapp\abo-images-small (1)\images\small\cd\cdd3a8c5.jpg,Running Shoes,Shoes,89.99,A high-quality running shoes — shoes product with excellent build quality and modern design.,/abo-images-small (1)/images/small/cd/cdd3a8c5.jpg
D:\FYP Project\fypapp\abo-images-small (1)\images\small\5e\5e4a1a44.jpg,Side Table,Tables,299.99,A high-quality side table — tables product with excellent build quality and modern design.,/abo-images-small (1)/images/small/5e/5e4a1a44.jpg
D:\FYP Project\fypapp\abo-images-small (1)\images\small\70\708cb010.jpg,Desk,Tables,299.99,A high-quality desk — tables product with excellent build quality and modern design.,/abo-images-small (1)/images/small/70/708cb010.jpg
D:\FYP Project\fypapp\abo-images-small (1)\images\small\56\56a49365.jpg,Dining Table,Tables,299.99,A high-quality dining table — tables product with excellent build quality and modern design.,/abo-images-small (1)/images/small/56/56a49365.jpg
D:\FYP Project\fypapp\abo-images-small (1)\images\small\1d\1d4442ba.jpg,Running Shoes,Shoes,89.99,A high-quality running shoes — shoes product with excellent build quality and modern design.,/abo-images-small (1)/images/small/1d/1d4442ba.jpg
D:\FYP Project\fypapp\abo-images-small (1)\images\small\61\61e45282.jpg,Android Phone,Smartphones,699.99,A high-quality android phone — smartphones product with excellent build quality and modern design.,/abo-images-small (1)/images/small/61/61e45282.jpg
D:\FYP Project\fypapp\abo-images-small (1)\images\small\9d\9d1945f0.jpg,iPhone,Smartphones,699.99,A high-quality iphone — smartphones product with excellent build quality and modern design.,/abo-images-small (1)/images/small/9d/9d1945f0.jpg
D:\FYP Project\fypapp\abo-images-small (1)\images\small\56\5616a052.jpg,Smartphone,Smartphones,699.99,A high-quality smartphone — smartphones product with excellent build quality and modern design.,/abo-images-small (1)/images/small/56/5616a052.jpg
D:\FYP Project\fypapp\abo-images-small (1)\images\small\a1\a1ce10ed.jpg,Running Shoes,Shoes,89.99,A high-quality running shoes — shoes product with excellent build quality and modern design.,/abo-images-small (1)/images/small/a1/a1ce10ed.jpg
D:\FYP Project\fypapp\abo-images-small (1)\images\small\c6\c616a62f.jpg,Android Phone,Smartphones,699.99,A high-quality android phone — smartphones product with excellent build quality and modern design.,/abo-images-small (1)/images/small/c6/c616a62f.jpg
D:\FYP Project\fypapp\abo-images-small (1)\images\small\d3\d3d8094f.jpg,Skillet,Cookware,89.99,A high-quality skillet — cookware product with excellent build quality and modern design.,/abo-images-small (1)/images/small/d3/d3d8094f.jpg
D:\FYP Project\fypapp\abo-images-small (1)\images\small\84\84a3e231.jpg,Microwave,Appliances,129.99,A high-quality microwave — appliances product with excellent build quality and modern design.,/abo-images-small (1)/images/small/84/84a3e231.jpg
D:\FYP Project\fypapp\abo-images-small (1)\images\small\76\765ee223.jpg,Fitness Equipment,Sports,34.99,A high-quality fitness equipment — sports product with excellent build quality and modern design.,/abo-images-small (1)/images/small/76/765ee223.jpg
D:\FYP Project\fypapp\abo-images-small (1)\images\small\09\09c71540.jpg,Coffee Maker,Appliances,129.99,A high-quality coffee maker — appliances product with excellent build quality and modern design.,/abo-images-small (1)/images/small/09/09c71540.jpg
D:\FYP Project\fypapp\abo-images-small (1)\images\small\ac\acc846cd.jpg,Sneakers,Shoes,89.99,A high-quality sneakers — shoes product with excellent build quality and modern design.,/abo-images-small (1)/images/small/ac/acc846cd.jpg
D:\FYP Project\fypapp\abo-images-small (1)\images\small\71\717d12b9.jpg,Running Shoes,Shoes,89.99,A high-quality running shoes — shoes product with excellent build quality and modern design.,/abo-images-small (1)/images/small/71/717d12b9.jpg
D:\FYP Project\fypapp\abo-images-small (1)\images\small\3f\3f424bff.jpg,Fitness Equipment,Sports,34.99,A high-quality fitness equipment — sports product with excellent build quality and modern design.,/abo-images-small (1)/images/small/3f/3f424bff.jpg
D:\FYP Project\fypapp\abo-images-small (1)\images\small\aa\aa91d8c9.jpg,Recliner,Chairs,199.99,A high-quality recliner — chairs product with excellent build quality and modern design.,/abo-images-small (1)/images/small/aa/aa91d8c9.jpg
D:\FYP Project\fypapp\abo-images-small (1)\images\small\4b\4b5d3e63.jpg,Yoga Mat,Sports,34.99,A high-quality yoga mat — sports product with excellent build quality and modern design.,/abo-images-small (1)/images/small/4b/4b5d3e63.jpg
D:\FYP Project\fypapp\abo-images-small (1)\images\small\5a\5aee4af3.jpg,Android Phone,Smartphones,699.99,A high-quality android phone — smartphones product with excellent build quality and modern design.,/abo-images-small (1)/images/small/5a/5aee4af3.jpg
D:\FYP Project\fypapp\abo-images-small (1)\images\small\77\77bb9af9.jpg,Boots,Shoes,89.99,A high-quality boots — shoes product with excellent build quality and modern design.,/abo-images-small (1)/images/small/77/77bb9af9.jpg
D:\FYP Project\fypapp\abo-images-small (1)\images\small\62\6226fd04.jpg,Smartphone,Smartphones,699.99,A high-quality smartphone — smartphones product with excellent build quality and modern design.,/abo-images-small (1)/images/small/62/6226fd04.jpg
D:\FYP Project\fypapp\abo-images-small (1)\images\small\cf\cf051d05.jpg,iPad,Tablets,449.99,A high-quality ipad — tablets product with excellent build quality and modern design.,/abo-images-small (1)/images/small/cf/cf051d05.jpg
D:\FYP Project\fypapp\abo-images-small (1)\images\small\f5\f59e078e.jpg,Outdoor Equipment,Outdoors,149.99,A high-quality outdoor equipment — outdoors product with excellent build quality and modern design.,/abo-images-small (1)/images/small/f5/f59e078e.jpg
D:\FYP Project\fypapp\abo-images-small (1)\images\small\61\6103881c.jpg,iPhone,Smartphones,699.99,A high-quality iphone — smartphones product with excellent build quality and modern design.,/abo-images-small (1)/images/small/61/6103881c.jpg
D:\FYP Project\fypapp\abo-images-small (1)\images\small\03\036e170d.jpg,Resistance Bands,Sports,34.99,A high-quality resistance bands — sports product with excellent build quality and modern design.,/abo-images-small (1)/images/small/03/036e170d.jpg
D:\FYP Project\fypapp\abo-images-small (1)\images\small\b4\b4517f4f.jpg,Android Phone,Smartphones,699.99,A high-quality android phone — smartphones product with excellent build quality and modern design.,/abo-images-small (1)/images/small/b4/b4517f4f.jpg
D:\FYP Project\fypapp\abo-images-small (1)\images\small\1c\1cebd154.jpg,Dining Table,Tables,299.99,A high-quality dining table — tables product with excellent build quality and modern design.,/abo-images-small (1)/images/small/1c/1cebd154.jpg
D:\FYP Project\fypapp\abo-images-small (1)\images\small\55\553f8940.jpg,Mobile Phone,Smartphones,699.99,A high-quality mobile phone — smartphones product with excellent build quality and modern design.,/abo-images-small (1)/images/small/55/553f8940.jpg
D:\FYP Project\fypapp\abo-images-small (1)\images\small\fc\fc0b1e83.jpg,Android Phone,Smartphones,699.99,A high-quality android phone — smartphones product with excellent build quality and modern design.,/abo-images-small (1)/images/small/fc/fc0b1e83.jpg
D:\FYP Project\fypapp\abo-images-small (1)\images\small\8d\8dd7541e.jpg,Coffee Maker,Appliances,129.99,A high-quality coffee maker — appliances product with excellent build quality and modern design.,/abo-images-small (1)/images/small/8d/8dd7541e.jpg
D:\FYP Project\fypapp\abo-images-small (1)\images\small\aa\aae76fc7.jpg,Headphones,Headphones,149.99,A high-quality headphones — headphones product with excellent build quality and modern design.,/abo-images-small (1)/images/small/aa/aae76fc7.jpg
D:\FYP Project\fypapp\abo-images-small (1)\images\small\c1\c125af15.jpg,Non-Stick Pan,Cookware,89.99,A high-quality non-stick pan — cookware product with excellent build quality and modern design.,/abo-images-small (1)/images/small/c1/c125af15.jpg
D:\FYP Project\fypapp\abo-images-small (1)\images\small\54\54e34c05.jpg,Android Phone,Smartphones,699.99,A high-quality android phone — smartphones product with excellent build quality and modern design.,/abo-images-small (1)/images/small/54/54e34c05.jpg
D:\FYP Project\fypapp\abo-images-small (1)\images\small\f1\f1f0bc64.jpg,Recliner,Chairs,199.99,A high-quality recliner — chairs product with excellent build quality and modern design.,/abo-images-small (1)/images/small/f1/f1f0bc64.jpg
D:\FYP Project\fypapp\abo-images-small (1)\images\small\a6\a6acbba2.jpg,Bed Frame,Beds,499.99,A high-quality bed frame — beds product with excellent build quality and modern design.,/abo-images-small (1)/images/small/a6/a6acbba2.jpg
D:\FYP Project\fypapp\abo-images-small (1)\images\small\e0\e0d76731.jpg,Queen Bed,Beds,499.99,A high-quality queen bed — beds product with excellent build quality and modern design.,/abo-images-small (1)/images/small/e0/e0d76731.jpg
D:\FYP Project\fypapp\abo-images-small (1)\images\small\f9\f93d301c.jpg,Digital Tablet,Tablets,449.99,A high-quality digital tablet — tablets product with excellent build quality and modern design.,/abo-images-small (1)/images/small/f9/f93d301c.jpg
D:\FYP Project\fypapp\abo-images-small (1)\images\small\ab\aba63f67.jpg,iPhone,Smartphones,699.99,A high-quality iphone — smartphones product with excellent build quality and modern design.,/abo-images-small (1)/images/small/ab/aba63f67.jpg
D:\FYP Project\fypapp\abo-images-small (1)\images\small\9c\9c312e06.jpg,Office Chair,Chairs,199.99,A high-quality office chair — chairs product with excellent build quality and modern design.,/abo-images-small (1)/images/small/9c/9c312e06.jpg
D:\FYP Project\fypapp\abo-images-small (1)\images\small\05\05e1682e.jpg,Mobile Phone,Smartphones,699.99,A high-quality mobile phone — smartphones product with excellent build quality and modern design.,/abo-images-small (1)/images/small/05/05e1682e.jpg
D:\FYP Project\fypapp\abo-images-small (1)\images\small\1f\1f804cd9.jpg,Android Phone,Smartphones,699.99,A high-quality android phone — smartphones product with excellent build quality and modern design.,/abo-images-small (1)/images/small/1f/1f804cd9.jpg
D:\FYP Project\fypapp\abo-images-small (1)\images\small\67\671a268d.jpg,Exercise Gear,Sports,34.99,A high-quality exercise gear — sports product with excellent build quality and modern design.,/abo-images-small (1)/images/small/67/671a268d.jpg
D:\FYP Project\fypapp\abo-images-small (1)\images\small\4e\4e840f83.jpg,Kitchen Appliance,Appliances,129.99,A high-quality kitchen appliance — appliances product with excellent build quality and modern design.,/abo-images-small (1)/images/small/4e/4e840f83.jpg
D:\FYP Project\fypapp\abo-images-small (1)\images\small\8d\8d284fb9.jpg,Mobile Phone,Smartphones,699.99,A high-quality mobile phone — smartphones product with excellent build quality and modern design.,/abo-images-small (1)/images/small/8d/8d284fb9.jpg
D:\FYP Project\fypapp\abo-images-small (1)\images\small\f2\f2567d9c.jpg,Android Phone,Smartphones,699.99,A high-quality android phone — smartphones product with excellent build quality and modern design.,/abo-images-small (1)/images/small/f2/f2567d9c.jpg
D:\FYP Project\fypapp\abo-images-small (1)\images\small\55\55e8d701.jpg,Exercise Gear,Sports,34.99,A high-quality exercise gear — sports product with excellent build quality and modern design.,/abo-images-small (1)/images/small/55/55e8d701.jpg
D:\FYP Project\fypapp\abo-images-small (1)\images\small\6b\6b17d8de.jpg,Headphones,Headphones,149.99,A high-quality headphones — headphones product with excellent build quality and modern design.,/abo-images-small (1)/images/small/6b/6b17d8de.jpg
D:\FYP Project\fypapp\abo-images-small (1)\images\small\e6\e6e13ae2.jpg,Mobile Phone,Smartphones,699.99,A high-quality mobile phone — smartphones product with excellent build quality and modern design.,/abo-images-small (1)/images/small/e6/e6e13ae2.jpg
D:\FYP Project\fypapp\abo-images-small (1)\images\small\ca\ca1d9897.jpg,Android Phone,Smartphones,699.99,A high-quality android phone — smartphones product with excellent build quality and modern design.,/abo-images-small (1)/images/small/ca/ca1d9897.jpg
D:\FYP Project\fypapp\abo-images-small (1)\images\small\81\8154e67e.jpg,iPhone,Smartphones,699.99,A high-quality iphone — smartphones product with excellent build quality and modern design.,/abo-images-small (1)/images/small/81/8154e67e.jpg
D:\FYP Project\fypapp\abo-images-small (1)\images\small\b9\b915293a.jpg,Casual Shoes,Shoes,89.99,A high-quality casual shoes — shoes product with excellent build quality and modern design.,/abo-images-small (1)/images/small/b9/b915293a.jpg
D:\FYP Project\fypapp\abo-images-small (1)\images\small\94\944830e4.jpg,Smartphone,Smartphones,699.99,A high-quality smartphone — smartphones product with excellent build quality and modern design.,/abo-images-small (1)/images/small/94/944830e4.jpg
D:\FYP Project\fypapp\abo-images-small (1)\images\small\bf\bf8139b0.jpg,Ceramic Plates,Dinnerware,49.99,A high-quality ceramic plates — dinnerware product with excellent build quality and modern design.,/abo-images-small (1)/images/small/bf/bf8139b0.jpg
D:\FYP Project\fypapp\abo-images-small (1)\images\small\74\747891ee.jpg,Android Phone,Smartphones,699.99,A high-quality android phone — smartphones product with excellent build quality and modern design.,/abo-images-small (1)/images/small/74/747891ee.jpg
D:\FYP Project\fypapp\abo-images-small (1)\images\small\7b\7b8db620.jpg,Loveseat,Sofas,799.99,A high-quality loveseat — sofas product with excellent build quality and modern design.,/abo-images-small (1)/images/small/7b/7b8db620.jpg
D:\FYP Project\fypapp\abo-images-small (1)\images\small\f6\f6315356.jpg,Sneakers,Shoes,89.99,A high-quality sneakers — shoes product with excellent build quality and modern design.,/abo-images-small (1)/images/small/f6/f6315356.jpg
D:\FYP Project\fypapp\abo-images-small (1)\images\small\9e\9e1b6698.jpg,Mobile Phone,Smartphones,699.99,A high-quality mobile phone — smartphones product with excellent build quality and modern design.,/abo-images-small (1)/images/small/9e/9e1b6698.jpg
D:\FYP Project\fypapp\abo-images-small (1)\images\small\5f\5f28f1f3.jpg,Android Phone,Smartphones,699.99,A high-quality android phone — smartphones product with excellent build quality and modern design.,/abo-images-small (1)/images/small/5f/5f28f1f3.jpg
D:\FYP Project\fypapp\abo-images-small (1)\images\small\6b\6b3a42c4.jpg,iPhone,Smartphones,699.99,A high-quality iphone — smartphones product with excellent build quality and modern design.,/abo-images-small (1)/images/small/6b/6b3a42c4.jpg
D:\FYP Project\fypapp\abo-images-small (1)\images\small\51\518ca417.jpg,Microwave,Appliances,129.99,A high-quality microwave — appliances product with excellent build quality and modern design.,/abo-images-small (1)/images/small/51/518ca417.jpg
D:\FYP Project\fypapp\abo-images-small (1)\images\small\28\28b4f991.jpg,Casual Shoes,Shoes,89.99,A high-quality casual shoes — shoes product with excellent build quality and modern design.,/abo-images-small (1)/images/small/28/28b4f991.jpg
D:\FYP Project\fypapp\abo-images-small (1)\images\small\fc\fc6f3b51.jpg,Mug Set,Dinnerware,49.99,A high-quality mug set — dinnerware product with excellent build quality and modern design.,/abo-images-small (1)/images/small/fc/fc6f3b51.jpg
D:\FYP Project\fypapp\abo-images-small (1)\images\small\43\43d86c99.jpg,Sofa,Sofas,799.99,A high-quality sofa — sofas product with excellent build quality and modern design.,/abo-images-small (1)/images/small/43/43d86c99.jpg
D:\FYP Project\fypapp\abo-images-small (1)\images\small\6e\6e3dc690.jpg,Microwave,Appliances,129.99,A high-quality microwave — appliances product with excellent build quality and modern design.,/abo-images-small (1)/images/small/6e/6e3dc690.jpg
D:\FYP Project\fypapp\abo-images-small (1)\images\small\28\2850480f.jpg,Android Phone,Smartphones,699.99,A high-quality android phone — smartphones product with excellent build quality and modern design.,/abo-images-small (1)/images/small/28/2850480f.jpg
D:\FYP Project\fypapp\abo-images-small (1)\images\small\ba\bac1de72.jpg,iPhone,Smartphones,699.99,A high-quality iphone — smartphones product with excellent build quality and modern design.,/abo-images-small (1)/images/small/ba/bac1de72.jpg
D:\FYP Project\fypapp\abo-images-small (1)\images\small\f1\f1c5db93.jpg,Cookware Set,Cookware,89.99,A high-quality cookware set — cookware product with excellent build quality and modern design.,/abo-images-small (1)/images/small/f1/f1c5db93.jpg
D:\FYP Project\fypapp\abo-images-small (1)\images\small\41\415b985d.jpg,Mobile Phone,Smartphones,699.99,A high-quality mobile phone — smartphones product with excellent build quality and modern design.,/abo-images-small (1)/images/small/41/415b985d.jpg
D:\FYP Project\fypapp\abo-images-small (1)\images\small\43\43816387.jpg,Android Phone,Smartphones,699.99,A high-quality android phone — smartphones product with excellent build quality and modern design.,/abo-images-small (1)/images/small/43/43816387.jpg
D:\FYP Project\fypapp\abo-images-small (1)\images\small\a9\a977961c.jpg,Tablet,Tablets,449.99,A high-quality tablet — tablets product with excellent build quality and modern design.,/abo-images-small (1)/images/small/a9/a977961c.jpg
D:\FYP Project\fypapp\abo-images-small (1)\images\small\61\61180a03.jpg,Couch,Sofas,799.99,A high-quality couch — sofas product with excellent build quality and modern design.,/abo-images-small (1)/images/small/61/61180a03.jpg
D:\FYP Project\fypapp\abo-images-small (1)\images\small\fe\fe912649.jpg,Side Table,Tables,299.99,A high-quality side table — tables product with excellent build quality and modern design.,/abo-images-small (1)/images/small/fe/fe912649.jpg
D:\FYP Project\fypapp\abo-images-small (1)\images\small\cc\ccd2dcba.jpg,Coffee Maker,Appliances,129.99,A high-quality coffee maker — appliances product with excellent build quality and modern design.,/abo-images-small (1)/images/small/cc/ccd2dcba.jpg
D:\FYP Project\fypapp\abo-images-small (1)\images\small\b6\b6f853ec.jpg,Yoga Mat,Sports,34.99,A high-quality yoga mat — sports product with excellent build quality and modern design.,/abo-images-small (1)/images/small/b6/b6f853ec.jpg
D:\FYP Project\fypapp\abo-images-small (1)\images\small\cf\cf398291.jpg,Maxi Dress,Dresses,59.99,A high-quality maxi dress — dresses product with excellent build quality and modern design.,/abo-images-small (1)/images/small/cf/cf398291.jpg
D:\FYP Project\fypapp\abo-images-small (1)\images\small\63\63535479.jpg,Sectional Sofa,Sofas,799.99,A high-quality sectional sofa — sofas product with excellent build quality and modern design.,/abo-images-small (1)/images/small/63/63535479.jpg
D:\FYP Project\fypapp\abo-images-small (1)\images\small\44\44559855.jpg,Sneakers,Shoes,89.99,A high-quality sneakers — shoes product with excellent build quality and modern design.,/abo-images-small (1)/images/small/44/44559855.jpg
D:\FYP Project\fypapp\abo-images-small (1)\images\small\67\67c644b5.jpg,Running Shoes,Shoes,89.99,A high-quality running shoes — shoes product with excellent build quality and modern design.,/abo-images-small (1)/images/small/67/67c644b5.jpg
D:\FYP Project\fypapp\abo-images-small (1)\images\small\50\5087e51d.jpg,Polo Shirt,Shirts,39.99,A high-quality polo shirt — shirts product with excellent build quality and modern design.,/abo-images-small (1)/images/small/50/5087e51d.jpg
D:\FYP Project\fypapp\abo-images-small (1)\images\small\7e\7ea1da70.jpg,iPhone,Smartphones,699.99,A high-quality iphone — smartphones product with excellent build quality and modern design.,/abo-images-small (1)/images/small/7e/7ea1da70.jpg
D:\FYP Project\fypapp\abo-images-small (1)\images\small\3e\3e74998a.jpg,Dining Table,Tables,299.99,A high-quality dining table — tables product with excellent build quality and modern design.,/abo-images-small (1)/images/small/3e/3e74998a.jpg
D:\FYP Project\fypapp\abo-images-small (1)\images\small\69\69cdeb1b.jpg,Mobile Phone,Smartphones,699.99,A high-quality mobile phone — smartphones product with excellent build quality and modern design.,/abo-images-small (1)/images/small/69/69cdeb1b.jpg
D:\FYP Project\fypapp\abo-images-small (1)\images\small\04\04c83a86.jpg,Android Phone,Smartphones,699.99,A high-quality android phone — smartphones product with excellent build quality and modern design.,/abo-images-small (1)/images/small/04/04c83a86.jpg
D:\FYP Project\fypapp\abo-images-small (1)\images\small\f7\f7ec9dc1.jpg,iPhone,Smartphones,699.99,A high-quality iphone — smartphones product with excellent build quality and modern design.,/abo-images-small (1)/images/small/f7/f7ec9dc1.jpg
D:\FYP Project\fypapp\abo-images-small (1)\images\small\ba\ba29ab51.jpg,Sneakers,Shoes,89.99,A high-quality sneakers — shoes product with excellent build quality and modern design.,/abo-images-small (1)/images/small/ba/ba29ab51.jpg
D:\FYP Project\fypapp\abo-images-small (1)\images\small\2a\2ab7979d.jpg,Couch,Sofas,799.99,A high-quality couch — sofas product with excellent build quality and modern design.,/abo-images-small (1)/images/small/2a/2ab7979d.jpg
D:\FYP Project\fypapp\abo-images-small (1)\images\small\60\6050a27d.jpg,Android Phone,Smartphones,699.99,A high-quality android phone — smartphones product with excellent build quality and modern design.,/abo-images-small (1)/images/small/60/6050a27d.jpg
D:\FYP Project\fypapp\abo-images-small (1)\images\small\12\12537f46.jpg,Headphones,Headphones,149.99,A high-quality headphones — headphones product with excellent build quality and modern design.,/abo-images-small (1)/images/small/12/12537f46.jpg
D:\FYP Project\fypapp\abo-images-small (1)\images\small\c0\c08c46e1.jpg,Queen Bed,Beds,499.99,A high-quality queen bed — beds product with excellent build quality and modern design.,/abo-images-small (1)/images/small/c0/c08c46e1.jpg
D:\FYP Project\fypapp\abo-images-small (1)\images\small\66\666314be.jpg,Cooking Pot,Cookware,89.99,A high-quality cooking pot — cookware product with excellent build quality and modern design.,/abo-images-small (1)/images/small/66/666314be.jpg
D:\FYP Project\fypapp\abo-images-small (1)\images\small\f4\f451f8e3.jpg,Exercise Gear,Sports,34.99,A high-quality exercise gear — sports product with excellent build quality and modern design.,/abo-images-small (1)/images/small/f4/f451f8e3.jpg
D:\FYP Project\fypapp\abo-images-small (1)\images\small\dd\dd1b4a10.jpg,Resistance Bands,Sports,34.99,A high-quality resistance bands — sports product with excellent build quality and modern design.,/abo-images-small (1)/images/small/dd/dd1b4a10.jpg
D:\FYP Project\fypapp\abo-images-small (1)\images\small\22\22aa030b.jpg,Earphones,Headphones,149.99,A high-quality earphones — headphones product with excellent build quality and modern design.,/abo-images-small (1)/images/small/22/22aa030b.jpg
D:\FYP Project\fypapp\abo-images-small (1)\images\small\04\04227559.jpg,Smartphone,Smartphones,699.99,A high-quality smartphone — smartphones product with excellent build quality and modern design.,/abo-images-small (1)/images/small/04/04227559.jpg
D:\FYP Project\fypapp\abo-images-small (1)\images\small\c7\c788bbb6.jpg,Mobile Phone,Smartphones,699.99,A high-quality mobile phone — smartphones product with excellent build quality and modern design.,/abo-images-small (1)/images/small/c7/c788bbb6.jpg
D:\FYP Project\fypapp\abo-images-small (1)\images\small\63\63c0e187.jpg,Digital Tablet,Tablets,449.99,A high-quality digital tablet — tablets product with excellent build quality and modern design.,/abo-images-small (1)/images/small/63/63c0e187.jpg
D:\FYP Project\fypapp\abo-images-small (1)\images\small\a4\a46d3951.jpg,iPhone,Smartphones,699.99,A high-quality iphone — smartphones product with excellent build quality and modern design.,/abo-images-small (1)/images/small/a4/a46d3951.jpg
D:\FYP Project\fypapp\abo-images-small (1)\images\small\a7\a78ddfa4.jpg,Dining Table,Tables,299.99,A high-quality dining table — tables product with excellent build quality and modern design.,/abo-images-small (1)/images/small/a7/a78ddfa4.jpg
D:\FYP Project\fypapp\abo-images-small (1)\images\small\99\9948f3cb.jpg,Mobile Phone,Smartphones,699.99,A high-quality mobile phone — smartphones product with excellent build quality and modern design.,/abo-images-small (1)/images/small/99/9948f3cb.jpg
D:\FYP Project\fypapp\abo-images-small (1)\images\small\41\41192ad9.jpg,iPhone,Smartphones,699.99,A high-quality iphone — smartphones product with excellent build quality and modern design.,/abo-images-small (1)/images/small/41/41192ad9.jpg
D:\FYP Project\fypapp\abo-images-small (1)\images\small\11\1146489d.jpg,Dress,Dresses,59.99,A high-quality dress — dresses product with excellent build quality and modern design.,/abo-images-small (1)/images/small/11/1146489d.jpg
D:\FYP Project\fypapp\abo-images-small (1)\images\small\58\58fad96c.jpg,Mobile Phone,Smartphones,699.99,A high-quality mobile phone — smartphones product with excellent build quality and modern design.,/abo-images-small (1)/images/small/58/58fad96c.jpg
D:\FYP Project\fypapp\abo-images-small (1)\images\small\a7\a73ac7d4.jpg,Android Phone,Smartphones,699.99,A high-quality android phone — smartphones product with excellent build quality and modern design.,/abo-images-small (1)/images/small/a7/a73ac7d4.jpg
D:\FYP Project\fypapp\abo-images-small (1)\images\small\26\267c12dd.jpg,iPhone,Smartphones,699.99,A high-quality iphone — smartphones product with excellent build quality and modern design.,/abo-images-small (1)/images/small/26/267c12dd.jpg
D:\FYP Project\fypapp\abo-images-small (1)\images\small\15\15fb1c73.jpg,Cookware Set,Cookware,89.99,A high-quality cookware set — cookware product with excellent build quality and modern design.,/abo-images-small (1)/images/small/15/15fb1c73.jpg
D:\FYP Project\fypapp\abo-images-small (1)\images\small\8b\8be92c21.jpg,Mobile Phone,Smartphones,699.99,A high-quality mobile phone — smartphones product with excellent build quality and modern design.,/abo-images-small (1)/images/small/8b/8be92c21.jpg
D:\FYP Project\fypapp\abo-images-small (1)\images\small\ab\abeeadd1.jpg,Bowl Set,Dinnerware,49.99,A high-quality bowl set — dinnerware product with excellent build quality and modern design.,/abo-images-small (1)/images/small/ab/abeeadd1.jpg
D:\FYP Project\fypapp\abo-images-small (1)\images\small\18\18fbbfca.jpg,Backpack,Outdoors,149.99,A high-quality backpack — outdoors product with excellent build quality and modern design.,/abo-images-small (1)/images/small/18/18fbbfca.jpg
D:\FYP Project\fypapp\abo-images-small (1)\images\small\c8\c88ccf5d.jpg,Sofa,Sofas,799.99,A high-quality sofa — sofas product with excellent build quality and modern design.,/abo-images-small (1)/images/small/c8/c88ccf5d.jpg
D:\FYP Project\fypapp\abo-images-small (1)\images\small\da\da357244.jpg,Dining Chair,Chairs,199.99,A high-quality dining chair — chairs product with excellent build quality and modern design.,/abo-images-small (1)/images/small/da/da357244.jpg
D:\FYP Project\fypapp\abo-images-small (1)\images\small\f0\f07ac7d9.jpg,Cooking Pot,Cookware,89.99,A high-quality cooking pot — cookware product with excellent build quality and modern design.,/abo-images-small (1)/images/small/f0/f07ac7d9.jpg
D:\FYP Project\fypapp\abo-images-small (1)\images\small\12\12063b08.jpg,Action Camera,Cameras,549.99,A high-quality action camera — cameras product with excellent build quality and modern design.,/abo-images-small (1)/images/small/12/12063b08.jpg
D:\FYP Project\fypapp\abo-images-small (1)\images\small\34\343a8f0b.jpg,Bed Frame,Beds,499.99,A high-quality bed frame — beds product with excellent build quality and modern design.,/abo-images-small (1)/images/small/34/343a8f0b.jpg
D:\FYP Project\fypapp\abo-images-small (1)\images\small\c3\c3b4a3be.jpg,Side Table,Tables,299.99,A high-quality side table — tables product with excellent build quality and modern design.,/abo-images-small (1)/images/small/c3/c3b4a3be.jpg
D:\FYP Project\fypapp\abo-images-small (1)\images\small\6a\6a519e79.jpg,Exercise Gear,Sports,34.99,A high-quality exercise gear — sports product with excellent build quality and modern design.,/abo-images-small (1)/images/small/6a/6a519e79.jpg
D:\FYP Project\fypapp\abo-images-small (1)\images\small\1c\1cc89c89.jpg,Headphones,Headphones,149.99,A high-quality headphones — headphones product with excellent build quality and modern design.,/abo-images-small (1)/images/small/1c/1cc89c89.jpg
D:\FYP Project\fypapp\abo-images-small (1)\images\small\57\578bb1da.jpg,Couch,Sofas,799.99,A high-quality couch — sofas product with excellent build quality and modern design.,/abo-images-small (1)/images/small/57/578bb1da.jpg
D:\FYP Project\fypapp\abo-images-small (1)\images\small\c2\c22283a2.jpg,iPhone,Smartphones,699.99,A high-quality iphone — smartphones product with excellent build quality and modern design.,/abo-images-small (1)/images/small/c2/c22283a2.jpg
D:\FYP Project\fypapp\abo-images-small (1)\images\small\91\911fd023.jpg,Kitchen Appliance,Appliances,129.99,A high-quality kitchen appliance — appliances product with excellent build quality and modern design.,/abo-images-small (1)/images/small/91/911fd023.jpg
D:\FYP Project\fypapp\abo-images-small (1)\images\small\d2\d2779909.jpg,Wireless Earbuds,Headphones,149.99,A high-quality wireless earbuds — headphones product with excellent build quality and modern design.,/abo-images-small (1)/images/small/d2/d2779909.jpg
D:\FYP Project\fypapp\abo-images-small (1)\images\small\cf\cf02bfec.jpg,Side Table,Tables,299.99,A high-quality side table — tables product with excellent build quality and modern design.,/abo-images-small (1)/images/small/cf/cf02bfec.jpg
D:\FYP Project\fypapp\abo-images-small (1)\images\small\d6\d68fd9f4.jpg,iPhone,Smartphones,699.99,A high-quality iphone — smartphones product with excellent build quality and modern design.,/abo-images-small (1)/images/small/d6/d68fd9f4.jpg
D:\FYP Project\fypapp\abo-images-small (1)\images\small\4f\4fee284f.jpg,Dress,Dresses,59.99,A high-quality dress — dresses product with excellent build quality and modern design.,/abo-images-small (1)/images/small/4f/4fee284f.jpg
D:\FYP Project\fypapp\abo-images-small (1)\images\small\b6\b64925d5.jpg,Coffee Table,Tables,299.99,A high-quality coffee table — tables product with excellent build quality and modern design.,/abo-images-small (1)/images/small/b6/b64925d5.jpg
D:\FYP Project\fypapp\abo-images-small (1)\images\small\85\851eebc7.jpg,Sectional Sofa,Sofas,799.99,A high-quality sectional sofa — sofas product with excellent build quality and modern design.,/abo-images-small (1)/images/small/85/851eebc7.jpg
D:\FYP Project\fypapp\abo-images-small (1)\images\small\9d\9d006edf.jpg,iPhone,Smartphones,699.99,A high-quality iphone — smartphones product with excellent build quality and modern design.,/abo-images-small (1)/images/small/9d/9d006edf.jpg
D:\FYP Project\fypapp\abo-images-small (1)\images\small\9a\9a0cc9ee.jpg,Smartphone,Smartphones,699.99,A high-quality smartphone — smartphones product with excellent build quality and modern design.,/abo-images-small (1)/images/small/9a/9a0cc9ee.jpg
D:\FYP Project\fypapp\abo-images-small (1)\images\small\68\68249806.jpg,Running Shoes,Shoes,89.99,A high-quality running shoes — shoes product with excellent build quality and modern design.,/abo-images-small (1)/images/small/68/68249806.jpg
D:\FYP Project\fypapp\abo-images-small (1)\images\small\cc\cc7406db.jpg,Cooking Pot,Cookware,89.99,A high-quality cooking pot — cookware product with excellent build quality and modern design.,/abo-images-small (1)/images/small/cc/cc7406db.jpg
D:\FYP Project\fypapp\abo-images-small (1)\images\small\95\956a48c9.jpg,iPhone,Smartphones,699.99,A high-quality iphone — smartphones product with excellent build quality and modern design.,/abo-images-small (1)/images/small/95/956a48c9.jpg
D:\FYP Project\fypapp\abo-images-small (1)\images\small\6a\6acf4af8.jpg,Yoga Mat,Sports,34.99,A high-quality yoga mat — sports product with excellent build quality and modern design.,/abo-images-small (1)/images/small/6a/6acf4af8.jpg
D:\FYP Project\fypapp\abo-images-small (1)\images\small\c5\c5aca57a.jpg,Running Shoes,Shoes,89.99,A high-quality running shoes — shoes product with excellent build quality and modern design.,/abo-images-small (1)/images/small/c5/c5aca57a.jpg
D:\FYP Project\fypapp\abo-images-small (1)\images\small\d7\d76c98c2.jpg,Android Phone,Smartphones,699.99,A high-quality android phone — smartphones product with excellent build quality and modern design.,/abo-images-small (1)/images/small/d7/d76c98c2.jpg
D:\FYP Project\fypapp\abo-images-small (1)\images\small\14\1442cd60.jpg,iPhone,Smartphones,699.99,A high-quality iphone — smartphones product with excellent build quality and modern design.,/abo-images-small (1)/images/small/14/1442cd60.jpg
D:\FYP Project\fypapp\abo-images-small (1)\images\small\d3\d3952963.jpg,Kitchen Appliance,Appliances,129.99,A high-quality kitchen appliance — appliances product with excellent build quality and modern design.,/abo-images-small (1)/images/small/d3/d3952963.jpg
D:\FYP Project\fypapp\abo-images-small (1)\images\small\21\218a198f.jpg,Coffee Table,Tables,299.99,A high-quality coffee table — tables product with excellent build quality and modern design.,/abo-images-small (1)/images/small/21/218a198f.jpg
D:\FYP Project\fypapp\abo-images-small (1)\images\small\49\49ec7605.jpg,Sectional Sofa,Sofas,799.99,A high-quality sectional sofa — sofas product with excellent build quality and modern design.,/abo-images-small (1)/images/small/49/49ec7605.jpg
D:\FYP Project\fypapp\abo-images-small (1)\images\small\d8\d8e86402.jpg,Exercise Gear,Sports,34.99,A high-quality exercise gear — sports product with excellent build quality and modern design.,/abo-images-small (1)/images/small/d8/d8e86402.jpg
D:\FYP Project\fypapp\abo-images-small (1)\images\small\4a\4aff7352.jpg,Yoga Mat,Sports,34.99,A high-quality yoga mat — sports product with excellent build quality and modern design.,/abo-images-small (1)/images/small/4a/4aff7352.jpg
D:\FYP Project\fypapp\abo-images-small (1)\images\small\5d\5d080465.jpg,Mobile Phone,Smartphones,699.99,A high-quality mobile phone — smartphones product with excellent build quality and modern design.,/abo-images-small (1)/images/small/5d/5d080465.jpg
D:\FYP Project\fypapp\abo-images-small (1)\images\small\e5\e5b8a1eb.jpg,Casual Shoes,Shoes,89.99,A high-quality casual shoes — shoes product with excellent build quality and modern design.,/abo-images-small (1)/images/small/e5/e5b8a1eb.jpg
D:\FYP Project\fypapp\abo-images-small (1)\images\small\1b\1b725e2a.jpg,Loveseat,Sofas,799.99,A high-quality loveseat — sofas product with excellent build quality and modern design.,/abo-images-small (1)/images/small/1b/1b725e2a.jpg
D:\FYP Project\fypapp\abo-images-small (1)\images\small\37\3705883d.jpg,Dining Table,Tables,299.99,A high-quality dining table — tables product with excellent build quality and modern design.,/abo-images-small (1)/images/small/37/3705883d.jpg
D:\FYP Project\fypapp\abo-images-small (1)\images\small\54\54b783a3.jpg,Queen Bed,Beds,499.99,A high-quality queen bed — beds product with excellent build quality and modern design.,/abo-images-small (1)/images/small/54/54b783a3.jpg
D:\FYP Project\fypapp\abo-images-small (1)\images\small\3c\3c8b47c0.jpg,Android Phone,Smartphones,699.99,A high-quality android phone — smartphones product with excellent build quality and modern design.,/abo-images-small (1)/images/small/3c/3c8b47c0.jpg
D:\FYP Project\fypapp\abo-images-small (1)\images\small\c0\c014ef88.jpg,Windbreaker,Jackets,119.99,A high-quality windbreaker — jackets product with excellent build quality and modern design.,/abo-images-small (1)/images/small/c0/c014ef88.jpg
D:\FYP Project\fypapp\abo-images-small (1)\images\small\19\195275cb.jpg,Sneakers,Shoes,89.99,A high-quality sneakers — shoes product with excellent build quality and modern design.,/abo-images-small (1)/images/small/19/195275cb.jpg
D:\FYP Project\fypapp\abo-images-small (1)\images\small\36\36da3718.jpg,Running Shoes,Shoes,89.99,A high-quality running shoes — shoes product with excellent build quality and modern design.,/abo-images-small (1)/images/small/36/36da3718.jpg
D:\FYP Project\fypapp\abo-images-small (1)\images\small\00\00ee2aa6.jpg,Android Phone,Smartphones,699.99,A high-quality android phone — smartphones product with excellent build quality and modern design.,/abo-images-small (1)/images/small/00/00ee2aa6.jpg
D:\FYP Project\fypapp\abo-images-small (1)\images\small\8e\8e860c2f.jpg,iPhone,Smartphones,699.99,A high-quality iphone — smartphones product with excellent build quality and modern design.,/abo-images-small (1)/images/small/8e/8e860c2f.jpg
D:\FYP Project\fypapp\abo-images-small (1)\images\small\9c\9cfefc28.jpg,Kitchen Appliance,Appliances,129.99,A high-quality kitchen appliance — appliances product with excellent build quality and modern design.,/abo-images-small (1)/images/small/9c/9cfefc28.jpg
D:\FYP Project\fypapp\abo-images-small (1)\images\small\f1\f17e56be.jpg,Dining Chair,Chairs,199.99,A high-quality dining chair — chairs product with excellent build quality and modern design.,/abo-images-small (1)/images/small/f1/f17e56be.jpg
D:\FYP Project\fypapp\abo-images-small (1)\images\small\a4\a496bd3e.jpg,iPhone,Smartphones,699.99,A high-quality iphone — smartphones product with excellent build quality and modern design.,/abo-images-small (1)/images/small/a4/a496bd3e.jpg
D:\FYP Project\fypapp\abo-images-small (1)\images\small\66\66148e8b.jpg,Kitchen Appliance,Appliances,129.99,A high-quality kitchen appliance — appliances product with excellent build quality and modern design.,/abo-images-small (1)/images/small/66/66148e8b.jpg
D:\FYP Project\fypapp\abo-images-small (1)\images\small\0b\0b215593.jpg,Winter Coat,Jackets,119.99,A high-quality winter coat — jackets product with excellent build quality and modern design.,/abo-images-small (1)/images/small/0b/0b215593.jpg
D:\FYP Project\fypapp\abo-images-small (1)\images\small\51\51dbaf34.jpg,Cooking Pot,Cookware,89.99,A high-quality cooking pot — cookware product with excellent build quality and modern design.,/abo-images-small (1)/images/small/51/51dbaf34.jpg
D:\FYP Project\fypapp\abo-images-small (1)\images\small\65\650afe70.jpg,Recliner,Chairs,199.99,A high-quality recliner — chairs product with excellent build quality and modern design.,/abo-images-small (1)/images/small/65/650afe70.jpg
D:\FYP Project\fypapp\abo-images-small (1)\images\small\f7\f78efc1c.jpg,Office Chair,Chairs,199.99,A high-quality office chair — chairs product with excellent build quality and modern design.,/abo-images-small (1)/images/small/f7/f78efc1c.jpg
D:\FYP Project\fypapp\abo-images-small (1)\images\small\63\633c1a7d.jpg,Resistance Bands,Sports,34.99,A high-quality resistance bands — sports product with excellent build quality and modern design.,/abo-images-small (1)/images/small/63/633c1a7d.jpg
D:\FYP Project\fypapp\abo-images-small (1)\images\small\f6\f63c45ee.jpg,Android Phone,Smartphones,699.99,A high-quality android phone — smartphones product with excellent build quality and modern design.,/abo-images-small (1)/images/small/f6/f63c45ee.jpg
D:\FYP Project\fypapp\abo-images-small (1)\images\small\9e\9e33ac7b.jpg,iPhone,Smartphones,699.99,A high-quality iphone — smartphones product with excellent build quality and modern design.,/abo-images-small (1)/images/small/9e/9e33ac7b.jpg
D:\FYP Project\fypapp\abo-images-small (1)\images\small\18\18045e58.jpg,Camping Tent,Outdoors,149.99,A high-quality camping tent — outdoors product with excellent build quality and modern design.,/abo-images-small (1)/images/small/18/18045e58.jpg
D:\FYP Project\fypapp\abo-images-small (1)\images\small\f0\f0cff8d0.jpg,Resistance Bands,Sports,34.99,A high-quality resistance bands — sports product with excellent build quality and modern design.,/abo-images-small (1)/images/small/f0/f0cff8d0.jpg
D:\FYP Project\fypapp\abo-images-small (1)\images\small\52\528126f6.jpg,Fitness Equipment,Sports,34.99,A high-quality fitness equipment — sports product with excellent build quality and modern design.,/abo-images-small (1)/images/small/52/528126f6.jpg
D:\FYP Project\fypapp\abo-images-small (1)\images\small\5c\5cffc3b7.jpg,Recliner,Chairs,199.99,A high-quality recliner — chairs product with excellent build quality and modern design.,/abo-images-small (1)/images/small/5c/5cffc3b7.jpg
D:\FYP Project\fypapp\abo-images-small (1)\images\small\cc\cce52993.jpg,Non-Stick Pan,Cookware,89.99,A high-quality non-stick pan — cookware product with excellent build quality and modern design.,/abo-images-small (1)/images/small/cc/cce52993.jpg
D:\FYP Project\fypapp\abo-images-small (1)\images\small\e5\e5f92f9c.jpg,Android Phone,Smartphones,699.99,A high-quality android phone — smartphones product with excellent build quality and modern design.,/abo-images-small (1)/images/small/e5/e5f92f9c.jpg
D:\FYP Project\fypapp\abo-images-small (1)\images\small\45\459b2941.jpg,Exercise Gear,Sports,34.99,A high-quality exercise gear — sports product with excellent build quality and modern design.,/abo-images-small (1)/images/small/45/459b2941.jpg
D:\FYP Project\fypapp\abo-images-small (1)\images\small\94\9428ac40.jpg,Sneakers,Shoes,89.99,A high-quality sneakers — shoes product with excellent build quality and modern design.,/abo-images-small (1)/images/small/94/9428ac40.jpg
D:\FYP Project\fypapp\abo-images-small (1)\images\small\4f\4f9f144f.jpg,Boots,Shoes,89.99,A high-quality boots — shoes product with excellent build quality and modern design.,/abo-images-small (1)/images/small/4f/4f9f144f.jpg
D:\FYP Project\fypapp\abo-images-small (1)\images\small\e1\e1700062.jpg,Office Chair,Chairs,199.99,A high-quality office chair — chairs product with excellent build quality and modern design.,/abo-images-small (1)/images/small/e1/e1700062.jpg
D:\FYP Project\fypapp\abo-images-small (1)\images\small\32\32509ac0.jpg,Mobile Phone,Smartphones,699.99,A high-quality mobile phone — smartphones product with excellent build quality and modern design.,/abo-images-small (1)/images/small/32/32509ac0.jpg
D:\FYP Project\fypapp\abo-images-small (1)\images\small\18\18194e46.jpg,Jacket,Jackets,119.99,A high-quality jacket — jackets product with excellent build quality and modern design.,/abo-images-small (1)/images/small/18/18194e46.jpg
D:\FYP Project\fypapp\abo-images-small (1)\images\small\14\1411a15c.jpg,Mobile Phone,Smartphones,699.99,A high-quality mobile phone — smartphones product with excellent build quality and modern design.,/abo-images-small (1)/images/small/14/1411a15c.jpg
D:\FYP Project\fypapp\abo-images-small (1)\images\small\39\39ed65cc.jpg,Android Phone,Smartphones,699.99,A high-quality android phone — smartphones product with excellent build quality and modern design.,/abo-images-small (1)/images/small/39/39ed65cc.jpg
D:\FYP Project\fypapp\abo-images-small (1)\images\small\6b\6b8d5a41.jpg,Floral Dress,Dresses,59.99,A high-quality floral dress — dresses product with excellent build quality and modern design.,/abo-images-small (1)/images/small/6b/6b8d5a41.jpg
D:\FYP Project\fypapp\abo-images-small (1)\images\small\ce\ceaaf442.jpg,Smartphone,Smartphones,699.99,A high-quality smartphone — smartphones product with excellent build quality and modern design.,/abo-images-small (1)/images/small/ce/ceaaf442.jpg
D:\FYP Project\fypapp\abo-images-small (1)\images\small\c5\c5dff91b.jpg,iPad,Tablets,449.99,A high-quality ipad — tablets product with excellent build quality and modern design.,/abo-images-small (1)/images/small/c5/c5dff91b.jpg
D:\FYP Project\fypapp\abo-images-small (1)\images\small\65\653771a0.jpg,Sectional Sofa,Sofas,799.99,A high-quality sectional sofa — sofas product with excellent build quality and modern design.,/abo-images-small (1)/images/small/65/653771a0.jpg
D:\FYP Project\fypapp\abo-images-small (1)\images\small\98\98d6969a.jpg,Loveseat,Sofas,799.99,A high-quality loveseat — sofas product with excellent build quality and modern design.,/abo-images-small (1)/images/small/98/98d6969a.jpg
D:\FYP Project\fypapp\abo-images-small (1)\images\small\29\29f46f1a.jpg,Camping Tent,Outdoors,149.99,A high-quality camping tent — outdoors product with excellent build quality and modern design.,/abo-images-small (1)/images/small/29/29f46f1a.jpg
D:\FYP Project\fypapp\abo-images-small (1)\images\small\a4\a42dc0ee.jpg,Queen Bed,Beds,499.99,A high-quality queen bed — beds product with excellent build quality and modern design.,/abo-images-small (1)/images/small/a4/a42dc0ee.jpg
D:\FYP Project\fypapp\abo-images-small (1)\images\small\f1\f14167c5.jpg,Android Phone,Smartphones,699.99,A high-quality android phone — smartphones product with excellent build quality and modern design.,/abo-images-small (1)/images/small/f1/f14167c5.jpg
D:\FYP Project\fypapp\abo-images-small (1)\images\small\6a\6a667d51.jpg,Boots,Shoes,89.99,A high-quality boots — shoes product with excellent build quality and modern design.,/abo-images-small (1)/images/small/6a/6a667d51.jpg
D:\FYP Project\fypapp\abo-images-small (1)\images\small\f5\f521636e.jpg,Sofa,Sofas,799.99,A high-quality sofa — sofas product with excellent build quality and modern design.,/abo-images-small (1)/images/small/f5/f521636e.jpg
D:\FYP Project\fypapp\abo-images-small (1)\images\small\8c\8c84aa3b.jpg,Wireless Earbuds,Headphones,149.99,A high-quality wireless earbuds — headphones product with excellent build quality and modern design.,/abo-images-small (1)/images/small/8c/8c84aa3b.jpg
D:\FYP Project\fypapp\abo-images-small (1)\images\small\ae\aed970b5.jpg,iPhone,Smartphones,699.99,A high-quality iphone — smartphones product with excellent build quality and modern design.,/abo-images-small (1)/images/small/ae/aed970b5.jpg
D:\FYP Project\fypapp\abo-images-small (1)\images\small\bc\bc0f993d.jpg,Office Chair,Chairs,199.99,A high-quality office chair — chairs product with excellent build quality and modern design.,/abo-images-small (1)/images/small/bc/bc0f993d.jpg
D:\FYP Project\fypapp\abo-images-small (1)\images\small\98\98625762.jpg,Blender,Appliances,129.99,A high-quality blender — appliances product with excellent build quality and modern design.,/abo-images-small (1)/images/small/98/98625762.jpg
D:\FYP Project\fypapp\abo-images-small (1)\images\small\1b\1b322a62.jpg,Coffee Maker,Appliances,129.99,A high-quality coffee maker — appliances product with excellent build quality and modern design.,/abo-images-small (1)/images/small/1b/1b322a62.jpg
D:\FYP Project\fypapp\abo-images-small (1)\images\small\cf\cfa5e349.jpg,Headphones,Headphones,149.99,A high-quality headphones — headphones product with excellent build quality and modern design.,/abo-images-small (1)/images/small/cf/cfa5e349.jpg
D:\FYP Project\fypapp\abo-images-small (1)\images\small\0d\0d6d2831.jpg,Ceramic Plates,Dinnerware,49.99,A high-quality ceramic plates — dinnerware product with excellent build quality and modern design.,/abo-images-small (1)/images/small/0d/0d6d2831.jpg
D:\FYP Project\fypapp\abo-images-small (1)\images\small\96\967cedf4.jpg,Puffer Jacket,Jackets,119.99,A high-quality puffer jacket — jackets product with excellent build quality and modern design.,/abo-images-small (1)/images/small/96/967cedf4.jpg
D:\FYP Project\fypapp\abo-images-small (1)\images\small\70\708e237d.jpg,iPhone,Smartphones,699.99,A high-quality iphone — smartphones product with excellent build quality and modern design.,/abo-images-small (1)/images/small/70/708e237d.jpg
D:\FYP Project\fypapp\abo-images-small (1)\images\small\58\58449b25.jpg,iPad,Tablets,449.99,A high-quality ipad — tablets product with excellent build quality and modern design.,/abo-images-small (1)/images/small/58/58449b25.jpg
D:\FYP Project\fypapp\abo-images-small (1)\images\small\1e\1ee32f46.jpg,Exercise Gear,Sports,34.99,A high-quality exercise gear — sports product with excellent build quality and modern design.,/abo-images-small (1)/images/small/1e/1ee32f46.jpg
D:\FYP Project\fypapp\abo-images-small (1)\images\small\51\5101fded.jpg,Yoga Mat,Sports,34.99,A high-quality yoga mat — sports product with excellent build quality and modern design.,/abo-images-small (1)/images/small/51/5101fded.jpg
D:\FYP Project\fypapp\abo-images-small (1)\images\small\eb\eb4d8fef.jpg,Queen Bed,Beds,499.99,A high-quality queen bed — beds product with excellent build quality and modern design.,/abo-images-small (1)/images/small/eb/eb4d8fef.jpg
D:\FYP Project\fypapp\abo-images-small (1)\images\small\c7\c7ede937.jpg,Android Phone,Smartphones,699.99,A high-quality android phone — smartphones product with excellent build quality and modern design.,/abo-images-small (1)/images/small/c7/c7ede937.jpg
D:\FYP Project\fypapp\abo-images-small (1)\images\small\cb\cbfbd90e.jpg,iPhone,Smartphones,699.99,A high-quality iphone — smartphones product with excellent build quality and modern design.,/abo-images-small (1)/images/small/cb/cbfbd90e.jpg
D:\FYP Project\fypapp\abo-images-small (1)\images\small\07\070a1ca7.jpg,Smartphone,Smartphones,699.99,A high-quality smartphone — smartphones product with excellent build quality and modern design.,/abo-images-small (1)/images/small/07/070a1ca7.jpg
D:\FYP Project\fypapp\abo-images-small (1)\images\small\e9\e9a77f1b.jpg,Mobile Phone,Smartphones,699.99,A high-quality mobile phone — smartphones product with excellent build quality and modern design.,/abo-images-small (1)/images/small/e9/e9a77f1b.jpg
D:\FYP Project\fypapp\abo-images-small (1)\images\small\5e\5eae5dd8.jpg,Fitness Equipment,Sports,34.99,A high-quality fitness equipment — sports product with excellent build quality and modern design.,/abo-images-small (1)/images/small/5e/5eae5dd8.jpg
D:\FYP Project\fypapp\abo-images-small (1)\images\small\c8\c848631c.jpg,Skillet,Cookware,89.99,A high-quality skillet — cookware product with excellent build quality and modern design.,/abo-images-small (1)/images/small/c8/c848631c.jpg
D:\FYP Project\fypapp\abo-images-small (1)\images\small\0d\0d8a3597.jpg,Dining Table,Tables,299.99,A high-quality dining table — tables product with excellent build quality and modern design.,/abo-images-small (1)/images/small/0d/0d8a3597.jpg
D:\FYP Project\fypapp\abo-images-small (1)\images\small\b5\b5121ed6.jpg,Boots,Shoes,89.99,A high-quality boots — shoes product with excellent build quality and modern design.,/abo-images-small (1)/images/small/b5/b5121ed6.jpg
D:\FYP Project\fypapp\abo-images-small (1)\images\small\e2\e2b22175.jpg,Smartphone,Smartphones,699.99,A high-quality smartphone — smartphones product with excellent build quality and modern design.,/abo-images-small (1)/images/small/e2/e2b22175.jpg
D:\FYP Project\fypapp\abo-images-small (1)\images\small\99\99df98c7.jpg,Dress Shirt,Shirts,39.99,A high-quality dress shirt — shirts product with excellent build quality and modern design.,/abo-images-small (1)/images/small/99/99df98c7.jpg
D:\FYP Project\fypapp\abo-images-small (1)\images\small\61\61a5723a.jpg,Digital Tablet,Tablets,449.99,A high-quality digital tablet — tablets product with excellent build quality and modern design.,/abo-images-small (1)/images/small/61/61a5723a.jpg
D:\FYP Project\fypapp\abo-images-small (1)\images\small\3f\3f2319ce.jpg,Exercise Gear,Sports,34.99,A high-quality exercise gear — sports product with excellent build quality and modern design.,/abo-images-small (1)/images/small/3f/3f2319ce.jpg
D:\FYP Project\fypapp\abo-images-small (1)\images\small\cb\cb6415e0.jpg,Sneakers,Shoes,89.99,A high-quality sneakers — shoes product with excellent build quality and modern design.,/abo-images-small (1)/images/small/cb/cb6415e0.jpg
D:\FYP Project\fypapp\abo-images-small (1)\images\small\97\97bf3953.jpg,Ceramic Plates,Dinnerware,49.99,A high-quality ceramic plates — dinnerware product with excellent build quality and modern design.,/abo-images-small (1)/images/small/97/97bf3953.jpg
D:\FYP Project\fypapp\abo-images-small (1)\images\small\dc\dc01876e.jpg,Fitness Equipment,Sports,34.99,A high-quality fitness equipment — sports product with excellent build quality and modern design.,/abo-images-small (1)/images/small/dc/dc01876e.jpg
D:\FYP Project\fypapp\abo-images-small (1)\images\small\ab\abed6f1f.jpg,iPhone,Smartphones,699.99,A high-quality iphone — smartphones product with excellent build quality and modern design.,/abo-images-small (1)/images/small/ab/abed6f1f.jpg
D:\FYP Project\fypapp\abo-images-small (1)\images\small\1e\1edb897c.jpg,T-Shirt,Shirts,39.99,A high-quality t-shirt — shirts product with excellent build quality and modern design.,/abo-images-small (1)/images/small/1e/1edb897c.jpg
D:\FYP Project\fypapp\abo-images-small (1)\images\small\a4\a49f4795.jpg,Mobile Phone,Smartphones,699.99,A high-quality mobile phone — smartphones product with excellent build quality and modern design.,/abo-images-small (1)/images/small/a4/a49f4795.jpg
D:\FYP Project\fypapp\abo-images-small (1)\images\small\7a\7a4f4782.jpg,Bowl Set,Dinnerware,49.99,A high-quality bowl set — dinnerware product with excellent build quality and modern design.,/abo-images-small (1)/images/small/7a/7a4f4782.jpg
D:\FYP Project\fypapp\abo-images-small (1)\images\small\8e\8e7769be.jpg,Desk,Tables,299.99,A high-quality desk — tables product with excellent build quality and modern design.,/abo-images-small (1)/images/small/8e/8e7769be.jpg
D:\FYP Project\fypapp\abo-images-small (1)\images\small\75\754fb60d.jpg,Smartphone,Smartphones,699.99,A high-quality smartphone — smartphones product with excellent build quality and modern design.,/abo-images-small (1)/images/small/75/754fb60d.jpg
D:\FYP Project\fypapp\abo-images-small (1)\images\small\70\70226783.jpg,iPad,Tablets,449.99,A high-quality ipad — tablets product with excellent build quality and modern design.,/abo-images-small (1)/images/small/70/70226783.jpg
D:\FYP Project\fypapp\abo-images-small (1)\images\small\e8\e8e950d6.jpg,Cooking Pot,Cookware,89.99,A high-quality cooking pot — cookware product with excellent build quality and modern design.,/abo-images-small (1)/images/small/e8/e8e950d6.jpg
D:\FYP Project\fypapp\abo-images-small (1)\images\small\23\234bc84c.jpg,Loveseat,Sofas,799.99,A high-quality loveseat — sofas product with excellent build quality and modern design.,/abo-images-small (1)/images/small/23/234bc84c.jpg
D:\FYP Project\fypapp\abo-images-small (1)\images\small\38\3843b575.jpg,Kitchen Appliance,Appliances,129.99,A high-quality kitchen appliance — appliances product with excellent build quality and modern design.,/abo-images-small (1)/images/small/38/3843b575.jpg
D:\FYP Project\fypapp\abo-images-small (1)\images\small\74\7426188d.jpg,Resistance Bands,Sports,34.99,A high-quality resistance bands — sports product with excellent build quality and modern design.,/abo-images-small (1)/images/small/74/7426188d.jpg
D:\FYP Project\fypapp\abo-images-small (1)\images\small\8f\8f91b1c8.jpg,Blender,Appliances,129.99,A high-quality blender — appliances product with excellent build quality and modern design.,/abo-images-small (1)/images/small/8f/8f91b1c8.jpg
D:\FYP Project\fypapp\abo-images-small (1)\images\small\f2\f2fcf3e7.jpg,Boots,Shoes,89.99,A high-quality boots — shoes product with excellent build quality and modern design.,/abo-images-small (1)/images/small/f2/f2fcf3e7.jpg
D:\FYP Project\fypapp\abo-images-small (1)\images\small\65\65141910.jpg,Mobile Phone,Smartphones,699.99,A high-quality mobile phone — smartphones product with excellent build quality and modern design.,/abo-images-small (1)/images/small/65/65141910.jpg
D:\FYP Project\fypapp\abo-images-small (1)\images\small\8b\8bd4039c.jpg,Android Tablet,Tablets,449.99,A high-quality android tablet — tablets product with excellent build quality and modern design.,/abo-images-small (1)/images/small/8b/8bd4039c.jpg
D:\FYP Project\fypapp\abo-images-small (1)\images\small\bf\bf6ae0fb.jpg,Kitchen Appliance,Appliances,129.99,A high-quality kitchen appliance — appliances product with excellent build quality and modern design.,/abo-images-small (1)/images/small/bf/bf6ae0fb.jpg
D:\FYP Project\fypapp\abo-images-small (1)\images\small\0c\0c6bb1fd.jpg,Running Shoes,Shoes,89.99,A high-quality running shoes — shoes product with excellent build quality and modern design.,/abo-images-small (1)/images/small/0c/0c6bb1fd.jpg
D:\FYP Project\fypapp\abo-images-small (1)\images\small\9e\9e7b4aa1.jpg,Android Phone,Smartphones,699.99,A high-quality android phone — smartphones product with excellent build quality and modern design.,/abo-images-small (1)/images/small/9e/9e7b4aa1.jpg
D:\FYP Project\fypapp\abo-images-small (1)\images\small\6d\6de75af6.jpg,Smartphone,Smartphones,699.99,A high-quality smartphone — smartphones product with excellent build quality and modern design.,/abo-images-small (1)/images/small/6d/6de75af6.jpg
D:\FYP Project\fypapp\abo-images-small (1)\images\small\70\70dff8df.jpg,Sectional Sofa,Sofas,799.99,A high-quality sectional sofa — sofas product with excellent build quality and modern design.,/abo-images-small (1)/images/small/70/70dff8df.jpg
D:\FYP Project\fypapp\abo-images-small (1)\images\small\27\2717afb3.jpg,Boots,Shoes,89.99,A high-quality boots — shoes product with excellent build quality and modern design.,/abo-images-small (1)/images/small/27/2717afb3.jpg
D:\FYP Project\fypapp\abo-images-small (1)\images\small\8d\8d137261.jpg,Smartphone,Smartphones,699.99,A high-quality smartphone — smartphones product with excellent build quality and modern design.,/abo-images-small (1)/images/small/8d/8d137261.jpg
D:\FYP Project\fypapp\abo-images-small (1)\images\small\b3\b3a29c07.jpg,Microwave,Appliances,129.99,A high-quality microwave — appliances product with excellent build quality and modern design.,/abo-images-small (1)/images/small/b3/b3a29c07.jpg
D:\FYP Project\fypapp\abo-images-small (1)\images\small\00\0063bffb.jpg,Accent Chair,Chairs,199.99,A high-quality accent chair — chairs product with excellent build quality and modern design.,/abo-images-small (1)/images/small/00/0063bffb.jpg
D:\FYP Project\fypapp\abo-images-small (1)\images\small\e4\e4d021eb.jpg,iPhone,Smartphones,699.99,A high-quality iphone — smartphones product with excellent build quality and modern design.,/abo-images-small (1)/images/small/e4/e4d021eb.jpg
D:\FYP Project\fypapp\abo-images-small (1)\images\small\bc\bcecd6d7.jpg,Smartphone,Smartphones,699.99,A high-quality smartphone — smartphones product with excellent build quality and modern design.,/abo-images-small (1)/images/small/bc/bcecd6d7.jpg
D:\FYP Project\fypapp\abo-images-small (1)\images\small\a0\a0db9150.jpg,Couch,Sofas,799.99,A high-quality couch — sofas product with excellent build quality and modern design.,/abo-images-small (1)/images/small/a0/a0db9150.jpg
D:\FYP Project\fypapp\abo-images-small (1)\images\small\90\90224260.jpg,Android Phone,Smartphones,699.99,A high-quality android phone — smartphones product with excellent build quality and modern design.,/abo-images-small (1)/images/small/90/90224260.jpg
D:\FYP Project\fypapp\abo-images-small (1)\images\small\12\1236dfb9.jpg,iPhone,Smartphones,699.99,A high-quality iphone — smartphones product with excellent build quality and modern design.,/abo-images-small (1)/images/small/12/1236dfb9.jpg
D:\FYP Project\fypapp\abo-images-small (1)\images\small\7e\7eec2f09.jpg,Accent Chair,Chairs,199.99,A high-quality accent chair — chairs product with excellent build quality and modern design.,/abo-images-small (1)/images/small/7e/7eec2f09.jpg
D:\FYP Project\fypapp\abo-images-small (1)\images\small\d7\d7efd69a.jpg,iPhone,Smartphones,699.99,A high-quality iphone — smartphones product with excellent build quality and modern design.,/abo-images-small (1)/images/small/d7/d7efd69a.jpg
D:\FYP Project\fypapp\abo-images-small (1)\images\small\ae\ae2f03d1.jpg,Sneakers,Shoes,89.99,A high-quality sneakers — shoes product with excellent build quality and modern design.,/abo-images-small (1)/images/small/ae/ae2f03d1.jpg
D:\FYP Project\fypapp\abo-images-small (1)\images\small\d8\d8e0014e.jpg,Coffee Table,Tables,299.99,A high-quality coffee table — tables product with excellent build quality and modern design.,/abo-images-small (1)/images/small/d8/d8e0014e.jpg
D:\FYP Project\fypapp\abo-images-small (1)\images\small\99\99cdc98e.jpg,Side Table,Tables,299.99,A high-quality side table — tables product with excellent build quality and modern design.,/abo-images-small (1)/images/small/99/99cdc98e.jpg
D:\FYP Project\fypapp\abo-images-small (1)\images\small\48\4882b777.jpg,Sofa,Sofas,799.99,A high-quality sofa — sofas product with excellent build quality and modern design.,/abo-images-small (1)/images/small/48/4882b777.jpg
D:\FYP Project\fypapp\abo-images-small (1)\images\small\5d\5dd2af6d.jpg,Non-Stick Pan,Cookware,89.99,A high-quality non-stick pan — cookware product with excellent build quality and modern design.,/abo-images-small (1)/images/small/5d/5dd2af6d.jpg
D:\FYP Project\fypapp\abo-images-small (1)\images\small\bf\bf1de2ec.jpg,Outdoor Equipment,Outdoors,149.99,A high-quality outdoor equipment — outdoors product with excellent build quality and modern design.,/abo-images-small (1)/images/small/bf/bf1de2ec.jpg
D:\FYP Project\fypapp\abo-images-small (1)\images\small\2c\2c352f74.jpg,Coffee Maker,Appliances,129.99,A high-quality coffee maker — appliances product with excellent build quality and modern design.,/abo-images-small (1)/images/small/2c/2c352f74.jpg
D:\FYP Project\fypapp\abo-images-small (1)\images\small\65\65034b8b.jpg,Jacket,Jackets,119.99,A high-quality jacket — jackets product with excellent build quality and modern design.,/abo-images-small (1)/images/small/65/65034b8b.jpg
D:\FYP Project\fypapp\abo-images-small (1)\images\small\98\987dd917.jpg,Mobile Phone,Smartphones,699.99,A high-quality mobile phone — smartphones product with excellent build quality and modern design.,/abo-images-small (1)/images/small/98/987dd917.jpg
D:\FYP Project\fypapp\abo-images-small (1)\images\small\a9\a9a17c41.jpg,Loveseat,Sofas,799.99,A high-quality loveseat — sofas product with excellent build quality and modern design.,/abo-images-small (1)/images/small/a9/a9a17c41.jpg
D:\FYP Project\fypapp\abo-images-small (1)\images\small\28\28f98099.jpg,Smartphone,Smartphones,699.99,A high-quality smartphone — smartphones product with excellent build quality and modern design.,/abo-images-small (1)/images/small/28/28f98099.jpg
D:\FYP Project\fypapp\abo-images-small (1)\images\small\da\da67e899.jpg,Fitness Equipment,Sports,34.99,A high-quality fitness equipment — sports product with excellent build quality and modern design.,/abo-images-small (1)/images/small/da/da67e899.jpg
D:\FYP Project\fypapp\abo-images-small (1)\images\small\d3\d350b5ef.jpg,iPhone,Smartphones,699.99,A high-quality iphone — smartphones product with excellent build quality and modern design.,/abo-images-small (1)/images/small/d3/d350b5ef.jpg
D:\FYP Project\fypapp\abo-images-small (1)\images\small\54\54839f89.jpg,Dinnerware Set,Dinnerware,49.99,A high-quality dinnerware set — dinnerware product with excellent build quality and modern design.,/abo-images-small (1)/images/small/54/54839f89.jpg
D:\FYP Project\fypapp\abo-images-small (1)\images\small\f8\f884b96a.jpg,Couch,Sofas,799.99,A high-quality couch — sofas product with excellent build quality and modern design.,/abo-images-small (1)/images/small/f8/f884b96a.jpg
D:\FYP Project\fypapp\abo-images-small (1)\images\small\37\37775c9e.jpg,Casual Shoes,Shoes,89.99,A high-quality casual shoes — shoes product with excellent build quality and modern design.,/abo-images-small (1)/images/small/37/37775c9e.jpg
D:\FYP Project\fypapp\abo-images-small (1)\images\small\6c\6ca285ca.jpg,Exercise Gear,Sports,34.99,A high-quality exercise gear — sports product with excellent build quality and modern design.,/abo-images-small (1)/images/small/6c/6ca285ca.jpg
D:\FYP Project\fypapp\abo-images-small (1)\images\small\bf\bfab6930.jpg,Yoga Mat,Sports,34.99,A high-quality yoga mat — sports product with excellent build quality and modern design.,/abo-images-small (1)/images/small/bf/bfab6930.jpg
D:\FYP Project\fypapp\abo-images-small (1)\images\small\04\04a01c80.jpg,Mobile Phone,Smartphones,699.99,A high-quality mobile phone — smartphones product with excellent build quality and modern design.,/abo-images-small (1)/images/small/04/04a01c80.jpg
D:\FYP Project\fypapp\abo-images-small (1)\images\small\c0\c02d1146.jpg,Digital Tablet,Tablets,449.99,A high-quality digital tablet — tablets product with excellent build quality and modern design.,/abo-images-small (1)/images/small/c0/c02d1146.jpg
D:\FYP Project\fypapp\abo-images-small (1)\images\small\8e\8e564732.jpg,iPhone,Smartphones,699.99,A high-quality iphone — smartphones product with excellent build quality and modern design.,/abo-images-small (1)/images/small/8e/8e564732.jpg
D:\FYP Project\fypapp\abo-images-small (1)\images\small\1f\1f8d97da.jpg,Smartphone,Smartphones,699.99,A high-quality smartphone — smartphones product with excellent build quality and modern design.,/abo-images-small (1)/images/small/1f/1f8d97da.jpg
D:\FYP Project\fypapp\abo-images-small (1)\images\small\4f\4f94c7d0.jpg,iPad,Tablets,449.99,A high-quality ipad — tablets product with excellent build quality and modern design.,/abo-images-small (1)/images/small/4f/4f94c7d0.jpg
D:\FYP Project\fypapp\abo-images-small (1)\images\small\26\26484624.jpg,Accent Chair,Chairs,199.99,A high-quality accent chair — chairs product with excellent build quality and modern design.,/abo-images-small (1)/images/small/26/26484624.jpg
D:\FYP Project\fypapp\abo-images-small (1)\images\small\a0\a0ae4dbb.jpg,Exercise Gear,Sports,34.99,A high-quality exercise gear — sports product with excellent build quality and modern design.,/abo-images-small (1)/images/small/a0/a0ae4dbb.jpg
D:\FYP Project\fypapp\abo-images-small (1)\images\small\27\279b09b0.jpg,Smartphone,Smartphones,699.99,A high-quality smartphone — smartphones product with excellent build quality and modern design.,/abo-images-small (1)/images/small/27/279b09b0.jpg
D:\FYP Project\fypapp\abo-images-small (1)\images\small\e1\e176173c.jpg,Couch,Sofas,799.99,A high-quality couch — sofas product with excellent build quality and modern design.,/abo-images-small (1)/images/small/e1/e176173c.jpg
D:\FYP Project\fypapp\abo-images-small (1)\images\small\34\34fc088c.jpg,Fitness Equipment,Sports,34.99,A high-quality fitness equipment — sports product with excellent build quality and modern design.,/abo-images-small (1)/images/small/34/34fc088c.jpg
D:\FYP Project\fypapp\abo-images-small (1)\images\small\ae\ae246d7f.jpg,iPhone,Smartphones,699.99,A high-quality iphone — smartphones product with excellent build quality and modern design.,/abo-images-small (1)/images/small/ae/ae246d7f.jpg
D:\FYP Project\fypapp\abo-images-small (1)\images\small\fa\fad8f6a2.jpg,Smartphone,Smartphones,699.99,A high-quality smartphone — smartphones product with excellent build quality and modern design.,/abo-images-small (1)/images/small/fa/fad8f6a2.jpg
D:\FYP Project\fypapp\abo-images-small (1)\images\small\b1\b1b45541.jpg,Blender,Appliances,129.99,A high-quality blender — appliances product with excellent build quality and modern design.,/abo-images-small (1)/images/small/b1/b1b45541.jpg
D:\FYP Project\fypapp\abo-images-small (1)\images\small\5f\5fffacaf.jpg,Headphones,Headphones,149.99,A high-quality headphones — headphones product with excellent build quality and modern design.,/abo-images-small (1)/images/small/5f/5fffacaf.jpg
D:\FYP Project\fypapp\abo-images-small (1)\images\small\90\90e44e37.jpg,DSLR Camera,Cameras,549.99,A high-quality dslr camera — cameras product with excellent build quality and modern design.,/abo-images-small (1)/images/small/90/90e44e37.jpg
D:\FYP Project\fypapp\abo-images-small (1)\images\small\a8\a8e26570.jpg,Side Table,Tables,299.99,A high-quality side table — tables product with excellent build quality and modern design.,/abo-images-small (1)/images/small/a8/a8e26570.jpg
D:\FYP Project\fypapp\abo-images-small (1)\images\small\a5\a56359af.jpg,Earphones,Headphones,149.99,A high-quality earphones — headphones product with excellent build quality and modern design.,/abo-images-small (1)/images/small/a5/a56359af.jpg
D:\FYP Project\fypapp\abo-images-small (1)\images\small\56\5609e73f.jpg,Smartphone,Smartphones,699.99,A high-quality smartphone — smartphones product with excellent build quality and modern design.,/abo-images-small (1)/images/small/56/5609e73f.jpg
D:\FYP Project\fypapp\abo-images-small (1)\images\small\9f\9f175564.jpg,Mobile Phone,Smartphones,699.99,A high-quality mobile phone — smartphones product with excellent build quality and modern design.,/abo-images-small (1)/images/small/9f/9f175564.jpg
D:\FYP Project\fypapp\abo-images-small (1)\images\small\bf\bfd2ec9a.jpg,Puffer Jacket,Jackets,119.99,A high-quality puffer jacket — jackets product with excellent build quality and modern design.,/abo-images-small (1)/images/small/bf/bfd2ec9a.jpg
D:\FYP Project\fypapp\abo-images-small (1)\images\small\30\30d46b23.jpg,Android Tablet,Tablets,449.99,A high-quality android tablet — tablets product with excellent build quality and modern design.,/abo-images-small (1)/images/small/30/30d46b23.jpg
D:\FYP Project\fypapp\abo-images-small (1)\images\small\86\86328755.jpg,Smartphone,Smartphones,699.99,A high-quality smartphone — smartphones product with excellent build quality and modern design.,/abo-images-small (1)/images/small/86/86328755.jpg
D:\FYP Project\fypapp\abo-images-small (1)\images\small\43\43360712.jpg,Maxi Dress,Dresses,59.99,A high-quality maxi dress — dresses product with excellent build quality and modern design.,/abo-images-small (1)/images/small/43/43360712.jpg
D:\FYP Project\fypapp\abo-images-small (1)\images\small\d0\d01aee98.jpg,Cooking Pot,Cookware,89.99,A high-quality cooking pot — cookware product with excellent build quality and modern design.,/abo-images-small (1)/images/small/d0/d01aee98.jpg
D:\FYP Project\fypapp\abo-images-small (1)\images\small\b1\b17a9a47.jpg,iPhone,Smartphones,699.99,A high-quality iphone — smartphones product with excellent build quality and modern design.,/abo-images-small (1)/images/small/b1/b17a9a47.jpg
D:\FYP Project\fypapp\abo-images-small (1)\images\small\2e\2e1d44a7.jpg,Yoga Mat,Sports,34.99,A high-quality yoga mat — sports product with excellent build quality and modern design.,/abo-images-small (1)/images/small/2e/2e1d44a7.jpg
D:\FYP Project\fypapp\abo-images-small (1)\images\small\17\178c1bdc.jpg,Mobile Phone,Smartphones,699.99,A high-quality mobile phone — smartphones product with excellent build quality and modern design.,/abo-images-small (1)/images/small/17/178c1bdc.jpg
D:\FYP Project\fypapp\abo-images-small (1)\images\small\61\6100da7d.jpg,Android Phone,Smartphones,699.99,A high-quality android phone — smartphones product with excellent build quality and modern design.,/abo-images-small (1)/images/small/61/6100da7d.jpg
D:\FYP Project\fypapp\abo-images-small (1)\images\small\90\90b5b249.jpg,Boots,Shoes,89.99,A high-quality boots — shoes product with excellent build quality and modern design.,/abo-images-small (1)/images/small/90/90b5b249.jpg
D:\FYP Project\fypapp\abo-images-small (1)\images\small\77\779177d8.jpg,Tablet,Tablets,449.99,A high-quality tablet — tablets product with excellent build quality and modern design.,/abo-images-small (1)/images/small/77/779177d8.jpg
D:\FYP Project\fypapp\abo-images-small (1)\images\small\b1\b1503c35.jpg,Mobile Phone,Smartphones,699.99,A high-quality mobile phone — smartphones product with excellent build quality and modern design.,/abo-images-small (1)/images/small/b1/b1503c35.jpg
D:\FYP Project\fypapp\abo-images-small (1)\images\small\5d\5dddfa05.jpg,Puffer Jacket,Jackets,119.99,A high-quality puffer jacket — jackets product with excellent build quality and modern design.,/abo-images-small (1)/images/small/5d/5dddfa05.jpg
D:\FYP Project\fypapp\abo-images-small (1)\images\small\ff\ff110e27.jpg,Queen Bed,Beds,499.99,A high-quality queen bed — beds product with excellent build quality and modern design.,/abo-images-small (1)/images/small/ff/ff110e27.jpg
D:\FYP Project\fypapp\abo-images-small (1)\images\small\68\688842a5.jpg,Casual Shoes,Shoes,89.99,A high-quality casual shoes — shoes product with excellent build quality and modern design.,/abo-images-small (1)/images/small/68/688842a5.jpg
D:\FYP Project\fypapp\abo-images-small (1)\images\small\cb\cbeea75a.jpg,Desk,Tables,299.99,A high-quality desk — tables product with excellent build quality and modern design.,/abo-images-small (1)/images/small/cb/cbeea75a.jpg
D:\FYP Project\fypapp\abo-images-small (1)\images\small\c9\c98d858b.jpg,Yoga Mat,Sports,34.99,A high-quality yoga mat — sports product with excellent build quality and modern design.,/abo-images-small (1)/images/small/c9/c98d858b.jpg
D:\FYP Project\fypapp\abo-images-small (1)\images\small\e5\e58e5b06.jpg,Mobile Phone,Smartphones,699.99,A high-quality mobile phone — smartphones product with excellent build quality and modern design.,/abo-images-small (1)/images/small/e5/e58e5b06.jpg
D:\FYP Project\fypapp\abo-images-small (1)\images\small\ab\ab40d524.jpg,Android Phone,Smartphones,699.99,A high-quality android phone — smartphones product with excellent build quality and modern design.,/abo-images-small (1)/images/small/ab/ab40d524.jpg
D:\FYP Project\fypapp\abo-images-small (1)\images\small\32\322cf453.jpg,Mug Set,Dinnerware,49.99,A high-quality mug set — dinnerware product with excellent build quality and modern design.,/abo-images-small (1)/images/small/32/322cf453.jpg
D:\FYP Project\fypapp\abo-images-small (1)\images\small\9b\9ba7191e.jpg,Yoga Mat,Sports,34.99,A high-quality yoga mat — sports product with excellent build quality and modern design.,/abo-images-small (1)/images/small/9b/9ba7191e.jpg
D:\FYP Project\fypapp\abo-images-small (1)\images\small\bb\bb98e35b.jpg,iPad,Tablets,449.99,A high-quality ipad — tablets product with excellent build quality and modern design.,/abo-images-small (1)/images/small/bb/bb98e35b.jpg
D:\FYP Project\fypapp\abo-images-small (1)\images\small\a9\a983ced5.jpg,Android Phone,Smartphones,699.99,A high-quality android phone — smartphones product with excellent build quality and modern design.,/abo-images-small (1)/images/small/a9/a983ced5.jpg
D:\FYP Project\fypapp\abo-images-small (1)\images\small\79\795f18d1.jpg,iPhone,Smartphones,699.99,A high-quality iphone — smartphones product with excellent build quality and modern design.,/abo-images-small (1)/images/small/79/795f18d1.jpg
D:\FYP Project\fypapp\abo-images-small (1)\images\small\75\7508f2d9.jpg,Smartphone,Smartphones,699.99,A high-quality smartphone — smartphones product with excellent build quality and modern design.,/abo-images-small (1)/images/small/75/7508f2d9.jpg
D:\FYP Project\fypapp\abo-images-small (1)\images\small\c0\c00e2280.jpg,Mobile Phone,Smartphones,699.99,A high-quality mobile phone — smartphones product with excellent build quality and modern design.,/abo-images-small (1)/images/small/c0/c00e2280.jpg
D:\FYP Project\fypapp\abo-images-small (1)\images\small\bd\bd3681f0.jpg,Bowl Set,Dinnerware,49.99,A high-quality bowl set — dinnerware product with excellent build quality and modern design.,/abo-images-small (1)/images/small/bd/bd3681f0.jpg
D:\FYP Project\fypapp\abo-images-small (1)\images\small\84\840cc039.jpg,Desk,Tables,299.99,A high-quality desk — tables product with excellent build quality and modern design.,/abo-images-small (1)/images/small/84/840cc039.jpg
D:\FYP Project\fypapp\abo-images-small (1)\images\small\9e\9ea753f3.jpg,Jacket,Jackets,119.99,A high-quality jacket — jackets product with excellent build quality and modern design.,/abo-images-small (1)/images/small/9e/9ea753f3.jpg
D:\FYP Project\fypapp\abo-images-small (1)\images\small\70\705ef95b.jpg,Coffee Table,Tables,299.99,A high-quality coffee table — tables product with excellent build quality and modern design.,/abo-images-small (1)/images/small/70/705ef95b.jpg
D:\FYP Project\fypapp\abo-images-small (1)\images\small\42\4287e38c.jpg,Android Phone,Smartphones,699.99,A high-quality android phone — smartphones product with excellent build quality and modern design.,/abo-images-small (1)/images/small/42/4287e38c.jpg
D:\FYP Project\fypapp\abo-images-small (1)\images\small\f4\f457ccf5.jpg,Denim Pants,Jeans,69.99,A high-quality denim pants — jeans product with excellent build quality and modern design.,/abo-images-small (1)/images/small/f4/f457ccf5.jpg
D:\FYP Project\fypapp\abo-images-small (1)\images\small\54\5459fd03.jpg,Headphones,Headphones,149.99,A high-quality headphones — headphones product with excellent build quality and modern design.,/abo-images-small (1)/images/small/54/5459fd03.jpg
D:\FYP Project\fypapp\abo-images-small (1)\images\small\52\528c7ac7.jpg,Mug Set,Dinnerware,49.99,A high-quality mug set — dinnerware product with excellent build quality and modern design.,/abo-images-small (1)/images/small/52/528c7ac7.jpg
D:\FYP Project\fypapp\abo-images-small (1)\images\small\8f\8f48a0e2.jpg,Yoga Mat,Sports,34.99,A high-quality yoga mat — sports product with excellent build quality and modern design.,/abo-images-small (1)/images/small/8f/8f48a0e2.jpg
D:\FYP Project\fypapp\abo-images-small (1)\images\small\0e\0eafafb4.jpg,Couch,Sofas,799.99,A high-quality couch — sofas product with excellent build quality and modern design.,/abo-images-small (1)/images/small/0e/0eafafb4.jpg
D:\FYP Project\fypapp\abo-images-small (1)\images\small\6f\6f26b68a.jpg,Casual Shoes,Shoes,89.99,A high-quality casual shoes — shoes product with excellent build quality and modern design.,/abo-images-small (1)/images/small/6f/6f26b68a.jpg
D:\FYP Project\fypapp\abo-images-small (1)\images\small\85\8567b766.jpg,Couch,Sofas,799.99,A high-quality couch — sofas product with excellent build quality and modern design.,/abo-images-small (1)/images/small/85/8567b766.jpg
D:\FYP Project\fypapp\abo-images-small (1)\images\small\34\345b1453.jpg,Hiking Gear,Outdoors,149.99,A high-quality hiking gear — outdoors product with excellent build quality and modern design.,/abo-images-small (1)/images/small/34/345b1453.jpg
D:\FYP Project\fypapp\abo-images-small (1)\images\small\ad\ad1f82e6.jpg,Over-Ear Headphones,Headphones,149.99,A high-quality over-ear headphones — headphones product with excellent build quality and modern design.,/abo-images-small (1)/images/small/ad/ad1f82e6.jpg
D:\FYP Project\fypapp\abo-images-small (1)\images\small\0c\0c851ace.jpg,iPhone,Smartphones,699.99,A high-quality iphone — smartphones product with excellent build quality and modern design.,/abo-images-small (1)/images/small/0c/0c851ace.jpg
D:\FYP Project\fypapp\abo-images-small (1)\images\small\2a\2a9c50eb.jpg,Smartphone,Smartphones,699.99,A high-quality smartphone — smartphones product with excellent build quality and modern design.,/abo-images-small (1)/images/small/2a/2a9c50eb.jpg
D:\FYP Project\fypapp\abo-images-small (1)\images\small\af\af6db36f.jpg,Dining Chair,Chairs,199.99,A high-quality dining chair — chairs product with excellent build quality and modern design.,/abo-images-small (1)/images/small/af/af6db36f.jpg
D:\FYP Project\fypapp\abo-images-small (1)\images\small\cd\cd05744b.jpg,Over-Ear Headphones,Headphones,149.99,A high-quality over-ear headphones — headphones product with excellent build quality and modern design.,/abo-images-small (1)/images/small/cd/cd05744b.jpg
D:\FYP Project\fypapp\abo-images-small (1)\images\small\74\74e3586e.jpg,Boots,Shoes,89.99,A high-quality boots — shoes product with excellent build quality and modern design.,/abo-images-small (1)/images/small/74/74e3586e.jpg
D:\FYP Project\fypapp\abo-images-small (1)\images\small\21\21ea3917.jpg,Smartphone,Smartphones,699.99,A high-quality smartphone — smartphones product with excellent build quality and modern design.,/abo-images-small (1)/images/small/21/21ea3917.jpg
D:\FYP Project\fypapp\abo-images-small (1)\images\small\99\993bad43.jpg,Coffee Table,Tables,299.99,A high-quality coffee table — tables product with excellent build quality and modern design.,/abo-images-small (1)/images/small/99/993bad43.jpg
D:\FYP Project\fypapp\abo-images-small (1)\images\small\b7\b76c6fdc.jpg,iPhone,Smartphones,699.99,A high-quality iphone — smartphones product with excellent build quality and modern design.,/abo-images-small (1)/images/small/b7/b76c6fdc.jpg
D:\FYP Project\fypapp\abo-images-small (1)\images\small\9f\9f237b0d.jpg,Yoga Mat,Sports,34.99,A high-quality yoga mat — sports product with excellent build quality and modern design.,/abo-images-small (1)/images/small/9f/9f237b0d.jpg
D:\FYP Project\fypapp\abo-images-small (1)\images\small\05\0534dbb7.jpg,Queen Bed,Beds,499.99,A high-quality queen bed — beds product with excellent build quality and modern design.,/abo-images-small (1)/images/small/05/0534dbb7.jpg
D:\FYP Project\fypapp\abo-images-small (1)\images\small\30\30a876d4.jpg,iPhone,Smartphones,699.99,A high-quality iphone — smartphones product with excellent build quality and modern design.,/abo-images-small (1)/images/small/30/30a876d4.jpg
D:\FYP Project\fypapp\abo-images-small (1)\images\small\8f\8f03406b.jpg,Bed Frame,Beds,499.99,A high-quality bed frame — beds product with excellent build quality and modern design.,/abo-images-small (1)/images/small/8f/8f03406b.jpg
D:\FYP Project\fypapp\abo-images-small (1)\images\small\e3\e3dd8a89.jpg,Resistance Bands,Sports,34.99,A high-quality resistance bands — sports product with excellent build quality and modern design.,/abo-images-small (1)/images/small/e3/e3dd8a89.jpg
D:\FYP Project\fypapp\abo-images-small (1)\images\small\36\362114a2.jpg,Straight Jeans,Jeans,69.99,A high-quality straight jeans — jeans product with excellent build quality and modern design.,/abo-images-small (1)/images/small/36/362114a2.jpg
D:\FYP Project\fypapp\abo-images-small (1)\images\small\19\193ec52e.jpg,Exercise Gear,Sports,34.99,A high-quality exercise gear — sports product with excellent build quality and modern design.,/abo-images-small (1)/images/small/19/193ec52e.jpg
D:\FYP Project\fypapp\abo-images-small (1)\images\small\a4\a47569a1.jpg,Smartphone,Smartphones,699.99,A high-quality smartphone — smartphones product with excellent build quality and modern design.,/abo-images-small (1)/images/small/a4/a47569a1.jpg
D:\FYP Project\fypapp\abo-images-small (1)\images\small\5d\5d2bbc42.jpg,Running Shoes,Shoes,89.99,A high-quality running shoes — shoes product with excellent build quality and modern design.,/abo-images-small (1)/images/small/5d/5d2bbc42.jpg
D:\FYP Project\fypapp\abo-images-small (1)\images\small\f2\f2a49e5e.jpg,Jeans,Jeans,69.99,A high-quality jeans — jeans product with excellent build quality and modern design.,/abo-images-small (1)/images/small/f2/f2a49e5e.jpg
D:\FYP Project\fypapp\abo-images-small (1)\images\small\8a\8ad80595.jpg,iPad,Tablets,449.99,A high-quality ipad — tablets product with excellent build quality and modern design.,/abo-images-small (1)/images/small/8a/8ad80595.jpg
D:\FYP Project\fypapp\abo-images-small (1)\images\small\e2\e22d4f0f.jpg,Android Phone,Smartphones,699.99,A high-quality android phone — smartphones product with excellent build quality and modern design.,/abo-images-small (1)/images/small/e2/e22d4f0f.jpg
D:\FYP Project\fypapp\abo-images-small (1)\images\small\1b\1b27f778.jpg,Exercise Gear,Sports,34.99,A high-quality exercise gear — sports product with excellent build quality and modern design.,/abo-images-small (1)/images/small/1b/1b27f778.jpg
D:\FYP Project\fypapp\abo-images-small (1)\images\small\72\72bd493c.jpg,Yoga Mat,Sports,34.99,A high-quality yoga mat — sports product with excellent build quality and modern design.,/abo-images-small (1)/images/small/72/72bd493c.jpg
D:\FYP Project\fypapp\abo-images-small (1)\images\small\eb\eb52e57a.jpg,Non-Stick Pan,Cookware,89.99,A high-quality non-stick pan — cookware product with excellent build quality and modern design.,/abo-images-small (1)/images/small/eb/eb52e57a.jpg
D:\FYP Project\fypapp\abo-images-small (1)\images\small\84\84ff0c07.jpg,Gaming Laptop,Laptops,899.99,A high-quality gaming laptop — laptops product with excellent build quality and modern design.,/abo-images-small (1)/images/small/84/84ff0c07.jpg
D:\FYP Project\fypapp\abo-images-small (1)\images\small\6e\6e9f22f3.jpg,Dinnerware Set,Dinnerware,49.99,A high-quality dinnerware set — dinnerware product with excellent build quality and modern design.,/abo-images-small (1)/images/small/6e/6e9f22f3.jpg
D:\FYP Project\fypapp\abo-images-small (1)\images\small\d9\d951a476.jpg,Mobile Phone,Smartphones,699.99,A high-quality mobile phone — smartphones product with excellent build quality and modern design.,/abo-images-small (1)/images/small/d9/d951a476.jpg
D:\FYP Project\fypapp\abo-images-small (1)\images\small\fb\fb8a45a1.jpg,Android Phone,Smartphones,699.99,A high-quality android phone — smartphones product with excellent build quality and modern design.,/abo-images-small (1)/images/small/fb/fb8a45a1.jpg
D:\FYP Project\fypapp\abo-images-small (1)\images\small\aa\aab3e333.jpg,iPhone,Smartphones,699.99,A high-quality iphone — smartphones product with excellent build quality and modern design.,/abo-images-small (1)/images/small/aa/aab3e333.jpg
D:\FYP Project\fypapp\abo-images-small (1)\images\small\bc\bc68d3c4.jpg,Kitchen Appliance,Appliances,129.99,A high-quality kitchen appliance — appliances product with excellent build quality and modern design.,/abo-images-small (1)/images/small/bc/bc68d3c4.jpg
D:\FYP Project\fypapp\abo-images-small (1)\images\small\0c\0c272c14.jpg,iPad,Tablets,449.99,A high-quality ipad — tablets product with excellent build quality and modern design.,/abo-images-small (1)/images/small/0c/0c272c14.jpg
D:\FYP Project\fypapp\abo-images-small (1)\images\small\17\17162380.jpg,Loveseat,Sofas,799.99,A high-quality loveseat — sofas product with excellent build quality and modern design.,/abo-images-small (1)/images/small/17/17162380.jpg
D:\FYP Project\fypapp\abo-images-small (1)\images\small\52\52f3a36f.jpg,Camping Tent,Outdoors,149.99,A high-quality camping tent — outdoors product with excellent build quality and modern design.,/abo-images-small (1)/images/small/52/52f3a36f.jpg
D:\FYP Project\fypapp\abo-images-small (1)\images\small\da\daccf60a.jpg,Mobile Phone,Smartphones,699.99,A high-quality mobile phone — smartphones product with excellent build quality and modern design.,/abo-images-small (1)/images/small/da/daccf60a.jpg
D:\FYP Project\fypapp\abo-images-small (1)\images\small\ef\efc66f5f.jpg,Android Phone,Smartphones,699.99,A high-quality android phone — smartphones product with excellent build quality and modern design.,/abo-images-small (1)/images/small/ef/efc66f5f.jpg
D:\FYP Project\fypapp\abo-images-small (1)\images\small\64\64ce005f.jpg,Platform Bed,Beds,499.99,A high-quality platform bed — beds product with excellent build quality and modern design.,/abo-images-small (1)/images/small/64/64ce005f.jpg
D:\FYP Project\fypapp\abo-images-small (1)\images\small\50\50881a96.jpg,Jacket,Jackets,119.99,A high-quality jacket — jackets product with excellent build quality and modern design.,/abo-images-small (1)/images/small/50/50881a96.jpg
D:\FYP Project\fypapp\abo-images-small (1)\images\small\1e\1e8ff39c.jpg,Coffee Table,Tables,299.99,A high-quality coffee table — tables product with excellent build quality and modern design.,/abo-images-small (1)/images/small/1e/1e8ff39c.jpg
D:\FYP Project\fypapp\abo-images-small (1)\images\small\97\971e049b.jpg,Android Phone,Smartphones,699.99,A high-quality android phone — smartphones product with excellent build quality and modern design.,/abo-images-small (1)/images/small/97/971e049b.jpg
D:\FYP Project\fypapp\abo-images-small (1)\images\small\21\214259eb.jpg,Desk,Tables,299.99,A high-quality desk — tables product with excellent build quality and modern design.,/abo-images-small (1)/images/small/21/214259eb.jpg
D:\FYP Project\fypapp\abo-images-small (1)\images\small\f6\f6898297.jpg,Mobile Phone,Smartphones,699.99,A high-quality mobile phone — smartphones product with excellent build quality and modern design.,/abo-images-small (1)/images/small/f6/f6898297.jpg
D:\FYP Project\fypapp\abo-images-small (1)\images\small\21\21f331ff.jpg,Side Table,Tables,299.99,A high-quality side table — tables product with excellent build quality and modern design.,/abo-images-small (1)/images/small/21/21f331ff.jpg
D:\FYP Project\fypapp\abo-images-small (1)\images\small\9a\9a84a230.jpg,iPhone,Smartphones,699.99,A high-quality iphone — smartphones product with excellent build quality and modern design.,/abo-images-small (1)/images/small/9a/9a84a230.jpg
D:\FYP Project\fypapp\abo-images-small (1)\images\small\3a\3a1109db.jpg,Cookware Set,Cookware,89.99,A high-quality cookware set — cookware product with excellent build quality and modern design.,/abo-images-small (1)/images/small/3a/3a1109db.jpg
D:\FYP Project\fypapp\abo-images-small (1)\images\small\f3\f31d7fb3.jpg,Queen Bed,Beds,499.99,A high-quality queen bed — beds product with excellent build quality and modern design.,/abo-images-small (1)/images/small/f3/f31d7fb3.jpg
D:\FYP Project\fypapp\abo-images-small (1)\images\small\68\68d9d6b5.jpg,Cooking Pot,Cookware,89.99,A high-quality cooking pot — cookware product with excellent build quality and modern design.,/abo-images-small (1)/images/small/68/68d9d6b5.jpg
D:\FYP Project\fypapp\abo-images-small (1)\images\small\09\09dc9cbe.jpg,Coffee Maker,Appliances,129.99,A high-quality coffee maker — appliances product with excellent build quality and modern design.,/abo-images-small (1)/images/small/09/09dc9cbe.jpg
D:\FYP Project\fypapp\abo-images-small (1)\images\small\0f\0f722356.jpg,Smartphone,Smartphones,699.99,A high-quality smartphone — smartphones product with excellent build quality and modern design.,/abo-images-small (1)/images/small/0f/0f722356.jpg
D:\FYP Project\fypapp\abo-images-small (1)\images\small\7d\7dcfd853.jpg,Kitchen Appliance,Appliances,129.99,A high-quality kitchen appliance — appliances product with excellent build quality and modern design.,/abo-images-small (1)/images/small/7d/7dcfd853.jpg
D:\FYP Project\fypapp\abo-images-small (1)\images\small\83\834ac873.jpg,Mobile Phone,Smartphones,699.99,A high-quality mobile phone — smartphones product with excellent build quality and modern design.,/abo-images-small (1)/images/small/83/834ac873.jpg
D:\FYP Project\fypapp\abo-images-small (1)\images\small\96\96064a82.jpg,Android Phone,Smartphones,699.99,A high-quality android phone — smartphones product with excellent build quality and modern design.,/abo-images-small (1)/images/small/96/96064a82.jpg
D:\FYP Project\fypapp\abo-images-small (1)\images\small\31\312797bd.jpg,Mug Set,Dinnerware,49.99,A high-quality mug set — dinnerware product with excellent build quality and modern design.,/abo-images-small (1)/images/small/31/312797bd.jpg
D:\FYP Project\fypapp\abo-images-small (1)\images\small\56\5631ce56.jpg,Sofa,Sofas,799.99,A high-quality sofa — sofas product with excellent build quality and modern design.,/abo-images-small (1)/images/small/56/5631ce56.jpg
D:\FYP Project\fypapp\abo-images-small (1)\images\small\8f\8fb6579f.jpg,Side Table,Tables,299.99,A high-quality side table — tables product with excellent build quality and modern design.,/abo-images-small (1)/images/small/8f/8fb6579f.jpg
D:\FYP Project\fypapp\abo-images-small (1)\images\small\c4\c4c3a929.jpg,Backpack,Outdoors,149.99,A high-quality backpack — outdoors product with excellent build quality and modern design.,/abo-images-small (1)/images/small/c4/c4c3a929.jpg
D:\FYP Project\fypapp\abo-images-small (1)\images\small\ee\eeeb2794.jpg,Kitchen Appliance,Appliances,129.99,A high-quality kitchen appliance — appliances product with excellent build quality and modern design.,/abo-images-small (1)/images/small/ee/eeeb2794.jpg
D:\FYP Project\fypapp\abo-images-small (1)\images\small\3e\3eaac17f.jpg,iPad,Tablets,449.99,A high-quality ipad — tablets product with excellent build quality and modern design.,/abo-images-small (1)/images/small/3e/3eaac17f.jpg
D:\FYP Project\fypapp\abo-images-small (1)\images\small\3b\3b425cd5.jpg,Android Phone,Smartphones,699.99,A high-quality android phone — smartphones product with excellent build quality and modern design.,/abo-images-small (1)/images/small/3b/3b425cd5.jpg
D:\FYP Project\fypapp\abo-images-small (1)\images\small\3c\3cf4f7f5.jpg,iPhone,Smartphones,699.99,A high-quality iphone — smartphones product with excellent build quality and modern design.,/abo-images-small (1)/images/small/3c/3cf4f7f5.jpg
D:\FYP Project\fypapp\abo-images-small (1)\images\small\1a\1ab4cc54.jpg,Yoga Mat,Sports,34.99,A high-quality yoga mat — sports product with excellent build quality and modern design.,/abo-images-small (1)/images/small/1a/1ab4cc54.jpg
D:\FYP Project\fypapp\abo-images-small (1)\images\small\d3\d387f19f.jpg,Slim Jeans,Jeans,69.99,A high-quality slim jeans — jeans product with excellent build quality and modern design.,/abo-images-small (1)/images/small/d3/d387f19f.jpg
D:\FYP Project\fypapp\abo-images-small (1)\images\small\d6\d6fa4db8.jpg,Boots,Shoes,89.99,A high-quality boots — shoes product with excellent build quality and modern design.,/abo-images-small (1)/images/small/d6/d6fa4db8.jpg
D:\FYP Project\fypapp\abo-images-small (1)\images\small\ef\ef592827.jpg,Smartphone,Smartphones,699.99,A high-quality smartphone — smartphones product with excellent build quality and modern design.,/abo-images-small (1)/images/small/ef/ef592827.jpg
D:\FYP Project\fypapp\abo-images-small (1)\images\small\ca\caa41387.jpg,Coffee Maker,Appliances,129.99,A high-quality coffee maker — appliances product with excellent build quality and modern design.,/abo-images-small (1)/images/small/ca/caa41387.jpg
D:\FYP Project\fypapp\abo-images-small (1)\images\small\30\3053cdd3.jpg,Sneakers,Shoes,89.99,A high-quality sneakers — shoes product with excellent build quality and modern design.,/abo-images-small (1)/images/small/30/3053cdd3.jpg
D:\FYP Project\fypapp\abo-images-small (1)\images\small\52\521735cc.jpg,Non-Stick Pan,Cookware,89.99,A high-quality non-stick pan — cookware product with excellent build quality and modern design.,/abo-images-small (1)/images/small/52/521735cc.jpg
D:\FYP Project\fypapp\abo-images-small (1)\images\small\a0\a094b01d.jpg,Android Phone,Smartphones,699.99,A high-quality android phone — smartphones product with excellent build quality and modern design.,/abo-images-small (1)/images/small/a0/a094b01d.jpg
D:\FYP Project\fypapp\abo-images-small (1)\images\small\dd\dd1dc91f.jpg,Desk,Tables,299.99,A high-quality desk — tables product with excellent build quality and modern design.,/abo-images-small (1)/images/small/dd/dd1dc91f.jpg
D:\FYP Project\fypapp\abo-images-small (1)\images\small\59\59741676.jpg,Kitchen Appliance,Appliances,129.99,A high-quality kitchen appliance — appliances product with excellent build quality and modern design.,/abo-images-small (1)/images/small/59/59741676.jpg
D:\FYP Project\fypapp\abo-images-small (1)\images\small\59\59e8c5ff.jpg,Cooking Pot,Cookware,89.99,A high-quality cooking pot — cookware product with excellent build quality and modern design.,/abo-images-small (1)/images/small/59/59e8c5ff.jpg
D:\FYP Project\fypapp\abo-images-small (1)\images\small\e7\e7d0087f.jpg,iPhone,Smartphones,699.99,A high-quality iphone — smartphones product with excellent build quality and modern design.,/abo-images-small (1)/images/small/e7/e7d0087f.jpg
D:\FYP Project\fypapp\abo-images-small (1)\images\small\03\032d170c.jpg,Camping Tent,Outdoors,149.99,A high-quality camping tent — outdoors product with excellent build quality and modern design.,/abo-images-small (1)/images/small/03/032d170c.jpg
D:\FYP Project\fypapp\abo-images-small (1)\images\small\a1\a1fc1d88.jpg,Non-Stick Pan,Cookware,89.99,A high-quality non-stick pan — cookware product with excellent build quality and modern design.,/abo-images-small (1)/images/small/a1/a1fc1d88.jpg
D:\FYP Project\fypapp\abo-images-small (1)\images\small\64\64e19c07.jpg,Android Phone,Smartphones,699.99,A high-quality android phone — smartphones product with excellent build quality and modern design.,/abo-images-small (1)/images/small/64/64e19c07.jpg
D:\FYP Project\fypapp\abo-images-small (1)\images\small\ed\ed78b722.jpg,iPhone,Smartphones,699.99,A high-quality iphone — smartphones product with excellent build quality and modern design.,/abo-images-small (1)/images/small/ed/ed78b722.jpg
D:\FYP Project\fypapp\abo-images-small (1)\images\small\be\be492e8c.jpg,Smartphone,Smartphones,699.99,A high-quality smartphone — smartphones product with excellent build quality and modern design.,/abo-images-small (1)/images/small/be/be492e8c.jpg
D:\FYP Project\fypapp\abo-images-small (1)\images\small\37\3751b283.jpg,Dress Shirt,Shirts,39.99,A high-quality dress shirt — shirts product with excellent build quality and modern design.,/abo-images-small (1)/images/small/37/3751b283.jpg
D:\FYP Project\fypapp\abo-images-small (1)\images\small\18\18e6d8da.jpg,Digital Tablet,Tablets,449.99,A high-quality digital tablet — tablets product with excellent build quality and modern design.,/abo-images-small (1)/images/small/18/18e6d8da.jpg
D:\FYP Project\fypapp\abo-images-small (1)\images\small\99\99b1b6c5.jpg,iPhone,Smartphones,699.99,A high-quality iphone — smartphones product with excellent build quality and modern design.,/abo-images-small (1)/images/small/99/99b1b6c5.jpg
D:\FYP Project\fypapp\abo-images-small (1)\images\small\79\7984575a.jpg,Smartphone,Smartphones,699.99,A high-quality smartphone — smartphones product with excellent build quality and modern design.,/abo-images-small (1)/images/small/79/7984575a.jpg
D:\FYP Project\fypapp\abo-images-small (1)\images\small\cc\cc21f216.jpg,Winter Coat,Jackets,119.99,A high-quality winter coat — jackets product with excellent build quality and modern design.,/abo-images-small (1)/images/small/cc/cc21f216.jpg
D:\FYP Project\fypapp\abo-images-small (1)\images\small\68\68bc92ac.jpg,Blender,Appliances,129.99,A high-quality blender — appliances product with excellent build quality and modern design.,/abo-images-small (1)/images/small/68/68bc92ac.jpg
D:\FYP Project\fypapp\abo-images-small (1)\images\small\93\93de9e07.jpg,Smartphone,Smartphones,699.99,A high-quality smartphone — smartphones product with excellent build quality and modern design.,/abo-images-small (1)/images/small/93/93de9e07.jpg
D:\FYP Project\fypapp\abo-images-small (1)\images\small\f1\f1d29d0e.jpg,Mobile Phone,Smartphones,699.99,A high-quality mobile phone — smartphones product with excellent build quality and modern design.,/abo-images-small (1)/images/small/f1/f1d29d0e.jpg
D:\FYP Project\fypapp\abo-images-small (1)\images\small\58\582cf00e.jpg,Cooking Pot,Cookware,89.99,A high-quality cooking pot — cookware product with excellent build quality and modern design.,/abo-images-small (1)/images/small/58/582cf00e.jpg
D:\FYP Project\fypapp\abo-images-small (1)\images\small\9f\9f1b8d91.jpg,iPhone,Smartphones,699.99,A high-quality iphone — smartphones product with excellent build quality and modern design.,/abo-images-small (1)/images/small/9f/9f1b8d91.jpg
D:\FYP Project\fypapp\abo-images-small (1)\images\small\47\470eba77.jpg,Winter Coat,Jackets,119.99,A high-quality winter coat — jackets product with excellent build quality and modern design.,/abo-images-small (1)/images/small/47/470eba77.jpg
D:\FYP Project\fypapp\abo-images-small (1)\images\small\a9\a9215e1b.jpg,iPhone,Smartphones,699.99,A high-quality iphone — smartphones product with excellent build quality and modern design.,/abo-images-small (1)/images/small/a9/a9215e1b.jpg
D:\FYP Project\fypapp\abo-images-small (1)\images\small\24\24016bb2.jpg,Sofa,Sofas,799.99,A high-quality sofa — sofas product with excellent build quality and modern design.,/abo-images-small (1)/images/small/24/24016bb2.jpg
D:\FYP Project\fypapp\abo-images-small (1)\images\small\53\53cad37a.jpg,Running Shoes,Shoes,89.99,A high-quality running shoes — shoes product with excellent build quality and modern design.,/abo-images-small (1)/images/small/53/53cad37a.jpg
D:\FYP Project\fypapp\abo-images-small (1)\images\small\c6\c6c7cbb6.jpg,iPhone,Smartphones,699.99,A high-quality iphone — smartphones product with excellent build quality and modern design.,/abo-images-small (1)/images/small/c6/c6c7cbb6.jpg
D:\FYP Project\fypapp\abo-images-small (1)\images\small\7d\7dfaa310.jpg,Tablet,Tablets,449.99,A high-quality tablet — tablets product with excellent build quality and modern design.,/abo-images-small (1)/images/small/7d/7dfaa310.jpg
D:\FYP Project\fypapp\abo-images-small (1)\images\small\c7\c7cacb7b.jpg,Queen Bed,Beds,499.99,A high-quality queen bed — beds product with excellent build quality and modern design.,/abo-images-small (1)/images/small/c7/c7cacb7b.jpg
D:\FYP Project\fypapp\abo-images-small (1)\images\small\67\67a437b8.jpg,Android Phone,Smartphones,699.99,A high-quality android phone — smartphones product with excellent build quality and modern design.,/abo-images-small (1)/images/small/67/67a437b8.jpg
D:\FYP Project\fypapp\abo-images-small (1)\images\small\f4\f4fcd632.jpg,Coffee Maker,Appliances,129.99,A high-quality coffee maker — appliances product with excellent build quality and modern design.,/abo-images-small (1)/images/small/f4/f4fcd632.jpg
D:\FYP Project\fypapp\abo-images-small (1)\images\small\07\077ab402.jpg,Coffee Table,Tables,299.99,A high-quality coffee table — tables product with excellent build quality and modern design.,/abo-images-small (1)/images/small/07/077ab402.jpg
D:\FYP Project\fypapp\abo-images-small (1)\images\small\e5\e500ea73.jpg,Sectional Sofa,Sofas,799.99,A high-quality sectional sofa — sofas product with excellent build quality and modern design.,/abo-images-small (1)/images/small/e5/e500ea73.jpg
D:\FYP Project\fypapp\abo-images-small (1)\images\small\8a\8a46b76f.jpg,Desk,Tables,299.99,A high-quality desk — tables product with excellent build quality and modern design.,/abo-images-small (1)/images/small/8a/8a46b76f.jpg
D:\FYP Project\fypapp\abo-images-small (1)\images\small\60\60619e67.jpg,Dining Table,Tables,299.99,A high-quality dining table — tables product with excellent build quality and modern design.,/abo-images-small (1)/images/small/60/60619e67.jpg
D:\FYP Project\fypapp\abo-images-small (1)\images\small\02\02bd7b77.jpg,iPad,Tablets,449.99,A high-quality ipad — tablets product with excellent build quality and modern design.,/abo-images-small (1)/images/small/02/02bd7b77.jpg
D:\FYP Project\fypapp\abo-images-small (1)\images\small\f0\f0434d9e.jpg,Fitness Equipment,Sports,34.99,A high-quality fitness equipment — sports product with excellent build quality and modern design.,/abo-images-small (1)/images/small/f0/f0434d9e.jpg
D:\FYP Project\fypapp\abo-images-small (1)\images\small\10\1080577f.jpg,Action Camera,Cameras,549.99,A high-quality action camera — cameras product with excellent build quality and modern design.,/abo-images-small (1)/images/small/10/1080577f.jpg
D:\FYP Project\fypapp\abo-images-small (1)\images\small\d2\d27e519d.jpg,Dining Table,Tables,299.99,A high-quality dining table — tables product with excellent build quality and modern design.,/abo-images-small (1)/images/small/d2/d27e519d.jpg
D:\FYP Project\fypapp\abo-images-small (1)\images\small\ad\ad98a272.jpg,Microwave,Appliances,129.99,A high-quality microwave — appliances product with excellent build quality and modern design.,/abo-images-small (1)/images/small/ad/ad98a272.jpg
D:\FYP Project\fypapp\abo-images-small (1)\images\small\64\6465888a.jpg,Blender,Appliances,129.99,A high-quality blender — appliances product with excellent build quality and modern design.,/abo-images-small (1)/images/small/64/6465888a.jpg
D:\FYP Project\fypapp\abo-images-small (1)\images\small\51\516bc002.jpg,Coffee Maker,Appliances,129.99,A high-quality coffee maker — appliances product with excellent build quality and modern design.,/abo-images-small (1)/images/small/51/516bc002.jpg
D:\FYP Project\fypapp\abo-images-small (1)\images\small\d2\d2b7c81e.jpg,Smartphone,Smartphones,699.99,A high-quality smartphone — smartphones product with excellent build quality and modern design.,/abo-images-small (1)/images/small/d2/d2b7c81e.jpg
D:\FYP Project\fypapp\abo-images-small (1)\images\small\7b\7bb3d068.jpg,Non-Stick Pan,Cookware,89.99,A high-quality non-stick pan — cookware product with excellent build quality and modern design.,/abo-images-small (1)/images/small/7b/7bb3d068.jpg
D:\FYP Project\fypapp\abo-images-small (1)\images\small\4d\4db0dd56.jpg,Puffer Jacket,Jackets,119.99,A high-quality puffer jacket — jackets product with excellent build quality and modern design.,/abo-images-small (1)/images/small/4d/4db0dd56.jpg
D:\FYP Project\fypapp\abo-images-small (1)\images\small\43\430e28a7.jpg,Sneakers,Shoes,89.99,A high-quality sneakers — shoes product with excellent build quality and modern design.,/abo-images-small (1)/images/small/43/430e28a7.jpg
D:\FYP Project\fypapp\abo-images-small (1)\images\small\d7\d7627ea8.jpg,Mobile Phone,Smartphones,699.99,A high-quality mobile phone — smartphones product with excellent build quality and modern design.,/abo-images-small (1)/images/small/d7/d7627ea8.jpg
D:\FYP Project\fypapp\abo-images-small (1)\images\small\58\585acfe8.jpg,Fitness Equipment,Sports,34.99,A high-quality fitness equipment — sports product with excellent build quality and modern design.,/abo-images-small (1)/images/small/58/585acfe8.jpg
D:\FYP Project\fypapp\abo-images-small (1)\images\small\ed\ed87f33f.jpg,iPhone,Smartphones,699.99,A high-quality iphone — smartphones product with excellent build quality and modern design.,/abo-images-small (1)/images/small/ed/ed87f33f.jpg
D:\FYP Project\fypapp\abo-images-small (1)\images\small\fc\fc51dd8a.jpg,Yoga Mat,Sports,34.99,A high-quality yoga mat — sports product with excellent build quality and modern design.,/abo-images-small (1)/images/small/fc/fc51dd8a.jpg
D:\FYP Project\fypapp\abo-images-small (1)\images\small\e5\e54f36c0.jpg,Running Shoes,Shoes,89.99,A high-quality running shoes — shoes product with excellent build quality and modern design.,/abo-images-small (1)/images/small/e5/e54f36c0.jpg
D:\FYP Project\fypapp\abo-images-small (1)\images\small\20\20d43c4e.jpg,Mobile Phone,Smartphones,699.99,A high-quality mobile phone — smartphones product with excellent build quality and modern design.,/abo-images-small (1)/images/small/20/20d43c4e.jpg
D:\FYP Project\fypapp\abo-images-small (1)\images\small\d9\d98d8b5a.jpg,Bowl Set,Dinnerware,49.99,A high-quality bowl set — dinnerware product with excellent build quality and modern design.,/abo-images-small (1)/images/small/d9/d98d8b5a.jpg
D:\FYP Project\fypapp\abo-images-small (1)\images\small\e0\e0ff3d83.jpg,iPhone,Smartphones,699.99,A high-quality iphone — smartphones product with excellent build quality and modern design.,/abo-images-small (1)/images/small/e0/e0ff3d83.jpg
D:\FYP Project\fypapp\abo-images-small (1)\images\small\0d\0d484177.jpg,Smartphone,Smartphones,699.99,A high-quality smartphone — smartphones product with excellent build quality and modern design.,/abo-images-small (1)/images/small/0d/0d484177.jpg
D:\FYP Project\fypapp\abo-images-small (1)\images\small\6b\6bfe7b66.jpg,Mobile Phone,Smartphones,699.99,A high-quality mobile phone — smartphones product with excellent build quality and modern design.,/abo-images-small (1)/images/small/6b/6bfe7b66.jpg
D:\FYP Project\fypapp\abo-images-small (1)\images\small\0b\0b5f385e.jpg,Floral Dress,Dresses,59.99,A high-quality floral dress — dresses product with excellent build quality and modern design.,/abo-images-small (1)/images/small/0b/0b5f385e.jpg
D:\FYP Project\fypapp\abo-images-small (1)\images\small\c9\c96f2990.jpg,Bed Frame,Beds,499.99,A high-quality bed frame — beds product with excellent build quality and modern design.,/abo-images-small (1)/images/small/c9/c96f2990.jpg
D:\FYP Project\fypapp\abo-images-small (1)\images\small\7f\7ff138c8.jpg,Winter Coat,Jackets,119.99,A high-quality winter coat — jackets product with excellent build quality and modern design.,/abo-images-small (1)/images/small/7f/7ff138c8.jpg
D:\FYP Project\fypapp\abo-images-small (1)\images\small\2c\2c5a42f7.jpg,Android Phone,Smartphones,699.99,A high-quality android phone — smartphones product with excellent build quality and modern design.,/abo-images-small (1)/images/small/2c/2c5a42f7.jpg
D:\FYP Project\fypapp\abo-images-small (1)\images\small\1e\1e784e44.jpg,Boots,Shoes,89.99,A high-quality boots — shoes product with excellent build quality and modern design.,/abo-images-small (1)/images/small/1e/1e784e44.jpg
D:\FYP Project\fypapp\abo-images-small (1)\images\small\67\6767efde.jpg,Smartphone,Smartphones,699.99,A high-quality smartphone — smartphones product with excellent build quality and modern design.,/abo-images-small (1)/images/small/67/6767efde.jpg
D:\FYP Project\fypapp\abo-images-small (1)\images\small\72\7216b95a.jpg,Mobile Phone,Smartphones,699.99,A high-quality mobile phone — smartphones product with excellent build quality and modern design.,/abo-images-small (1)/images/small/72/7216b95a.jpg
D:\FYP Project\fypapp\abo-images-small (1)\images\small\3d\3d26de63.jpg,Boots,Shoes,89.99,A high-quality boots — shoes product with excellent build quality and modern design.,/abo-images-small (1)/images/small/3d/3d26de63.jpg
D:\FYP Project\fypapp\abo-images-small (1)\images\small\47\47919748.jpg,Sneakers,Shoes,89.99,A high-quality sneakers — shoes product with excellent build quality and modern design.,/abo-images-small (1)/images/small/47/47919748.jpg
D:\FYP Project\fypapp\abo-images-small (1)\images\small\2c\2ca108e2.jpg,Mobile Phone,Smartphones,699.99,A high-quality mobile phone — smartphones product with excellent build quality and modern design.,/abo-images-small (1)/images/small/2c/2ca108e2.jpg
D:\FYP Project\fypapp\abo-images-small (1)\images\small\bb\bbe0af86.jpg,Mirrorless Camera,Cameras,549.99,A high-quality mirrorless camera — cameras product with excellent build quality and modern design.,/abo-images-small (1)/images/small/bb/bbe0af86.jpg
D:\FYP Project\fypapp\abo-images-small (1)\images\small\80\8043d717.jpg,iPhone,Smartphones,699.99,A high-quality iphone — smartphones product with excellent build quality and modern design.,/abo-images-small (1)/images/small/80/8043d717.jpg
D:\FYP Project\fypapp\abo-images-small (1)\images\small\b9\b90fee30.jpg,Sneakers,Shoes,89.99,A high-quality sneakers — shoes product with excellent build quality and modern design.,/abo-images-small (1)/images/small/b9/b90fee30.jpg
D:\FYP Project\fypapp\abo-images-small (1)\images\small\af\af454ac2.jpg,Mobile Phone,Smartphones,699.99,A high-quality mobile phone — smartphones product with excellent build quality and modern design.,/abo-images-small (1)/images/small/af/af454ac2.jpg
D:\FYP Project\fypapp\abo-images-small (1)\images\small\39\397c1f9c.jpg,Floral Dress,Dresses,59.99,A high-quality floral dress — dresses product with excellent build quality and modern design.,/abo-images-small (1)/images/small/39/397c1f9c.jpg
D:\FYP Project\fypapp\abo-images-small (1)\images\small\5a\5a700880.jpg,Sneakers,Shoes,89.99,A high-quality sneakers — shoes product with excellent build quality and modern design.,/abo-images-small (1)/images/small/5a/5a700880.jpg
D:\FYP Project\fypapp\abo-images-small (1)\images\small\a8\a8a5b699.jpg,Maxi Dress,Dresses,59.99,A high-quality maxi dress — dresses product with excellent build quality and modern design.,/abo-images-small (1)/images/small/a8/a8a5b699.jpg
D:\FYP Project\fypapp\abo-images-small (1)\images\small\67\676b5bd3.jpg,Side Table,Tables,299.99,A high-quality side table — tables product with excellent build quality and modern design.,/abo-images-small (1)/images/small/67/676b5bd3.jpg
D:\FYP Project\fypapp\abo-images-small (1)\images\small\77\772b6ec6.jpg,iPhone,Smartphones,699.99,A high-quality iphone — smartphones product with excellent build quality and modern design.,/abo-images-small (1)/images/small/77/772b6ec6.jpg
D:\FYP Project\fypapp\abo-images-small (1)\images\small\26\26d5b380.jpg,Tablet,Tablets,449.99,A high-quality tablet — tablets product with excellent build quality and modern design.,/abo-images-small (1)/images/small/26/26d5b380.jpg
D:\FYP Project\fypapp\abo-images-small (1)\images\small\a4\a40bdd0b.jpg,Mobile Phone,Smartphones,699.99,A high-quality mobile phone — smartphones product with excellent build quality and modern design.,/abo-images-small (1)/images/small/a4/a40bdd0b.jpg
D:\FYP Project\fypapp\abo-images-small (1)\images\small\19\1967d1a7.jpg,Android Phone,Smartphones,699.99,A high-quality android phone — smartphones product with excellent build quality and modern design.,/abo-images-small (1)/images/small/19/1967d1a7.jpg
D:\FYP Project\fypapp\abo-images-small (1)\images\small\2f\2f7ff7be.jpg,iPhone,Smartphones,699.99,A high-quality iphone — smartphones product with excellent build quality and modern design.,/abo-images-small (1)/images/small/2f/2f7ff7be.jpg
D:\FYP Project\fypapp\abo-images-small (1)\images\small\4f\4fe6fee6.jpg,Smartphone,Smartphones,699.99,A high-quality smartphone — smartphones product with excellent build quality and modern design.,/abo-images-small (1)/images/small/4f/4fe6fee6.jpg
D:\FYP Project\fypapp\abo-images-small (1)\images\small\eb\ebffd5eb.jpg,Coffee Table,Tables,299.99,A high-quality coffee table — tables product with excellent build quality and modern design.,/abo-images-small (1)/images/small/eb/ebffd5eb.jpg
D:\FYP Project\fypapp\abo-images-small (1)\images\small\fe\fe7183de.jpg,Blender,Appliances,129.99,A high-quality blender — appliances product with excellent build quality and modern design.,/abo-images-small (1)/images/small/fe/fe7183de.jpg
D:\FYP Project\fypapp\abo-images-small (1)\images\small\eb\eb5744c9.jpg,Exercise Gear,Sports,34.99,A high-quality exercise gear — sports product with excellent build quality and modern design.,/abo-images-small (1)/images/small/eb/eb5744c9.jpg
D:\FYP Project\fypapp\abo-images-small (1)\images\small\8a\8ad29756.jpg,Tablet,Tablets,449.99,A high-quality tablet — tablets product with excellent build quality and modern design.,/abo-images-small (1)/images/small/8a/8ad29756.jpg
D:\FYP Project\fypapp\abo-images-small (1)\images\small\c1\c1dec5b8.jpg,Resistance Bands,Sports,34.99,A high-quality resistance bands — sports product with excellent build quality and modern design.,/abo-images-small (1)/images/small/c1/c1dec5b8.jpg
D:\FYP Project\fypapp\abo-images-small (1)\images\small\80\803b46ed.jpg,Side Table,Tables,299.99,A high-quality side table — tables product with excellent build quality and modern design.,/abo-images-small (1)/images/small/80/803b46ed.jpg
D:\FYP Project\fypapp\abo-images-small (1)\images\small\1e\1e86da6b.jpg,iPhone,Smartphones,699.99,A high-quality iphone — smartphones product with excellent build quality and modern design.,/abo-images-small (1)/images/small/1e/1e86da6b.jpg
D:\FYP Project\fypapp\abo-images-small (1)\images\small\89\89d6bd3e.jpg,Smartphone,Smartphones,699.99,A high-quality smartphone — smartphones product with excellent build quality and modern design.,/abo-images-small (1)/images/small/89/89d6bd3e.jpg
D:\FYP Project\fypapp\abo-images-small (1)\images\small\04\04b6761b.jpg,Queen Bed,Beds,499.99,A high-quality queen bed — beds product with excellent build quality and modern design.,/abo-images-small (1)/images/small/04/04b6761b.jpg
D:\FYP Project\fypapp\abo-images-small (1)\images\small\5c\5cf62f1e.jpg,Sectional Sofa,Sofas,799.99,A high-quality sectional sofa — sofas product with excellent build quality and modern design.,/abo-images-small (1)/images/small/5c/5cf62f1e.jpg
D:\FYP Project\fypapp\abo-images-small (1)\images\small\ba\bafcfc58.jpg,iPhone,Smartphones,699.99,A high-quality iphone — smartphones product with excellent build quality and modern design.,/abo-images-small (1)/images/small/ba/bafcfc58.jpg
D:\FYP Project\fypapp\abo-images-small (1)\images\small\29\29b3ce17.jpg,Sneakers,Shoes,89.99,A high-quality sneakers — shoes product with excellent build quality and modern design.,/abo-images-small (1)/images/small/29/29b3ce17.jpg
D:\FYP Project\fypapp\abo-images-small (1)\images\small\9e\9e779cf2.jpg,Resistance Bands,Sports,34.99,A high-quality resistance bands — sports product with excellent build quality and modern design.,/abo-images-small (1)/images/small/9e/9e779cf2.jpg
D:\FYP Project\fypapp\abo-images-small (1)\images\small\81\8130b198.jpg,Blender,Appliances,129.99,A high-quality blender — appliances product with excellent build quality and modern design.,/abo-images-small (1)/images/small/81/8130b198.jpg
D:\FYP Project\fypapp\abo-images-small (1)\images\small\e9\e9d5087c.jpg,iPhone,Smartphones,699.99,A high-quality iphone — smartphones product with excellent build quality and modern design.,/abo-images-small (1)/images/small/e9/e9d5087c.jpg
D:\FYP Project\fypapp\abo-images-small (1)\images\small\e9\e9ac1ab4.jpg,Smartphone,Smartphones,699.99,A high-quality smartphone — smartphones product with excellent build quality and modern design.,/abo-images-small (1)/images/small/e9/e9ac1ab4.jpg
D:\FYP Project\fypapp\abo-images-small (1)\images\small\5c\5c2ce641.jpg,Wireless Earbuds,Headphones,149.99,A high-quality wireless earbuds — headphones product with excellent build quality and modern design.,/abo-images-small (1)/images/small/5c/5c2ce641.jpg
D:\FYP Project\fypapp\abo-images-small (1)\images\small\cb\cb204807.jpg,Sectional Sofa,Sofas,799.99,A high-quality sectional sofa — sofas product with excellent build quality and modern design.,/abo-images-small (1)/images/small/cb/cb204807.jpg
D:\FYP Project\fypapp\abo-images-small (1)\images\small\85\855728b9.jpg,iPhone,Smartphones,699.99,A high-quality iphone — smartphones product with excellent build quality and modern design.,/abo-images-small (1)/images/small/85/855728b9.jpg
D:\FYP Project\fypapp\abo-images-small (1)\images\small\82\821f9656.jpg,Mobile Phone,Smartphones,699.99,A high-quality mobile phone — smartphones product with excellent build quality and modern design.,/abo-images-small (1)/images/small/82/821f9656.jpg
D:\FYP Project\fypapp\abo-images-small (1)\images\small\24\2497ac29.jpg,Digital Tablet,Tablets,449.99,A high-quality digital tablet — tablets product with excellent build quality and modern design.,/abo-images-small (1)/images/small/24/2497ac29.jpg
D:\FYP Project\fypapp\abo-images-small (1)\images\small\eb\eb7c47d0.jpg,Platform Bed,Beds,499.99,A high-quality platform bed — beds product with excellent build quality and modern design.,/abo-images-small (1)/images/small/eb/eb7c47d0.jpg
D:\FYP Project\fypapp\abo-images-small (1)\images\small\52\52a1a3f9.jpg,Sneakers,Shoes,89.99,A high-quality sneakers — shoes product with excellent build quality and modern design.,/abo-images-small (1)/images/small/52/52a1a3f9.jpg
D:\FYP Project\fypapp\abo-images-small (1)\images\small\a5\a5223d8d.jpg,Mobile Phone,Smartphones,699.99,A high-quality mobile phone — smartphones product with excellent build quality and modern design.,/abo-images-small (1)/images/small/a5/a5223d8d.jpg
D:\FYP Project\fypapp\abo-images-small (1)\images\small\08\08846cb0.jpg,Android Phone,Smartphones,699.99,A high-quality android phone — smartphones product with excellent build quality and modern design.,/abo-images-small (1)/images/small/08/08846cb0.jpg
D:\FYP Project\fypapp\abo-images-small (1)\images\small\d6\d6ec6c92.jpg,Skillet,Cookware,89.99,A high-quality skillet — cookware product with excellent build quality and modern design.,/abo-images-small (1)/images/small/d6/d6ec6c92.jpg
D:\FYP Project\fypapp\abo-images-small (1)\images\small\c3\c33a1be1.jpg,Smartphone,Smartphones,699.99,A high-quality smartphone — smartphones product with excellent build quality and modern design.,/abo-images-small (1)/images/small/c3/c33a1be1.jpg
D:\FYP Project\fypapp\abo-images-small (1)\images\small\72\728e64fa.jpg,Mobile Phone,Smartphones,699.99,A high-quality mobile phone — smartphones product with excellent build quality and modern design.,/abo-images-small (1)/images/small/72/728e64fa.jpg
D:\FYP Project\fypapp\abo-images-small (1)\images\small\e1\e1715a79.jpg,Sofa,Sofas,799.99,A high-quality sofa — sofas product with excellent build quality and modern design.,/abo-images-small (1)/images/small/e1/e1715a79.jpg
D:\FYP Project\fypapp\abo-images-small (1)\images\small\15\1548bcac.jpg,Running Shoes,Shoes,89.99,A high-quality running shoes — shoes product with excellent build quality and modern design.,/abo-images-small (1)/images/small/15/1548bcac.jpg
D:\FYP Project\fypapp\abo-images-small (1)\images\small\dc\dc3cae1c.jpg,Bowl Set,Dinnerware,49.99,A high-quality bowl set — dinnerware product with excellent build quality and modern design.,/abo-images-small (1)/images/small/dc/dc3cae1c.jpg
D:\FYP Project\fypapp\abo-images-small (1)\images\small\a1\a1a840c6.jpg,iPhone,Smartphones,699.99,A high-quality iphone — smartphones product with excellent build quality and modern design.,/abo-images-small (1)/images/small/a1/a1a840c6.jpg
D:\FYP Project\fypapp\abo-images-small (1)\images\small\e1\e1fd8c8d.jpg,Android Phone,Smartphones,699.99,A high-quality android phone — smartphones product with excellent build quality and modern design.,/abo-images-small (1)/images/small/e1/e1fd8c8d.jpg
D:\FYP Project\fypapp\abo-images-small (1)\images\small\8e\8e7362ae.jpg,Android Tablet,Tablets,449.99,A high-quality android tablet — tablets product with excellent build quality and modern design.,/abo-images-small (1)/images/small/8e/8e7362ae.jpg
D:\FYP Project\fypapp\abo-images-small (1)\images\small\27\2757447f.jpg,Bed Frame,Beds,499.99,A high-quality bed frame — beds product with excellent build quality and modern design.,/abo-images-small (1)/images/small/27/2757447f.jpg
D:\FYP Project\fypapp\abo-images-small (1)\images\small\2f\2f2cd6ad.jpg,Mobile Phone,Smartphones,699.99,A high-quality mobile phone — smartphones product with excellent build quality and modern design.,/abo-images-small (1)/images/small/2f/2f2cd6ad.jpg
D:\FYP Project\fypapp\abo-images-small (1)\images\small\0f\0f3dc5fd.jpg,Outdoor Equipment,Outdoors,149.99,A high-quality outdoor equipment — outdoors product with excellent build quality and modern design.,/abo-images-small (1)/images/small/0f/0f3dc5fd.jpg
D:\FYP Project\fypapp\abo-images-small (1)\images\small\6a\6a7f4c73.jpg,Jacket,Jackets,119.99,A high-quality jacket — jackets product with excellent build quality and modern design.,/abo-images-small (1)/images/small/6a/6a7f4c73.jpg
D:\FYP Project\fypapp\abo-images-small (1)\images\small\20\20d7359c.jpg,Android Tablet,Tablets,449.99,A high-quality android tablet — tablets product with excellent build quality and modern design.,/abo-images-small (1)/images/small/20/20d7359c.jpg
D:\FYP Project\fypapp\abo-images-small (1)\images\small\52\52f5609f.jpg,Office Chair,Chairs,199.99,A high-quality office chair — chairs product with excellent build quality and modern design.,/abo-images-small (1)/images/small/52/52f5609f.jpg
D:\FYP Project\fypapp\abo-images-small (1)\images\small\bb\bb476f97.jpg,Coffee Table,Tables,299.99,A high-quality coffee table — tables product with excellent build quality and modern design.,/abo-images-small (1)/images/small/bb/bb476f97.jpg
D:\FYP Project\fypapp\abo-images-small (1)\images\small\2d\2dcb2cc9.jpg,Android Phone,Smartphones,699.99,A high-quality android phone — smartphones product with excellent build quality and modern design.,/abo-images-small (1)/images/small/2d/2dcb2cc9.jpg
D:\FYP Project\fypapp\abo-images-small (1)\images\small\87\87e08734.jpg,Loveseat,Sofas,799.99,A high-quality loveseat — sofas product with excellent build quality and modern design.,/abo-images-small (1)/images/small/87/87e08734.jpg
D:\FYP Project\fypapp\abo-images-small (1)\images\small\9e\9e153e20.jpg,Sofa,Sofas,799.99,A high-quality sofa — sofas product with excellent build quality and modern design.,/abo-images-small (1)/images/small/9e/9e153e20.jpg
D:\FYP Project\fypapp\abo-images-small (1)\images\small\81\81f89017.jpg,Running Shoes,Shoes,89.99,A high-quality running shoes — shoes product with excellent build quality and modern design.,/abo-images-small (1)/images/small/81/81f89017.jpg
D:\FYP Project\fypapp\abo-images-small (1)\images\small\e9\e907386d.jpg,Android Phone,Smartphones,699.99,A high-quality android phone — smartphones product with excellent build quality and modern design.,/abo-images-small (1)/images/small/e9/e907386d.jpg
D:\FYP Project\fypapp\abo-images-small (1)\images\small\f4\f4055f82.jpg,iPhone,Smartphones,699.99,A high-quality iphone — smartphones product with excellent build quality and modern design.,/abo-images-small (1)/images/small/f4/f4055f82.jpg
D:\FYP Project\fypapp\abo-images-small (1)\images\small\bc\bc220681.jpg,Tablet,Tablets,449.99,A high-quality tablet — tablets product with excellent build quality and modern design.,/abo-images-small (1)/images/small/bc/bc220681.jpg
D:\FYP Project\fypapp\abo-images-small (1)\images\small\92\921ffd9f.jpg,Queen Bed,Beds,499.99,A high-quality queen bed — beds product with excellent build quality and modern design.,/abo-images-small (1)/images/small/92/921ffd9f.jpg
D:\FYP Project\fypapp\abo-images-small (1)\images\small\cc\cc0e38c5.jpg,Bowl Set,Dinnerware,49.99,A high-quality bowl set — dinnerware product with excellent build quality and modern design.,/abo-images-small (1)/images/small/cc/cc0e38c5.jpg
D:\FYP Project\fypapp\abo-images-small (1)\images\small\ff\ff448fcf.jpg,iPhone,Smartphones,699.99,A high-quality iphone — smartphones product with excellent build quality and modern design.,/abo-images-small (1)/images/small/ff/ff448fcf.jpg
D:\FYP Project\fypapp\abo-images-small (1)\images\small\36\362eea80.jpg,Dining Table,Tables,299.99,A high-quality dining table — tables product with excellent build quality and modern design.,/abo-images-small (1)/images/small/36/362eea80.jpg
D:\FYP Project\fypapp\abo-images-small (1)\images\small\90\90b0d2e0.jpg,Mobile Phone,Smartphones,699.99,A high-quality mobile phone — smartphones product with excellent build quality and modern design.,/abo-images-small (1)/images/small/90/90b0d2e0.jpg
D:\FYP Project\fypapp\abo-images-small (1)\images\small\e3\e3eabe74.jpg,King Bed,Beds,499.99,A high-quality king bed — beds product with excellent build quality and modern design.,/abo-images-small (1)/images/small/e3/e3eabe74.jpg
D:\FYP Project\fypapp\abo-images-small (1)\images\small\21\217813a5.jpg,Boots,Shoes,89.99,A high-quality boots — shoes product with excellent build quality and modern design.,/abo-images-small (1)/images/small/21/217813a5.jpg
D:\FYP Project\fypapp\abo-images-small (1)\images\small\ab\ab28423a.jpg,Smartphone,Smartphones,699.99,A high-quality smartphone — smartphones product with excellent build quality and modern design.,/abo-images-small (1)/images/small/ab/ab28423a.jpg
D:\FYP Project\fypapp\abo-images-small (1)\images\small\d5\d59a3d57.jpg,Mobile Phone,Smartphones,699.99,A high-quality mobile phone — smartphones product with excellent build quality and modern design.,/abo-images-small (1)/images/small/d5/d59a3d57.jpg
D:\FYP Project\fypapp\abo-images-small (1)\images\small\8e\8e6210cb.jpg,Android Phone,Smartphones,699.99,A high-quality android phone — smartphones product with excellent build quality and modern design.,/abo-images-small (1)/images/small/8e/8e6210cb.jpg
D:\FYP Project\fypapp\abo-images-small (1)\images\small\62\622ce731.jpg,Skillet,Cookware,89.99,A high-quality skillet — cookware product with excellent build quality and modern design.,/abo-images-small (1)/images/small/62/622ce731.jpg
D:\FYP Project\fypapp\abo-images-small (1)\images\small\0b\0b289824.jpg,Tablet,Tablets,449.99,A high-quality tablet — tablets product with excellent build quality and modern design.,/abo-images-small (1)/images/small/0b/0b289824.jpg
D:\FYP Project\fypapp\abo-images-small (1)\images\small\f1\f1d02e8d.jpg,Non-Stick Pan,Cookware,89.99,A high-quality non-stick pan — cookware product with excellent build quality and modern design.,/abo-images-small (1)/images/small/f1/f1d02e8d.jpg
D:\FYP Project\fypapp\abo-images-small (1)\images\small\81\81d22f7e.jpg,King Bed,Beds,499.99,A high-quality king bed — beds product with excellent build quality and modern design.,/abo-images-small (1)/images/small/81/81d22f7e.jpg
D:\FYP Project\fypapp\abo-images-small (1)\images\small\4d\4d1904a7.jpg,iPhone,Smartphones,699.99,A high-quality iphone — smartphones product with excellent build quality and modern design.,/abo-images-small (1)/images/small/4d/4d1904a7.jpg
D:\FYP Project\fypapp\abo-images-small (1)\images\small\9a\9a5e21c4.jpg,Kitchen Appliance,Appliances,129.99,A high-quality kitchen appliance — appliances product with excellent build quality and modern design.,/abo-images-small (1)/images/small/9a/9a5e21c4.jpg
D:\FYP Project\fypapp\abo-images-small (1)\images\small\9b\9b06503b.jpg,iPad,Tablets,449.99,A high-quality ipad — tablets product with excellent build quality and modern design.,/abo-images-small (1)/images/small/9b/9b06503b.jpg
D:\FYP Project\fypapp\abo-images-small (1)\images\small\7f\7f380569.jpg,Windbreaker,Jackets,119.99,A high-quality windbreaker — jackets product with excellent build quality and modern design.,/abo-images-small (1)/images/small/7f/7f380569.jpg
D:\FYP Project\fypapp\abo-images-small (1)\images\small\21\21940323.jpg,Sneakers,Shoes,89.99,A high-quality sneakers — shoes product with excellent build quality and modern design.,/abo-images-small (1)/images/small/21/21940323.jpg
D:\FYP Project\fypapp\abo-images-small (1)\images\small\f0\f037c93b.jpg,Ceramic Plates,Dinnerware,49.99,A high-quality ceramic plates — dinnerware product with excellent build quality and modern design.,/abo-images-small (1)/images/small/f0/f037c93b.jpg
D:\FYP Project\fypapp\abo-images-small (1)\images\small\80\80c12db9.jpg,Android Phone,Smartphones,699.99,A high-quality android phone — smartphones product with excellent build quality and modern design.,/abo-images-small (1)/images/small/80/80c12db9.jpg
D:\FYP Project\fypapp\abo-images-small (1)\images\small\bd\bd915c35.jpg,Boots,Shoes,89.99,A high-quality boots — shoes product with excellent build quality and modern design.,/abo-images-small (1)/images/small/bd/bd915c35.jpg
D:\FYP Project\fypapp\abo-images-small (1)\images\small\e0\e075fa61.jpg,Smartphone,Smartphones,699.99,A high-quality smartphone — smartphones product with excellent build quality and modern design.,/abo-images-small (1)/images/small/e0/e075fa61.jpg
D:\FYP Project\fypapp\abo-images-small (1)\images\small\14\146122b1.jpg,Sectional Sofa,Sofas,799.99,A high-quality sectional sofa — sofas product with excellent build quality and modern design.,/abo-images-small (1)/images/small/14/146122b1.jpg
D:\FYP Project\fypapp\abo-images-small (1)\images\small\8b\8b1301e8.jpg,Platform Bed,Beds,499.99,A high-quality platform bed — beds product with excellent build quality and modern design.,/abo-images-small (1)/images/small/8b/8b1301e8.jpg
D:\FYP Project\fypapp\abo-images-small (1)\images\small\60\60dc853d.jpg,Sneakers,Shoes,89.99,A high-quality sneakers — shoes product with excellent build quality and modern design.,/abo-images-small (1)/images/small/60/60dc853d.jpg
D:\FYP Project\fypapp\abo-images-small (1)\images\small\29\29364193.jpg,Cooking Pot,Cookware,89.99,A high-quality cooking pot — cookware product with excellent build quality and modern design.,/abo-images-small (1)/images/small/29/29364193.jpg
D:\FYP Project\fypapp\abo-images-small (1)\images\small\9e\9e72ad5e.jpg,iPhone,Smartphones,699.99,A high-quality iphone — smartphones product with excellent build quality and modern design.,/abo-images-small (1)/images/small/9e/9e72ad5e.jpg
D:\FYP Project\fypapp\abo-images-small (1)\images\small\1f\1f019fb8.jpg,Kitchen Appliance,Appliances,129.99,A high-quality kitchen appliance — appliances product with excellent build quality and modern design.,/abo-images-small (1)/images/small/1f/1f019fb8.jpg
D:\FYP Project\fypapp\abo-images-small (1)\images\small\e6\e681964b.jpg,Mobile Phone,Smartphones,699.99,A high-quality mobile phone — smartphones product with excellent build quality and modern design.,/abo-images-small (1)/images/small/e6/e681964b.jpg
D:\FYP Project\fypapp\abo-images-small (1)\images\small\4b\4b5c5cea.jpg,Android Phone,Smartphones,699.99,A high-quality android phone — smartphones product with excellent build quality and modern design.,/abo-images-small (1)/images/small/4b/4b5c5cea.jpg
D:\FYP Project\fypapp\abo-images-small (1)\images\small\df\df6f3848.jpg,Exercise Gear,Sports,34.99,A high-quality exercise gear — sports product with excellent build quality and modern design.,/abo-images-small (1)/images/small/df/df6f3848.jpg
D:\FYP Project\fypapp\abo-images-small (1)\images\small\dd\ddaa2cb6.jpg,Smartphone,Smartphones,699.99,A high-quality smartphone — smartphones product with excellent build quality and modern design.,/abo-images-small (1)/images/small/dd/ddaa2cb6.jpg
D:\FYP Project\fypapp\abo-images-small (1)\images\small\cf\cf57dc8d.jpg,Queen Bed,Beds,499.99,A high-quality queen bed — beds product with excellent build quality and modern design.,/abo-images-small (1)/images/small/cf/cf57dc8d.jpg
D:\FYP Project\fypapp\abo-images-small (1)\images\small\07\07438b6c.jpg,Android Phone,Smartphones,699.99,A high-quality android phone — smartphones product with excellent build quality and modern design.,/abo-images-small (1)/images/small/07/07438b6c.jpg
D:\FYP Project\fypapp\abo-images-small (1)\images\small\75\756178e3.jpg,Smartphone,Smartphones,699.99,A high-quality smartphone — smartphones product with excellent build quality and modern design.,/abo-images-small (1)/images/small/75/756178e3.jpg
D:\FYP Project\fypapp\abo-images-small (1)\images\small\55\55fb506d.jpg,Running Shoes,Shoes,89.99,A high-quality running shoes — shoes product with excellent build quality and modern design.,/abo-images-small (1)/images/small/55/55fb506d.jpg
D:\FYP Project\fypapp\abo-images-small (1)\images\small\2a\2a812207.jpg,Casual Shoes,Shoes,89.99,A high-quality casual shoes — shoes product with excellent build quality and modern design.,/abo-images-small (1)/images/small/2a/2a812207.jpg
D:\FYP Project\fypapp\abo-images-small (1)\images\small\c4\c44da24c.jpg,Earphones,Headphones,149.99,A high-quality earphones — headphones product with excellent build quality and modern design.,/abo-images-small (1)/images/small/c4/c44da24c.jpg
D:\FYP Project\fypapp\abo-images-small (1)\images\small\c0\c0d136ca.jpg,Casual Shoes,Shoes,89.99,A high-quality casual shoes — shoes product with excellent build quality and modern design.,/abo-images-small (1)/images/small/c0/c0d136ca.jpg
D:\FYP Project\fypapp\abo-images-small (1)\images\small\49\49b82399.jpg,Coffee Maker,Appliances,129.99,A high-quality coffee maker — appliances product with excellent build quality and modern design.,/abo-images-small (1)/images/small/49/49b82399.jpg
D:\FYP Project\fypapp\abo-images-small (1)\images\small\cb\cbc1727a.jpg,Smartphone,Smartphones,699.99,A high-quality smartphone — smartphones product with excellent build quality and modern design.,/abo-images-small (1)/images/small/cb/cbc1727a.jpg
D:\FYP Project\fypapp\abo-images-small (1)\images\small\4c\4ca38975.jpg,Dining Chair,Chairs,199.99,A high-quality dining chair — chairs product with excellent build quality and modern design.,/abo-images-small (1)/images/small/4c/4ca38975.jpg
D:\FYP Project\fypapp\abo-images-small (1)\images\small\52\525cd154.jpg,Fitness Equipment,Sports,34.99,A high-quality fitness equipment — sports product with excellent build quality and modern design.,/abo-images-small (1)/images/small/52/525cd154.jpg
D:\FYP Project\fypapp\abo-images-small (1)\images\small\72\72bccefb.jpg,iPhone,Smartphones,699.99,A high-quality iphone — smartphones product with excellent build quality and modern design.,/abo-images-small (1)/images/small/72/72bccefb.jpg
D:\FYP Project\fypapp\abo-images-small (1)\images\small\31\31d83b28.jpg,Dining Table,Tables,299.99,A high-quality dining table — tables product with excellent build quality and modern design.,/abo-images-small (1)/images/small/31/31d83b28.jpg
D:\FYP Project\fypapp\abo-images-small (1)\images\small\00\00fcba69.jpg,Ultrabook,Laptops,899.99,A high-quality ultrabook — laptops product with excellent build quality and modern design.,/abo-images-small (1)/images/small/00/00fcba69.jpg
D:\FYP Project\fypapp\abo-images-small (1)\images\small\61\6159d7b6.jpg,Casual Top,Shirts,39.99,A high-quality casual top — shirts product with excellent build quality and modern design.,/abo-images-small (1)/images/small/61/6159d7b6.jpg
D:\FYP Project\fypapp\abo-images-small (1)\images\small\30\30d6d6db.jpg,Bed Frame,Beds,499.99,A high-quality bed frame — beds product with excellent build quality and modern design.,/abo-images-small (1)/images/small/30/30d6d6db.jpg
D:\FYP Project\fypapp\abo-images-small (1)\images\small\2b\2bd9a524.jpg,Winter Coat,Jackets,119.99,A high-quality winter coat — jackets product with excellent build quality and modern design.,/abo-images-small (1)/images/small/2b/2bd9a524.jpg
D:\FYP Project\fypapp\abo-images-small (1)\images\small\58\585e2a73.jpg,iPhone,Smartphones,699.99,A high-quality iphone — smartphones product with excellent build quality and modern design.,/abo-images-small (1)/images/small/58/585e2a73.jpg
D:\FYP Project\fypapp\abo-images-small (1)\images\small\08\08c8c792.jpg,Coffee Maker,Appliances,129.99,A high-quality coffee maker — appliances product with excellent build quality and modern design.,/abo-images-small (1)/images/small/08/08c8c792.jpg
D:\FYP Project\fypapp\abo-images-small (1)\images\small\2c\2c7da972.jpg,Smartphone,Smartphones,699.99,A high-quality smartphone — smartphones product with excellent build quality and modern design.,/abo-images-small (1)/images/small/2c/2c7da972.jpg
D:\FYP Project\fypapp\abo-images-small (1)\images\small\05\05081863.jpg,Mobile Phone,Smartphones,699.99,A high-quality mobile phone — smartphones product with excellent build quality and modern design.,/abo-images-small (1)/images/small/05/05081863.jpg
D:\FYP Project\fypapp\abo-images-small (1)\images\small\7d\7dbc3c1d.jpg,Digital Tablet,Tablets,449.99,A high-quality digital tablet — tablets product with excellent build quality and modern design.,/abo-images-small (1)/images/small/7d/7dbc3c1d.jpg
D:\FYP Project\fypapp\abo-images-small (1)\images\small\54\540e3080.jpg,Earphones,Headphones,149.99,A high-quality earphones — headphones product with excellent build quality and modern design.,/abo-images-small (1)/images/small/54/540e3080.jpg
D:\FYP Project\fypapp\abo-images-small (1)\images\small\cc\cc8ec82c.jpg,Tablet,Tablets,449.99,A high-quality tablet — tablets product with excellent build quality and modern design.,/abo-images-small (1)/images/small/cc/cc8ec82c.jpg
D:\FYP Project\fypapp\abo-images-small (1)\images\small\71\710c89cb.jpg,Mobile Phone,Smartphones,699.99,A high-quality mobile phone — smartphones product with excellent build quality and modern design.,/abo-images-small (1)/images/small/71/710c89cb.jpg
D:\FYP Project\fypapp\abo-images-small (1)\images\small\05\055bd558.jpg,Fitness Equipment,Sports,34.99,A high-quality fitness equipment — sports product with excellent build quality and modern design.,/abo-images-small (1)/images/small/05/055bd558.jpg
D:\FYP Project\fypapp\abo-images-small (1)\images\small\3c\3cac32f5.jpg,Boots,Shoes,89.99,A high-quality boots — shoes product with excellent build quality and modern design.,/abo-images-small (1)/images/small/3c/3cac32f5.jpg
D:\FYP Project\fypapp\abo-images-small (1)\images\small\5d\5d48a038.jpg,Smartphone,Smartphones,699.99,A high-quality smartphone — smartphones product with excellent build quality and modern design.,/abo-images-small (1)/images/small/5d/5d48a038.jpg
D:\FYP Project\fypapp\abo-images-small (1)\images\small\11\11a30984.jpg,Coffee Table,Tables,299.99,A high-quality coffee table — tables product with excellent build quality and modern design.,/abo-images-small (1)/images/small/11/11a30984.jpg
D:\FYP Project\fypapp\abo-images-small (1)\images\small\2a\2ac5e2c8.jpg,Digital Tablet,Tablets,449.99,A high-quality digital tablet — tablets product with excellent build quality and modern design.,/abo-images-small (1)/images/small/2a/2ac5e2c8.jpg
D:\FYP Project\fypapp\abo-images-small (1)\images\small\92\92bee062.jpg,iPhone,Smartphones,699.99,A high-quality iphone — smartphones product with excellent build quality and modern design.,/abo-images-small (1)/images/small/92/92bee062.jpg
D:\FYP Project\fypapp\abo-images-small (1)\images\small\26\265a0e3f.jpg,Mobile Phone,Smartphones,699.99,A high-quality mobile phone — smartphones product with excellent build quality and modern design.,/abo-images-small (1)/images/small/26/265a0e3f.jpg
D:\FYP Project\fypapp\abo-images-small (1)\images\small\15\156352c9.jpg,Fitness Equipment,Sports,34.99,A high-quality fitness equipment — sports product with excellent build quality and modern design.,/abo-images-small (1)/images/small/15/156352c9.jpg
D:\FYP Project\fypapp\abo-images-small (1)\images\small\a6\a6b8c16e.jpg,Desk,Tables,299.99,A high-quality desk — tables product with excellent build quality and modern design.,/abo-images-small (1)/images/small/a6/a6b8c16e.jpg
D:\FYP Project\fypapp\abo-images-small (1)\images\small\9c\9c3b3e52.jpg,Smartphone,Smartphones,699.99,A high-quality smartphone — smartphones product with excellent build quality and modern design.,/abo-images-small (1)/images/small/9c/9c3b3e52.jpg
D:\FYP Project\fypapp\abo-images-small (1)\images\small\b3\b32dea3f.jpg,Digital Tablet,Tablets,449.99,A high-quality digital tablet — tablets product with excellent build quality and modern design.,/abo-images-small (1)/images/small/b3/b32dea3f.jpg
D:\FYP Project\fypapp\abo-images-small (1)\images\small\ce\ce3b487f.jpg,Boots,Shoes,89.99,A high-quality boots — shoes product with excellent build quality and modern design.,/abo-images-small (1)/images/small/ce/ce3b487f.jpg
D:\FYP Project\fypapp\abo-images-small (1)\images\small\24\24d10f7a.jpg,Smartphone,Smartphones,699.99,A high-quality smartphone — smartphones product with excellent build quality and modern design.,/abo-images-small (1)/images/small/24/24d10f7a.jpg
D:\FYP Project\fypapp\abo-images-small (1)\images\small\9d\9d7f6d14.jpg,Notebook PC,Laptops,899.99,A high-quality notebook pc — laptops product with excellent build quality and modern design.,/abo-images-small (1)/images/small/9d/9d7f6d14.jpg
D:\FYP Project\fypapp\abo-images-small (1)\images\small\af\aff41139.jpg,Sectional Sofa,Sofas,799.99,A high-quality sectional sofa — sofas product with excellent build quality and modern design.,/abo-images-small (1)/images/small/af/aff41139.jpg
D:\FYP Project\fypapp\abo-images-small (1)\images\small\4e\4e7fc865.jpg,Boots,Shoes,89.99,A high-quality boots — shoes product with excellent build quality and modern design.,/abo-images-small (1)/images/small/4e/4e7fc865.jpg
D:\FYP Project\fypapp\abo-images-small (1)\images\small\d5\d568e880.jpg,Smartphone,Smartphones,699.99,A high-quality smartphone — smartphones product with excellent build quality and modern design.,/abo-images-small (1)/images/small/d5/d568e880.jpg
D:\FYP Project\fypapp\abo-images-small (1)\images\small\0e\0e97be68.jpg,Mobile Phone,Smartphones,699.99,A high-quality mobile phone — smartphones product with excellent build quality and modern design.,/abo-images-small (1)/images/small/0e/0e97be68.jpg
D:\FYP Project\fypapp\abo-images-small (1)\images\small\ff\ff78c4a1.jpg,Casual Shoes,Shoes,89.99,A high-quality casual shoes — shoes product with excellent build quality and modern design.,/abo-images-small (1)/images/small/ff/ff78c4a1.jpg
D:\FYP Project\fypapp\abo-images-small (1)\images\small\e5\e5367d61.jpg,Coffee Maker,Appliances,129.99,A high-quality coffee maker — appliances product with excellent build quality and modern design.,/abo-images-small (1)/images/small/e5/e5367d61.jpg
D:\FYP Project\fypapp\abo-images-small (1)\images\small\b5\b5e6c5bc.jpg,Sneakers,Shoes,89.99,A high-quality sneakers — shoes product with excellent build quality and modern design.,/abo-images-small (1)/images/small/b5/b5e6c5bc.jpg
D:\FYP Project\fypapp\abo-images-small (1)\images\small\69\699702d3.jpg,Running Shoes,Shoes,89.99,A high-quality running shoes — shoes product with excellent build quality and modern design.,/abo-images-small (1)/images/small/69/699702d3.jpg
D:\FYP Project\fypapp\abo-images-small (1)\images\small\9f\9f8a2b73.jpg,Cooking Pot,Cookware,89.99,A high-quality cooking pot — cookware product with excellent build quality and modern design.,/abo-images-small (1)/images/small/9f/9f8a2b73.jpg
D:\FYP Project\fypapp\abo-images-small (1)\images\small\df\dffadc04.jpg,Exercise Gear,Sports,34.99,A high-quality exercise gear — sports product with excellent build quality and modern design.,/abo-images-small (1)/images/small/df/dffadc04.jpg
D:\FYP Project\fypapp\abo-images-small (1)\images\small\0a\0aa0a80e.jpg,Smartphone,Smartphones,699.99,A high-quality smartphone — smartphones product with excellent build quality and modern design.,/abo-images-small (1)/images/small/0a/0aa0a80e.jpg
D:\FYP Project\fypapp\abo-images-small (1)\images\small\14\1476b0ca.jpg,Resistance Bands,Sports,34.99,A high-quality resistance bands — sports product with excellent build quality and modern design.,/abo-images-small (1)/images/small/14/1476b0ca.jpg
D:\FYP Project\fypapp\abo-images-small (1)\images\small\a7\a7a77c8d.jpg,Android Phone,Smartphones,699.99,A high-quality android phone — smartphones product with excellent build quality and modern design.,/abo-images-small (1)/images/small/a7/a7a77c8d.jpg
D:\FYP Project\fypapp\abo-images-small (1)\images\small\8c\8c377f7e.jpg,iPhone,Smartphones,699.99,A high-quality iphone — smartphones product with excellent build quality and modern design.,/abo-images-small (1)/images/small/8c/8c377f7e.jpg
D:\FYP Project\fypapp\abo-images-small (1)\images\small\94\948871ce.jpg,Smartphone,Smartphones,699.99,A high-quality smartphone — smartphones product with excellent build quality and modern design.,/abo-images-small (1)/images/small/94/948871ce.jpg
D:\FYP Project\fypapp\abo-images-small (1)\images\small\f0\f05c17f2.jpg,Microwave,Appliances,129.99,A high-quality microwave — appliances product with excellent build quality and modern design.,/abo-images-small (1)/images/small/f0/f05c17f2.jpg
D:\FYP Project\fypapp\abo-images-small (1)\images\small\24\24745fff.jpg,Android Phone,Smartphones,699.99,A high-quality android phone — smartphones product with excellent build quality and modern design.,/abo-images-small (1)/images/small/24/24745fff.jpg
D:\FYP Project\fypapp\abo-images-small (1)\images\small\ab\ab7825cb.jpg,Recliner,Chairs,199.99,A high-quality recliner — chairs product with excellent build quality and modern design.,/abo-images-small (1)/images/small/ab/ab7825cb.jpg
D:\FYP Project\fypapp\abo-images-small (1)\images\small\f9\f96fc68b.jpg,Smartphone,Smartphones,699.99,A high-quality smartphone — smartphones product with excellent build quality and modern design.,/abo-images-small (1)/images/small/f9/f96fc68b.jpg
D:\FYP Project\fypapp\abo-images-small (1)\images\small\9a\9a7607d4.jpg,Microwave,Appliances,129.99,A high-quality microwave — appliances product with excellent build quality and modern design.,/abo-images-small (1)/images/small/9a/9a7607d4.jpg
D:\FYP Project\fypapp\abo-images-small (1)\images\small\18\18c52f59.jpg,Over-Ear Headphones,Headphones,149.99,A high-quality over-ear headphones — headphones product with excellent build quality and modern design.,/abo-images-small (1)/images/small/18/18c52f59.jpg
D:\FYP Project\fypapp\abo-images-small (1)\images\small\1b\1b519a76.jpg,Windbreaker,Jackets,119.99,A high-quality windbreaker — jackets product with excellent build quality and modern design.,/abo-images-small (1)/images/small/1b/1b519a76.jpg
D:\FYP Project\fypapp\abo-images-small (1)\images\small\70\707a9d16.jpg,Tablet,Tablets,449.99,A high-quality tablet — tablets product with excellent build quality and modern design.,/abo-images-small (1)/images/small/70/707a9d16.jpg
D:\FYP Project\fypapp\abo-images-small (1)\images\small\d3\d31ea9ea.jpg,Mobile Phone,Smartphones,699.99,A high-quality mobile phone — smartphones product with excellent build quality and modern design.,/abo-images-small (1)/images/small/d3/d31ea9ea.jpg
D:\FYP Project\fypapp\abo-images-small (1)\images\small\32\32188cb7.jpg,Android Phone,Smartphones,699.99,A high-quality android phone — smartphones product with excellent build quality and modern design.,/abo-images-small (1)/images/small/32/32188cb7.jpg
D:\FYP Project\fypapp\abo-images-small (1)\images\small\2a\2a98995d.jpg,Jacket,Jackets,119.99,A high-quality jacket — jackets product with excellent build quality and modern design.,/abo-images-small (1)/images/small/2a/2a98995d.jpg
D:\FYP Project\fypapp\abo-images-small (1)\images\small\60\608d77da.jpg,iPad,Tablets,449.99,A high-quality ipad — tablets product with excellent build quality and modern design.,/abo-images-small (1)/images/small/60/608d77da.jpg
D:\FYP Project\fypapp\abo-images-small (1)\images\small\d8\d8828d37.jpg,Digital Tablet,Tablets,449.99,A high-quality digital tablet — tablets product with excellent build quality and modern design.,/abo-images-small (1)/images/small/d8/d8828d37.jpg
D:\FYP Project\fypapp\abo-images-small (1)\images\small\db\db6ae7e2.jpg,Android Tablet,Tablets,449.99,A high-quality android tablet — tablets product with excellent build quality and modern design.,/abo-images-small (1)/images/small/db/db6ae7e2.jpg
D:\FYP Project\fypapp\abo-images-small (1)\images\small\be\bed74943.jpg,Dress Shirt,Shirts,39.99,A high-quality dress shirt — shirts product with excellent build quality and modern design.,/abo-images-small (1)/images/small/be/bed74943.jpg
D:\FYP Project\fypapp\abo-images-small (1)\images\small\f9\f95942b3.jpg,Cooking Pot,Cookware,89.99,A high-quality cooking pot — cookware product with excellent build quality and modern design.,/abo-images-small (1)/images/small/f9/f95942b3.jpg
D:\FYP Project\fypapp\abo-images-small (1)\images\small\71\718b7fb0.jpg,Exercise Gear,Sports,34.99,A high-quality exercise gear — sports product with excellent build quality and modern design.,/abo-images-small (1)/images/small/71/718b7fb0.jpg
D:\FYP Project\fypapp\abo-images-small (1)\images\small\85\854d04d1.jpg,Dress,Dresses,59.99,A high-quality dress — dresses product with excellent build quality and modern design.,/abo-images-small (1)/images/small/85/854d04d1.jpg
D:\FYP Project\fypapp\abo-images-small (1)\images\small\b8\b8f5f97a.jpg,Fitness Equipment,Sports,34.99,A high-quality fitness equipment — sports product with excellent build quality and modern design.,/abo-images-small (1)/images/small/b8/b8f5f97a.jpg
D:\FYP Project\fypapp\abo-images-small (1)\images\small\67\67557981.jpg,Android Tablet,Tablets,449.99,A high-quality android tablet — tablets product with excellent build quality and modern design.,/abo-images-small (1)/images/small/67/67557981.jpg
D:\FYP Project\fypapp\abo-images-small (1)\images\small\b0\b0915e96.jpg,Mobile Phone,Smartphones,699.99,A high-quality mobile phone — smartphones product with excellent build quality and modern design.,/abo-images-small (1)/images/small/b0/b0915e96.jpg
D:\FYP Project\fypapp\abo-images-small (1)\images\small\d2\d22e3d8a.jpg,Fitness Equipment,Sports,34.99,A high-quality fitness equipment — sports product with excellent build quality and modern design.,/abo-images-small (1)/images/small/d2/d22e3d8a.jpg
D:\FYP Project\fypapp\abo-images-small (1)\images\small\95\95e38976.jpg,iPhone,Smartphones,699.99,A high-quality iphone — smartphones product with excellent build quality and modern design.,/abo-images-small (1)/images/small/95/95e38976.jpg
D:\FYP Project\fypapp\abo-images-small (1)\images\small\21\21856114.jpg,Tablet,Tablets,449.99,A high-quality tablet — tablets product with excellent build quality and modern design.,/abo-images-small (1)/images/small/21/21856114.jpg
D:\FYP Project\fypapp\abo-images-small (1)\images\small\f5\f5d78943.jpg,Coffee Table,Tables,299.99,A high-quality coffee table — tables product with excellent build quality and modern design.,/abo-images-small (1)/images/small/f5/f5d78943.jpg
D:\FYP Project\fypapp\abo-images-small (1)\images\small\26\2697e77b.jpg,Digital Tablet,Tablets,449.99,A high-quality digital tablet — tablets product with excellent build quality and modern design.,/abo-images-small (1)/images/small/26/2697e77b.jpg
D:\FYP Project\fypapp\abo-images-small (1)\images\small\e3\e3d71a4d.jpg,Denim Pants,Jeans,69.99,A high-quality denim pants — jeans product with excellent build quality and modern design.,/abo-images-small (1)/images/small/e3/e3d71a4d.jpg
D:\FYP Project\fypapp\abo-images-small (1)\images\small\e2\e280b3fd.jpg,Yoga Mat,Sports,34.99,A high-quality yoga mat — sports product with excellent build quality and modern design.,/abo-images-small (1)/images/small/e2/e280b3fd.jpg
D:\FYP Project\fypapp\abo-images-small (1)\images\small\bf\bfd9f045.jpg,Mobile Phone,Smartphones,699.99,A high-quality mobile phone — smartphones product with excellent build quality and modern design.,/abo-images-small (1)/images/small/bf/bfd9f045.jpg
D:\FYP Project\fypapp\abo-images-small (1)\images\small\fc\fc49d90c.jpg,Android Phone,Smartphones,699.99,A high-quality android phone — smartphones product with excellent build quality and modern design.,/abo-images-small (1)/images/small/fc/fc49d90c.jpg
D:\FYP Project\fypapp\abo-images-small (1)\images\small\4c\4c585fef.jpg,iPhone,Smartphones,699.99,A high-quality iphone — smartphones product with excellent build quality and modern design.,/abo-images-small (1)/images/small/4c/4c585fef.jpg
D:\FYP Project\fypapp\abo-images-small (1)\images\small\95\95d69daa.jpg,Smartphone,Smartphones,699.99,A high-quality smartphone — smartphones product with excellent build quality and modern design.,/abo-images-small (1)/images/small/95/95d69daa.jpg
D:\FYP Project\fypapp\abo-images-small (1)\images\small\9d\9d5a8586.jpg,Dining Chair,Chairs,199.99,A high-quality dining chair — chairs product with excellent build quality and modern design.,/abo-images-small (1)/images/small/9d/9d5a8586.jpg
D:\FYP Project\fypapp\abo-images-small (1)\images\small\50\50de240e.jpg,Puffer Jacket,Jackets,119.99,A high-quality puffer jacket — jackets product with excellent build quality and modern design.,/abo-images-small (1)/images/small/50/50de240e.jpg
D:\FYP Project\fypapp\abo-images-small (1)\images\small\90\904f2b75.jpg,iPhone,Smartphones,699.99,A high-quality iphone — smartphones product with excellent build quality and modern design.,/abo-images-small (1)/images/small/90/904f2b75.jpg
D:\FYP Project\fypapp\abo-images-small (1)\images\small\77\773db131.jpg,Tablet,Tablets,449.99,A high-quality tablet — tablets product with excellent build quality and modern design.,/abo-images-small (1)/images/small/77/773db131.jpg
D:\FYP Project\fypapp\abo-images-small (1)\images\small\9e\9e0a8c14.jpg,Running Shoes,Shoes,89.99,A high-quality running shoes — shoes product with excellent build quality and modern design.,/abo-images-small (1)/images/small/9e/9e0a8c14.jpg
D:\FYP Project\fypapp\abo-images-small (1)\images\small\8b\8b49a467.jpg,Cooking Pot,Cookware,89.99,A high-quality cooking pot — cookware product with excellent build quality and modern design.,/abo-images-small (1)/images/small/8b/8b49a467.jpg
D:\FYP Project\fypapp\abo-images-small (1)\images\small\20\20210a6a.jpg,Smartphone,Smartphones,699.99,A high-quality smartphone — smartphones product with excellent build quality and modern design.,/abo-images-small (1)/images/small/20/20210a6a.jpg
D:\FYP Project\fypapp\abo-images-small (1)\images\small\6d\6d3ff28c.jpg,Mobile Phone,Smartphones,699.99,A high-quality mobile phone — smartphones product with excellent build quality and modern design.,/abo-images-small (1)/images/small/6d/6d3ff28c.jpg
D:\FYP Project\fypapp\abo-images-small (1)\images\small\94\94b2ac13.jpg,Android Phone,Smartphones,699.99,A high-quality android phone — smartphones product with excellent build quality and modern design.,/abo-images-small (1)/images/small/94/94b2ac13.jpg
D:\FYP Project\fypapp\abo-images-small (1)\images\small\6d\6d3d4fbd.jpg,Exercise Gear,Sports,34.99,A high-quality exercise gear — sports product with excellent build quality and modern design.,/abo-images-small (1)/images/small/6d/6d3d4fbd.jpg
D:\FYP Project\fypapp\abo-images-small (1)\images\small\e7\e7412d13.jpg,Smartphone,Smartphones,699.99,A high-quality smartphone — smartphones product with excellent build quality and modern design.,/abo-images-small (1)/images/small/e7/e7412d13.jpg
D:\FYP Project\fypapp\abo-images-small (1)\images\small\59\59c23ce8.jpg,Mobile Phone,Smartphones,699.99,A high-quality mobile phone — smartphones product with excellent build quality and modern design.,/abo-images-small (1)/images/small/59/59c23ce8.jpg
D:\FYP Project\fypapp\abo-images-small (1)\images\small\83\8317b5bd.jpg,Casual Shoes,Shoes,89.99,A high-quality casual shoes — shoes product with excellent build quality and modern design.,/abo-images-small (1)/images/small/83/8317b5bd.jpg
D:\FYP Project\fypapp\abo-images-small (1)\images\small\34\348a2208.jpg,Platform Bed,Beds,499.99,A high-quality platform bed — beds product with excellent build quality and modern design.,/abo-images-small (1)/images/small/34/348a2208.jpg
D:\FYP Project\fypapp\abo-images-small (1)\images\small\f0\f09d488e.jpg,Smartphone,Smartphones,699.99,A high-quality smartphone — smartphones product with excellent build quality and modern design.,/abo-images-small (1)/images/small/f0/f09d488e.jpg
D:\FYP Project\fypapp\abo-images-small (1)\images\small\a6\a613074a.jpg,Slim Jeans,Jeans,69.99,A high-quality slim jeans — jeans product with excellent build quality and modern design.,/abo-images-small (1)/images/small/a6/a613074a.jpg
D:\FYP Project\fypapp\abo-images-small (1)\images\small\1e\1eda69a0.jpg,Windbreaker,Jackets,119.99,A high-quality windbreaker — jackets product with excellent build quality and modern design.,/abo-images-small (1)/images/small/1e/1eda69a0.jpg
D:\FYP Project\fypapp\abo-images-small (1)\images\small\1c\1cd84e6b.jpg,Sneakers,Shoes,89.99,A high-quality sneakers — shoes product with excellent build quality and modern design.,/abo-images-small (1)/images/small/1c/1cd84e6b.jpg
D:\FYP Project\fypapp\abo-images-small (1)\images\small\96\96727408.jpg,Android Phone,Smartphones,699.99,A high-quality android phone — smartphones product with excellent build quality and modern design.,/abo-images-small (1)/images/small/96/96727408.jpg
D:\FYP Project\fypapp\abo-images-small (1)\images\small\20\20a371f3.jpg,Casual Top,Shirts,39.99,A high-quality casual top — shirts product with excellent build quality and modern design.,/abo-images-small (1)/images/small/20/20a371f3.jpg
D:\FYP Project\fypapp\abo-images-small (1)\images\small\2b\2be24cb3.jpg,Couch,Sofas,799.99,A high-quality couch — sofas product with excellent build quality and modern design.,/abo-images-small (1)/images/small/2b/2be24cb3.jpg
D:\FYP Project\fypapp\abo-images-small (1)\images\small\14\142ddc89.jpg,Desk,Tables,299.99,A high-quality desk — tables product with excellent build quality and modern design.,/abo-images-small (1)/images/small/14/142ddc89.jpg
D:\FYP Project\fypapp\abo-images-small (1)\images\small\cb\cbc7e73b.jpg,Sneakers,Shoes,89.99,A high-quality sneakers — shoes product with excellent build quality and modern design.,/abo-images-small (1)/images/small/cb/cbc7e73b.jpg
D:\FYP Project\fypapp\abo-images-small (1)\images\small\c3\c34b3094.jpg,Mobile Phone,Smartphones,699.99,A high-quality mobile phone — smartphones product with excellent build quality and modern design.,/abo-images-small (1)/images/small/c3/c34b3094.jpg
D:\FYP Project\fypapp\abo-images-small (1)\images\small\c3\c3538dfc.jpg,Android Phone,Smartphones,699.99,A high-quality android phone — smartphones product with excellent build quality and modern design.,/abo-images-small (1)/images/small/c3/c3538dfc.jpg
D:\FYP Project\fypapp\abo-images-small (1)\images\small\e8\e8e14bda.jpg,Dining Table,Tables,299.99,A high-quality dining table — tables product with excellent build quality and modern design.,/abo-images-small (1)/images/small/e8/e8e14bda.jpg
D:\FYP Project\fypapp\abo-images-small (1)\images\small\8f\8f4b9f90.jpg,Straight Jeans,Jeans,69.99,A high-quality straight jeans — jeans product with excellent build quality and modern design.,/abo-images-small (1)/images/small/8f/8f4b9f90.jpg
D:\FYP Project\fypapp\abo-images-small (1)\images\small\7c\7c206938.jpg,Exercise Gear,Sports,34.99,A high-quality exercise gear — sports product with excellent build quality and modern design.,/abo-images-small (1)/images/small/7c/7c206938.jpg
D:\FYP Project\fypapp\abo-images-small (1)\images\small\e7\e752b8fc.jpg,Yoga Mat,Sports,34.99,A high-quality yoga mat — sports product with excellent build quality and modern design.,/abo-images-small (1)/images/small/e7/e752b8fc.jpg
D:\FYP Project\fypapp\abo-images-small (1)\images\small\93\93608887.jpg,Dining Chair,Chairs,199.99,A high-quality dining chair — chairs product with excellent build quality and modern design.,/abo-images-small (1)/images/small/93/93608887.jpg
D:\FYP Project\fypapp\abo-images-small (1)\images\small\11\114cfc92.jpg,Skillet,Cookware,89.99,A high-quality skillet — cookware product with excellent build quality and modern design.,/abo-images-small (1)/images/small/11/114cfc92.jpg
D:\FYP Project\fypapp\abo-images-small (1)\images\small\64\64e18712.jpg,Sofa,Sofas,799.99,A high-quality sofa — sofas product with excellent build quality and modern design.,/abo-images-small (1)/images/small/64/64e18712.jpg
D:\FYP Project\fypapp\abo-images-small (1)\images\small\d0\d0787acc.jpg,Mobile Phone,Smartphones,699.99,A high-quality mobile phone — smartphones product with excellent build quality and modern design.,/abo-images-small (1)/images/small/d0/d0787acc.jpg
D:\FYP Project\fypapp\abo-images-small (1)\images\small\7b\7b82ad3c.jpg,Coffee Maker,Appliances,129.99,A high-quality coffee maker — appliances product with excellent build quality and modern design.,/abo-images-small (1)/images/small/7b/7b82ad3c.jpg
D:\FYP Project\fypapp\abo-images-small (1)\images\small\22\22fd6314.jpg,Smartphone,Smartphones,699.99,A high-quality smartphone — smartphones product with excellent build quality and modern design.,/abo-images-small (1)/images/small/22/22fd6314.jpg
D:\FYP Project\fypapp\abo-images-small (1)\images\small\c8\c8dce754.jpg,Mobile Phone,Smartphones,699.99,A high-quality mobile phone — smartphones product with excellent build quality and modern design.,/abo-images-small (1)/images/small/c8/c8dce754.jpg
D:\FYP Project\fypapp\abo-images-small (1)\images\small\b1\b13577b1.jpg,King Bed,Beds,499.99,A high-quality king bed — beds product with excellent build quality and modern design.,/abo-images-small (1)/images/small/b1/b13577b1.jpg
D:\FYP Project\fypapp\abo-images-small (1)\images\small\4b\4b92f374.jpg,Desk,Tables,299.99,A high-quality desk — tables product with excellent build quality and modern design.,/abo-images-small (1)/images/small/4b/4b92f374.jpg
D:\FYP Project\fypapp\abo-images-small (1)\images\small\36\36419f6d.jpg,Smartphone,Smartphones,699.99,A high-quality smartphone — smartphones product with excellent build quality and modern design.,/abo-images-small (1)/images/small/36/36419f6d.jpg
D:\FYP Project\fypapp\abo-images-small (1)\images\small\e4\e47ca40a.jpg,Dining Chair,Chairs,199.99,A high-quality dining chair — chairs product with excellent build quality and modern design.,/abo-images-small (1)/images/small/e4/e47ca40a.jpg
D:\FYP Project\fypapp\abo-images-small (1)\images\small\a8\a8c55be5.jpg,Android Phone,Smartphones,699.99,A high-quality android phone — smartphones product with excellent build quality and modern design.,/abo-images-small (1)/images/small/a8/a8c55be5.jpg
D:\FYP Project\fypapp\abo-images-small (1)\images\small\4f\4f6c7655.jpg,iPhone,Smartphones,699.99,A high-quality iphone — smartphones product with excellent build quality and modern design.,/abo-images-small (1)/images/small/4f/4f6c7655.jpg
D:\FYP Project\fypapp\abo-images-small (1)\images\small\24\248cde31.jpg,Smartphone,Smartphones,699.99,A high-quality smartphone — smartphones product with excellent build quality and modern design.,/abo-images-small (1)/images/small/24/248cde31.jpg
D:\FYP Project\fypapp\abo-images-small (1)\images\small\7b\7b01a775.jpg,Mobile Phone,Smartphones,699.99,A high-quality mobile phone — smartphones product with excellent build quality and modern design.,/abo-images-small (1)/images/small/7b/7b01a775.jpg
D:\FYP Project\fypapp\abo-images-small (1)\images\small\c1\c1853c6f.jpg,Over-Ear Headphones,Headphones,149.99,A high-quality over-ear headphones — headphones product with excellent build quality and modern design.,/abo-images-small (1)/images/small/c1/c1853c6f.jpg
D:\FYP Project\fypapp\abo-images-small (1)\images\small\80\80d3da1b.jpg,Skillet,Cookware,89.99,A high-quality skillet — cookware product with excellent build quality and modern design.,/abo-images-small (1)/images/small/80/80d3da1b.jpg
D:\FYP Project\fypapp\abo-images-small (1)\images\small\26\26c0ba31.jpg,Smartphone,Smartphones,699.99,A high-quality smartphone — smartphones product with excellent build quality and modern design.,/abo-images-small (1)/images/small/26/26c0ba31.jpg
D:\FYP Project\fypapp\abo-images-small (1)\images\small\61\61c937c8.jpg,Winter Coat,Jackets,119.99,A high-quality winter coat — jackets product with excellent build quality and modern design.,/abo-images-small (1)/images/small/61/61c937c8.jpg
D:\FYP Project\fypapp\abo-images-small (1)\images\small\c7\c78b16a6.jpg,Android Phone,Smartphones,699.99,A high-quality android phone — smartphones product with excellent build quality and modern design.,/abo-images-small (1)/images/small/c7/c78b16a6.jpg
D:\FYP Project\fypapp\abo-images-small (1)\images\small\50\50169d96.jpg,Desk,Tables,299.99,A high-quality desk — tables product with excellent build quality and modern design.,/abo-images-small (1)/images/small/50/50169d96.jpg
D:\FYP Project\fypapp\abo-images-small (1)\images\small\95\958249cf.jpg,Kitchen Appliance,Appliances,129.99,A high-quality kitchen appliance — appliances product with excellent build quality and modern design.,/abo-images-small (1)/images/small/95/958249cf.jpg
D:\FYP Project\fypapp\abo-images-small (1)\images\small\c3\c3115e41.jpg,Mobile Phone,Smartphones,699.99,A high-quality mobile phone — smartphones product with excellent build quality and modern design.,/abo-images-small (1)/images/small/c3/c3115e41.jpg
D:\FYP Project\fypapp\abo-images-small (1)\images\small\d7\d7a781cc.jpg,Android Phone,Smartphones,699.99,A high-quality android phone — smartphones product with excellent build quality and modern design.,/abo-images-small (1)/images/small/d7/d7a781cc.jpg
D:\FYP Project\fypapp\abo-images-small (1)\images\small\eb\eb89e6bb.jpg,Dress,Dresses,59.99,A high-quality dress — dresses product with excellent build quality and modern design.,/abo-images-small (1)/images/small/eb/eb89e6bb.jpg
D:\FYP Project\fypapp\abo-images-small (1)\images\small\df\dfc1a6c2.jpg,Queen Bed,Beds,499.99,A high-quality queen bed — beds product with excellent build quality and modern design.,/abo-images-small (1)/images/small/df/dfc1a6c2.jpg
D:\FYP Project\fypapp\abo-images-small (1)\images\small\c1\c1ab9976.jpg,King Bed,Beds,499.99,A high-quality king bed — beds product with excellent build quality and modern design.,/abo-images-small (1)/images/small/c1/c1ab9976.jpg
D:\FYP Project\fypapp\abo-images-small (1)\images\small\08\08f09ae9.jpg,Exercise Gear,Sports,34.99,A high-quality exercise gear — sports product with excellent build quality and modern design.,/abo-images-small (1)/images/small/08/08f09ae9.jpg
D:\FYP Project\fypapp\abo-images-small (1)\images\small\d3\d35dfb19.jpg,Sneakers,Shoes,89.99,A high-quality sneakers — shoes product with excellent build quality and modern design.,/abo-images-small (1)/images/small/d3/d35dfb19.jpg
D:\FYP Project\fypapp\abo-images-small (1)\images\small\f2\f2ebc0e3.jpg,Side Table,Tables,299.99,A high-quality side table — tables product with excellent build quality and modern design.,/abo-images-small (1)/images/small/f2/f2ebc0e3.jpg
D:\FYP Project\fypapp\abo-images-small (1)\images\small\5d\5df6b030.jpg,Windbreaker,Jackets,119.99,A high-quality windbreaker — jackets product with excellent build quality and modern design.,/abo-images-small (1)/images/small/5d/5df6b030.jpg
D:\FYP Project\fypapp\abo-images-small (1)\images\small\09\09dd3145.jpg,Jacket,Jackets,119.99,A high-quality jacket — jackets product with excellent build quality and modern design.,/abo-images-small (1)/images/small/09/09dd3145.jpg
D:\FYP Project\fypapp\abo-images-small (1)\images\small\3e\3ec54bee.jpg,Mobile Phone,Smartphones,699.99,A high-quality mobile phone — smartphones product with excellent build quality and modern design.,/abo-images-small (1)/images/small/3e/3ec54bee.jpg
D:\FYP Project\fypapp\abo-images-small (1)\images\small\5f\5ff2240c.jpg,Android Phone,Smartphones,699.99,A high-quality android phone — smartphones product with excellent build quality and modern design.,/abo-images-small (1)/images/small/5f/5ff2240c.jpg
D:\FYP Project\fypapp\abo-images-small (1)\images\small\6c\6c0303e9.jpg,Sneakers,Shoes,89.99,A high-quality sneakers — shoes product with excellent build quality and modern design.,/abo-images-small (1)/images/small/6c/6c0303e9.jpg
D:\FYP Project\fypapp\abo-images-small (1)\images\small\77\778d0f0c.jpg,Queen Bed,Beds,499.99,A high-quality queen bed — beds product with excellent build quality and modern design.,/abo-images-small (1)/images/small/77/778d0f0c.jpg
D:\FYP Project\fypapp\abo-images-small (1)\images\small\7b\7b4dba18.jpg,Fitness Equipment,Sports,34.99,A high-quality fitness equipment — sports product with excellent build quality and modern design.,/abo-images-small (1)/images/small/7b/7b4dba18.jpg
D:\FYP Project\fypapp\abo-images-small (1)\images\small\3f\3f1db6f8.jpg,Yoga Mat,Sports,34.99,A high-quality yoga mat — sports product with excellent build quality and modern design.,/abo-images-small (1)/images/small/3f/3f1db6f8.jpg
D:\FYP Project\fypapp\abo-images-small (1)\images\small\30\305ef3a6.jpg,Running Shoes,Shoes,89.99,A high-quality running shoes — shoes product with excellent build quality and modern design.,/abo-images-small (1)/images/small/30/305ef3a6.jpg
D:\FYP Project\fypapp\abo-images-small (1)\images\small\c4\c4e77d78.jpg,Over-Ear Headphones,Headphones,149.99,A high-quality over-ear headphones — headphones product with excellent build quality and modern design.,/abo-images-small (1)/images/small/c4/c4e77d78.jpg
D:\FYP Project\fypapp\abo-images-small (1)\images\small\e4\e4b37db5.jpg,iPhone,Smartphones,699.99,A high-quality iphone — smartphones product with excellent build quality and modern design.,/abo-images-small (1)/images/small/e4/e4b37db5.jpg
D:\FYP Project\fypapp\abo-images-small (1)\images\small\8b\8bf004e2.jpg,Dining Table,Tables,299.99,A high-quality dining table — tables product with excellent build quality and modern design.,/abo-images-small (1)/images/small/8b/8bf004e2.jpg
D:\FYP Project\fypapp\abo-images-small (1)\images\small\17\177a26b9.jpg,Resistance Bands,Sports,34.99,A high-quality resistance bands — sports product with excellent build quality and modern design.,/abo-images-small (1)/images/small/17/177a26b9.jpg
D:\FYP Project\fypapp\abo-images-small (1)\images\small\2f\2fe5331e.jpg,Blender,Appliances,129.99,A high-quality blender — appliances product with excellent build quality and modern design.,/abo-images-small (1)/images/small/2f/2fe5331e.jpg
D:\FYP Project\fypapp\abo-images-small (1)\images\small\db\db7169d3.jpg,Windbreaker,Jackets,119.99,A high-quality windbreaker — jackets product with excellent build quality and modern design.,/abo-images-small (1)/images/small/db/db7169d3.jpg
D:\FYP Project\fypapp\abo-images-small (1)\images\small\0a\0a7548e2.jpg,Smartphone,Smartphones,699.99,A high-quality smartphone — smartphones product with excellent build quality and modern design.,/abo-images-small (1)/images/small/0a/0a7548e2.jpg
D:\FYP Project\fypapp\abo-images-small (1)\images\small\1f\1f081cd4.jpg,Mobile Phone,Smartphones,699.99,A high-quality mobile phone — smartphones product with excellent build quality and modern design.,/abo-images-small (1)/images/small/1f/1f081cd4.jpg
D:\FYP Project\fypapp\abo-images-small (1)\images\small\b8\b8f120ee.jpg,Bowl Set,Dinnerware,49.99,A high-quality bowl set — dinnerware product with excellent build quality and modern design.,/abo-images-small (1)/images/small/b8/b8f120ee.jpg
D:\FYP Project\fypapp\abo-images-small (1)\images\small\4c\4c6098dc.jpg,iPhone,Smartphones,699.99,A high-quality iphone — smartphones product with excellent build quality and modern design.,/abo-images-small (1)/images/small/4c/4c6098dc.jpg
D:\FYP Project\fypapp\abo-images-small (1)\images\small\83\83b89d59.jpg,Kitchen Appliance,Appliances,129.99,A high-quality kitchen appliance — appliances product with excellent build quality and modern design.,/abo-images-small (1)/images/small/83/83b89d59.jpg
D:\FYP Project\fypapp\abo-images-small (1)\images\small\92\925f1551.jpg,Mobile Phone,Smartphones,699.99,A high-quality mobile phone — smartphones product with excellent build quality and modern design.,/abo-images-small (1)/images/small/92/925f1551.jpg
D:\FYP Project\fypapp\abo-images-small (1)\images\small\9e\9e156209.jpg,Fitness Equipment,Sports,34.99,A high-quality fitness equipment — sports product with excellent build quality and modern design.,/abo-images-small (1)/images/small/9e/9e156209.jpg
D:\FYP Project\fypapp\abo-images-small (1)\images\small\77\77e914a7.jpg,iPhone,Smartphones,699.99,A high-quality iphone — smartphones product with excellent build quality and modern design.,/abo-images-small (1)/images/small/77/77e914a7.jpg
D:\FYP Project\fypapp\abo-images-small (1)\images\small\37\37216c71.jpg,Smartphone,Smartphones,699.99,A high-quality smartphone — smartphones product with excellent build quality and modern design.,/abo-images-small (1)/images/small/37/37216c71.jpg
D:\FYP Project\fypapp\abo-images-small (1)\images\small\81\81a705f6.jpg,Winter Coat,Jackets,119.99,A high-quality winter coat — jackets product with excellent build quality and modern design.,/abo-images-small (1)/images/small/81/81a705f6.jpg
D:\FYP Project\fypapp\abo-images-small (1)\images\small\6c\6cf30480.jpg,Puffer Jacket,Jackets,119.99,A high-quality puffer jacket — jackets product with excellent build quality and modern design.,/abo-images-small (1)/images/small/6c/6cf30480.jpg
D:\FYP Project\fypapp\abo-images-small (1)\images\small\fc\fc8d1b7a.jpg,Boots,Shoes,89.99,A high-quality boots — shoes product with excellent build quality and modern design.,/abo-images-small (1)/images/small/fc/fc8d1b7a.jpg
D:\FYP Project\fypapp\abo-images-small (1)\images\small\71\714075f7.jpg,Tablet,Tablets,449.99,A high-quality tablet — tablets product with excellent build quality and modern design.,/abo-images-small (1)/images/small/71/714075f7.jpg
D:\FYP Project\fypapp\abo-images-small (1)\images\small\c5\c5565996.jpg,Dress Shirt,Shirts,39.99,A high-quality dress shirt — shirts product with excellent build quality and modern design.,/abo-images-small (1)/images/small/c5/c5565996.jpg
D:\FYP Project\fypapp\abo-images-small (1)\images\small\cf\cf0b91cc.jpg,Android Phone,Smartphones,699.99,A high-quality android phone — smartphones product with excellent build quality and modern design.,/abo-images-small (1)/images/small/cf/cf0b91cc.jpg
D:\FYP Project\fypapp\abo-images-small (1)\images\small\1c\1cb6142e.jpg,iPhone,Smartphones,699.99,A high-quality iphone — smartphones product with excellent build quality and modern design.,/abo-images-small (1)/images/small/1c/1cb6142e.jpg
D:\FYP Project\fypapp\abo-images-small (1)\images\small\11\11b4da1a.jpg,Office Chair,Chairs,199.99,A high-quality office chair — chairs product with excellent build quality and modern design.,/abo-images-small (1)/images/small/11/11b4da1a.jpg
D:\FYP Project\fypapp\abo-images-small (1)\images\small\36\3690038e.jpg,Non-Stick Pan,Cookware,89.99,A high-quality non-stick pan — cookware product with excellent build quality and modern design.,/abo-images-small (1)/images/small/36/3690038e.jpg
D:\FYP Project\fypapp\abo-images-small (1)\images\small\37\3721ab38.jpg,Casual Shoes,Shoes,89.99,A high-quality casual shoes — shoes product with excellent build quality and modern design.,/abo-images-small (1)/images/small/37/3721ab38.jpg
D:\FYP Project\fypapp\abo-images-small (1)\images\small\d6\d6612a63.jpg,Desk,Tables,299.99,A high-quality desk — tables product with excellent build quality and modern design.,/abo-images-small (1)/images/small/d6/d6612a63.jpg
D:\FYP Project\fypapp\abo-images-small (1)\images\small\10\10b865bc.jpg,Smartphone,Smartphones,699.99,A high-quality smartphone — smartphones product with excellent build quality and modern design.,/abo-images-small (1)/images/small/10/10b865bc.jpg
D:\FYP Project\fypapp\abo-images-small (1)\images\small\eb\eb32826e.jpg,Mobile Phone,Smartphones,699.99,A high-quality mobile phone — smartphones product with excellent build quality and modern design.,/abo-images-small (1)/images/small/eb/eb32826e.jpg
D:\FYP Project\fypapp\abo-images-small (1)\images\small\1b\1b92cfcc.jpg,Fitness Equipment,Sports,34.99,A high-quality fitness equipment — sports product with excellent build quality and modern design.,/abo-images-small (1)/images/small/1b/1b92cfcc.jpg
D:\FYP Project\fypapp\abo-images-small (1)\images\small\5f\5f8e3fd0.jpg,iPhone,Smartphones,699.99,A high-quality iphone — smartphones product with excellent build quality and modern design.,/abo-images-small (1)/images/small/5f/5f8e3fd0.jpg
D:\FYP Project\fypapp\abo-images-small (1)\images\small\9a\9a3a6907.jpg,Smartphone,Smartphones,699.99,A high-quality smartphone — smartphones product with excellent build quality and modern design.,/abo-images-small (1)/images/small/9a/9a3a6907.jpg
D:\FYP Project\fypapp\abo-images-small (1)\images\small\e6\e639b06c.jpg,iPad,Tablets,449.99,A high-quality ipad — tablets product with excellent build quality and modern design.,/abo-images-small (1)/images/small/e6/e639b06c.jpg
D:\FYP Project\fypapp\abo-images-small (1)\images\small\93\93c3a298.jpg,King Bed,Beds,499.99,A high-quality king bed — beds product with excellent build quality and modern design.,/abo-images-small (1)/images/small/93/93c3a298.jpg
D:\FYP Project\fypapp\abo-images-small (1)\images\small\a9\a9f0c324.jpg,Exercise Gear,Sports,34.99,A high-quality exercise gear — sports product with excellent build quality and modern design.,/abo-images-small (1)/images/small/a9/a9f0c324.jpg
D:\FYP Project\fypapp\abo-images-small (1)\images\small\99\99cdf420.jpg,Mobile Phone,Smartphones,699.99,A high-quality mobile phone — smartphones product with excellent build quality and modern design.,/abo-images-small (1)/images/small/99/99cdf420.jpg
D:\FYP Project\fypapp\abo-images-small (1)\images\small\5f\5fe9add0.jpg,iPhone,Smartphones,699.99,A high-quality iphone — smartphones product with excellent build quality and modern design.,/abo-images-small (1)/images/small/5f/5fe9add0.jpg
D:\FYP Project\fypapp\abo-images-small (1)\images\small\4c\4c7e8f96.jpg,Kitchen Appliance,Appliances,129.99,A high-quality kitchen appliance — appliances product with excellent build quality and modern design.,/abo-images-small (1)/images/small/4c/4c7e8f96.jpg
D:\FYP Project\fypapp\abo-images-small (1)\images\small\b2\b2e14bd9.jpg,Running Shoes,Shoes,89.99,A high-quality running shoes — shoes product with excellent build quality and modern design.,/abo-images-small (1)/images/small/b2/b2e14bd9.jpg
D:\FYP Project\fypapp\abo-images-small (1)\images\small\79\79630911.jpg,Earphones,Headphones,149.99,A high-quality earphones — headphones product with excellent build quality and modern design.,/abo-images-small (1)/images/small/79/79630911.jpg
D:\FYP Project\fypapp\abo-images-small (1)\images\small\95\95c8e915.jpg,Sneakers,Shoes,89.99,A high-quality sneakers — shoes product with excellent build quality and modern design.,/abo-images-small (1)/images/small/95/95c8e915.jpg
D:\FYP Project\fypapp\abo-images-small (1)\images\small\63\6368b2f3.jpg,Fitness Equipment,Sports,34.99,A high-quality fitness equipment — sports product with excellent build quality and modern design.,/abo-images-small (1)/images/small/63/6368b2f3.jpg
D:\FYP Project\fypapp\abo-images-small (1)\images\small\ed\edaf0be1.jpg,Coffee Maker,Appliances,129.99,A high-quality coffee maker — appliances product with excellent build quality and modern design.,/abo-images-small (1)/images/small/ed/edaf0be1.jpg
D:\FYP Project\fypapp\abo-images-small (1)\images\small\ed\edcd46d1.jpg,Smartphone,Smartphones,699.99,A high-quality smartphone — smartphones product with excellent build quality and modern design.,/abo-images-small (1)/images/small/ed/edcd46d1.jpg
D:\FYP Project\fypapp\abo-images-small (1)\images\small\ce\ce0c1c64.jpg,Couch,Sofas,799.99,A high-quality couch — sofas product with excellent build quality and modern design.,/abo-images-small (1)/images/small/ce/ce0c1c64.jpg
D:\FYP Project\fypapp\abo-images-small (1)\images\small\aa\aa43a550.jpg,Bowl Set,Dinnerware,49.99,A high-quality bowl set — dinnerware product with excellent build quality and modern design.,/abo-images-small (1)/images/small/aa/aa43a550.jpg
D:\FYP Project\fypapp\abo-images-small (1)\images\small\b7\b7b8c122.jpg,iPhone,Smartphones,699.99,A high-quality iphone — smartphones product with excellent build quality and modern design.,/abo-images-small (1)/images/small/b7/b7b8c122.jpg
D:\FYP Project\fypapp\abo-images-small (1)\images\small\6b\6bd411b5.jpg,Queen Bed,Beds,499.99,A high-quality queen bed — beds product with excellent build quality and modern design.,/abo-images-small (1)/images/small/6b/6bd411b5.jpg
D:\FYP Project\fypapp\abo-images-small (1)\images\small\0f\0f4353fe.jpg,Accent Chair,Chairs,199.99,A high-quality accent chair — chairs product with excellent build quality and modern design.,/abo-images-small (1)/images/small/0f/0f4353fe.jpg
D:\FYP Project\fypapp\abo-images-small (1)\images\small\4e\4e2db179.jpg,Coffee Maker,Appliances,129.99,A high-quality coffee maker — appliances product with excellent build quality and modern design.,/abo-images-small (1)/images/small/4e/4e2db179.jpg
D:\FYP Project\fypapp\abo-images-small (1)\images\small\8a\8a14fa29.jpg,Tablet,Tablets,449.99,A high-quality tablet — tablets product with excellent build quality and modern design.,/abo-images-small (1)/images/small/8a/8a14fa29.jpg
D:\FYP Project\fypapp\abo-images-small (1)\images\small\d0\d0165dd4.jpg,Resistance Bands,Sports,34.99,A high-quality resistance bands — sports product with excellent build quality and modern design.,/abo-images-small (1)/images/small/d0/d0165dd4.jpg
D:\FYP Project\fypapp\abo-images-small (1)\images\small\12\1268391d.jpg,Android Phone,Smartphones,699.99,A high-quality android phone — smartphones product with excellent build quality and modern design.,/abo-images-small (1)/images/small/12/1268391d.jpg
D:\FYP Project\fypapp\abo-images-small (1)\images\small\02\02996369.jpg,Floral Dress,Dresses,59.99,A high-quality floral dress — dresses product with excellent build quality and modern design.,/abo-images-small (1)/images/small/02/02996369.jpg
D:\FYP Project\fypapp\abo-images-small (1)\images\small\69\6984a845.jpg,Running Shoes,Shoes,89.99,A high-quality running shoes — shoes product with excellent build quality and modern design.,/abo-images-small (1)/images/small/69/6984a845.jpg
D:\FYP Project\fypapp\abo-images-small (1)\images\small\4b\4b12de54.jpg,Sectional Sofa,Sofas,799.99,A high-quality sectional sofa — sofas product with excellent build quality and modern design.,/abo-images-small (1)/images/small/4b/4b12de54.jpg
D:\FYP Project\fypapp\abo-images-small (1)\images\small\2e\2e5a29fb.jpg,Coffee Maker,Appliances,129.99,A high-quality coffee maker — appliances product with excellent build quality and modern design.,/abo-images-small (1)/images/small/2e/2e5a29fb.jpg
D:\FYP Project\fypapp\abo-images-small (1)\images\small\59\59f9ee83.jpg,Sofa,Sofas,799.99,A high-quality sofa — sofas product with excellent build quality and modern design.,/abo-images-small (1)/images/small/59/59f9ee83.jpg
D:\FYP Project\fypapp\abo-images-small (1)\images\small\65\657aad64.jpg,Slim Jeans,Jeans,69.99,A high-quality slim jeans — jeans product with excellent build quality and modern design.,/abo-images-small (1)/images/small/65/657aad64.jpg
D:\FYP Project\fypapp\abo-images-small (1)\images\small\72\72984ad8.jpg,Android Phone,Smartphones,699.99,A high-quality android phone — smartphones product with excellent build quality and modern design.,/abo-images-small (1)/images/small/72/72984ad8.jpg
D:\FYP Project\fypapp\abo-images-small (1)\images\small\28\28788dbb.jpg,Windbreaker,Jackets,119.99,A high-quality windbreaker — jackets product with excellent build quality and modern design.,/abo-images-small (1)/images/small/28/28788dbb.jpg
D:\FYP Project\fypapp\abo-images-small (1)\images\small\02\029cc409.jpg,Office Chair,Chairs,199.99,A high-quality office chair — chairs product with excellent build quality and modern design.,/abo-images-small (1)/images/small/02/029cc409.jpg
D:\FYP Project\fypapp\abo-images-small (1)\images\small\96\96050943.jpg,Android Phone,Smartphones,699.99,A high-quality android phone — smartphones product with excellent build quality and modern design.,/abo-images-small (1)/images/small/96/96050943.jpg
D:\FYP Project\fypapp\abo-images-small (1)\images\small\3d\3d2a65d9.jpg,Coffee Maker,Appliances,129.99,A high-quality coffee maker — appliances product with excellent build quality and modern design.,/abo-images-small (1)/images/small/3d/3d2a65d9.jpg
D:\FYP Project\fypapp\abo-images-small (1)\images\small\2b\2b94626b.jpg,Sneakers,Shoes,89.99,A high-quality sneakers — shoes product with excellent build quality and modern design.,/abo-images-small (1)/images/small/2b/2b94626b.jpg
D:\FYP Project\fypapp\abo-images-small (1)\images\small\85\85109620.jpg,Coffee Table,Tables,299.99,A high-quality coffee table — tables product with excellent build quality and modern design.,/abo-images-small (1)/images/small/85/85109620.jpg
D:\FYP Project\fypapp\abo-images-small (1)\images\small\b9\b9b0842a.jpg,Over-Ear Headphones,Headphones,149.99,A high-quality over-ear headphones — headphones product with excellent build quality and modern design.,/abo-images-small (1)/images/small/b9/b9b0842a.jpg
D:\FYP Project\fypapp\abo-images-small (1)\images\small\f6\f6745f7a.jpg,Skillet,Cookware,89.99,A high-quality skillet — cookware product with excellent build quality and modern design.,/abo-images-small (1)/images/small/f6/f6745f7a.jpg
D:\FYP Project\fypapp\abo-images-small (1)\images\small\51\516b163d.jpg,Smartphone,Smartphones,699.99,A high-quality smartphone — smartphones product with excellent build quality and modern design.,/abo-images-small (1)/images/small/51/516b163d.jpg
D:\FYP Project\fypapp\abo-images-small (1)\images\small\ae\aec39874.jpg,Hiking Gear,Outdoors,149.99,A high-quality hiking gear — outdoors product with excellent build quality and modern design.,/abo-images-small (1)/images/small/ae/aec39874.jpg
D:\FYP Project\fypapp\abo-images-small (1)\images\small\c2\c25763dc.jpg,King Bed,Beds,499.99,A high-quality king bed — beds product with excellent build quality and modern design.,/abo-images-small (1)/images/small/c2/c25763dc.jpg
D:\FYP Project\fypapp\abo-images-small (1)\images\small\e8\e8351c56.jpg,Platform Bed,Beds,499.99,A high-quality platform bed — beds product with excellent build quality and modern design.,/abo-images-small (1)/images/small/e8/e8351c56.jpg
D:\FYP Project\fypapp\abo-images-small (1)\images\small\7c\7c518562.jpg,Sofa,Sofas,799.99,A high-quality sofa — sofas product with excellent build quality and modern design.,/abo-images-small (1)/images/small/7c/7c518562.jpg
D:\FYP Project\fypapp\abo-images-small (1)\images\small\18\18512783.jpg,Mobile Phone,Smartphones,699.99,A high-quality mobile phone — smartphones product with excellent build quality and modern design.,/abo-images-small (1)/images/small/18/18512783.jpg
D:\FYP Project\fypapp\abo-images-small (1)\images\small\8a\8ab57ed0.jpg,Android Phone,Smartphones,699.99,A high-quality android phone — smartphones product with excellent build quality and modern design.,/abo-images-small (1)/images/small/8a/8ab57ed0.jpg
D:\FYP Project\fypapp\abo-images-small (1)\images\small\0e\0e3c00d1.jpg,iPhone,Smartphones,699.99,A high-quality iphone — smartphones product with excellent build quality and modern design.,/abo-images-small (1)/images/small/0e/0e3c00d1.jpg
D:\FYP Project\fypapp\abo-images-small (1)\images\small\97\97dd241e.jpg,Yoga Mat,Sports,34.99,A high-quality yoga mat — sports product with excellent build quality and modern design.,/abo-images-small (1)/images/small/97/97dd241e.jpg
D:\FYP Project\fypapp\abo-images-small (1)\images\small\06\066519ec.jpg,Ceramic Plates,Dinnerware,49.99,A high-quality ceramic plates — dinnerware product with excellent build quality and modern design.,/abo-images-small (1)/images/small/06/066519ec.jpg
D:\FYP Project\fypapp\abo-images-small (1)\images\small\a0\a027c83a.jpg,Sectional Sofa,Sofas,799.99,A high-quality sectional sofa — sofas product with excellent build quality and modern design.,/abo-images-small (1)/images/small/a0/a027c83a.jpg
D:\FYP Project\fypapp\abo-images-small (1)\images\small\1a\1a5036fb.jpg,Desk,Tables,299.99,A high-quality desk — tables product with excellent build quality and modern design.,/abo-images-small (1)/images/small/1a/1a5036fb.jpg
D:\FYP Project\fypapp\abo-images-small (1)\images\small\6d\6d6b6d56.jpg,Smartphone,Smartphones,699.99,A high-quality smartphone — smartphones product with excellent build quality and modern design.,/abo-images-small (1)/images/small/6d/6d6b6d56.jpg
D:\FYP Project\fypapp\abo-images-small (1)\images\small\c8\c81cce3a.jpg,Microwave,Appliances,129.99,A high-quality microwave — appliances product with excellent build quality and modern design.,/abo-images-small (1)/images/small/c8/c81cce3a.jpg
D:\FYP Project\fypapp\abo-images-small (1)\images\small\95\9590f0b1.jpg,Outdoor Equipment,Outdoors,149.99,A high-quality outdoor equipment — outdoors product with excellent build quality and modern design.,/abo-images-small (1)/images/small/95/9590f0b1.jpg
D:\FYP Project\fypapp\abo-images-small (1)\images\small\c7\c74ac295.jpg,iPhone,Smartphones,699.99,A high-quality iphone — smartphones product with excellent build quality and modern design.,/abo-images-small (1)/images/small/c7/c74ac295.jpg
D:\FYP Project\fypapp\abo-images-small (1)\images\small\8d\8d29cb88.jpg,Tablet,Tablets,449.99,A high-quality tablet — tablets product with excellent build quality and modern design.,/abo-images-small (1)/images/small/8d/8d29cb88.jpg
D:\FYP Project\fypapp\abo-images-small (1)\images\small\dd\dde44208.jpg,Android Phone,Smartphones,699.99,A high-quality android phone — smartphones product with excellent build quality and modern design.,/abo-images-small (1)/images/small/dd/dde44208.jpg
D:\FYP Project\fypapp\abo-images-small (1)\images\small\91\919ec316.jpg,Desk,Tables,299.99,A high-quality desk — tables product with excellent build quality and modern design.,/abo-images-small (1)/images/small/91/919ec316.jpg
D:\FYP Project\fypapp\abo-images-small (1)\images\small\65\6580580e.jpg,Dining Table,Tables,299.99,A high-quality dining table — tables product with excellent build quality and modern design.,/abo-images-small (1)/images/small/65/6580580e.jpg
D:\FYP Project\fypapp\abo-images-small (1)\images\small\26\26d607c3.jpg,Coffee Table,Tables,299.99,A high-quality coffee table — tables product with excellent build quality and modern design.,/abo-images-small (1)/images/small/26/26d607c3.jpg
D:\FYP Project\fypapp\abo-images-small (1)\images\small\07\0715b5b2.jpg,Earphones,Headphones,149.99,A high-quality earphones — headphones product with excellent build quality and modern design.,/abo-images-small (1)/images/small/07/0715b5b2.jpg
D:\FYP Project\fypapp\abo-images-small (1)\images\small\71\7163f87d.jpg,Office Chair,Chairs,199.99,A high-quality office chair — chairs product with excellent build quality and modern design.,/abo-images-small (1)/images/small/71/7163f87d.jpg
D:\FYP Project\fypapp\abo-images-small (1)\images\small\3b\3be168ba.jpg,Running Shoes,Shoes,89.99,A high-quality running shoes — shoes product with excellent build quality and modern design.,/abo-images-small (1)/images/small/3b/3be168ba.jpg
D:\FYP Project\fypapp\abo-images-small (1)\images\small\d6\d6789f17.jpg,Straight Jeans,Jeans,69.99,A high-quality straight jeans — jeans product with excellent build quality and modern design.,/abo-images-small (1)/images/small/d6/d6789f17.jpg
D:\FYP Project\fypapp\abo-images-small (1)\images\small\a0\a04026b4.jpg,Android Tablet,Tablets,449.99,A high-quality android tablet — tablets product with excellent build quality and modern design.,/abo-images-small (1)/images/small/a0/a04026b4.jpg
D:\FYP Project\fypapp\abo-images-small (1)\images\small\7e\7ef15467.jpg,Couch,Sofas,799.99,A high-quality couch — sofas product with excellent build quality and modern design.,/abo-images-small (1)/images/small/7e/7ef15467.jpg
D:\FYP Project\fypapp\abo-images-small (1)\images\small\1d\1dcc46ae.jpg,Digital Tablet,Tablets,449.99,A high-quality digital tablet — tablets product with excellent build quality and modern design.,/abo-images-small (1)/images/small/1d/1dcc46ae.jpg
D:\FYP Project\fypapp\abo-images-small (1)\images\small\98\980f3f3c.jpg,Coffee Maker,Appliances,129.99,A high-quality coffee maker — appliances product with excellent build quality and modern design.,/abo-images-small (1)/images/small/98/980f3f3c.jpg
D:\FYP Project\fypapp\abo-images-small (1)\images\small\23\23bd1ce1.jpg,Smartphone,Smartphones,699.99,A high-quality smartphone — smartphones product with excellent build quality and modern design.,/abo-images-small (1)/images/small/23/23bd1ce1.jpg
D:\FYP Project\fypapp\abo-images-small (1)\images\small\55\55ea1507.jpg,iPad,Tablets,449.99,A high-quality ipad — tablets product with excellent build quality and modern design.,/abo-images-small (1)/images/small/55/55ea1507.jpg
D:\FYP Project\fypapp\abo-images-small (1)\images\small\97\97adc088.jpg,Fitness Equipment,Sports,34.99,A high-quality fitness equipment — sports product with excellent build quality and modern design.,/abo-images-small (1)/images/small/97/97adc088.jpg
D:\FYP Project\fypapp\abo-images-small (1)\images\small\cc\cc90220e.jpg,iPhone,Smartphones,699.99,A high-quality iphone — smartphones product with excellent build quality and modern design.,/abo-images-small (1)/images/small/cc/cc90220e.jpg
D:\FYP Project\fypapp\abo-images-small (1)\images\small\8b\8bd3f3b9.jpg,Yoga Mat,Sports,34.99,A high-quality yoga mat — sports product with excellent build quality and modern design.,/abo-images-small (1)/images/small/8b/8bd3f3b9.jpg
D:\FYP Project\fypapp\abo-images-small (1)\images\small\b6\b6c1b11e.jpg,Coffee Table,Tables,299.99,A high-quality coffee table — tables product with excellent build quality and modern design.,/abo-images-small (1)/images/small/b6/b6c1b11e.jpg
D:\FYP Project\fypapp\abo-images-small (1)\images\small\1a\1a973994.jpg,Android Phone,Smartphones,699.99,A high-quality android phone — smartphones product with excellent build quality and modern design.,/abo-images-small (1)/images/small/1a/1a973994.jpg
D:\FYP Project\fypapp\abo-images-small (1)\images\small\8a\8a4278c5.jpg,Desk,Tables,299.99,A high-quality desk — tables product with excellent build quality and modern design.,/abo-images-small (1)/images/small/8a/8a4278c5.jpg
D:\FYP Project\fypapp\abo-images-small (1)\images\small\6c\6c77cbe3.jpg,Smartphone,Smartphones,699.99,A high-quality smartphone — smartphones product with excellent build quality and modern design.,/abo-images-small (1)/images/small/6c/6c77cbe3.jpg
D:\FYP Project\fypapp\abo-images-small (1)\images\small\77\77720ce4.jpg,Queen Bed,Beds,499.99,A high-quality queen bed — beds product with excellent build quality and modern design.,/abo-images-small (1)/images/small/77/77720ce4.jpg
D:\FYP Project\fypapp\abo-images-small (1)\images\small\4e\4e821cf5.jpg,Polo Shirt,Shirts,39.99,A high-quality polo shirt — shirts product with excellent build quality and modern design.,/abo-images-small (1)/images/small/4e/4e821cf5.jpg
D:\FYP Project\fypapp\abo-images-small (1)\images\small\75\753af0cf.jpg,Boots,Shoes,89.99,A high-quality boots — shoes product with excellent build quality and modern design.,/abo-images-small (1)/images/small/75/753af0cf.jpg
D:\FYP Project\fypapp\abo-images-small (1)\images\small\19\19ca60bc.jpg,Mobile Phone,Smartphones,699.99,A high-quality mobile phone — smartphones product with excellent build quality and modern design.,/abo-images-small (1)/images/small/19/19ca60bc.jpg
D:\FYP Project\fypapp\abo-images-small (1)\images\small\b2\b23d5d8d.jpg,Android Phone,Smartphones,699.99,A high-quality android phone — smartphones product with excellent build quality and modern design.,/abo-images-small (1)/images/small/b2/b23d5d8d.jpg
D:\FYP Project\fypapp\abo-images-small (1)\images\small\26\26775ae4.jpg,Jeans,Jeans,69.99,A high-quality jeans — jeans product with excellent build quality and modern design.,/abo-images-small (1)/images/small/26/26775ae4.jpg
D:\FYP Project\fypapp\abo-images-small (1)\images\small\b8\b8fa1819.jpg,Mobile Phone,Smartphones,699.99,A high-quality mobile phone — smartphones product with excellent build quality and modern design.,/abo-images-small (1)/images/small/b8/b8fa1819.jpg
D:\FYP Project\fypapp\abo-images-small (1)\images\small\b2\b20ec7d1.jpg,King Bed,Beds,499.99,A high-quality king bed — beds product with excellent build quality and modern design.,/abo-images-small (1)/images/small/b2/b20ec7d1.jpg
D:\FYP Project\fypapp\abo-images-small (1)\images\small\7a\7ac3d05f.jpg,T-Shirt,Shirts,39.99,A high-quality t-shirt — shirts product with excellent build quality and modern design.,/abo-images-small (1)/images/small/7a/7ac3d05f.jpg
D:\FYP Project\fypapp\abo-images-small (1)\images\small\7b\7b524ff1.jpg,Coffee Table,Tables,299.99,A high-quality coffee table — tables product with excellent build quality and modern design.,/abo-images-small (1)/images/small/7b/7b524ff1.jpg
D:\FYP Project\fypapp\abo-images-small (1)\images\small\ff\ff81d4cc.jpg,Side Table,Tables,299.99,A high-quality side table — tables product with excellent build quality and modern design.,/abo-images-small (1)/images/small/ff/ff81d4cc.jpg
D:\FYP Project\fypapp\abo-images-small (1)\images\small\e0\e0b107ad.jpg,Boots,Shoes,89.99,A high-quality boots — shoes product with excellent build quality and modern design.,/abo-images-small (1)/images/small/e0/e0b107ad.jpg
D:\FYP Project\fypapp\abo-images-small (1)\images\small\31\31e1b69b.jpg,Tablet,Tablets,449.99,A high-quality tablet — tablets product with excellent build quality and modern design.,/abo-images-small (1)/images/small/31/31e1b69b.jpg
D:\FYP Project\fypapp\abo-images-small (1)\images\small\53\53732962.jpg,Mobile Phone,Smartphones,699.99,A high-quality mobile phone — smartphones product with excellent build quality and modern design.,/abo-images-small (1)/images/small/53/53732962.jpg
D:\FYP Project\fypapp\abo-images-small (1)\images\small\22\22bccbb6.jpg,Puffer Jacket,Jackets,119.99,A high-quality puffer jacket — jackets product with excellent build quality and modern design.,/abo-images-small (1)/images/small/22/22bccbb6.jpg
D:\FYP Project\fypapp\abo-images-small (1)\images\small\5a\5a1e9204.jpg,Sneakers,Shoes,89.99,A high-quality sneakers — shoes product with excellent build quality and modern design.,/abo-images-small (1)/images/small/5a/5a1e9204.jpg
D:\FYP Project\fypapp\abo-images-small (1)\images\small\45\45674ce9.jpg,Couch,Sofas,799.99,A high-quality couch — sofas product with excellent build quality and modern design.,/abo-images-small (1)/images/small/45/45674ce9.jpg
D:\FYP Project\fypapp\abo-images-small (1)\images\small\d1\d128d13a.jpg,Boots,Shoes,89.99,A high-quality boots — shoes product with excellent build quality and modern design.,/abo-images-small (1)/images/small/d1/d128d13a.jpg
D:\FYP Project\fypapp\abo-images-small (1)\images\small\34\349b4275.jpg,Cookware Set,Cookware,89.99,A high-quality cookware set — cookware product with excellent build quality and modern design.,/abo-images-small (1)/images/small/34/349b4275.jpg
D:\FYP Project\fypapp\abo-images-small (1)\images\small\19\196cba6d.jpg,Outdoor Equipment,Outdoors,149.99,A high-quality outdoor equipment — outdoors product with excellent build quality and modern design.,/abo-images-small (1)/images/small/19/196cba6d.jpg
D:\FYP Project\fypapp\abo-images-small (1)\images\small\3d\3da611ce.jpg,Recliner,Chairs,199.99,A high-quality recliner — chairs product with excellent build quality and modern design.,/abo-images-small (1)/images/small/3d/3da611ce.jpg
D:\FYP Project\fypapp\abo-images-small (1)\images\small\d9\d9b4fd6f.jpg,Yoga Mat,Sports,34.99,A high-quality yoga mat — sports product with excellent build quality and modern design.,/abo-images-small (1)/images/small/d9/d9b4fd6f.jpg
D:\FYP Project\fypapp\abo-images-small (1)\images\small\ac\acb6b491.jpg,Running Shoes,Shoes,89.99,A high-quality running shoes — shoes product with excellent build quality and modern design.,/abo-images-small (1)/images/small/ac/acb6b491.jpg
D:\FYP Project\fypapp\abo-images-small (1)\images\small\c4\c4042e28.jpg,iPhone,Smartphones,699.99,A high-quality iphone — smartphones product with excellent build quality and modern design.,/abo-images-small (1)/images/small/c4/c4042e28.jpg
D:\FYP Project\fypapp\abo-images-small (1)\images\small\c9\c964e430.jpg,Dinnerware Set,Dinnerware,49.99,A high-quality dinnerware set — dinnerware product with excellent build quality and modern design.,/abo-images-small (1)/images/small/c9/c964e430.jpg
D:\FYP Project\fypapp\abo-images-small (1)\images\small\9c\9c780c5f.jpg,Resistance Bands,Sports,34.99,A high-quality resistance bands — sports product with excellent build quality and modern design.,/abo-images-small (1)/images/small/9c/9c780c5f.jpg
D:\FYP Project\fypapp\abo-images-small (1)\images\small\c4\c445d818.jpg,Earphones,Headphones,149.99,A high-quality earphones — headphones product with excellent build quality and modern design.,/abo-images-small (1)/images/small/c4/c445d818.jpg
D:\FYP Project\fypapp\abo-images-small (1)\images\small\df\dfdc5c81.jpg,Smartphone,Smartphones,699.99,A high-quality smartphone — smartphones product with excellent build quality and modern design.,/abo-images-small (1)/images/small/df/dfdc5c81.jpg
D:\FYP Project\fypapp\abo-images-small (1)\images\small\dc\dc31f168.jpg,Mobile Phone,Smartphones,699.99,A high-quality mobile phone — smartphones product with excellent build quality and modern design.,/abo-images-small (1)/images/small/dc/dc31f168.jpg
D:\FYP Project\fypapp\abo-images-small (1)\images\small\70\70dab16f.jpg,Skillet,Cookware,89.99,A high-quality skillet — cookware product with excellent build quality and modern design.,/abo-images-small (1)/images/small/70/70dab16f.jpg
D:\FYP Project\fypapp\abo-images-small (1)\images\small\32\32fc05a3.jpg,Android Phone,Smartphones,699.99,A high-quality android phone — smartphones product with excellent build quality and modern design.,/abo-images-small (1)/images/small/32/32fc05a3.jpg
D:\FYP Project\fypapp\abo-images-small (1)\images\small\99\99084250.jpg,iPhone,Smartphones,699.99,A high-quality iphone — smartphones product with excellent build quality and modern design.,/abo-images-small (1)/images/small/99/99084250.jpg
D:\FYP Project\fypapp\abo-images-small (1)\images\small\a4\a43ff1e3.jpg,Couch,Sofas,799.99,A high-quality couch — sofas product with excellent build quality and modern design.,/abo-images-small (1)/images/small/a4/a43ff1e3.jpg
D:\FYP Project\fypapp\abo-images-small (1)\images\small\99\99dc0eca.jpg,Casual Shoes,Shoes,89.99,A high-quality casual shoes — shoes product with excellent build quality and modern design.,/abo-images-small (1)/images/small/99/99dc0eca.jpg
D:\FYP Project\fypapp\abo-images-small (1)\images\small\da\dadea86f.jpg,Boots,Shoes,89.99,A high-quality boots — shoes product with excellent build quality and modern design.,/abo-images-small (1)/images/small/da/dadea86f.jpg
D:\FYP Project\fypapp\abo-images-small (1)\images\small\69\69fa74ef.jpg,Smartphone,Smartphones,699.99,A high-quality smartphone — smartphones product with excellent build quality and modern design.,/abo-images-small (1)/images/small/69/69fa74ef.jpg
D:\FYP Project\fypapp\abo-images-small (1)\images\small\60\60732642.jpg,Mobile Phone,Smartphones,699.99,A high-quality mobile phone — smartphones product with excellent build quality and modern design.,/abo-images-small (1)/images/small/60/60732642.jpg
D:\FYP Project\fypapp\abo-images-small (1)\images\small\12\12d9ef62.jpg,Loveseat,Sofas,799.99,A high-quality loveseat — sofas product with excellent build quality and modern design.,/abo-images-small (1)/images/small/12/12d9ef62.jpg
D:\FYP Project\fypapp\abo-images-small (1)\images\small\7b\7b973065.jpg,Sneakers,Shoes,89.99,A high-quality sneakers — shoes product with excellent build quality and modern design.,/abo-images-small (1)/images/small/7b/7b973065.jpg
D:\FYP Project\fypapp\abo-images-small (1)\images\small\b1\b12e215f.jpg,Slim Jeans,Jeans,69.99,A high-quality slim jeans — jeans product with excellent build quality and modern design.,/abo-images-small (1)/images/small/b1/b12e215f.jpg
D:\FYP Project\fypapp\abo-images-small (1)\images\small\6c\6c84b6b8.jpg,Boots,Shoes,89.99,A high-quality boots — shoes product with excellent build quality and modern design.,/abo-images-small (1)/images/small/6c/6c84b6b8.jpg
D:\FYP Project\fypapp\abo-images-small (1)\images\small\a0\a0c66deb.jpg,Sneakers,Shoes,89.99,A high-quality sneakers — shoes product with excellent build quality and modern design.,/abo-images-small (1)/images/small/a0/a0c66deb.jpg
D:\FYP Project\fypapp\abo-images-small (1)\images\small\9d\9d78705a.jpg,Queen Bed,Beds,499.99,A high-quality queen bed — beds product with excellent build quality and modern design.,/abo-images-small (1)/images/small/9d/9d78705a.jpg
D:\FYP Project\fypapp\abo-images-small (1)\images\small\0c\0cb64880.jpg,Android Phone,Smartphones,699.99,A high-quality android phone — smartphones product with excellent build quality and modern design.,/abo-images-small (1)/images/small/0c/0cb64880.jpg
D:\FYP Project\fypapp\abo-images-small (1)\images\small\13\131dee55.jpg,Boots,Shoes,89.99,A high-quality boots — shoes product with excellent build quality and modern design.,/abo-images-small (1)/images/small/13/131dee55.jpg
D:\FYP Project\fypapp\abo-images-small (1)\images\small\81\813d3185.jpg,Smartphone,Smartphones,699.99,A high-quality smartphone — smartphones product with excellent build quality and modern design.,/abo-images-small (1)/images/small/81/813d3185.jpg
D:\FYP Project\fypapp\abo-images-small (1)\images\small\64\64b2c4af.jpg,Resistance Bands,Sports,34.99,A high-quality resistance bands — sports product with excellent build quality and modern design.,/abo-images-small (1)/images/small/64/64b2c4af.jpg
D:\FYP Project\fypapp\abo-images-small (1)\images\small\e0\e06b1fc0.jpg,Earphones,Headphones,149.99,A high-quality earphones — headphones product with excellent build quality and modern design.,/abo-images-small (1)/images/small/e0/e06b1fc0.jpg
D:\FYP Project\fypapp\abo-images-small (1)\images\small\1e\1e864817.jpg,Smartphone,Smartphones,699.99,A high-quality smartphone — smartphones product with excellent build quality and modern design.,/abo-images-small (1)/images/small/1e/1e864817.jpg
D:\FYP Project\fypapp\abo-images-small (1)\images\small\d5\d5612135.jpg,Microwave,Appliances,129.99,A high-quality microwave — appliances product with excellent build quality and modern design.,/abo-images-small (1)/images/small/d5/d5612135.jpg
D:\FYP Project\fypapp\abo-images-small (1)\images\small\ce\ce5b8504.jpg,Android Phone,Smartphones,699.99,A high-quality android phone — smartphones product with excellent build quality and modern design.,/abo-images-small (1)/images/small/ce/ce5b8504.jpg
D:\FYP Project\fypapp\abo-images-small (1)\images\small\b1\b1181594.jpg,Coffee Maker,Appliances,129.99,A high-quality coffee maker — appliances product with excellent build quality and modern design.,/abo-images-small (1)/images/small/b1/b1181594.jpg
D:\FYP Project\fypapp\abo-images-small (1)\images\small\86\8681186b.jpg,Bed Frame,Beds,499.99,A high-quality bed frame — beds product with excellent build quality and modern design.,/abo-images-small (1)/images/small/86/8681186b.jpg
D:\FYP Project\fypapp\abo-images-small (1)\images\small\c9\c9b20f0e.jpg,Sectional Sofa,Sofas,799.99,A high-quality sectional sofa — sofas product with excellent build quality and modern design.,/abo-images-small (1)/images/small/c9/c9b20f0e.jpg
D:\FYP Project\fypapp\abo-images-small (1)\images\small\c0\c0dd2bcd.jpg,Desk,Tables,299.99,A high-quality desk — tables product with excellent build quality and modern design.,/abo-images-small (1)/images/small/c0/c0dd2bcd.jpg
D:\FYP Project\fypapp\abo-images-small (1)\images\small\0d\0dc726df.jpg,Kitchen Appliance,Appliances,129.99,A high-quality kitchen appliance — appliances product with excellent build quality and modern design.,/abo-images-small (1)/images/small/0d/0dc726df.jpg
D:\FYP Project\fypapp\abo-images-small (1)\images\small\9c\9cbd4056.jpg,Mobile Phone,Smartphones,699.99,A high-quality mobile phone — smartphones product with excellent build quality and modern design.,/abo-images-small (1)/images/small/9c/9cbd4056.jpg
D:\FYP Project\fypapp\abo-images-small (1)\images\small\e2\e2d038e3.jpg,Exercise Gear,Sports,34.99,A high-quality exercise gear — sports product with excellent build quality and modern design.,/abo-images-small (1)/images/small/e2/e2d038e3.jpg
D:\FYP Project\fypapp\abo-images-small (1)\images\small\42\4264be9d.jpg,Smartphone,Smartphones,699.99,A high-quality smartphone — smartphones product with excellent build quality and modern design.,/abo-images-small (1)/images/small/42/4264be9d.jpg
D:\FYP Project\fypapp\abo-images-small (1)\images\small\d2\d20845cc.jpg,Blender,Appliances,129.99,A high-quality blender — appliances product with excellent build quality and modern design.,/abo-images-small (1)/images/small/d2/d20845cc.jpg
D:\FYP Project\fypapp\abo-images-small (1)\images\small\a6\a68911dc.jpg,Android Tablet,Tablets,449.99,A high-quality android tablet — tablets product with excellent build quality and modern design.,/abo-images-small (1)/images/small/a6/a68911dc.jpg
D:\FYP Project\fypapp\abo-images-small (1)\images\small\32\32f46c28.jpg,Non-Stick Pan,Cookware,89.99,A high-quality non-stick pan — cookware product with excellent build quality and modern design.,/abo-images-small (1)/images/small/32/32f46c28.jpg
D:\FYP Project\fypapp\abo-images-small (1)\images\small\9d\9d01da8a.jpg,Gaming Laptop,Laptops,899.99,A high-quality gaming laptop — laptops product with excellent build quality and modern design.,/abo-images-small (1)/images/small/9d/9d01da8a.jpg
D:\FYP Project\fypapp\abo-images-small (1)\images\small\22\22f78129.jpg,Dining Table,Tables,299.99,A high-quality dining table — tables product with excellent build quality and modern design.,/abo-images-small (1)/images/small/22/22f78129.jpg
D:\FYP Project\fypapp\abo-images-small (1)\images\small\78\78c94289.jpg,Mobile Phone,Smartphones,699.99,A high-quality mobile phone — smartphones product with excellent build quality and modern design.,/abo-images-small (1)/images/small/78/78c94289.jpg
D:\FYP Project\fypapp\abo-images-small (1)\images\small\fa\fa0fac37.jpg,Mirrorless Camera,Cameras,549.99,A high-quality mirrorless camera — cameras product with excellent build quality and modern design.,/abo-images-small (1)/images/small/fa/fa0fac37.jpg
D:\FYP Project\fypapp\abo-images-small (1)\images\small\b0\b0372b79.jpg,Dining Table,Tables,299.99,A high-quality dining table — tables product with excellent build quality and modern design.,/abo-images-small (1)/images/small/b0/b0372b79.jpg
D:\FYP Project\fypapp\abo-images-small (1)\images\small\e0\e0ea0108.jpg,Non-Stick Pan,Cookware,89.99,A high-quality non-stick pan — cookware product with excellent build quality and modern design.,/abo-images-small (1)/images/small/e0/e0ea0108.jpg
D:\FYP Project\fypapp\abo-images-small (1)\images\small\3c\3c1b2d5d.jpg,Android Phone,Smartphones,699.99,A high-quality android phone — smartphones product with excellent build quality and modern design.,/abo-images-small (1)/images/small/3c/3c1b2d5d.jpg
D:\FYP Project\fypapp\abo-images-small (1)\images\small\0d\0d30157e.jpg,iPhone,Smartphones,699.99,A high-quality iphone — smartphones product with excellent build quality and modern design.,/abo-images-small (1)/images/small/0d/0d30157e.jpg
D:\FYP Project\fypapp\abo-images-small (1)\images\small\57\57658226.jpg,Cookware Set,Cookware,89.99,A high-quality cookware set — cookware product with excellent build quality and modern design.,/abo-images-small (1)/images/small/57/57658226.jpg
D:\FYP Project\fypapp\abo-images-small (1)\images\small\f7\f7ca9e1d.jpg,Non-Stick Pan,Cookware,89.99,A high-quality non-stick pan — cookware product with excellent build quality and modern design.,/abo-images-small (1)/images/small/f7/f7ca9e1d.jpg
D:\FYP Project\fypapp\abo-images-small (1)\images\small\98\98ec8aaf.jpg,Android Phone,Smartphones,699.99,A high-quality android phone — smartphones product with excellent build quality and modern design.,/abo-images-small (1)/images/small/98/98ec8aaf.jpg
D:\FYP Project\fypapp\abo-images-small (1)\images\small\b6\b6cad30b.jpg,Boots,Shoes,89.99,A high-quality boots — shoes product with excellent build quality and modern design.,/abo-images-small (1)/images/small/b6/b6cad30b.jpg
D:\FYP Project\fypapp\abo-images-small (1)\images\small\b6\b656c4f4.jpg,Cookware Set,Cookware,89.99,A high-quality cookware set — cookware product with excellent build quality and modern design.,/abo-images-small (1)/images/small/b6/b656c4f4.jpg
D:\FYP Project\fypapp\abo-images-small (1)\images\small\d3\d3a57ce4.jpg,Running Shoes,Shoes,89.99,A high-quality running shoes — shoes product with excellent build quality and modern design.,/abo-images-small (1)/images/small/d3/d3a57ce4.jpg
D:\FYP Project\fypapp\abo-images-small (1)\images\small\37\3795da49.jpg,Side Table,Tables,299.99,A high-quality side table — tables product with excellent build quality and modern design.,/abo-images-small (1)/images/small/37/3795da49.jpg
D:\FYP Project\fypapp\abo-images-small (1)\images\small\7f\7fa0a940.jpg,iPhone,Smartphones,699.99,A high-quality iphone — smartphones product with excellent build quality and modern design.,/abo-images-small (1)/images/small/7f/7fa0a940.jpg
D:\FYP Project\fypapp\abo-images-small (1)\images\small\82\8296cbb5.jpg,Smartphone,Smartphones,699.99,A high-quality smartphone — smartphones product with excellent build quality and modern design.,/abo-images-small (1)/images/small/82/8296cbb5.jpg
D:\FYP Project\fypapp\abo-images-small (1)\images\small\63\634c9b4a.jpg,Mobile Phone,Smartphones,699.99,A high-quality mobile phone — smartphones product with excellent build quality and modern design.,/abo-images-small (1)/images/small/63/634c9b4a.jpg
D:\FYP Project\fypapp\abo-images-small (1)\images\small\87\877cd2a3.jpg,Casual Shoes,Shoes,89.99,A high-quality casual shoes — shoes product with excellent build quality and modern design.,/abo-images-small (1)/images/small/87/877cd2a3.jpg
D:\FYP Project\fypapp\abo-images-small (1)\images\small\77\770cc508.jpg,Kitchen Appliance,Appliances,129.99,A high-quality kitchen appliance — appliances product with excellent build quality and modern design.,/abo-images-small (1)/images/small/77/770cc508.jpg
D:\FYP Project\fypapp\abo-images-small (1)\images\small\ed\edefbee8.jpg,Mobile Phone,Smartphones,699.99,A high-quality mobile phone — smartphones product with excellent build quality and modern design.,/abo-images-small (1)/images/small/ed/edefbee8.jpg
D:\FYP Project\fypapp\abo-images-small (1)\images\small\cf\cf99afa9.jpg,Straight Jeans,Jeans,69.99,A high-quality straight jeans — jeans product with excellent build quality and modern design.,/abo-images-small (1)/images/small/cf/cf99afa9.jpg
D:\FYP Project\fypapp\abo-images-small (1)\images\small\da\dab38d36.jpg,Tablet,Tablets,449.99,A high-quality tablet — tablets product with excellent build quality and modern design.,/abo-images-small (1)/images/small/da/dab38d36.jpg
D:\FYP Project\fypapp\abo-images-small (1)\images\small\e1\e150d094.jpg,Mobile Phone,Smartphones,699.99,A high-quality mobile phone — smartphones product with excellent build quality and modern design.,/abo-images-small (1)/images/small/e1/e150d094.jpg
D:\FYP Project\fypapp\abo-images-small (1)\images\small\75\75c2a387.jpg,Fitness Equipment,Sports,34.99,A high-quality fitness equipment — sports product with excellent build quality and modern design.,/abo-images-small (1)/images/small/75/75c2a387.jpg
D:\FYP Project\fypapp\abo-images-small (1)\images\small\16\162b12b9.jpg,Desk,Tables,299.99,A high-quality desk — tables product with excellent build quality and modern design.,/abo-images-small (1)/images/small/16/162b12b9.jpg
D:\FYP Project\fypapp\abo-images-small (1)\images\small\74\741b6b3a.jpg,Dinnerware Set,Dinnerware,49.99,A high-quality dinnerware set — dinnerware product with excellent build quality and modern design.,/abo-images-small (1)/images/small/74/741b6b3a.jpg
D:\FYP Project\fypapp\abo-images-small (1)\images\small\1f\1ff61909.jpg,Mobile Phone,Smartphones,699.99,A high-quality mobile phone — smartphones product with excellent build quality and modern design.,/abo-images-small (1)/images/small/1f/1ff61909.jpg
D:\FYP Project\fypapp\abo-images-small (1)\images\small\c2\c218e2d8.jpg,Cooking Pot,Cookware,89.99,A high-quality cooking pot — cookware product with excellent build quality and modern design.,/abo-images-small (1)/images/small/c2/c218e2d8.jpg
D:\FYP Project\fypapp\abo-images-small (1)\images\small\ed\edbf9af7.jpg,Boots,Shoes,89.99,A high-quality boots — shoes product with excellent build quality and modern design.,/abo-images-small (1)/images/small/ed/edbf9af7.jpg
D:\FYP Project\fypapp\abo-images-small (1)\images\small\87\8732d159.jpg,Smartphone,Smartphones,699.99,A high-quality smartphone — smartphones product with excellent build quality and modern design.,/abo-images-small (1)/images/small/87/8732d159.jpg
D:\FYP Project\fypapp\abo-images-small (1)\images\small\63\63b1f5eb.jpg,iPad,Tablets,449.99,A high-quality ipad — tablets product with excellent build quality and modern design.,/abo-images-small (1)/images/small/63/63b1f5eb.jpg
D:\FYP Project\fypapp\abo-images-small (1)\images\small\fe\fe4aaaf7.jpg,Android Tablet,Tablets,449.99,A high-quality android tablet — tablets product with excellent build quality and modern design.,/abo-images-small (1)/images/small/fe/fe4aaaf7.jpg
D:\FYP Project\fypapp\abo-images-small (1)\images\small\e4\e46e6c44.jpg,Yoga Mat,Sports,34.99,A high-quality yoga mat — sports product with excellent build quality and modern design.,/abo-images-small (1)/images/small/e4/e46e6c44.jpg
D:\FYP Project\fypapp\abo-images-small (1)\images\small\d1\d143c590.jpg,Wireless Earbuds,Headphones,149.99,A high-quality wireless earbuds — headphones product with excellent build quality and modern design.,/abo-images-small (1)/images/small/d1/d143c590.jpg
D:\FYP Project\fypapp\abo-images-small (1)\images\small\32\32ca8850.jpg,Android Phone,Smartphones,699.99,A high-quality android phone — smartphones product with excellent build quality and modern design.,/abo-images-small (1)/images/small/32/32ca8850.jpg
D:\FYP Project\fypapp\abo-images-small (1)\images\small\75\75545ff4.jpg,Casual Top,Shirts,39.99,A high-quality casual top — shirts product with excellent build quality and modern design.,/abo-images-small (1)/images/small/75/75545ff4.jpg
D:\FYP Project\fypapp\abo-images-small (1)\images\small\1b\1b8d0ec9.jpg,Smartphone,Smartphones,699.99,A high-quality smartphone — smartphones product with excellent build quality and modern design.,/abo-images-small (1)/images/small/1b/1b8d0ec9.jpg
D:\FYP Project\fypapp\abo-images-small (1)\images\small\2f\2fbce6cc.jpg,iPhone,Smartphones,699.99,A high-quality iphone — smartphones product with excellent build quality and modern design.,/abo-images-small (1)/images/small/2f/2fbce6cc.jpg
D:\FYP Project\fypapp\abo-images-small (1)\images\small\7a\7aea55ef.jpg,Sneakers,Shoes,89.99,A high-quality sneakers — shoes product with excellent build quality and modern design.,/abo-images-small (1)/images/small/7a/7aea55ef.jpg
D:\FYP Project\fypapp\abo-images-small (1)\images\small\6c\6c746a9a.jpg,Mobile Phone,Smartphones,699.99,A high-quality mobile phone — smartphones product with excellent build quality and modern design.,/abo-images-small (1)/images/small/6c/6c746a9a.jpg
D:\FYP Project\fypapp\abo-images-small (1)\images\small\f4\f4b4b5b6.jpg,Exercise Gear,Sports,34.99,A high-quality exercise gear — sports product with excellent build quality and modern design.,/abo-images-small (1)/images/small/f4/f4b4b5b6.jpg
D:\FYP Project\fypapp\abo-images-small (1)\images\small\e6\e64cf0f3.jpg,Yoga Mat,Sports,34.99,A high-quality yoga mat — sports product with excellent build quality and modern design.,/abo-images-small (1)/images/small/e6/e64cf0f3.jpg
D:\FYP Project\fypapp\abo-images-small (1)\images\small\88\88fbbed3.jpg,Couch,Sofas,799.99,A high-quality couch — sofas product with excellent build quality and modern design.,/abo-images-small (1)/images/small/88/88fbbed3.jpg
D:\FYP Project\fypapp\abo-images-small (1)\images\small\2b\2b848912.jpg,Blender,Appliances,129.99,A high-quality blender — appliances product with excellent build quality and modern design.,/abo-images-small (1)/images/small/2b/2b848912.jpg
D:\FYP Project\fypapp\abo-images-small (1)\images\small\ce\ceaacb04.jpg,Coffee Maker,Appliances,129.99,A high-quality coffee maker — appliances product with excellent build quality and modern design.,/abo-images-small (1)/images/small/ce/ceaacb04.jpg
D:\FYP Project\fypapp\abo-images-small (1)\images\small\f8\f8324e4b.jpg,Tablet,Tablets,449.99,A high-quality tablet — tablets product with excellent build quality and modern design.,/abo-images-small (1)/images/small/f8/f8324e4b.jpg
D:\FYP Project\fypapp\abo-images-small (1)\images\small\1c\1ca280e1.jpg,Dining Chair,Chairs,199.99,A high-quality dining chair — chairs product with excellent build quality and modern design.,/abo-images-small (1)/images/small/1c/1ca280e1.jpg
D:\FYP Project\fypapp\abo-images-small (1)\images\small\6c\6c37341e.jpg,Over-Ear Headphones,Headphones,149.99,A high-quality over-ear headphones — headphones product with excellent build quality and modern design.,/abo-images-small (1)/images/small/6c/6c37341e.jpg
D:\FYP Project\fypapp\abo-images-small (1)\images\small\c2\c268edad.jpg,iPhone,Smartphones,699.99,A high-quality iphone — smartphones product with excellent build quality and modern design.,/abo-images-small (1)/images/small/c2/c268edad.jpg
D:\FYP Project\fypapp\abo-images-small (1)\images\small\83\83defd5b.jpg,Jacket,Jackets,119.99,A high-quality jacket — jackets product with excellent build quality and modern design.,/abo-images-small (1)/images/small/83/83defd5b.jpg
D:\FYP Project\fypapp\abo-images-small (1)\images\small\e0\e00805c9.jpg,Winter Coat,Jackets,119.99,A high-quality winter coat — jackets product with excellent build quality and modern design.,/abo-images-small (1)/images/small/e0/e00805c9.jpg
D:\FYP Project\fypapp\abo-images-small (1)\images\small\2b\2b229d9a.jpg,Exercise Gear,Sports,34.99,A high-quality exercise gear — sports product with excellent build quality and modern design.,/abo-images-small (1)/images/small/2b/2b229d9a.jpg
D:\FYP Project\fypapp\abo-images-small (1)\images\small\e8\e8e833ba.jpg,Smartphone,Smartphones,699.99,A high-quality smartphone — smartphones product with excellent build quality and modern design.,/abo-images-small (1)/images/small/e8/e8e833ba.jpg
D:\FYP Project\fypapp\abo-images-small (1)\images\small\f6\f6302b54.jpg,Resistance Bands,Sports,34.99,A high-quality resistance bands — sports product with excellent build quality and modern design.,/abo-images-small (1)/images/small/f6/f6302b54.jpg
D:\FYP Project\fypapp\abo-images-small (1)\images\small\b7\b78b1916.jpg,Boots,Shoes,89.99,A high-quality boots — shoes product with excellent build quality and modern design.,/abo-images-small (1)/images/small/b7/b78b1916.jpg
D:\FYP Project\fypapp\abo-images-small (1)\images\small\1f\1fa3c7ae.jpg,T-Shirt,Shirts,39.99,A high-quality t-shirt — shirts product with excellent build quality and modern design.,/abo-images-small (1)/images/small/1f/1fa3c7ae.jpg
D:\FYP Project\fypapp\abo-images-small (1)\images\small\e0\e0e11dfb.jpg,Non-Stick Pan,Cookware,89.99,A high-quality non-stick pan — cookware product with excellent build quality and modern design.,/abo-images-small (1)/images/small/e0/e0e11dfb.jpg
D:\FYP Project\fypapp\abo-images-small (1)\images\small\e9\e9048553.jpg,Android Phone,Smartphones,699.99,A high-quality android phone — smartphones product with excellent build quality and modern design.,/abo-images-small (1)/images/small/e9/e9048553.jpg
D:\FYP Project\fypapp\abo-images-small (1)\images\small\93\9387ed9a.jpg,Backpack,Outdoors,149.99,A high-quality backpack — outdoors product with excellent build quality and modern design.,/abo-images-small (1)/images/small/93/9387ed9a.jpg
D:\FYP Project\fypapp\abo-images-small (1)\images\small\b1\b1918d8a.jpg,Smartphone,Smartphones,699.99,A high-quality smartphone — smartphones product with excellent build quality and modern design.,/abo-images-small (1)/images/small/b1/b1918d8a.jpg
D:\FYP Project\fypapp\abo-images-small (1)\images\small\06\063afeba.jpg,Blender,Appliances,129.99,A high-quality blender — appliances product with excellent build quality and modern design.,/abo-images-small (1)/images/small/06/063afeba.jpg
D:\FYP Project\fypapp\abo-images-small (1)\images\small\6b\6bf9076f.jpg,Smartphone,Smartphones,699.99,A high-quality smartphone — smartphones product with excellent build quality and modern design.,/abo-images-small (1)/images/small/6b/6bf9076f.jpg
D:\FYP Project\fypapp\abo-images-small (1)\images\small\3e\3eb98b4a.jpg,Non-Stick Pan,Cookware,89.99,A high-quality non-stick pan — cookware product with excellent build quality and modern design.,/abo-images-small (1)/images/small/3e/3eb98b4a.jpg
D:\FYP Project\fypapp\abo-images-small (1)\images\small\4c\4c12cd44.jpg,Sectional Sofa,Sofas,799.99,A high-quality sectional sofa — sofas product with excellent build quality and modern design.,/abo-images-small (1)/images/small/4c/4c12cd44.jpg
D:\FYP Project\fypapp\abo-images-small (1)\images\small\78\78334c1b.jpg,iPhone,Smartphones,699.99,A high-quality iphone — smartphones product with excellent build quality and modern design.,/abo-images-small (1)/images/small/78/78334c1b.jpg
D:\FYP Project\fypapp\abo-images-small (1)\images\small\aa\aa248f8e.jpg,Sneakers,Shoes,89.99,A high-quality sneakers — shoes product with excellent build quality and modern design.,/abo-images-small (1)/images/small/aa/aa248f8e.jpg
D:\FYP Project\fypapp\abo-images-small (1)\images\small\50\5036e9d4.jpg,Android Phone,Smartphones,699.99,A high-quality android phone — smartphones product with excellent build quality and modern design.,/abo-images-small (1)/images/small/50/5036e9d4.jpg
D:\FYP Project\fypapp\abo-images-small (1)\images\small\2e\2e76a5b1.jpg,Boots,Shoes,89.99,A high-quality boots — shoes product with excellent build quality and modern design.,/abo-images-small (1)/images/small/2e/2e76a5b1.jpg
D:\FYP Project\fypapp\abo-images-small (1)\images\small\36\365591dd.jpg,Smartphone,Smartphones,699.99,A high-quality smartphone — smartphones product with excellent build quality and modern design.,/abo-images-small (1)/images/small/36/365591dd.jpg
D:\FYP Project\fypapp\abo-images-small (1)\images\small\1a\1a1290fd.jpg,iPad,Tablets,449.99,A high-quality ipad — tablets product with excellent build quality and modern design.,/abo-images-small (1)/images/small/1a/1a1290fd.jpg
D:\FYP Project\fypapp\abo-images-small (1)\images\small\67\679d5a7f.jpg,Digital Tablet,Tablets,449.99,A high-quality digital tablet — tablets product with excellent build quality and modern design.,/abo-images-small (1)/images/small/67/679d5a7f.jpg
D:\FYP Project\fypapp\abo-images-small (1)\images\small\22\222cffc8.jpg,Mug Set,Dinnerware,49.99,A high-quality mug set — dinnerware product with excellent build quality and modern design.,/abo-images-small (1)/images/small/22/222cffc8.jpg
D:\FYP Project\fypapp\abo-images-small (1)\images\small\bb\bbfbb497.jpg,Mobile Phone,Smartphones,699.99,A high-quality mobile phone — smartphones product with excellent build quality and modern design.,/abo-images-small (1)/images/small/bb/bbfbb497.jpg
D:\FYP Project\fypapp\abo-images-small (1)\images\small\0c\0cc0aa85.jpg,Denim Pants,Jeans,69.99,A high-quality denim pants — jeans product with excellent build quality and modern design.,/abo-images-small (1)/images/small/0c/0cc0aa85.jpg
D:\FYP Project\fypapp\abo-images-small (1)\images\small\d6\d670ec94.jpg,Android Phone,Smartphones,699.99,A high-quality android phone — smartphones product with excellent build quality and modern design.,/abo-images-small (1)/images/small/d6/d670ec94.jpg
D:\FYP Project\fypapp\abo-images-small (1)\images\small\2c\2c38e568.jpg,iPhone,Smartphones,699.99,A high-quality iphone — smartphones product with excellent build quality and modern design.,/abo-images-small (1)/images/small/2c/2c38e568.jpg
D:\FYP Project\fypapp\abo-images-small (1)\images\small\cf\cf617fd2.jpg,Headphones,Headphones,149.99,A high-quality headphones — headphones product with excellent build quality and modern design.,/abo-images-small (1)/images/small/cf/cf617fd2.jpg
D:\FYP Project\fypapp\abo-images-small (1)\images\small\83\83e2300f.jpg,iPad,Tablets,449.99,A high-quality ipad — tablets product with excellent build quality and modern design.,/abo-images-small (1)/images/small/83/83e2300f.jpg
D:\FYP Project\fypapp\abo-images-small (1)\images\small\36\36173cc1.jpg,Blender,Appliances,129.99,A high-quality blender — appliances product with excellent build quality and modern design.,/abo-images-small (1)/images/small/36/36173cc1.jpg
D:\FYP Project\fypapp\abo-images-small (1)\images\small\38\38bb6770.jpg,iPhone,Smartphones,699.99,A high-quality iphone — smartphones product with excellent build quality and modern design.,/abo-images-small (1)/images/small/38/38bb6770.jpg
D:\FYP Project\fypapp\abo-images-small (1)\images\small\3e\3eeb41cd.jpg,Dining Table,Tables,299.99,A high-quality dining table — tables product with excellent build quality and modern design.,/abo-images-small (1)/images/small/3e/3eeb41cd.jpg
D:\FYP Project\fypapp\abo-images-small (1)\images\small\f2\f2b0cdd4.jpg,Coffee Table,Tables,299.99,A high-quality coffee table — tables product with excellent build quality and modern design.,/abo-images-small (1)/images/small/f2/f2b0cdd4.jpg
D:\FYP Project\fypapp\abo-images-small (1)\images\small\d8\d8a8606b.jpg,Side Table,Tables,299.99,A high-quality side table — tables product with excellent build quality and modern design.,/abo-images-small (1)/images/small/d8/d8a8606b.jpg
D:\FYP Project\fypapp\abo-images-small (1)\images\small\39\39cce294.jpg,Windbreaker,Jackets,119.99,A high-quality windbreaker — jackets product with excellent build quality and modern design.,/abo-images-small (1)/images/small/39/39cce294.jpg
D:\FYP Project\fypapp\abo-images-small (1)\images\small\fc\fc678b36.jpg,Sneakers,Shoes,89.99,A high-quality sneakers — shoes product with excellent build quality and modern design.,/abo-images-small (1)/images/small/fc/fc678b36.jpg
D:\FYP Project\fypapp\abo-images-small (1)\images\small\0e\0eb34465.jpg,Android Phone,Smartphones,699.99,A high-quality android phone — smartphones product with excellent build quality and modern design.,/abo-images-small (1)/images/small/0e/0eb34465.jpg
D:\FYP Project\fypapp\abo-images-small (1)\images\small\7f\7fc054e2.jpg,T-Shirt,Shirts,39.99,A high-quality t-shirt — shirts product with excellent build quality and modern design.,/abo-images-small (1)/images/small/7f/7fc054e2.jpg
D:\FYP Project\fypapp\abo-images-small (1)\images\small\ed\ed0338db.jpg,Microwave,Appliances,129.99,A high-quality microwave — appliances product with excellent build quality and modern design.,/abo-images-small (1)/images/small/ed/ed0338db.jpg
D:\FYP Project\fypapp\abo-images-small (1)\images\small\fb\fbdbee24.jpg,Digital Tablet,Tablets,449.99,A high-quality digital tablet — tablets product with excellent build quality and modern design.,/abo-images-small (1)/images/small/fb/fbdbee24.jpg
D:\FYP Project\fypapp\abo-images-small (1)\images\small\9a\9acb7597.jpg,Dinnerware Set,Dinnerware,49.99,A high-quality dinnerware set — dinnerware product with excellent build quality and modern design.,/abo-images-small (1)/images/small/9a/9acb7597.jpg
D:\FYP Project\fypapp\abo-images-small (1)\images\small\d3\d3ed0062.jpg,Maxi Dress,Dresses,59.99,A high-quality maxi dress — dresses product with excellent build quality and modern design.,/abo-images-small (1)/images/small/d3/d3ed0062.jpg
D:\FYP Project\fypapp\abo-images-small (1)\images\small\63\63f9011d.jpg,Fitness Equipment,Sports,34.99,A high-quality fitness equipment — sports product with excellent build quality and modern design.,/abo-images-small (1)/images/small/63/63f9011d.jpg
D:\FYP Project\fypapp\abo-images-small (1)\images\small\9c\9c7a5631.jpg,Denim Pants,Jeans,69.99,A high-quality denim pants — jeans product with excellent build quality and modern design.,/abo-images-small (1)/images/small/9c/9c7a5631.jpg
D:\FYP Project\fypapp\abo-images-small (1)\images\small\52\52b2114c.jpg,Kitchen Appliance,Appliances,129.99,A high-quality kitchen appliance — appliances product with excellent build quality and modern design.,/abo-images-small (1)/images/small/52/52b2114c.jpg
D:\FYP Project\fypapp\abo-images-small (1)\images\small\ba\ba21100e.jpg,Mobile Phone,Smartphones,699.99,A high-quality mobile phone — smartphones product with excellent build quality and modern design.,/abo-images-small (1)/images/small/ba/ba21100e.jpg
D:\FYP Project\fypapp\abo-images-small (1)\images\small\54\547ad780.jpg,Android Phone,Smartphones,699.99,A high-quality android phone — smartphones product with excellent build quality and modern design.,/abo-images-small (1)/images/small/54/547ad780.jpg
D:\FYP Project\fypapp\abo-images-small (1)\images\small\6c\6c2df636.jpg,Casual Top,Shirts,39.99,A high-quality casual top — shirts product with excellent build quality and modern design.,/abo-images-small (1)/images/small/6c/6c2df636.jpg
D:\FYP Project\fypapp\abo-images-small (1)\images\small\a4\a4482be1.jpg,Smartphone,Smartphones,699.99,A high-quality smartphone — smartphones product with excellent build quality and modern design.,/abo-images-small (1)/images/small/a4/a4482be1.jpg
D:\FYP Project\fypapp\abo-images-small (1)\images\small\44\444b7e47.jpg,iPad,Tablets,449.99,A high-quality ipad — tablets product with excellent build quality and modern design.,/abo-images-small (1)/images/small/44/444b7e47.jpg
D:\FYP Project\fypapp\abo-images-small (1)\images\small\80\80eb794f.jpg,Road Bike,Bicycles,399.99,A high-quality road bike — bicycles product with excellent build quality and modern design.,/abo-images-small (1)/images/small/80/80eb794f.jpg
D:\FYP Project\fypapp\abo-images-small (1)\images\small\ed\edb7b461.jpg,Platform Bed,Beds,499.99,A high-quality platform bed — beds product with excellent build quality and modern design.,/abo-images-small (1)/images/small/ed/edb7b461.jpg
D:\FYP Project\fypapp\abo-images-small (1)\images\small\c6\c647f3a8.jpg,Bed Frame,Beds,499.99,A high-quality bed frame — beds product with excellent build quality and modern design.,/abo-images-small (1)/images/small/c6/c647f3a8.jpg
D:\FYP Project\fypapp\abo-images-small (1)\images\small\a0\a0c133f9.jpg,Casual Shoes,Shoes,89.99,A high-quality casual shoes — shoes product with excellent build quality and modern design.,/abo-images-small (1)/images/small/a0/a0c133f9.jpg
D:\FYP Project\fypapp\abo-images-small (1)\images\small\62\62e4549a.jpg,Exercise Gear,Sports,34.99,A high-quality exercise gear — sports product with excellent build quality and modern design.,/abo-images-small (1)/images/small/62/62e4549a.jpg
D:\FYP Project\fypapp\abo-images-small (1)\images\small\85\859e8414.jpg,Smartphone,Smartphones,699.99,A high-quality smartphone — smartphones product with excellent build quality and modern design.,/abo-images-small (1)/images/small/85/859e8414.jpg
D:\FYP Project\fypapp\abo-images-small (1)\images\small\af\afa41eba.jpg,Running Shoes,Shoes,89.99,A high-quality running shoes — shoes product with excellent build quality and modern design.,/abo-images-small (1)/images/small/af/afa41eba.jpg
D:\FYP Project\fypapp\abo-images-small (1)\images\small\b7\b7e1aae1.jpg,Summer Dress,Dresses,59.99,A high-quality summer dress — dresses product with excellent build quality and modern design.,/abo-images-small (1)/images/small/b7/b7e1aae1.jpg
D:\FYP Project\fypapp\abo-images-small (1)\images\small\91\91f1eb1c.jpg,iPhone,Smartphones,699.99,A high-quality iphone — smartphones product with excellent build quality and modern design.,/abo-images-small (1)/images/small/91/91f1eb1c.jpg
D:\FYP Project\fypapp\abo-images-small (1)\images\small\38\38ac4063.jpg,Sneakers,Shoes,89.99,A high-quality sneakers — shoes product with excellent build quality and modern design.,/abo-images-small (1)/images/small/38/38ac4063.jpg
D:\FYP Project\fypapp\abo-images-small (1)\images\small\47\47380ada.jpg,Couch,Sofas,799.99,A high-quality couch — sofas product with excellent build quality and modern design.,/abo-images-small (1)/images/small/47/47380ada.jpg
D:\FYP Project\fypapp\abo-images-small (1)\images\small\2e\2ebcc42b.jpg,iPhone,Smartphones,699.99,A high-quality iphone — smartphones product with excellent build quality and modern design.,/abo-images-small (1)/images/small/2e/2ebcc42b.jpg
D:\FYP Project\fypapp\abo-images-small (1)\images\small\58\5825aa28.jpg,Smartphone,Smartphones,699.99,A high-quality smartphone — smartphones product with excellent build quality and modern design.,/abo-images-small (1)/images/small/58/5825aa28.jpg
D:\FYP Project\fypapp\abo-images-small (1)\images\small\df\df3fedad.jpg,Digital Tablet,Tablets,449.99,A high-quality digital tablet — tablets product with excellent build quality and modern design.,/abo-images-small (1)/images/small/df/df3fedad.jpg
D:\FYP Project\fypapp\abo-images-small (1)\images\small\a8\a833c865.jpg,Loveseat,Sofas,799.99,A high-quality loveseat — sofas product with excellent build quality and modern design.,/abo-images-small (1)/images/small/a8/a833c865.jpg
D:\FYP Project\fypapp\abo-images-small (1)\images\small\82\8208321f.jpg,Office Chair,Chairs,199.99,A high-quality office chair — chairs product with excellent build quality and modern design.,/abo-images-small (1)/images/small/82/8208321f.jpg
D:\FYP Project\fypapp\abo-images-small (1)\images\small\c0\c0f142df.jpg,Mobile Phone,Smartphones,699.99,A high-quality mobile phone — smartphones product with excellent build quality and modern design.,/abo-images-small (1)/images/small/c0/c0f142df.jpg
D:\FYP Project\fypapp\abo-images-small (1)\images\small\22\22aa08bf.jpg,Side Table,Tables,299.99,A high-quality side table — tables product with excellent build quality and modern design.,/abo-images-small (1)/images/small/22/22aa08bf.jpg
D:\FYP Project\fypapp\abo-images-small (1)\images\small\b4\b41168b4.jpg,Smartphone,Smartphones,699.99,A high-quality smartphone — smartphones product with excellent build quality and modern design.,/abo-images-small (1)/images/small/b4/b41168b4.jpg
D:\FYP Project\fypapp\abo-images-small (1)\images\small\2a\2a120532.jpg,Mobile Phone,Smartphones,699.99,A high-quality mobile phone — smartphones product with excellent build quality and modern design.,/abo-images-small (1)/images/small/2a/2a120532.jpg
D:\FYP Project\fypapp\abo-images-small (1)\images\small\64\6404675d.jpg,Android Phone,Smartphones,699.99,A high-quality android phone — smartphones product with excellent build quality and modern design.,/abo-images-small (1)/images/small/64/6404675d.jpg
D:\FYP Project\fypapp\abo-images-small (1)\images\small\1c\1c5869c5.jpg,iPhone,Smartphones,699.99,A high-quality iphone — smartphones product with excellent build quality and modern design.,/abo-images-small (1)/images/small/1c/1c5869c5.jpg
D:\FYP Project\fypapp\abo-images-small (1)\images\small\38\381bb52c.jpg,Camping Tent,Outdoors,149.99,A high-quality camping tent — outdoors product with excellent build quality and modern design.,/abo-images-small (1)/images/small/38/381bb52c.jpg
D:\FYP Project\fypapp\abo-images-small (1)\images\small\9c\9c9d39af.jpg,Bowl Set,Dinnerware,49.99,A high-quality bowl set — dinnerware product with excellent build quality and modern design.,/abo-images-small (1)/images/small/9c/9c9d39af.jpg
D:\FYP Project\fypapp\abo-images-small (1)\images\small\b3\b338162c.jpg,Boots,Shoes,89.99,A high-quality boots — shoes product with excellent build quality and modern design.,/abo-images-small (1)/images/small/b3/b338162c.jpg
D:\FYP Project\fypapp\abo-images-small (1)\images\small\31\31c5f02f.jpg,Cookware Set,Cookware,89.99,A high-quality cookware set — cookware product with excellent build quality and modern design.,/abo-images-small (1)/images/small/31/31c5f02f.jpg
D:\FYP Project\fypapp\abo-images-small (1)\images\small\98\98496754.jpg,Dress Shirt,Shirts,39.99,A high-quality dress shirt — shirts product with excellent build quality and modern design.,/abo-images-small (1)/images/small/98/98496754.jpg
D:\FYP Project\fypapp\abo-images-small (1)\images\small\1f\1f050426.jpg,Accent Chair,Chairs,199.99,A high-quality accent chair — chairs product with excellent build quality and modern design.,/abo-images-small (1)/images/small/1f/1f050426.jpg
D:\FYP Project\fypapp\abo-images-small (1)\images\small\4e\4ea40ce1.jpg,Desk,Tables,299.99,A high-quality desk — tables product with excellent build quality and modern design.,/abo-images-small (1)/images/small/4e/4ea40ce1.jpg
D:\FYP Project\fypapp\abo-images-small (1)\images\small\9d\9d35afea.jpg,Tablet,Tablets,449.99,A high-quality tablet — tablets product with excellent build quality and modern design.,/abo-images-small (1)/images/small/9d/9d35afea.jpg
D:\FYP Project\fypapp\abo-images-small (1)\images\small\7a\7ad3f95d.jpg,Mobile Phone,Smartphones,699.99,A high-quality mobile phone — smartphones product with excellent build quality and modern design.,/abo-images-small (1)/images/small/7a/7ad3f95d.jpg
D:\FYP Project\fypapp\abo-images-small (1)\images\small\09\09163cb8.jpg,Fitness Equipment,Sports,34.99,A high-quality fitness equipment — sports product with excellent build quality and modern design.,/abo-images-small (1)/images/small/09/09163cb8.jpg
D:\FYP Project\fypapp\abo-images-small (1)\images\small\90\90b22919.jpg,Boots,Shoes,89.99,A high-quality boots — shoes product with excellent build quality and modern design.,/abo-images-small (1)/images/small/90/90b22919.jpg
D:\FYP Project\fypapp\abo-images-small (1)\images\small\11\11edb254.jpg,Cookware Set,Cookware,89.99,A high-quality cookware set — cookware product with excellent build quality and modern design.,/abo-images-small (1)/images/small/11/11edb254.jpg
D:\FYP Project\fypapp\abo-images-small (1)\images\small\8a\8a7eb77a.jpg,Mobile Phone,Smartphones,699.99,A high-quality mobile phone — smartphones product with excellent build quality and modern design.,/abo-images-small (1)/images/small/8a/8a7eb77a.jpg
D:\FYP Project\fypapp\abo-images-small (1)\images\small\af\af57f74a.jpg,Android Phone,Smartphones,699.99,A high-quality android phone — smartphones product with excellent build quality and modern design.,/abo-images-small (1)/images/small/af/af57f74a.jpg
D:\FYP Project\fypapp\abo-images-small (1)\images\small\82\82f83ca4.jpg,Earphones,Headphones,149.99,A high-quality earphones — headphones product with excellent build quality and modern design.,/abo-images-small (1)/images/small/82/82f83ca4.jpg
D:\FYP Project\fypapp\abo-images-small (1)\images\small\53\534b71c6.jpg,Kitchen Appliance,Appliances,129.99,A high-quality kitchen appliance — appliances product with excellent build quality and modern design.,/abo-images-small (1)/images/small/53/534b71c6.jpg
D:\FYP Project\fypapp\abo-images-small (1)\images\small\1b\1b94ce91.jpg,Polo Shirt,Shirts,39.99,A high-quality polo shirt — shirts product with excellent build quality and modern design.,/abo-images-small (1)/images/small/1b/1b94ce91.jpg
D:\FYP Project\fypapp\abo-images-small (1)\images\small\83\834f1549.jpg,Backpack,Outdoors,149.99,A high-quality backpack — outdoors product with excellent build quality and modern design.,/abo-images-small (1)/images/small/83/834f1549.jpg
D:\FYP Project\fypapp\abo-images-small (1)\images\small\4f\4f8543b4.jpg,Dinnerware Set,Dinnerware,49.99,A high-quality dinnerware set — dinnerware product with excellent build quality and modern design.,/abo-images-small (1)/images/small/4f/4f8543b4.jpg
D:\FYP Project\fypapp\abo-images-small (1)\images\small\21\217d5ec0.jpg,Loveseat,Sofas,799.99,A high-quality loveseat — sofas product with excellent build quality and modern design.,/abo-images-small (1)/images/small/21/217d5ec0.jpg
D:\FYP Project\fypapp\abo-images-small (1)\images\small\fa\fa32081c.jpg,Smartphone,Smartphones,699.99,A high-quality smartphone — smartphones product with excellent build quality and modern design.,/abo-images-small (1)/images/small/fa/fa32081c.jpg
D:\FYP Project\fypapp\abo-images-small (1)\images\small\e2\e23634bb.jpg,Couch,Sofas,799.99,A high-quality couch — sofas product with excellent build quality and modern design.,/abo-images-small (1)/images/small/e2/e23634bb.jpg
D:\FYP Project\fypapp\abo-images-small (1)\images\small\75\75ffd705.jpg,Android Phone,Smartphones,699.99,A high-quality android phone — smartphones product with excellent build quality and modern design.,/abo-images-small (1)/images/small/75/75ffd705.jpg
D:\FYP Project\fypapp\abo-images-small (1)\images\small\31\31503f27.jpg,iPhone,Smartphones,699.99,A high-quality iphone — smartphones product with excellent build quality and modern design.,/abo-images-small (1)/images/small/31/31503f27.jpg
D:\FYP Project\fypapp\abo-images-small (1)\images\small\2e\2e783eb1.jpg,Sneakers,Shoes,89.99,A high-quality sneakers — shoes product with excellent build quality and modern design.,/abo-images-small (1)/images/small/2e/2e783eb1.jpg
D:\FYP Project\fypapp\abo-images-small (1)\images\small\0c\0ceb28e3.jpg,Resistance Bands,Sports,34.99,A high-quality resistance bands — sports product with excellent build quality and modern design.,/abo-images-small (1)/images/small/0c/0ceb28e3.jpg
D:\FYP Project\fypapp\abo-images-small (1)\images\small\64\64a2fbb3.jpg,Digital Tablet,Tablets,449.99,A high-quality digital tablet — tablets product with excellent build quality and modern design.,/abo-images-small (1)/images/small/64/64a2fbb3.jpg
D:\FYP Project\fypapp\abo-images-small (1)\images\small\a5\a57783db.jpg,Skillet,Cookware,89.99,A high-quality skillet — cookware product with excellent build quality and modern design.,/abo-images-small (1)/images/small/a5/a57783db.jpg
D:\FYP Project\fypapp\abo-images-small (1)\images\small\f3\f3e406bd.jpg,Smartphone,Smartphones,699.99,A high-quality smartphone — smartphones product with excellent build quality and modern design.,/abo-images-small (1)/images/small/f3/f3e406bd.jpg
D:\FYP Project\fypapp\abo-images-small (1)\images\small\2e\2ede12af.jpg,Couch,Sofas,799.99,A high-quality couch — sofas product with excellent build quality and modern design.,/abo-images-small (1)/images/small/2e/2ede12af.jpg
D:\FYP Project\fypapp\abo-images-small (1)\images\small\f7\f7192cd1.jpg,Summer Dress,Dresses,59.99,A high-quality summer dress — dresses product with excellent build quality and modern design.,/abo-images-small (1)/images/small/f7/f7192cd1.jpg
D:\FYP Project\fypapp\abo-images-small (1)\images\small\a4\a45017af.jpg,Android Tablet,Tablets,449.99,A high-quality android tablet — tablets product with excellent build quality and modern design.,/abo-images-small (1)/images/small/a4/a45017af.jpg
D:\FYP Project\fypapp\abo-images-small (1)\images\small\9c\9c5a5229.jpg,Smartphone,Smartphones,699.99,A high-quality smartphone — smartphones product with excellent build quality and modern design.,/abo-images-small (1)/images/small/9c/9c5a5229.jpg
D:\FYP Project\fypapp\abo-images-small (1)\images\small\d5\d57f9ba8.jpg,Wireless Earbuds,Headphones,149.99,A high-quality wireless earbuds — headphones product with excellent build quality and modern design.,/abo-images-small (1)/images/small/d5/d57f9ba8.jpg
D:\FYP Project\fypapp\abo-images-small (1)\images\small\01\01cda507.jpg,Digital Tablet,Tablets,449.99,A high-quality digital tablet — tablets product with excellent build quality and modern design.,/abo-images-small (1)/images/small/01/01cda507.jpg
D:\FYP Project\fypapp\abo-images-small (1)\images\small\1a\1ac8d1df.jpg,iPhone,Smartphones,699.99,A high-quality iphone — smartphones product with excellent build quality and modern design.,/abo-images-small (1)/images/small/1a/1ac8d1df.jpg
D:\FYP Project\fypapp\abo-images-small (1)\images\small\06\067a327a.jpg,Smartphone,Smartphones,699.99,A high-quality smartphone — smartphones product with excellent build quality and modern design.,/abo-images-small (1)/images/small/06/067a327a.jpg
D:\FYP Project\fypapp\abo-images-small (1)\images\small\5a\5a1a7bfd.jpg,Mobile Phone,Smartphones,699.99,A high-quality mobile phone — smartphones product with excellent build quality and modern design.,/abo-images-small (1)/images/small/5a/5a1a7bfd.jpg
D:\FYP Project\fypapp\abo-images-small (1)\images\small\4c\4c883215.jpg,Casual Shoes,Shoes,89.99,A high-quality casual shoes — shoes product with excellent build quality and modern design.,/abo-images-small (1)/images/small/4c/4c883215.jpg
D:\FYP Project\fypapp\abo-images-small (1)\images\small\bf\bf00d997.jpg,Jacket,Jackets,119.99,A high-quality jacket — jackets product with excellent build quality and modern design.,/abo-images-small (1)/images/small/bf/bf00d997.jpg
D:\FYP Project\fypapp\abo-images-small (1)\images\small\ff\ff7896ec.jpg,Mobile Phone,Smartphones,699.99,A high-quality mobile phone — smartphones product with excellent build quality and modern design.,/abo-images-small (1)/images/small/ff/ff7896ec.jpg
D:\FYP Project\fypapp\abo-images-small (1)\images\small\d3\d35185f5.jpg,Android Phone,Smartphones,699.99,A high-quality android phone — smartphones product with excellent build quality and modern design.,/abo-images-small (1)/images/small/d3/d35185f5.jpg
D:\FYP Project\fypapp\abo-images-small (1)\images\small\93\9379c7c4.jpg,Jeans,Jeans,69.99,A high-quality jeans — jeans product with excellent build quality and modern design.,/abo-images-small (1)/images/small/93/9379c7c4.jpg
D:\FYP Project\fypapp\abo-images-small (1)\images\small\25\2587d3bd.jpg,Resistance Bands,Sports,34.99,A high-quality resistance bands — sports product with excellent build quality and modern design.,/abo-images-small (1)/images/small/25/2587d3bd.jpg
D:\FYP Project\fypapp\abo-images-small (1)\images\small\65\650ae5c6.jpg,Over-Ear Headphones,Headphones,149.99,A high-quality over-ear headphones — headphones product with excellent build quality and modern design.,/abo-images-small (1)/images/small/65/650ae5c6.jpg
D:\FYP Project\fypapp\abo-images-small (1)\images\small\69\696d7eb6.jpg,Jacket,Jackets,119.99,A high-quality jacket — jackets product with excellent build quality and modern design.,/abo-images-small (1)/images/small/69/696d7eb6.jpg
D:\FYP Project\fypapp\abo-images-small (1)\images\small\10\1015c6ea.jpg,King Bed,Beds,499.99,A high-quality king bed — beds product with excellent build quality and modern design.,/abo-images-small (1)/images/small/10/1015c6ea.jpg
D:\FYP Project\fypapp\abo-images-small (1)\images\small\54\543bbb18.jpg,iPhone,Smartphones,699.99,A high-quality iphone — smartphones product with excellent build quality and modern design.,/abo-images-small (1)/images/small/54/543bbb18.jpg
D:\FYP Project\fypapp\abo-images-small (1)\images\small\92\925e89d2.jpg,Smartphone,Smartphones,699.99,A high-quality smartphone — smartphones product with excellent build quality and modern design.,/abo-images-small (1)/images/small/92/925e89d2.jpg
D:\FYP Project\fypapp\abo-images-small (1)\images\small\dd\dd78b62c.jpg,Couch,Sofas,799.99,A high-quality couch — sofas product with excellent build quality and modern design.,/abo-images-small (1)/images/small/dd/dd78b62c.jpg
D:\FYP Project\fypapp\abo-images-small (1)\images\small\d7\d7fe155c.jpg,Digital Tablet,Tablets,449.99,A high-quality digital tablet — tablets product with excellent build quality and modern design.,/abo-images-small (1)/images/small/d7/d7fe155c.jpg
D:\FYP Project\fypapp\abo-images-small (1)\images\small\9f\9f326b5e.jpg,Android Tablet,Tablets,449.99,A high-quality android tablet — tablets product with excellent build quality and modern design.,/abo-images-small (1)/images/small/9f/9f326b5e.jpg
D:\FYP Project\fypapp\abo-images-small (1)\images\small\25\256a85bd.jpg,Ceramic Plates,Dinnerware,49.99,A high-quality ceramic plates — dinnerware product with excellent build quality and modern design.,/abo-images-small (1)/images/small/25/256a85bd.jpg
D:\FYP Project\fypapp\abo-images-small (1)\images\small\ae\ae9b9919.jpg,Digital Tablet,Tablets,449.99,A high-quality digital tablet — tablets product with excellent build quality and modern design.,/abo-images-small (1)/images/small/ae/ae9b9919.jpg
D:\FYP Project\fypapp\abo-images-small (1)\images\small\cf\cf3576aa.jpg,iPhone,Smartphones,699.99,A high-quality iphone — smartphones product with excellent build quality and modern design.,/abo-images-small (1)/images/small/cf/cf3576aa.jpg
D:\FYP Project\fypapp\abo-images-small (1)\images\small\ba\bad3210b.jpg,Cookware Set,Cookware,89.99,A high-quality cookware set — cookware product with excellent build quality and modern design.,/abo-images-small (1)/images/small/ba/bad3210b.jpg
D:\FYP Project\fypapp\abo-images-small (1)\images\small\db\db0e62bc.jpg,Blender,Appliances,129.99,A high-quality blender — appliances product with excellent build quality and modern design.,/abo-images-small (1)/images/small/db/db0e62bc.jpg
D:\FYP Project\fypapp\abo-images-small (1)\images\small\b3\b3e4b7dd.jpg,Exercise Gear,Sports,34.99,A high-quality exercise gear — sports product with excellent build quality and modern design.,/abo-images-small (1)/images/small/b3/b3e4b7dd.jpg
D:\FYP Project\fypapp\abo-images-small (1)\images\small\c7\c7df49ae.jpg,Yoga Mat,Sports,34.99,A high-quality yoga mat — sports product with excellent build quality and modern design.,/abo-images-small (1)/images/small/c7/c7df49ae.jpg
D:\FYP Project\fypapp\abo-images-small (1)\images\small\55\55746937.jpg,Coffee Table,Tables,299.99,A high-quality coffee table — tables product with excellent build quality and modern design.,/abo-images-small (1)/images/small/55/55746937.jpg
D:\FYP Project\fypapp\abo-images-small (1)\images\small\fb\fb7b00c2.jpg,Android Phone,Smartphones,699.99,A high-quality android phone — smartphones product with excellent build quality and modern design.,/abo-images-small (1)/images/small/fb/fb7b00c2.jpg
D:\FYP Project\fypapp\abo-images-small (1)\images\small\30\307e14aa.jpg,Desk,Tables,299.99,A high-quality desk — tables product with excellent build quality and modern design.,/abo-images-small (1)/images/small/30/307e14aa.jpg
D:\FYP Project\fypapp\abo-images-small (1)\images\small\66\66155055.jpg,Jeans,Jeans,69.99,A high-quality jeans — jeans product with excellent build quality and modern design.,/abo-images-small (1)/images/small/66/66155055.jpg
D:\FYP Project\fypapp\abo-images-small (1)\images\small\95\958c66b7.jpg,Non-Stick Pan,Cookware,89.99,A high-quality non-stick pan — cookware product with excellent build quality and modern design.,/abo-images-small (1)/images/small/95/958c66b7.jpg
D:\FYP Project\fypapp\abo-images-small (1)\images\small\00\008d50cd.jpg,Fitness Equipment,Sports,34.99,A high-quality fitness equipment — sports product with excellent build quality and modern design.,/abo-images-small (1)/images/small/00/008d50cd.jpg
D:\FYP Project\fypapp\abo-images-small (1)\images\small\d5\d54f5e06.jpg,iPhone,Smartphones,699.99,A high-quality iphone — smartphones product with excellent build quality and modern design.,/abo-images-small (1)/images/small/d5/d54f5e06.jpg
D:\FYP Project\fypapp\abo-images-small (1)\images\small\7b\7be305bc.jpg,Dress,Dresses,59.99,A high-quality dress — dresses product with excellent build quality and modern design.,/abo-images-small (1)/images/small/7b/7be305bc.jpg
D:\FYP Project\fypapp\abo-images-small (1)\images\small\54\54f6cf7e.jpg,Ceramic Plates,Dinnerware,49.99,A high-quality ceramic plates — dinnerware product with excellent build quality and modern design.,/abo-images-small (1)/images/small/54/54f6cf7e.jpg
D:\FYP Project\fypapp\abo-images-small (1)\images\small\c6\c65ef6b8.jpg,Sectional Sofa,Sofas,799.99,A high-quality sectional sofa — sofas product with excellent build quality and modern design.,/abo-images-small (1)/images/small/c6/c65ef6b8.jpg
D:\FYP Project\fypapp\abo-images-small (1)\images\small\91\913fee13.jpg,Android Tablet,Tablets,449.99,A high-quality android tablet — tablets product with excellent build quality and modern design.,/abo-images-small (1)/images/small/91/913fee13.jpg
D:\FYP Project\fypapp\abo-images-small (1)\images\small\42\42145c09.jpg,Smartphone,Smartphones,699.99,A high-quality smartphone — smartphones product with excellent build quality and modern design.,/abo-images-small (1)/images/small/42/42145c09.jpg
D:\FYP Project\fypapp\abo-images-small (1)\images\small\e7\e70484ed.jpg,Running Shoes,Shoes,89.99,A high-quality running shoes — shoes product with excellent build quality and modern design.,/abo-images-small (1)/images/small/e7/e70484ed.jpg
D:\FYP Project\fypapp\abo-images-small (1)\images\small\e8\e845773d.jpg,King Bed,Beds,499.99,A high-quality king bed — beds product with excellent build quality and modern design.,/abo-images-small (1)/images/small/e8/e845773d.jpg
D:\FYP Project\fypapp\abo-images-small (1)\images\small\1c\1cebd7a1.jpg,iPhone,Smartphones,699.99,A high-quality iphone — smartphones product with excellent build quality and modern design.,/abo-images-small (1)/images/small/1c/1cebd7a1.jpg
D:\FYP Project\fypapp\abo-images-small (1)\images\small\b6\b695d6bc.jpg,Yoga Mat,Sports,34.99,A high-quality yoga mat — sports product with excellent build quality and modern design.,/abo-images-small (1)/images/small/b6/b695d6bc.jpg
D:\FYP Project\fypapp\abo-images-small (1)\images\small\16\16d395ad.jpg,Cooking Pot,Cookware,89.99,A high-quality cooking pot — cookware product with excellent build quality and modern design.,/abo-images-small (1)/images/small/16/16d395ad.jpg
D:\FYP Project\fypapp\abo-images-small (1)\images\small\b7\b7741fd8.jpg,iPhone,Smartphones,699.99,A high-quality iphone — smartphones product with excellent build quality and modern design.,/abo-images-small (1)/images/small/b7/b7741fd8.jpg
D:\FYP Project\fypapp\abo-images-small (1)\images\small\bd\bd6d5652.jpg,Smartphone,Smartphones,699.99,A high-quality smartphone — smartphones product with excellent build quality and modern design.,/abo-images-small (1)/images/small/bd/bd6d5652.jpg
D:\FYP Project\fypapp\abo-images-small (1)\images\small\b1\b12d5aa1.jpg,Mobile Phone,Smartphones,699.99,A high-quality mobile phone — smartphones product with excellent build quality and modern design.,/abo-images-small (1)/images/small/b1/b12d5aa1.jpg
D:\FYP Project\fypapp\abo-images-small (1)\images\small\b1\b147782f.jpg,Android Phone,Smartphones,699.99,A high-quality android phone — smartphones product with excellent build quality and modern design.,/abo-images-small (1)/images/small/b1/b147782f.jpg
D:\FYP Project\fypapp\abo-images-small (1)\images\small\c0\c0ce00f6.jpg,iPhone,Smartphones,699.99,A high-quality iphone — smartphones product with excellent build quality and modern design.,/abo-images-small (1)/images/small/c0/c0ce00f6.jpg
D:\FYP Project\fypapp\abo-images-small (1)\images\small\06\06e4c677.jpg,Sneakers,Shoes,89.99,A high-quality sneakers — shoes product with excellent build quality and modern design.,/abo-images-small (1)/images/small/06/06e4c677.jpg
D:\FYP Project\fypapp\abo-images-small (1)\images\small\88\887ba0d3.jpg,Mobile Phone,Smartphones,699.99,A high-quality mobile phone — smartphones product with excellent build quality and modern design.,/abo-images-small (1)/images/small/88/887ba0d3.jpg
D:\FYP Project\fypapp\abo-images-small (1)\images\small\a4\a4ab17e2.jpg,Android Phone,Smartphones,699.99,A high-quality android phone — smartphones product with excellent build quality and modern design.,/abo-images-small (1)/images/small/a4/a4ab17e2.jpg
D:\FYP Project\fypapp\abo-images-small (1)\images\small\0e\0ea64797.jpg,Floral Dress,Dresses,59.99,A high-quality floral dress — dresses product with excellent build quality and modern design.,/abo-images-small (1)/images/small/0e/0ea64797.jpg
D:\FYP Project\fypapp\abo-images-small (1)\images\small\dc\dc56c0f5.jpg,Digital Camera,Cameras,549.99,A high-quality digital camera — cameras product with excellent build quality and modern design.,/abo-images-small (1)/images/small/dc/dc56c0f5.jpg
D:\FYP Project\fypapp\abo-images-small (1)\images\small\87\874d8b77.jpg,Winter Coat,Jackets,119.99,A high-quality winter coat — jackets product with excellent build quality and modern design.,/abo-images-small (1)/images/small/87/874d8b77.jpg
D:\FYP Project\fypapp\abo-images-small (1)\images\small\82\82bc94a6.jpg,Blender,Appliances,129.99,A high-quality blender — appliances product with excellent build quality and modern design.,/abo-images-small (1)/images/small/82/82bc94a6.jpg
D:\FYP Project\fypapp\abo-images-small (1)\images\small\59\5959145f.jpg,Denim Pants,Jeans,69.99,A high-quality denim pants — jeans product with excellent build quality and modern design.,/abo-images-small (1)/images/small/59/5959145f.jpg
D:\FYP Project\fypapp\abo-images-small (1)\images\small\7d\7d549aa6.jpg,Mobile Phone,Smartphones,699.99,A high-quality mobile phone — smartphones product with excellent build quality and modern design.,/abo-images-small (1)/images/small/7d/7d549aa6.jpg
D:\FYP Project\fypapp\abo-images-small (1)\images\small\16\16c7b5f6.jpg,Android Phone,Smartphones,699.99,A high-quality android phone — smartphones product with excellent build quality and modern design.,/abo-images-small (1)/images/small/16/16c7b5f6.jpg
D:\FYP Project\fypapp\abo-images-small (1)\images\small\79\79458a37.jpg,Skillet,Cookware,89.99,A high-quality skillet — cookware product with excellent build quality and modern design.,/abo-images-small (1)/images/small/79/79458a37.jpg
D:\FYP Project\fypapp\abo-images-small (1)\images\small\55\552be174.jpg,Cookware Set,Cookware,89.99,A high-quality cookware set — cookware product with excellent build quality and modern design.,/abo-images-small (1)/images/small/55/552be174.jpg
D:\FYP Project\fypapp\abo-images-small (1)\images\small\e4\e49e3955.jpg,iPad,Tablets,449.99,A high-quality ipad — tablets product with excellent build quality and modern design.,/abo-images-small (1)/images/small/e4/e49e3955.jpg
D:\FYP Project\fypapp\abo-images-small (1)\images\small\d9\d9cd1c0a.jpg,Side Table,Tables,299.99,A high-quality side table — tables product with excellent build quality and modern design.,/abo-images-small (1)/images/small/d9/d9cd1c0a.jpg
D:\FYP Project\fypapp\abo-images-small (1)\images\small\23\23029482.jpg,Exercise Gear,Sports,34.99,A high-quality exercise gear — sports product with excellent build quality and modern design.,/abo-images-small (1)/images/small/23/23029482.jpg
D:\FYP Project\fypapp\abo-images-small (1)\images\small\ca\ca3a48f0.jpg,Bed Frame,Beds,499.99,A high-quality bed frame — beds product with excellent build quality and modern design.,/abo-images-small (1)/images/small/ca/ca3a48f0.jpg
D:\FYP Project\fypapp\abo-images-small (1)\images\small\75\7510b2ea.jpg,Mobile Phone,Smartphones,699.99,A high-quality mobile phone — smartphones product with excellent build quality and modern design.,/abo-images-small (1)/images/small/75/7510b2ea.jpg
D:\FYP Project\fypapp\abo-images-small (1)\images\small\2d\2d0d61fa.jpg,Outdoor Equipment,Outdoors,149.99,A high-quality outdoor equipment — outdoors product with excellent build quality and modern design.,/abo-images-small (1)/images/small/2d/2d0d61fa.jpg
D:\FYP Project\fypapp\abo-images-small (1)\images\small\be\be1abc11.jpg,Resistance Bands,Sports,34.99,A high-quality resistance bands — sports product with excellent build quality and modern design.,/abo-images-small (1)/images/small/be/be1abc11.jpg
D:\FYP Project\fypapp\abo-images-small (1)\images\small\77\771cec4e.jpg,Android Phone,Smartphones,699.99,A high-quality android phone — smartphones product with excellent build quality and modern design.,/abo-images-small (1)/images/small/77/771cec4e.jpg
D:\FYP Project\fypapp\abo-images-small (1)\images\small\df\dfc9df8c.jpg,Skillet,Cookware,89.99,A high-quality skillet — cookware product with excellent build quality and modern design.,/abo-images-small (1)/images/small/df/dfc9df8c.jpg
D:\FYP Project\fypapp\abo-images-small (1)\images\small\3c\3cf6bb7d.jpg,Yoga Mat,Sports,34.99,A high-quality yoga mat — sports product with excellent build quality and modern design.,/abo-images-small (1)/images/small/3c/3cf6bb7d.jpg
D:\FYP Project\fypapp\abo-images-small (1)\images\small\ef\efdf9f4e.jpg,Coffee Table,Tables,299.99,A high-quality coffee table — tables product with excellent build quality and modern design.,/abo-images-small (1)/images/small/ef/efdf9f4e.jpg
D:\FYP Project\fypapp\abo-images-small (1)\images\small\a1\a1c7dc93.jpg,Android Phone,Smartphones,699.99,A high-quality android phone — smartphones product with excellent build quality and modern design.,/abo-images-small (1)/images/small/a1/a1c7dc93.jpg
D:\FYP Project\fypapp\abo-images-small (1)\images\small\f3\f39f4b00.jpg,Gaming Laptop,Laptops,899.99,A high-quality gaming laptop — laptops product with excellent build quality and modern design.,/abo-images-small (1)/images/small/f3/f39f4b00.jpg
D:\FYP Project\fypapp\abo-images-small (1)\images\small\a7\a77e5aac.jpg,Tablet,Tablets,449.99,A high-quality tablet — tablets product with excellent build quality and modern design.,/abo-images-small (1)/images/small/a7/a77e5aac.jpg
D:\FYP Project\fypapp\abo-images-small (1)\images\small\da\dafc22e7.jpg,Slim Jeans,Jeans,69.99,A high-quality slim jeans — jeans product with excellent build quality and modern design.,/abo-images-small (1)/images/small/da/dafc22e7.jpg
D:\FYP Project\fypapp\abo-images-small (1)\images\small\3f\3f636aeb.jpg,Cooking Pot,Cookware,89.99,A high-quality cooking pot — cookware product with excellent build quality and modern design.,/abo-images-small (1)/images/small/3f/3f636aeb.jpg
D:\FYP Project\fypapp\abo-images-small (1)\images\small\2d\2d848074.jpg,iPhone,Smartphones,699.99,A high-quality iphone — smartphones product with excellent build quality and modern design.,/abo-images-small (1)/images/small/2d/2d848074.jpg
D:\FYP Project\fypapp\abo-images-small (1)\images\small\15\153e869c.jpg,Dinnerware Set,Dinnerware,49.99,A high-quality dinnerware set — dinnerware product with excellent build quality and modern design.,/abo-images-small (1)/images/small/15/153e869c.jpg
D:\FYP Project\fypapp\abo-images-small (1)\images\small\fa\faa7ff06.jpg,Mobile Phone,Smartphones,699.99,A high-quality mobile phone — smartphones product with excellent build quality and modern design.,/abo-images-small (1)/images/small/fa/faa7ff06.jpg
D:\FYP Project\fypapp\abo-images-small (1)\images\small\9f\9f652695.jpg,Accent Chair,Chairs,199.99,A high-quality accent chair — chairs product with excellent build quality and modern design.,/abo-images-small (1)/images/small/9f/9f652695.jpg
D:\FYP Project\fypapp\abo-images-small (1)\images\small\0c\0c818701.jpg,Mug Set,Dinnerware,49.99,A high-quality mug set — dinnerware product with excellent build quality and modern design.,/abo-images-small (1)/images/small/0c/0c818701.jpg
D:\FYP Project\fypapp\abo-images-small (1)\images\small\66\66d99c36.jpg,Smartphone,Smartphones,699.99,A high-quality smartphone — smartphones product with excellent build quality and modern design.,/abo-images-small (1)/images/small/66/66d99c36.jpg
D:\FYP Project\fypapp\abo-images-small (1)\images\small\47\47dcae83.jpg,Coffee Table,Tables,299.99,A high-quality coffee table — tables product with excellent build quality and modern design.,/abo-images-small (1)/images/small/47/47dcae83.jpg
D:\FYP Project\fypapp\abo-images-small (1)\images\small\0e\0ebb72d5.jpg,Android Phone,Smartphones,699.99,A high-quality android phone — smartphones product with excellent build quality and modern design.,/abo-images-small (1)/images/small/0e/0ebb72d5.jpg
D:\FYP Project\fypapp\abo-images-small (1)\images\small\47\47225590.jpg,Floral Dress,Dresses,59.99,A high-quality floral dress — dresses product with excellent build quality and modern design.,/abo-images-small (1)/images/small/47/47225590.jpg
D:\FYP Project\fypapp\abo-images-small (1)\images\small\0e\0e170bc8.jpg,Cookware Set,Cookware,89.99,A high-quality cookware set — cookware product with excellent build quality and modern design.,/abo-images-small (1)/images/small/0e/0e170bc8.jpg
D:\FYP Project\fypapp\abo-images-small (1)\images\small\6e\6e411905.jpg,Coffee Table,Tables,299.99,A high-quality coffee table — tables product with excellent build quality and modern design.,/abo-images-small (1)/images/small/6e/6e411905.jpg
D:\FYP Project\fypapp\abo-images-small (1)\images\small\6c\6c626bdf.jpg,Cooking Pot,Cookware,89.99,A high-quality cooking pot — cookware product with excellent build quality and modern design.,/abo-images-small (1)/images/small/6c/6c626bdf.jpg
D:\FYP Project\fypapp\abo-images-small (1)\images\small\b3\b3e4fbbc.jpg,Boots,Shoes,89.99,A high-quality boots — shoes product with excellent build quality and modern design.,/abo-images-small (1)/images/small/b3/b3e4fbbc.jpg
D:\FYP Project\fypapp\abo-images-small (1)\images\small\8b\8b1ca6e9.jpg,Yoga Mat,Sports,34.99,A high-quality yoga mat — sports product with excellent build quality and modern design.,/abo-images-small (1)/images/small/8b/8b1ca6e9.jpg
D:\FYP Project\fypapp\abo-images-small (1)\images\small\bd\bd14d8b8.jpg,Coffee Table,Tables,299.99,A high-quality coffee table — tables product with excellent build quality and modern design.,/abo-images-small (1)/images/small/bd/bd14d8b8.jpg
D:\FYP Project\fypapp\abo-images-small (1)\images\small\a5\a5c9b99c.jpg,Digital Tablet,Tablets,449.99,A high-quality digital tablet — tablets product with excellent build quality and modern design.,/abo-images-small (1)/images/small/a5/a5c9b99c.jpg
D:\FYP Project\fypapp\abo-images-small (1)\images\small\59\593fcc76.jpg,iPhone,Smartphones,699.99,A high-quality iphone — smartphones product with excellent build quality and modern design.,/abo-images-small (1)/images/small/59/593fcc76.jpg
D:\FYP Project\fypapp\abo-images-small (1)\images\small\0c\0c64f736.jpg,Cookware Set,Cookware,89.99,A high-quality cookware set — cookware product with excellent build quality and modern design.,/abo-images-small (1)/images/small/0c/0c64f736.jpg
D:\FYP Project\fypapp\abo-images-small (1)\images\small\e1\e12ea854.jpg,Resistance Bands,Sports,34.99,A high-quality resistance bands — sports product with excellent build quality and modern design.,/abo-images-small (1)/images/small/e1/e12ea854.jpg
D:\FYP Project\fypapp\abo-images-small (1)\images\small\43\435ce4b8.jpg,Android Phone,Smartphones,699.99,A high-quality android phone — smartphones product with excellent build quality and modern design.,/abo-images-small (1)/images/small/43/435ce4b8.jpg
D:\FYP Project\fypapp\abo-images-small (1)\images\small\64\645dd0e6.jpg,Boots,Shoes,89.99,A high-quality boots — shoes product with excellent build quality and modern design.,/abo-images-small (1)/images/small/64/645dd0e6.jpg
D:\FYP Project\fypapp\abo-images-small (1)\images\small\7d\7d4b697a.jpg,Yoga Mat,Sports,34.99,A high-quality yoga mat — sports product with excellent build quality and modern design.,/abo-images-small (1)/images/small/7d/7d4b697a.jpg
D:\FYP Project\fypapp\abo-images-small (1)\images\small\10\101a74bf.jpg,Notebook PC,Laptops,899.99,A high-quality notebook pc — laptops product with excellent build quality and modern design.,/abo-images-small (1)/images/small/10/101a74bf.jpg
D:\FYP Project\fypapp\abo-images-small (1)\images\small\74\74dcc947.jpg,Desk,Tables,299.99,A high-quality desk — tables product with excellent build quality and modern design.,/abo-images-small (1)/images/small/74/74dcc947.jpg
D:\FYP Project\fypapp\abo-images-small (1)\images\small\5f\5fee34ee.jpg,Kitchen Appliance,Appliances,129.99,A high-quality kitchen appliance — appliances product with excellent build quality and modern design.,/abo-images-small (1)/images/small/5f/5fee34ee.jpg
D:\FYP Project\fypapp\abo-images-small (1)\images\small\29\29fefe85.jpg,iPad,Tablets,449.99,A high-quality ipad — tablets product with excellent build quality and modern design.,/abo-images-small (1)/images/small/29/29fefe85.jpg
D:\FYP Project\fypapp\abo-images-small (1)\images\small\80\80fb03b5.jpg,Over-Ear Headphones,Headphones,149.99,A high-quality over-ear headphones — headphones product with excellent build quality and modern design.,/abo-images-small (1)/images/small/80/80fb03b5.jpg
D:\FYP Project\fypapp\abo-images-small (1)\images\small\98\98219769.jpg,iPhone,Smartphones,699.99,A high-quality iphone — smartphones product with excellent build quality and modern design.,/abo-images-small (1)/images/small/98/98219769.jpg
D:\FYP Project\fypapp\abo-images-small (1)\images\small\99\9904fc8e.jpg,Mobile Phone,Smartphones,699.99,A high-quality mobile phone — smartphones product with excellent build quality and modern design.,/abo-images-small (1)/images/small/99/9904fc8e.jpg
D:\FYP Project\fypapp\abo-images-small (1)\images\small\87\87397a4b.jpg,Polo Shirt,Shirts,39.99,A high-quality polo shirt — shirts product with excellent build quality and modern design.,/abo-images-small (1)/images/small/87/87397a4b.jpg
D:\FYP Project\fypapp\abo-images-small (1)\images\small\77\7747c142.jpg,iPhone,Smartphones,699.99,A high-quality iphone — smartphones product with excellent build quality and modern design.,/abo-images-small (1)/images/small/77/7747c142.jpg
D:\FYP Project\fypapp\abo-images-small (1)\images\small\ad\ad6ccd6c.jpg,Running Shoes,Shoes,89.99,A high-quality running shoes — shoes product with excellent build quality and modern design.,/abo-images-small (1)/images/small/ad/ad6ccd6c.jpg
D:\FYP Project\fypapp\abo-images-small (1)\images\small\f2\f26e2144.jpg,Mirrorless Camera,Cameras,549.99,A high-quality mirrorless camera — cameras product with excellent build quality and modern design.,/abo-images-small (1)/images/small/f2/f26e2144.jpg
D:\FYP Project\fypapp\abo-images-small (1)\images\small\ad\add98eb7.jpg,iPhone,Smartphones,699.99,A high-quality iphone — smartphones product with excellent build quality and modern design.,/abo-images-small (1)/images/small/ad/add98eb7.jpg
D:\FYP Project\fypapp\abo-images-small (1)\images\small\80\80c22bd2.jpg,Dress,Dresses,59.99,A high-quality dress — dresses product with excellent build quality and modern design.,/abo-images-small (1)/images/small/80/80c22bd2.jpg
D:\FYP Project\fypapp\abo-images-small (1)\images\small\b5\b52b3b69.jpg,Running Shoes,Shoes,89.99,A high-quality running shoes — shoes product with excellent build quality and modern design.,/abo-images-small (1)/images/small/b5/b52b3b69.jpg
D:\FYP Project\fypapp\abo-images-small (1)\images\small\5d\5db98bc7.jpg,Android Phone,Smartphones,699.99,A high-quality android phone — smartphones product with excellent build quality and modern design.,/abo-images-small (1)/images/small/5d/5db98bc7.jpg
D:\FYP Project\fypapp\abo-images-small (1)\images\small\1b\1beb093a.jpg,Mug Set,Dinnerware,49.99,A high-quality mug set — dinnerware product with excellent build quality and modern design.,/abo-images-small (1)/images/small/1b/1beb093a.jpg
D:\FYP Project\fypapp\abo-images-small (1)\images\small\ff\ff6b516d.jpg,Smartphone,Smartphones,699.99,A high-quality smartphone — smartphones product with excellent build quality and modern design.,/abo-images-small (1)/images/small/ff/ff6b516d.jpg
D:\FYP Project\fypapp\abo-images-small (1)\images\small\93\93f0de7d.jpg,Wireless Earbuds,Headphones,149.99,A high-quality wireless earbuds — headphones product with excellent build quality and modern design.,/abo-images-small (1)/images/small/93/93f0de7d.jpg
D:\FYP Project\fypapp\abo-images-small (1)\images\small\1a\1aafaef1.jpg,Fitness Equipment,Sports,34.99,A high-quality fitness equipment — sports product with excellent build quality and modern design.,/abo-images-small (1)/images/small/1a/1aafaef1.jpg
D:\FYP Project\fypapp\abo-images-small (1)\images\small\96\96014723.jpg,Earphones,Headphones,149.99,A high-quality earphones — headphones product with excellent build quality and modern design.,/abo-images-small (1)/images/small/96/96014723.jpg
D:\FYP Project\fypapp\abo-images-small (1)\images\small\d1\d12da96d.jpg,Smartphone,Smartphones,699.99,A high-quality smartphone — smartphones product with excellent build quality and modern design.,/abo-images-small (1)/images/small/d1/d12da96d.jpg
D:\FYP Project\fypapp\abo-images-small (1)\images\small\3e\3ec9f807.jpg,Mobile Phone,Smartphones,699.99,A high-quality mobile phone — smartphones product with excellent build quality and modern design.,/abo-images-small (1)/images/small/3e/3ec9f807.jpg
D:\FYP Project\fypapp\abo-images-small (1)\images\small\66\66f2c5a4.jpg,iPhone,Smartphones,699.99,A high-quality iphone — smartphones product with excellent build quality and modern design.,/abo-images-small (1)/images/small/66/66f2c5a4.jpg
D:\FYP Project\fypapp\abo-images-small (1)\images\small\70\702e6899.jpg,Yoga Mat,Sports,34.99,A high-quality yoga mat — sports product with excellent build quality and modern design.,/abo-images-small (1)/images/small/70/702e6899.jpg
D:\FYP Project\fypapp\abo-images-small (1)\images\small\22\22aaed79.jpg,Mobile Phone,Smartphones,699.99,A high-quality mobile phone — smartphones product with excellent build quality and modern design.,/abo-images-small (1)/images/small/22/22aaed79.jpg
D:\FYP Project\fypapp\abo-images-small (1)\images\small\1b\1b11abb1.jpg,Android Phone,Smartphones,699.99,A high-quality android phone — smartphones product with excellent build quality and modern design.,/abo-images-small (1)/images/small/1b/1b11abb1.jpg
D:\FYP Project\fypapp\abo-images-small (1)\images\small\e5\e5dfa015.jpg,Smartphone,Smartphones,699.99,A high-quality smartphone — smartphones product with excellent build quality and modern design.,/abo-images-small (1)/images/small/e5/e5dfa015.jpg
D:\FYP Project\fypapp\abo-images-small (1)\images\small\67\67930f66.jpg,iPad,Tablets,449.99,A high-quality ipad — tablets product with excellent build quality and modern design.,/abo-images-small (1)/images/small/67/67930f66.jpg
D:\FYP Project\fypapp\abo-images-small (1)\images\small\6b\6b3078d4.jpg,Android Phone,Smartphones,699.99,A high-quality android phone — smartphones product with excellent build quality and modern design.,/abo-images-small (1)/images/small/6b/6b3078d4.jpg
D:\FYP Project\fypapp\abo-images-small (1)\images\small\9b\9b7352c8.jpg,Boots,Shoes,89.99,A high-quality boots — shoes product with excellent build quality and modern design.,/abo-images-small (1)/images/small/9b/9b7352c8.jpg
D:\FYP Project\fypapp\abo-images-small (1)\images\small\d1\d13c2b76.jpg,Bed Frame,Beds,499.99,A high-quality bed frame — beds product with excellent build quality and modern design.,/abo-images-small (1)/images/small/d1/d13c2b76.jpg
D:\FYP Project\fypapp\abo-images-small (1)\images\small\fb\fb322435.jpg,Wireless Earbuds,Headphones,149.99,A high-quality wireless earbuds — headphones product with excellent build quality and modern design.,/abo-images-small (1)/images/small/fb/fb322435.jpg
D:\FYP Project\fypapp\abo-images-small (1)\images\small\94\947c5eb5.jpg,King Bed,Beds,499.99,A high-quality king bed — beds product with excellent build quality and modern design.,/abo-images-small (1)/images/small/94/947c5eb5.jpg
D:\FYP Project\fypapp\abo-images-small (1)\images\small\3a\3a297d96.jpg,Boots,Shoes,89.99,A high-quality boots — shoes product with excellent build quality and modern design.,/abo-images-small (1)/images/small/3a/3a297d96.jpg
D:\FYP Project\fypapp\abo-images-small (1)\images\small\f1\f1a572f1.jpg,Bed Frame,Beds,499.99,A high-quality bed frame — beds product with excellent build quality and modern design.,/abo-images-small (1)/images/small/f1/f1a572f1.jpg
D:\FYP Project\fypapp\abo-images-small (1)\images\small\9a\9aa31861.jpg,Mobile Phone,Smartphones,699.99,A high-quality mobile phone — smartphones product with excellent build quality and modern design.,/abo-images-small (1)/images/small/9a/9aa31861.jpg
D:\FYP Project\fypapp\abo-images-small (1)\images\small\7b\7b79ffbd.jpg,Casual Shoes,Shoes,89.99,A high-quality casual shoes — shoes product with excellent build quality and modern design.,/abo-images-small (1)/images/small/7b/7b79ffbd.jpg
D:\FYP Project\fypapp\abo-images-small (1)\images\small\0e\0e42417b.jpg,Smartphone,Smartphones,699.99,A high-quality smartphone — smartphones product with excellent build quality and modern design.,/abo-images-small (1)/images/small/0e/0e42417b.jpg
D:\FYP Project\fypapp\abo-images-small (1)\images\small\ff\ff5607b9.jpg,Mobile Phone,Smartphones,699.99,A high-quality mobile phone — smartphones product with excellent build quality and modern design.,/abo-images-small (1)/images/small/ff/ff5607b9.jpg
D:\FYP Project\fypapp\abo-images-small (1)\images\small\d5\d5527957.jpg,iPhone,Smartphones,699.99,A high-quality iphone — smartphones product with excellent build quality and modern design.,/abo-images-small (1)/images/small/d5/d5527957.jpg
D:\FYP Project\fypapp\abo-images-small (1)\images\small\97\976c491d.jpg,Smartphone,Smartphones,699.99,A high-quality smartphone — smartphones product with excellent build quality and modern design.,/abo-images-small (1)/images/small/97/976c491d.jpg
D:\FYP Project\fypapp\abo-images-small (1)\images\small\60\606895e0.jpg,Microwave,Appliances,129.99,A high-quality microwave — appliances product with excellent build quality and modern design.,/abo-images-small (1)/images/small/60/606895e0.jpg
D:\FYP Project\fypapp\abo-images-small (1)\images\small\dd\dda7d75e.jpg,Android Phone,Smartphones,699.99,A high-quality android phone — smartphones product with excellent build quality and modern design.,/abo-images-small (1)/images/small/dd/dda7d75e.jpg
D:\FYP Project\fypapp\abo-images-small (1)\images\small\13\1348f03b.jpg,Earphones,Headphones,149.99,A high-quality earphones — headphones product with excellent build quality and modern design.,/abo-images-small (1)/images/small/13/1348f03b.jpg
D:\FYP Project\fypapp\abo-images-small (1)\images\small\19\1950fcba.jpg,Sofa,Sofas,799.99,A high-quality sofa — sofas product with excellent build quality and modern design.,/abo-images-small (1)/images/small/19/1950fcba.jpg
D:\FYP Project\fypapp\abo-images-small (1)\images\small\e9\e9488eca.jpg,Winter Coat,Jackets,119.99,A high-quality winter coat — jackets product with excellent build quality and modern design.,/abo-images-small (1)/images/small/e9/e9488eca.jpg
D:\FYP Project\fypapp\abo-images-small (1)\images\small\dc\dcfb50f7.jpg,Side Table,Tables,299.99,A high-quality side table — tables product with excellent build quality and modern design.,/abo-images-small (1)/images/small/dc/dcfb50f7.jpg
D:\FYP Project\fypapp\abo-images-small (1)\images\small\8d\8dc367d8.jpg,iPhone,Smartphones,699.99,A high-quality iphone — smartphones product with excellent build quality and modern design.,/abo-images-small (1)/images/small/8d/8dc367d8.jpg
D:\FYP Project\fypapp\abo-images-small (1)\images\small\7f\7f71c7c7.jpg,Smartphone,Smartphones,699.99,A high-quality smartphone — smartphones product with excellent build quality and modern design.,/abo-images-small (1)/images/small/7f/7f71c7c7.jpg
D:\FYP Project\fypapp\abo-images-small (1)\images\small\ee\ee1dabcc.jpg,Fitness Equipment,Sports,34.99,A high-quality fitness equipment — sports product with excellent build quality and modern design.,/abo-images-small (1)/images/small/ee/ee1dabcc.jpg
D:\FYP Project\fypapp\abo-images-small (1)\images\small\0a\0a9fc90f.jpg,Laptop,Laptops,899.99,A high-quality laptop — laptops product with excellent build quality and modern design.,/abo-images-small (1)/images/small/0a/0a9fc90f.jpg
D:\FYP Project\fypapp\abo-images-small (1)\images\small\30\303567a7.jpg,Mobile Phone,Smartphones,699.99,A high-quality mobile phone — smartphones product with excellent build quality and modern design.,/abo-images-small (1)/images/small/30/303567a7.jpg
D:\FYP Project\fypapp\abo-images-small (1)\images\small\d2\d2e676d3.jpg,Android Phone,Smartphones,699.99,A high-quality android phone — smartphones product with excellent build quality and modern design.,/abo-images-small (1)/images/small/d2/d2e676d3.jpg
D:\FYP Project\fypapp\abo-images-small (1)\images\small\ed\eda35bfa.jpg,Boots,Shoes,89.99,A high-quality boots — shoes product with excellent build quality and modern design.,/abo-images-small (1)/images/small/ed/eda35bfa.jpg
D:\FYP Project\fypapp\abo-images-small (1)\images\small\98\9883af5f.jpg,Dining Table,Tables,299.99,A high-quality dining table — tables product with excellent build quality and modern design.,/abo-images-small (1)/images/small/98/9883af5f.jpg
D:\FYP Project\fypapp\abo-images-small (1)\images\small\0b\0bcfe230.jpg,Hiking Gear,Outdoors,149.99,A high-quality hiking gear — outdoors product with excellent build quality and modern design.,/abo-images-small (1)/images/small/0b/0bcfe230.jpg
D:\FYP Project\fypapp\abo-images-small (1)\images\small\2a\2a9b567b.jpg,Blender,Appliances,129.99,A high-quality blender — appliances product with excellent build quality and modern design.,/abo-images-small (1)/images/small/2a/2a9b567b.jpg
D:\FYP Project\fypapp\abo-images-small (1)\images\small\53\535da230.jpg,Dining Table,Tables,299.99,A high-quality dining table — tables product with excellent build quality and modern design.,/abo-images-small (1)/images/small/53/535da230.jpg
D:\FYP Project\fypapp\abo-images-small (1)\images\small\80\806aad3d.jpg,Sectional Sofa,Sofas,799.99,A high-quality sectional sofa — sofas product with excellent build quality and modern design.,/abo-images-small (1)/images/small/80/806aad3d.jpg
D:\FYP Project\fypapp\abo-images-small (1)\images\small\7f\7f0ce958.jpg,Coffee Maker,Appliances,129.99,A high-quality coffee maker — appliances product with excellent build quality and modern design.,/abo-images-small (1)/images/small/7f/7f0ce958.jpg
D:\FYP Project\fypapp\abo-images-small (1)\images\small\85\85f1b87e.jpg,Smartphone,Smartphones,699.99,A high-quality smartphone — smartphones product with excellent build quality and modern design.,/abo-images-small (1)/images/small/85/85f1b87e.jpg
D:\FYP Project\fypapp\abo-images-small (1)\images\small\c5\c536d7d6.jpg,Dress Shirt,Shirts,39.99,A high-quality dress shirt — shirts product with excellent build quality and modern design.,/abo-images-small (1)/images/small/c5/c536d7d6.jpg
D:\FYP Project\fypapp\abo-images-small (1)\images\small\0b\0b0b2b6e.jpg,Android Phone,Smartphones,699.99,A high-quality android phone — smartphones product with excellent build quality and modern design.,/abo-images-small (1)/images/small/0b/0b0b2b6e.jpg
D:\FYP Project\fypapp\abo-images-small (1)\images\small\d2\d2110b4b.jpg,iPhone,Smartphones,699.99,A high-quality iphone — smartphones product with excellent build quality and modern design.,/abo-images-small (1)/images/small/d2/d2110b4b.jpg
D:\FYP Project\fypapp\abo-images-small (1)\images\small\ed\edff0f74.jpg,Mobile Phone,Smartphones,699.99,A high-quality mobile phone — smartphones product with excellent build quality and modern design.,/abo-images-small (1)/images/small/ed/edff0f74.jpg
D:\FYP Project\fypapp\abo-images-small (1)\images\small\9c\9ccbdf6f.jpg,King Bed,Beds,499.99,A high-quality king bed — beds product with excellent build quality and modern design.,/abo-images-small (1)/images/small/9c/9ccbdf6f.jpg
D:\FYP Project\fypapp\abo-images-small (1)\images\small\81\81f41345.jpg,Android Tablet,Tablets,449.99,A high-quality android tablet — tablets product with excellent build quality and modern design.,/abo-images-small (1)/images/small/81/81f41345.jpg
D:\FYP Project\fypapp\abo-images-small (1)\images\small\9a\9aa7b519.jpg,Mobile Phone,Smartphones,699.99,A high-quality mobile phone — smartphones product with excellent build quality and modern design.,/abo-images-small (1)/images/small/9a/9aa7b519.jpg
D:\FYP Project\fypapp\abo-images-small (1)\images\small\19\19f732d3.jpg,Polo Shirt,Shirts,39.99,A high-quality polo shirt — shirts product with excellent build quality and modern design.,/abo-images-small (1)/images/small/19/19f732d3.jpg
D:\FYP Project\fypapp\abo-images-small (1)\images\small\c7\c77cc835.jpg,Skillet,Cookware,89.99,A high-quality skillet — cookware product with excellent build quality and modern design.,/abo-images-small (1)/images/small/c7/c77cc835.jpg
D:\FYP Project\fypapp\abo-images-small (1)\images\small\2e\2e7ea2bb.jpg,Sneakers,Shoes,89.99,A high-quality sneakers — shoes product with excellent build quality and modern design.,/abo-images-small (1)/images/small/2e/2e7ea2bb.jpg
D:\FYP Project\fypapp\abo-images-small (1)\images\small\b8\b895d6a6.jpg,Queen Bed,Beds,499.99,A high-quality queen bed — beds product with excellent build quality and modern design.,/abo-images-small (1)/images/small/b8/b895d6a6.jpg
D:\FYP Project\fypapp\abo-images-small (1)\images\small\80\80a1f526.jpg,Android Phone,Smartphones,699.99,A high-quality android phone — smartphones product with excellent build quality and modern design.,/abo-images-small (1)/images/small/80/80a1f526.jpg
D:\FYP Project\fypapp\abo-images-small (1)\images\small\8b\8b09130b.jpg,Desk,Tables,299.99,A high-quality desk — tables product with excellent build quality and modern design.,/abo-images-small (1)/images/small/8b/8b09130b.jpg
D:\FYP Project\fypapp\abo-images-small (1)\images\small\6d\6ddc969f.jpg,Sneakers,Shoes,89.99,A high-quality sneakers — shoes product with excellent build quality and modern design.,/abo-images-small (1)/images/small/6d/6ddc969f.jpg
D:\FYP Project\fypapp\abo-images-small (1)\images\small\e2\e218cd95.jpg,Mobile Phone,Smartphones,699.99,A high-quality mobile phone — smartphones product with excellent build quality and modern design.,/abo-images-small (1)/images/small/e2/e218cd95.jpg
D:\FYP Project\fypapp\abo-images-small (1)\images\small\61\61d22c6e.jpg,Accent Chair,Chairs,199.99,A high-quality accent chair — chairs product with excellent build quality and modern design.,/abo-images-small (1)/images/small/61/61d22c6e.jpg
D:\FYP Project\fypapp\abo-images-small (1)\images\small\58\580531ff.jpg,iPhone,Smartphones,699.99,A high-quality iphone — smartphones product with excellent build quality and modern design.,/abo-images-small (1)/images/small/58/580531ff.jpg
D:\FYP Project\fypapp\abo-images-small (1)\images\small\26\26475341.jpg,Dinnerware Set,Dinnerware,49.99,A high-quality dinnerware set — dinnerware product with excellent build quality and modern design.,/abo-images-small (1)/images/small/26/26475341.jpg
D:\FYP Project\fypapp\abo-images-small (1)\images\small\08\08d4e04a.jpg,Coffee Table,Tables,299.99,A high-quality coffee table — tables product with excellent build quality and modern design.,/abo-images-small (1)/images/small/08/08d4e04a.jpg
D:\FYP Project\fypapp\abo-images-small (1)\images\small\41\41a67a82.jpg,Fitness Equipment,Sports,34.99,A high-quality fitness equipment — sports product with excellent build quality and modern design.,/abo-images-small (1)/images/small/41/41a67a82.jpg
D:\FYP Project\fypapp\abo-images-small (1)\images\small\ae\ae5a08a0.jpg,iPhone,Smartphones,699.99,A high-quality iphone — smartphones product with excellent build quality and modern design.,/abo-images-small (1)/images/small/ae/ae5a08a0.jpg
D:\FYP Project\fypapp\abo-images-small (1)\images\small\b4\b4af7c1a.jpg,Smartphone,Smartphones,699.99,A high-quality smartphone — smartphones product with excellent build quality and modern design.,/abo-images-small (1)/images/small/b4/b4af7c1a.jpg
D:\FYP Project\fypapp\abo-images-small (1)\images\small\87\8757e833.jpg,Non-Stick Pan,Cookware,89.99,A high-quality non-stick pan — cookware product with excellent build quality and modern design.,/abo-images-small (1)/images/small/87/8757e833.jpg
D:\FYP Project\fypapp\abo-images-small (1)\images\small\c3\c352042d.jpg,Digital Tablet,Tablets,449.99,A high-quality digital tablet — tablets product with excellent build quality and modern design.,/abo-images-small (1)/images/small/c3/c352042d.jpg
D:\FYP Project\fypapp\abo-images-small (1)\images\small\27\27b509df.jpg,iPhone,Smartphones,699.99,A high-quality iphone — smartphones product with excellent build quality and modern design.,/abo-images-small (1)/images/small/27/27b509df.jpg
D:\FYP Project\fypapp\abo-images-small (1)\images\small\5c\5c0ca032.jpg,Office Chair,Chairs,199.99,A high-quality office chair — chairs product with excellent build quality and modern design.,/abo-images-small (1)/images/small/5c/5c0ca032.jpg
D:\FYP Project\fypapp\abo-images-small (1)\images\small\5b\5b9121a8.jpg,Winter Coat,Jackets,119.99,A high-quality winter coat — jackets product with excellent build quality and modern design.,/abo-images-small (1)/images/small/5b/5b9121a8.jpg
D:\FYP Project\fypapp\abo-images-small (1)\images\small\f6\f6987da6.jpg,Android Phone,Smartphones,699.99,A high-quality android phone — smartphones product with excellent build quality and modern design.,/abo-images-small (1)/images/small/f6/f6987da6.jpg
D:\FYP Project\fypapp\abo-images-small (1)\images\small\9b\9b936ecf.jpg,iPhone,Smartphones,699.99,A high-quality iphone — smartphones product with excellent build quality and modern design.,/abo-images-small (1)/images/small/9b/9b936ecf.jpg
D:\FYP Project\fypapp\abo-images-small (1)\images\small\4c\4c340c36.jpg,Laptop,Laptops,899.99,A high-quality laptop — laptops product with excellent build quality and modern design.,/abo-images-small (1)/images/small/4c/4c340c36.jpg
D:\FYP Project\fypapp\abo-images-small (1)\images\small\d4\d454ede0.jpg,Mobile Phone,Smartphones,699.99,A high-quality mobile phone — smartphones product with excellent build quality and modern design.,/abo-images-small (1)/images/small/d4/d454ede0.jpg
D:\FYP Project\fypapp\abo-images-small (1)\images\small\f3\f31c1419.jpg,Loveseat,Sofas,799.99,A high-quality loveseat — sofas product with excellent build quality and modern design.,/abo-images-small (1)/images/small/f3/f31c1419.jpg
D:\FYP Project\fypapp\abo-images-small (1)\images\small\ab\abc483a5.jpg,Dining Table,Tables,299.99,A high-quality dining table — tables product with excellent build quality and modern design.,/abo-images-small (1)/images/small/ab/abc483a5.jpg
D:\FYP Project\fypapp\abo-images-small (1)\images\small\47\47610319.jpg,Running Shoes,Shoes,89.99,A high-quality running shoes — shoes product with excellent build quality and modern design.,/abo-images-small (1)/images/small/47/47610319.jpg
D:\FYP Project\fypapp\abo-images-small (1)\images\small\29\296128e4.jpg,Android Phone,Smartphones,699.99,A high-quality android phone — smartphones product with excellent build quality and modern design.,/abo-images-small (1)/images/small/29/296128e4.jpg
D:\FYP Project\fypapp\abo-images-small (1)\images\small\2d\2dd1c69c.jpg,Coffee Maker,Appliances,129.99,A high-quality coffee maker — appliances product with excellent build quality and modern design.,/abo-images-small (1)/images/small/2d/2dd1c69c.jpg
D:\FYP Project\fypapp\abo-images-small (1)\images\small\9d\9d81da27.jpg,iPad,Tablets,449.99,A high-quality ipad — tablets product with excellent build quality and modern design.,/abo-images-small (1)/images/small/9d/9d81da27.jpg
D:\FYP Project\fypapp\abo-images-small (1)\images\small\3c\3c253dbc.jpg,Digital Tablet,Tablets,449.99,A high-quality digital tablet — tablets product with excellent build quality and modern design.,/abo-images-small (1)/images/small/3c/3c253dbc.jpg
D:\FYP Project\fypapp\abo-images-small (1)\images\small\f9\f9be4b26.jpg,Exercise Gear,Sports,34.99,A high-quality exercise gear — sports product with excellent build quality and modern design.,/abo-images-small (1)/images/small/f9/f9be4b26.jpg
D:\FYP Project\fypapp\abo-images-small (1)\images\small\1d\1dab75d8.jpg,Couch,Sofas,799.99,A high-quality couch — sofas product with excellent build quality and modern design.,/abo-images-small (1)/images/small/1d/1dab75d8.jpg
D:\FYP Project\fypapp\abo-images-small (1)\images\small\ee\eef659a1.jpg,Android Phone,Smartphones,699.99,A high-quality android phone — smartphones product with excellent build quality and modern design.,/abo-images-small (1)/images/small/ee/eef659a1.jpg
D:\FYP Project\fypapp\abo-images-small (1)\images\small\6f\6f9c6812.jpg,Exercise Gear,Sports,34.99,A high-quality exercise gear — sports product with excellent build quality and modern design.,/abo-images-small (1)/images/small/6f/6f9c6812.jpg
D:\FYP Project\fypapp\abo-images-small (1)\images\small\e8\e8249b64.jpg,Smartphone,Smartphones,699.99,A high-quality smartphone — smartphones product with excellent build quality and modern design.,/abo-images-small (1)/images/small/e8/e8249b64.jpg
D:\FYP Project\fypapp\abo-images-small (1)\images\small\7a\7a219c95.jpg,Coffee Table,Tables,299.99,A high-quality coffee table — tables product with excellent build quality and modern design.,/abo-images-small (1)/images/small/7a/7a219c95.jpg
D:\FYP Project\fypapp\abo-images-small (1)\images\small\15\15dbf131.jpg,Android Tablet,Tablets,449.99,A high-quality android tablet — tablets product with excellent build quality and modern design.,/abo-images-small (1)/images/small/15/15dbf131.jpg
D:\FYP Project\fypapp\abo-images-small (1)\images\small\bf\bf615b1c.jpg,Jacket,Jackets,119.99,A high-quality jacket — jackets product with excellent build quality and modern design.,/abo-images-small (1)/images/small/bf/bf615b1c.jpg
D:\FYP Project\fypapp\abo-images-small (1)\images\small\bc\bcc832dd.jpg,Mobile Phone,Smartphones,699.99,A high-quality mobile phone — smartphones product with excellent build quality and modern design.,/abo-images-small (1)/images/small/bc/bcc832dd.jpg
D:\FYP Project\fypapp\abo-images-small (1)\images\small\65\65cbf07d.jpg,Casual Shoes,Shoes,89.99,A high-quality casual shoes — shoes product with excellent build quality and modern design.,/abo-images-small (1)/images/small/65/65cbf07d.jpg
D:\FYP Project\fypapp\abo-images-small (1)\images\small\69\690435de.jpg,Skillet,Cookware,89.99,A high-quality skillet — cookware product with excellent build quality and modern design.,/abo-images-small (1)/images/small/69/690435de.jpg
D:\FYP Project\fypapp\abo-images-small (1)\images\small\37\37292a29.jpg,Dinnerware Set,Dinnerware,49.99,A high-quality dinnerware set — dinnerware product with excellent build quality and modern design.,/abo-images-small (1)/images/small/37/37292a29.jpg
D:\FYP Project\fypapp\abo-images-small (1)\images\small\f9\f9392fbc.jpg,Queen Bed,Beds,499.99,A high-quality queen bed — beds product with excellent build quality and modern design.,/abo-images-small (1)/images/small/f9/f9392fbc.jpg
D:\FYP Project\fypapp\abo-images-small (1)\images\small\dd\dd0a968f.jpg,Sneakers,Shoes,89.99,A high-quality sneakers — shoes product with excellent build quality and modern design.,/abo-images-small (1)/images/small/dd/dd0a968f.jpg
D:\FYP Project\fypapp\abo-images-small (1)\images\small\3c\3ca13273.jpg,Running Shoes,Shoes,89.99,A high-quality running shoes — shoes product with excellent build quality and modern design.,/abo-images-small (1)/images/small/3c/3ca13273.jpg
D:\FYP Project\fypapp\abo-images-small (1)\images\small\7e\7ed17fcb.jpg,Android Phone,Smartphones,699.99,A high-quality android phone — smartphones product with excellent build quality and modern design.,/abo-images-small (1)/images/small/7e/7ed17fcb.jpg
D:\FYP Project\fypapp\abo-images-small (1)\images\small\b1\b1aa7864.jpg,Windbreaker,Jackets,119.99,A high-quality windbreaker — jackets product with excellent build quality and modern design.,/abo-images-small (1)/images/small/b1/b1aa7864.jpg
D:\FYP Project\fypapp\abo-images-small (1)\images\small\4f\4f6c747a.jpg,T-Shirt,Shirts,39.99,A high-quality t-shirt — shirts product with excellent build quality and modern design.,/abo-images-small (1)/images/small/4f/4f6c747a.jpg
D:\FYP Project\fypapp\abo-images-small (1)\images\small\28\28f40535.jpg,Running Shoes,Shoes,89.99,A high-quality running shoes — shoes product with excellent build quality and modern design.,/abo-images-small (1)/images/small/28/28f40535.jpg
D:\FYP Project\fypapp\abo-images-small (1)\images\small\47\47a3bd5b.jpg,Android Phone,Smartphones,699.99,A high-quality android phone — smartphones product with excellent build quality and modern design.,/abo-images-small (1)/images/small/47/47a3bd5b.jpg
D:\FYP Project\fypapp\abo-images-small (1)\images\small\2e\2ee47c9c.jpg,Exercise Gear,Sports,34.99,A high-quality exercise gear — sports product with excellent build quality and modern design.,/abo-images-small (1)/images/small/2e/2ee47c9c.jpg
D:\FYP Project\fypapp\abo-images-small (1)\images\small\53\539e2633.jpg,Smartphone,Smartphones,699.99,A high-quality smartphone — smartphones product with excellent build quality and modern design.,/abo-images-small (1)/images/small/53/539e2633.jpg
D:\FYP Project\fypapp\abo-images-small (1)\images\small\08\08f489e2.jpg,Digital Tablet,Tablets,449.99,A high-quality digital tablet — tablets product with excellent build quality and modern design.,/abo-images-small (1)/images/small/08/08f489e2.jpg
D:\FYP Project\fypapp\abo-images-small (1)\images\small\7e\7ea2dc37.jpg,iPhone,Smartphones,699.99,A high-quality iphone — smartphones product with excellent build quality and modern design.,/abo-images-small (1)/images/small/7e/7ea2dc37.jpg
D:\FYP Project\fypapp\abo-images-small (1)\images\small\c0\c0c19241.jpg,Dining Table,Tables,299.99,A high-quality dining table — tables product with excellent build quality and modern design.,/abo-images-small (1)/images/small/c0/c0c19241.jpg
D:\FYP Project\fypapp\abo-images-small (1)\images\small\c6\c6e8f0bb.jpg,Couch,Sofas,799.99,A high-quality couch — sofas product with excellent build quality and modern design.,/abo-images-small (1)/images/small/c6/c6e8f0bb.jpg
D:\FYP Project\fypapp\abo-images-small (1)\images\small\81\814c6fc5.jpg,Over-Ear Headphones,Headphones,149.99,A high-quality over-ear headphones — headphones product with excellent build quality and modern design.,/abo-images-small (1)/images/small/81/814c6fc5.jpg
D:\FYP Project\fypapp\abo-images-small (1)\images\small\a2\a2ba92c0.jpg,Exercise Gear,Sports,34.99,A high-quality exercise gear — sports product with excellent build quality and modern design.,/abo-images-small (1)/images/small/a2/a2ba92c0.jpg
D:\FYP Project\fypapp\abo-images-small (1)\images\small\2b\2bc7d1fe.jpg,Microwave,Appliances,129.99,A high-quality microwave — appliances product with excellent build quality and modern design.,/abo-images-small (1)/images/small/2b/2bc7d1fe.jpg
D:\FYP Project\fypapp\abo-images-small (1)\images\small\d4\d45aaa9e.jpg,Android Phone,Smartphones,699.99,A high-quality android phone — smartphones product with excellent build quality and modern design.,/abo-images-small (1)/images/small/d4/d45aaa9e.jpg
D:\FYP Project\fypapp\abo-images-small (1)\images\small\1d\1d1e4046.jpg,Backpack,Outdoors,149.99,A high-quality backpack — outdoors product with excellent build quality and modern design.,/abo-images-small (1)/images/small/1d/1d1e4046.jpg
D:\FYP Project\fypapp\abo-images-small (1)\images\small\6c\6c1ddbae.jpg,Slim Jeans,Jeans,69.99,A high-quality slim jeans — jeans product with excellent build quality and modern design.,/abo-images-small (1)/images/small/6c/6c1ddbae.jpg
D:\FYP Project\fypapp\abo-images-small (1)\images\small\8b\8b15f3db.jpg,Bowl Set,Dinnerware,49.99,A high-quality bowl set — dinnerware product with excellent build quality and modern design.,/abo-images-small (1)/images/small/8b/8b15f3db.jpg
D:\FYP Project\fypapp\abo-images-small (1)\images\small\fa\faf3901e.jpg,Android Tablet,Tablets,449.99,A high-quality android tablet — tablets product with excellent build quality and modern design.,/abo-images-small (1)/images/small/fa/faf3901e.jpg
D:\FYP Project\fypapp\abo-images-small (1)\images\small\fb\fb96656c.jpg,Dining Table,Tables,299.99,A high-quality dining table — tables product with excellent build quality and modern design.,/abo-images-small (1)/images/small/fb/fb96656c.jpg
D:\FYP Project\fypapp\abo-images-small (1)\images\small\b7\b7543871.jpg,Digital Tablet,Tablets,449.99,A high-quality digital tablet — tablets product with excellent build quality and modern design.,/abo-images-small (1)/images/small/b7/b7543871.jpg
D:\FYP Project\fypapp\abo-images-small (1)\images\small\8f\8f4a3806.jpg,iPhone,Smartphones,699.99,A high-quality iphone — smartphones product with excellent build quality and modern design.,/abo-images-small (1)/images/small/8f/8f4a3806.jpg
D:\FYP Project\fypapp\abo-images-small (1)\images\small\8e\8ed39851.jpg,Smartphone,Smartphones,699.99,A high-quality smartphone — smartphones product with excellent build quality and modern design.,/abo-images-small (1)/images/small/8e/8ed39851.jpg
D:\FYP Project\fypapp\abo-images-small (1)\images\small\c7\c7d385d5.jpg,Mobile Phone,Smartphones,699.99,A high-quality mobile phone — smartphones product with excellent build quality and modern design.,/abo-images-small (1)/images/small/c7/c7d385d5.jpg
D:\FYP Project\fypapp\abo-images-small (1)\images\small\18\18dad1e4.jpg,Android Phone,Smartphones,699.99,A high-quality android phone — smartphones product with excellent build quality and modern design.,/abo-images-small (1)/images/small/18/18dad1e4.jpg
D:\FYP Project\fypapp\abo-images-small (1)\images\small\2a\2a4e4637.jpg,Windbreaker,Jackets,119.99,A high-quality windbreaker — jackets product with excellent build quality and modern design.,/abo-images-small (1)/images/small/2a/2a4e4637.jpg
D:\FYP Project\fypapp\abo-images-small (1)\images\small\6e\6ebef0b9.jpg,Camping Tent,Outdoors,149.99,A high-quality camping tent — outdoors product with excellent build quality and modern design.,/abo-images-small (1)/images/small/6e/6ebef0b9.jpg
D:\FYP Project\fypapp\abo-images-small (1)\images\small\df\dfa15e49.jpg,iPad,Tablets,449.99,A high-quality ipad — tablets product with excellent build quality and modern design.,/abo-images-small (1)/images/small/df/dfa15e49.jpg
D:\FYP Project\fypapp\abo-images-small (1)\images\small\19\1905290b.jpg,Android Phone,Smartphones,699.99,A high-quality android phone — smartphones product with excellent build quality and modern design.,/abo-images-small (1)/images/small/19/1905290b.jpg
D:\FYP Project\fypapp\abo-images-small (1)\images\small\9c\9cd012df.jpg,Loveseat,Sofas,799.99,A high-quality loveseat — sofas product with excellent build quality and modern design.,/abo-images-small (1)/images/small/9c/9cd012df.jpg
D:\FYP Project\fypapp\abo-images-small (1)\images\small\a2\a22f59d2.jpg,Smartphone,Smartphones,699.99,A high-quality smartphone — smartphones product with excellent build quality and modern design.,/abo-images-small (1)/images/small/a2/a22f59d2.jpg
D:\FYP Project\fypapp\abo-images-small (1)\images\small\ee\ee5861ad.jpg,Mobile Phone,Smartphones,699.99,A high-quality mobile phone — smartphones product with excellent build quality and modern design.,/abo-images-small (1)/images/small/ee/ee5861ad.jpg
D:\FYP Project\fypapp\abo-images-small (1)\images\small\b4\b48e4db1.jpg,Polo Shirt,Shirts,39.99,A high-quality polo shirt — shirts product with excellent build quality and modern design.,/abo-images-small (1)/images/small/b4/b48e4db1.jpg
D:\FYP Project\fypapp\abo-images-small (1)\images\small\79\792d06dd.jpg,Coffee Maker,Appliances,129.99,A high-quality coffee maker — appliances product with excellent build quality and modern design.,/abo-images-small (1)/images/small/79/792d06dd.jpg
D:\FYP Project\fypapp\abo-images-small (1)\images\small\2b\2b507723.jpg,Sofa,Sofas,799.99,A high-quality sofa — sofas product with excellent build quality and modern design.,/abo-images-small (1)/images/small/2b/2b507723.jpg
D:\FYP Project\fypapp\abo-images-small (1)\images\small\bf\bfd73401.jpg,Mobile Phone,Smartphones,699.99,A high-quality mobile phone — smartphones product with excellent build quality and modern design.,/abo-images-small (1)/images/small/bf/bfd73401.jpg
D:\FYP Project\fypapp\abo-images-small (1)\images\small\dd\ddc789e0.jpg,Android Phone,Smartphones,699.99,A high-quality android phone — smartphones product with excellent build quality and modern design.,/abo-images-small (1)/images/small/dd/ddc789e0.jpg
D:\FYP Project\fypapp\abo-images-small (1)\images\small\cc\cc334a4c.jpg,Coffee Maker,Appliances,129.99,A high-quality coffee maker — appliances product with excellent build quality and modern design.,/abo-images-small (1)/images/small/cc/cc334a4c.jpg
D:\FYP Project\fypapp\abo-images-small (1)\images\small\3f\3f4bafc8.jpg,Smartphone,Smartphones,699.99,A high-quality smartphone — smartphones product with excellent build quality and modern design.,/abo-images-small (1)/images/small/3f/3f4bafc8.jpg
D:\FYP Project\fypapp\abo-images-small (1)\images\small\2b\2b8b3713.jpg,Mobile Phone,Smartphones,699.99,A high-quality mobile phone — smartphones product with excellent build quality and modern design.,/abo-images-small (1)/images/small/2b/2b8b3713.jpg
D:\FYP Project\fypapp\abo-images-small (1)\images\small\96\96ada841.jpg,Sectional Sofa,Sofas,799.99,A high-quality sectional sofa — sofas product with excellent build quality and modern design.,/abo-images-small (1)/images/small/96/96ada841.jpg
D:\FYP Project\fypapp\abo-images-small (1)\images\small\af\afa169eb.jpg,Coffee Maker,Appliances,129.99,A high-quality coffee maker — appliances product with excellent build quality and modern design.,/abo-images-small (1)/images/small/af/afa169eb.jpg
D:\FYP Project\fypapp\abo-images-small (1)\images\small\12\129b7edb.jpg,Sneakers,Shoes,89.99,A high-quality sneakers — shoes product with excellent build quality and modern design.,/abo-images-small (1)/images/small/12/129b7edb.jpg
D:\FYP Project\fypapp\abo-images-small (1)\images\small\29\29e4479b.jpg,Mobile Phone,Smartphones,699.99,A high-quality mobile phone — smartphones product with excellent build quality and modern design.,/abo-images-small (1)/images/small/29/29e4479b.jpg
D:\FYP Project\fypapp\abo-images-small (1)\images\small\b4\b4cc81ad.jpg,Casual Shoes,Shoes,89.99,A high-quality casual shoes — shoes product with excellent build quality and modern design.,/abo-images-small (1)/images/small/b4/b4cc81ad.jpg
D:\FYP Project\fypapp\abo-images-small (1)\images\small\34\34a8b470.jpg,iPhone,Smartphones,699.99,A high-quality iphone — smartphones product with excellent build quality and modern design.,/abo-images-small (1)/images/small/34/34a8b470.jpg
D:\FYP Project\fypapp\abo-images-small (1)\images\small\6a\6a690409.jpg,Dining Table,Tables,299.99,A high-quality dining table — tables product with excellent build quality and modern design.,/abo-images-small (1)/images/small/6a/6a690409.jpg
D:\FYP Project\fypapp\abo-images-small (1)\images\small\38\38a45c35.jpg,Android Phone,Smartphones,699.99,A high-quality android phone — smartphones product with excellent build quality and modern design.,/abo-images-small (1)/images/small/38/38a45c35.jpg
D:\FYP Project\fypapp\abo-images-small (1)\images\small\70\70aae57e.jpg,iPhone,Smartphones,699.99,A high-quality iphone — smartphones product with excellent build quality and modern design.,/abo-images-small (1)/images/small/70/70aae57e.jpg
D:\FYP Project\fypapp\abo-images-small (1)\images\small\4f\4fda64ab.jpg,Microwave,Appliances,129.99,A high-quality microwave — appliances product with excellent build quality and modern design.,/abo-images-small (1)/images/small/4f/4fda64ab.jpg
D:\FYP Project\fypapp\abo-images-small (1)\images\small\79\79a99236.jpg,Android Phone,Smartphones,699.99,A high-quality android phone — smartphones product with excellent build quality and modern design.,/abo-images-small (1)/images/small/79/79a99236.jpg
D:\FYP Project\fypapp\abo-images-small (1)\images\small\b5\b50bfc8b.jpg,iPhone,Smartphones,699.99,A high-quality iphone — smartphones product with excellent build quality and modern design.,/abo-images-small (1)/images/small/b5/b50bfc8b.jpg
D:\FYP Project\fypapp\abo-images-small (1)\images\small\1a\1aaa1e0a.jpg,Winter Coat,Jackets,119.99,A high-quality winter coat — jackets product with excellent build quality and modern design.,/abo-images-small (1)/images/small/1a/1aaa1e0a.jpg
D:\FYP Project\fypapp\abo-images-small (1)\images\small\58\58590c4c.jpg,Fitness Equipment,Sports,34.99,A high-quality fitness equipment — sports product with excellent build quality and modern design.,/abo-images-small (1)/images/small/58/58590c4c.jpg
D:\FYP Project\fypapp\abo-images-small (1)\images\small\45\4513ad17.jpg,Desk,Tables,299.99,A high-quality desk — tables product with excellent build quality and modern design.,/abo-images-small (1)/images/small/45/4513ad17.jpg
D:\FYP Project\fypapp\abo-images-small (1)\images\small\dc\dc1b1d91.jpg,Tablet,Tablets,449.99,A high-quality tablet — tablets product with excellent build quality and modern design.,/abo-images-small (1)/images/small/dc/dc1b1d91.jpg
D:\FYP Project\fypapp\abo-images-small (1)\images\small\bf\bfab92ae.jpg,iPad,Tablets,449.99,A high-quality ipad — tablets product with excellent build quality and modern design.,/abo-images-small (1)/images/small/bf/bfab92ae.jpg
D:\FYP Project\fypapp\abo-images-small (1)\images\small\60\605ec79f.jpg,Side Table,Tables,299.99,A high-quality side table — tables product with excellent build quality and modern design.,/abo-images-small (1)/images/small/60/605ec79f.jpg
D:\FYP Project\fypapp\abo-images-small (1)\images\small\2a\2a3f32f2.jpg,iPhone,Smartphones,699.99,A high-quality iphone — smartphones product with excellent build quality and modern design.,/abo-images-small (1)/images/small/2a/2a3f32f2.jpg
D:\FYP Project\fypapp\abo-images-small (1)\images\small\d5\d53083cf.jpg,Sectional Sofa,Sofas,799.99,A high-quality sectional sofa — sofas product with excellent build quality and modern design.,/abo-images-small (1)/images/small/d5/d53083cf.jpg
D:\FYP Project\fypapp\abo-images-small (1)\images\small\b9\b9f79471.jpg,Boots,Shoes,89.99,A high-quality boots — shoes product with excellent build quality and modern design.,/abo-images-small (1)/images/small/b9/b9f79471.jpg
D:\FYP Project\fypapp\abo-images-small (1)\images\small\df\df2fea89.jpg,Android Phone,Smartphones,699.99,A high-quality android phone — smartphones product with excellent build quality and modern design.,/abo-images-small (1)/images/small/df/df2fea89.jpg
D:\FYP Project\fypapp\abo-images-small (1)\images\small\3a\3ad2aa40.jpg,iPhone,Smartphones,699.99,A high-quality iphone — smartphones product with excellent build quality and modern design.,/abo-images-small (1)/images/small/3a/3ad2aa40.jpg
D:\FYP Project\fypapp\abo-images-small (1)\images\small\cd\cd995079.jpg,Dining Table,Tables,299.99,A high-quality dining table — tables product with excellent build quality and modern design.,/abo-images-small (1)/images/small/cd/cd995079.jpg
D:\FYP Project\fypapp\abo-images-small (1)\images\small\36\3611571a.jpg,Ultrabook,Laptops,899.99,A high-quality ultrabook — laptops product with excellent build quality and modern design.,/abo-images-small (1)/images/small/36/3611571a.jpg
D:\FYP Project\fypapp\abo-images-small (1)\images\small\3b\3ba8904c.jpg,Denim Pants,Jeans,69.99,A high-quality denim pants — jeans product with excellent build quality and modern design.,/abo-images-small (1)/images/small/3b/3ba8904c.jpg
D:\FYP Project\fypapp\abo-images-small (1)\images\small\e5\e5282e0c.jpg,Smartphone,Smartphones,699.99,A high-quality smartphone — smartphones product with excellent build quality and modern design.,/abo-images-small (1)/images/small/e5/e5282e0c.jpg
D:\FYP Project\fypapp\abo-images-small (1)\images\small\d8\d8911b24.jpg,Coffee Table,Tables,299.99,A high-quality coffee table — tables product with excellent build quality and modern design.,/abo-images-small (1)/images/small/d8/d8911b24.jpg
D:\FYP Project\fypapp\abo-images-small (1)\images\small\fc\fc378afb.jpg,Android Phone,Smartphones,699.99,A high-quality android phone — smartphones product with excellent build quality and modern design.,/abo-images-small (1)/images/small/fc/fc378afb.jpg
D:\FYP Project\fypapp\abo-images-small (1)\images\small\d2\d2148393.jpg,Gaming Laptop,Laptops,899.99,A high-quality gaming laptop — laptops product with excellent build quality and modern design.,/abo-images-small (1)/images/small/d2/d2148393.jpg
D:\FYP Project\fypapp\abo-images-small (1)\images\small\76\76ca26fa.jpg,Smartphone,Smartphones,699.99,A high-quality smartphone — smartphones product with excellent build quality and modern design.,/abo-images-small (1)/images/small/76/76ca26fa.jpg
D:\FYP Project\fypapp\abo-images-small (1)\images\small\c3\c3fb6314.jpg,iPad,Tablets,449.99,A high-quality ipad — tablets product with excellent build quality and modern design.,/abo-images-small (1)/images/small/c3/c3fb6314.jpg
D:\FYP Project\fypapp\abo-images-small (1)\images\small\0d\0dd6f16f.jpg,Bowl Set,Dinnerware,49.99,A high-quality bowl set — dinnerware product with excellent build quality and modern design.,/abo-images-small (1)/images/small/0d/0dd6f16f.jpg
D:\FYP Project\fypapp\abo-images-small (1)\images\small\09\09a8b8f5.jpg,iPhone,Smartphones,699.99,A high-quality iphone — smartphones product with excellent build quality and modern design.,/abo-images-small (1)/images/small/09/09a8b8f5.jpg
D:\FYP Project\fypapp\abo-images-small (1)\images\small\0f\0f463467.jpg,Mobile Phone,Smartphones,699.99,A high-quality mobile phone — smartphones product with excellent build quality and modern design.,/abo-images-small (1)/images/small/0f/0f463467.jpg
D:\FYP Project\fypapp\abo-images-small (1)\images\small\c8\c8768ae9.jpg,iPhone,Smartphones,699.99,A high-quality iphone — smartphones product with excellent build quality and modern design.,/abo-images-small (1)/images/small/c8/c8768ae9.jpg
D:\FYP Project\fypapp\abo-images-small (1)\images\small\5d\5d08903b.jpg,Jacket,Jackets,119.99,A high-quality jacket — jackets product with excellent build quality and modern design.,/abo-images-small (1)/images/small/5d/5d08903b.jpg
D:\FYP Project\fypapp\abo-images-small (1)\images\small\4a\4aecebac.jpg,Android Phone,Smartphones,699.99,A high-quality android phone — smartphones product with excellent build quality and modern design.,/abo-images-small (1)/images/small/4a/4aecebac.jpg
D:\FYP Project\fypapp\abo-images-small (1)\images\small\c6\c6da7466.jpg,Boots,Shoes,89.99,A high-quality boots — shoes product with excellent build quality and modern design.,/abo-images-small (1)/images/small/c6/c6da7466.jpg
D:\FYP Project\fypapp\abo-images-small (1)\images\small\91\91418d8f.jpg,Smartphone,Smartphones,699.99,A high-quality smartphone — smartphones product with excellent build quality and modern design.,/abo-images-small (1)/images/small/91/91418d8f.jpg
D:\FYP Project\fypapp\abo-images-small (1)\images\small\d6\d677155f.jpg,Mobile Phone,Smartphones,699.99,A high-quality mobile phone — smartphones product with excellent build quality and modern design.,/abo-images-small (1)/images/small/d6/d677155f.jpg
D:\FYP Project\fypapp\abo-images-small (1)\images\small\dd\dd7b9d49.jpg,Digital Tablet,Tablets,449.99,A high-quality digital tablet — tablets product with excellent build quality and modern design.,/abo-images-small (1)/images/small/dd/dd7b9d49.jpg
D:\FYP Project\fypapp\abo-images-small (1)\images\small\0a\0a531f49.jpg,Floral Dress,Dresses,59.99,A high-quality floral dress — dresses product with excellent build quality and modern design.,/abo-images-small (1)/images/small/0a/0a531f49.jpg
D:\FYP Project\fypapp\abo-images-small (1)\images\small\ae\ae09e5ff.jpg,Sneakers,Shoes,89.99,A high-quality sneakers — shoes product with excellent build quality and modern design.,/abo-images-small (1)/images/small/ae/ae09e5ff.jpg
D:\FYP Project\fypapp\abo-images-small (1)\images\small\d9\d9739952.jpg,Coffee Table,Tables,299.99,A high-quality coffee table — tables product with excellent build quality and modern design.,/abo-images-small (1)/images/small/d9/d9739952.jpg
D:\FYP Project\fypapp\abo-images-small (1)\images\small\bd\bdf2d320.jpg,Android Phone,Smartphones,699.99,A high-quality android phone — smartphones product with excellent build quality and modern design.,/abo-images-small (1)/images/small/bd/bdf2d320.jpg
D:\FYP Project\fypapp\abo-images-small (1)\images\small\df\df7e7d42.jpg,Kitchen Appliance,Appliances,129.99,A high-quality kitchen appliance — appliances product with excellent build quality and modern design.,/abo-images-small (1)/images/small/df/df7e7d42.jpg
D:\FYP Project\fypapp\abo-images-small (1)\images\small\69\69be86d0.jpg,Running Shoes,Shoes,89.99,A high-quality running shoes — shoes product with excellent build quality and modern design.,/abo-images-small (1)/images/small/69/69be86d0.jpg
D:\FYP Project\fypapp\abo-images-small (1)\images\small\a9\a90ae7b0.jpg,Android Phone,Smartphones,699.99,A high-quality android phone — smartphones product with excellent build quality and modern design.,/abo-images-small (1)/images/small/a9/a90ae7b0.jpg
D:\FYP Project\fypapp\abo-images-small (1)\images\small\ef\effa6f82.jpg,Dining Table,Tables,299.99,A high-quality dining table — tables product with excellent build quality and modern design.,/abo-images-small (1)/images/small/ef/effa6f82.jpg
D:\FYP Project\fypapp\abo-images-small (1)\images\small\8d\8db98592.jpg,Mobile Phone,Smartphones,699.99,A high-quality mobile phone — smartphones product with excellent build quality and modern design.,/abo-images-small (1)/images/small/8d/8db98592.jpg
D:\FYP Project\fypapp\abo-images-small (1)\images\small\68\682a456b.jpg,Cooking Pot,Cookware,89.99,A high-quality cooking pot — cookware product with excellent build quality and modern design.,/abo-images-small (1)/images/small/68/682a456b.jpg
D:\FYP Project\fypapp\abo-images-small (1)\images\small\18\1898cc78.jpg,Smartphone,Smartphones,699.99,A high-quality smartphone — smartphones product with excellent build quality and modern design.,/abo-images-small (1)/images/small/18/1898cc78.jpg
D:\FYP Project\fypapp\abo-images-small (1)\images\small\f1\f13a8619.jpg,Microwave,Appliances,129.99,A high-quality microwave — appliances product with excellent build quality and modern design.,/abo-images-small (1)/images/small/f1/f13a8619.jpg
D:\FYP Project\fypapp\abo-images-small (1)\images\small\14\1427aaa0.jpg,Casual Shoes,Shoes,89.99,A high-quality casual shoes — shoes product with excellent build quality and modern design.,/abo-images-small (1)/images/small/14/1427aaa0.jpg
D:\FYP Project\fypapp\abo-images-small (1)\images\small\37\375c90ca.jpg,Coffee Maker,Appliances,129.99,A high-quality coffee maker — appliances product with excellent build quality and modern design.,/abo-images-small (1)/images/small/37/375c90ca.jpg
D:\FYP Project\fypapp\abo-images-small (1)\images\small\98\98fac8a6.jpg,Kitchen Appliance,Appliances,129.99,A high-quality kitchen appliance — appliances product with excellent build quality and modern design.,/abo-images-small (1)/images/small/98/98fac8a6.jpg
D:\FYP Project\fypapp\abo-images-small (1)\images\small\90\90f06348.jpg,Winter Coat,Jackets,119.99,A high-quality winter coat — jackets product with excellent build quality and modern design.,/abo-images-small (1)/images/small/90/90f06348.jpg
D:\FYP Project\fypapp\abo-images-small (1)\images\small\a9\a97c367c.jpg,Android Phone,Smartphones,699.99,A high-quality android phone — smartphones product with excellent build quality and modern design.,/abo-images-small (1)/images/small/a9/a97c367c.jpg
D:\FYP Project\fypapp\abo-images-small (1)\images\small\a1\a1b5ef93.jpg,iPhone,Smartphones,699.99,A high-quality iphone — smartphones product with excellent build quality and modern design.,/abo-images-small (1)/images/small/a1/a1b5ef93.jpg
D:\FYP Project\fypapp\abo-images-small (1)\images\small\48\48ab5987.jpg,Smartphone,Smartphones,699.99,A high-quality smartphone — smartphones product with excellent build quality and modern design.,/abo-images-small (1)/images/small/48/48ab5987.jpg
D:\FYP Project\fypapp\abo-images-small (1)\images\small\77\77ab2952.jpg,Non-Stick Pan,Cookware,89.99,A high-quality non-stick pan — cookware product with excellent build quality and modern design.,/abo-images-small (1)/images/small/77/77ab2952.jpg
D:\FYP Project\fypapp\abo-images-small (1)\images\small\30\30844b00.jpg,Boots,Shoes,89.99,A high-quality boots — shoes product with excellent build quality and modern design.,/abo-images-small (1)/images/small/30/30844b00.jpg
D:\FYP Project\fypapp\abo-images-small (1)\images\small\6d\6d42f352.jpg,T-Shirt,Shirts,39.99,A high-quality t-shirt — shirts product with excellent build quality and modern design.,/abo-images-small (1)/images/small/6d/6d42f352.jpg
D:\FYP Project\fypapp\abo-images-small (1)\images\small\fb\fb695b40.jpg,Hiking Gear,Outdoors,149.99,A high-quality hiking gear — outdoors product with excellent build quality and modern design.,/abo-images-small (1)/images/small/fb/fb695b40.jpg
D:\FYP Project\fypapp\abo-images-small (1)\images\small\6f\6f86e5c6.jpg,Sectional Sofa,Sofas,799.99,A high-quality sectional sofa — sofas product with excellent build quality and modern design.,/abo-images-small (1)/images/small/6f/6f86e5c6.jpg
D:\FYP Project\fypapp\abo-images-small (1)\images\small\79\79733a0a.jpg,Coffee Maker,Appliances,129.99,A high-quality coffee maker — appliances product with excellent build quality and modern design.,/abo-images-small (1)/images/small/79/79733a0a.jpg
D:\FYP Project\fypapp\abo-images-small (1)\images\small\8b\8b48d570.jpg,Office Chair,Chairs,199.99,A high-quality office chair — chairs product with excellent build quality and modern design.,/abo-images-small (1)/images/small/8b/8b48d570.jpg
D:\FYP Project\fypapp\abo-images-small (1)\images\small\2c\2c20f2db.jpg,Wireless Earbuds,Headphones,149.99,A high-quality wireless earbuds — headphones product with excellent build quality and modern design.,/abo-images-small (1)/images/small/2c/2c20f2db.jpg
D:\FYP Project\fypapp\abo-images-small (1)\images\small\81\81d2a860.jpg,Android Phone,Smartphones,699.99,A high-quality android phone — smartphones product with excellent build quality and modern design.,/abo-images-small (1)/images/small/81/81d2a860.jpg
D:\FYP Project\fypapp\abo-images-small (1)\images\small\b3\b3c47011.jpg,iPhone,Smartphones,699.99,A high-quality iphone — smartphones product with excellent build quality and modern design.,/abo-images-small (1)/images/small/b3/b3c47011.jpg
D:\FYP Project\fypapp\abo-images-small (1)\images\small\c3\c34ff8c4.jpg,Cookware Set,Cookware,89.99,A high-quality cookware set — cookware product with excellent build quality and modern design.,/abo-images-small (1)/images/small/c3/c34ff8c4.jpg
D:\FYP Project\fypapp\abo-images-small (1)\images\small\6f\6f75f035.jpg,Android Phone,Smartphones,699.99,A high-quality android phone — smartphones product with excellent build quality and modern design.,/abo-images-small (1)/images/small/6f/6f75f035.jpg
D:\FYP Project\fypapp\abo-images-small (1)\images\small\55\5561d764.jpg,Android Tablet,Tablets,449.99,A high-quality android tablet — tablets product with excellent build quality and modern design.,/abo-images-small (1)/images/small/55/5561d764.jpg
D:\FYP Project\fypapp\abo-images-small (1)\images\small\a2\a26bac64.jpg,Smartphone,Smartphones,699.99,A high-quality smartphone — smartphones product with excellent build quality and modern design.,/abo-images-small (1)/images/small/a2/a26bac64.jpg
D:\FYP Project\fypapp\abo-images-small (1)\images\small\29\2958ff18.jpg,Non-Stick Pan,Cookware,89.99,A high-quality non-stick pan — cookware product with excellent build quality and modern design.,/abo-images-small (1)/images/small/29/2958ff18.jpg
D:\FYP Project\fypapp\abo-images-small (1)\images\small\9c\9cb58365.jpg,Boots,Shoes,89.99,A high-quality boots — shoes product with excellent build quality and modern design.,/abo-images-small (1)/images/small/9c/9cb58365.jpg
D:\FYP Project\fypapp\abo-images-small (1)\images\small\57\5775b051.jpg,Smartphone,Smartphones,699.99,A high-quality smartphone — smartphones product with excellent build quality and modern design.,/abo-images-small (1)/images/small/57/5775b051.jpg
D:\FYP Project\fypapp\abo-images-small (1)\images\small\2f\2f89cb4d.jpg,Microwave,Appliances,129.99,A high-quality microwave — appliances product with excellent build quality and modern design.,/abo-images-small (1)/images/small/2f/2f89cb4d.jpg
D:\FYP Project\fypapp\abo-images-small (1)\images\small\20\20b7e0ee.jpg,Sectional Sofa,Sofas,799.99,A high-quality sectional sofa — sofas product with excellent build quality and modern design.,/abo-images-small (1)/images/small/20/20b7e0ee.jpg
D:\FYP Project\fypapp\abo-images-small (1)\images\small\11\1102494f.jpg,Exercise Gear,Sports,34.99,A high-quality exercise gear — sports product with excellent build quality and modern design.,/abo-images-small (1)/images/small/11/1102494f.jpg
D:\FYP Project\fypapp\abo-images-small (1)\images\small\65\65bcfb44.jpg,Bed Frame,Beds,499.99,A high-quality bed frame — beds product with excellent build quality and modern design.,/abo-images-small (1)/images/small/65/65bcfb44.jpg
D:\FYP Project\fypapp\abo-images-small (1)\images\small\86\8664968e.jpg,Couch,Sofas,799.99,A high-quality couch — sofas product with excellent build quality and modern design.,/abo-images-small (1)/images/small/86/8664968e.jpg
D:\FYP Project\fypapp\abo-images-small (1)\images\small\d5\d5826269.jpg,Puffer Jacket,Jackets,119.99,A high-quality puffer jacket — jackets product with excellent build quality and modern design.,/abo-images-small (1)/images/small/d5/d5826269.jpg
D:\FYP Project\fypapp\abo-images-small (1)\images\small\91\91c71adf.jpg,Android Tablet,Tablets,449.99,A high-quality android tablet — tablets product with excellent build quality and modern design.,/abo-images-small (1)/images/small/91/91c71adf.jpg
D:\FYP Project\fypapp\abo-images-small (1)\images\small\57\579359c6.jpg,Kitchen Appliance,Appliances,129.99,A high-quality kitchen appliance — appliances product with excellent build quality and modern design.,/abo-images-small (1)/images/small/57/579359c6.jpg
D:\FYP Project\fypapp\abo-images-small (1)\images\small\37\37e84848.jpg,Ceramic Plates,Dinnerware,49.99,A high-quality ceramic plates — dinnerware product with excellent build quality and modern design.,/abo-images-small (1)/images/small/37/37e84848.jpg
D:\FYP Project\fypapp\abo-images-small (1)\images\small\72\725cc96d.jpg,Digital Tablet,Tablets,449.99,A high-quality digital tablet — tablets product with excellent build quality and modern design.,/abo-images-small (1)/images/small/72/725cc96d.jpg
D:\FYP Project\fypapp\abo-images-small (1)\images\small\c8\c8c8ca57.jpg,Coffee Maker,Appliances,129.99,A high-quality coffee maker — appliances product with excellent build quality and modern design.,/abo-images-small (1)/images/small/c8/c8c8ca57.jpg
D:\FYP Project\fypapp\abo-images-small (1)\images\small\fc\fc628f40.jpg,Dining Table,Tables,299.99,A high-quality dining table — tables product with excellent build quality and modern design.,/abo-images-small (1)/images/small/fc/fc628f40.jpg
D:\FYP Project\fypapp\abo-images-small (1)\images\small\42\42f48bca.jpg,Over-Ear Headphones,Headphones,149.99,A high-quality over-ear headphones — headphones product with excellent build quality and modern design.,/abo-images-small (1)/images/small/42/42f48bca.jpg
D:\FYP Project\fypapp\abo-images-small (1)\images\small\37\37c91644.jpg,Exercise Gear,Sports,34.99,A high-quality exercise gear — sports product with excellent build quality and modern design.,/abo-images-small (1)/images/small/37/37c91644.jpg
D:\FYP Project\fypapp\abo-images-small (1)\images\small\ae\ae1cc9d4.jpg,Laptop,Laptops,899.99,A high-quality laptop — laptops product with excellent build quality and modern design.,/abo-images-small (1)/images/small/ae/ae1cc9d4.jpg
D:\FYP Project\fypapp\abo-images-small (1)\images\small\b3\b3add1e5.jpg,Mobile Phone,Smartphones,699.99,A high-quality mobile phone — smartphones product with excellent build quality and modern design.,/abo-images-small (1)/images/small/b3/b3add1e5.jpg
D:\FYP Project\fypapp\abo-images-small (1)\images\small\a2\a288509c.jpg,Digital Tablet,Tablets,449.99,A high-quality digital tablet — tablets product with excellent build quality and modern design.,/abo-images-small (1)/images/small/a2/a288509c.jpg
D:\FYP Project\fypapp\abo-images-small (1)\images\small\ad\adcd09b1.jpg,Running Shoes,Shoes,89.99,A high-quality running shoes — shoes product with excellent build quality and modern design.,/abo-images-small (1)/images/small/ad/adcd09b1.jpg
D:\FYP Project\fypapp\abo-images-small (1)\images\small\07\07e768ce.jpg,Android Phone,Smartphones,699.99,A high-quality android phone — smartphones product with excellent build quality and modern design.,/abo-images-small (1)/images/small/07/07e768ce.jpg
D:\FYP Project\fypapp\abo-images-small (1)\images\small\1e\1e704a9f.jpg,iPhone,Smartphones,699.99,A high-quality iphone — smartphones product with excellent build quality and modern design.,/abo-images-small (1)/images/small/1e/1e704a9f.jpg
D:\FYP Project\fypapp\abo-images-small (1)\images\small\89\8968ab2b.jpg,Dining Table,Tables,299.99,A high-quality dining table — tables product with excellent build quality and modern design.,/abo-images-small (1)/images/small/89/8968ab2b.jpg
D:\FYP Project\fypapp\abo-images-small (1)\images\small\b0\b087bfc1.jpg,Mobile Phone,Smartphones,699.99,A high-quality mobile phone — smartphones product with excellent build quality and modern design.,/abo-images-small (1)/images/small/b0/b087bfc1.jpg
D:\FYP Project\fypapp\abo-images-small (1)\images\small\9f\9f3c601d.jpg,Puffer Jacket,Jackets,119.99,A high-quality puffer jacket — jackets product with excellent build quality and modern design.,/abo-images-small (1)/images/small/9f/9f3c601d.jpg
D:\FYP Project\fypapp\abo-images-small (1)\images\small\55\5506bf19.jpg,iPhone,Smartphones,699.99,A high-quality iphone — smartphones product with excellent build quality and modern design.,/abo-images-small (1)/images/small/55/5506bf19.jpg
D:\FYP Project\fypapp\abo-images-small (1)\images\small\4c\4c610ab9.jpg,Dinnerware Set,Dinnerware,49.99,A high-quality dinnerware set — dinnerware product with excellent build quality and modern design.,/abo-images-small (1)/images/small/4c/4c610ab9.jpg
D:\FYP Project\fypapp\abo-images-small (1)\images\small\7b\7be8cd00.jpg,Side Table,Tables,299.99,A high-quality side table — tables product with excellent build quality and modern design.,/abo-images-small (1)/images/small/7b/7be8cd00.jpg
D:\FYP Project\fypapp\abo-images-small (1)\images\small\10\10626494.jpg,iPhone,Smartphones,699.99,A high-quality iphone — smartphones product with excellent build quality and modern design.,/abo-images-small (1)/images/small/10/10626494.jpg
D:\FYP Project\fypapp\abo-images-small (1)\images\small\10\10fcddd8.jpg,Smartphone,Smartphones,699.99,A high-quality smartphone — smartphones product with excellent build quality and modern design.,/abo-images-small (1)/images/small/10/10fcddd8.jpg
D:\FYP Project\fypapp\abo-images-small (1)\images\small\62\62c05ec4.jpg,Coffee Table,Tables,299.99,A high-quality coffee table — tables product with excellent build quality and modern design.,/abo-images-small (1)/images/small/62/62c05ec4.jpg
D:\FYP Project\fypapp\abo-images-small (1)\images\small\ac\acf8f5af.jpg,Accent Chair,Chairs,199.99,A high-quality accent chair — chairs product with excellent build quality and modern design.,/abo-images-small (1)/images/small/ac/acf8f5af.jpg
D:\FYP Project\fypapp\abo-images-small (1)\images\small\cf\cf78ff6c.jpg,iPhone,Smartphones,699.99,A high-quality iphone — smartphones product with excellent build quality and modern design.,/abo-images-small (1)/images/small/cf/cf78ff6c.jpg
D:\FYP Project\fypapp\abo-images-small (1)\images\small\e3\e3ad868e.jpg,Sofa,Sofas,799.99,A high-quality sofa — sofas product with excellent build quality and modern design.,/abo-images-small (1)/images/small/e3/e3ad868e.jpg
D:\FYP Project\fypapp\abo-images-small (1)\images\small\e9\e9b8242f.jpg,Resistance Bands,Sports,34.99,A high-quality resistance bands — sports product with excellent build quality and modern design.,/abo-images-small (1)/images/small/e9/e9b8242f.jpg
D:\FYP Project\fypapp\abo-images-small (1)\images\small\a4\a4d2da94.jpg,Android Phone,Smartphones,699.99,A high-quality android phone — smartphones product with excellent build quality and modern design.,/abo-images-small (1)/images/small/a4/a4d2da94.jpg
D:\FYP Project\fypapp\abo-images-small (1)\images\small\64\6440cba2.jpg,Mug Set,Dinnerware,49.99,A high-quality mug set — dinnerware product with excellent build quality and modern design.,/abo-images-small (1)/images/small/64/6440cba2.jpg
D:\FYP Project\fypapp\abo-images-small (1)\images\small\24\244fc475.jpg,Android Phone,Smartphones,699.99,A high-quality android phone — smartphones product with excellent build quality and modern design.,/abo-images-small (1)/images/small/24/244fc475.jpg
D:\FYP Project\fypapp\abo-images-small (1)\images\small\96\961a7087.jpg,Android Tablet,Tablets,449.99,A high-quality android tablet — tablets product with excellent build quality and modern design.,/abo-images-small (1)/images/small/96/961a7087.jpg
D:\FYP Project\fypapp\abo-images-small (1)\images\small\ff\ff8c9844.jpg,Summer Dress,Dresses,59.99,A high-quality summer dress — dresses product with excellent build quality and modern design.,/abo-images-small (1)/images/small/ff/ff8c9844.jpg
D:\FYP Project\fypapp\abo-images-small (1)\images\small\80\803b98a7.jpg,Casual Top,Shirts,39.99,A high-quality casual top — shirts product with excellent build quality and modern design.,/abo-images-small (1)/images/small/80/803b98a7.jpg
D:\FYP Project\fypapp\abo-images-small (1)\images\small\8c\8cc44e25.jpg,Smartphone,Smartphones,699.99,A high-quality smartphone — smartphones product with excellent build quality and modern design.,/abo-images-small (1)/images/small/8c/8cc44e25.jpg
D:\FYP Project\fypapp\abo-images-small (1)\images\small\df\df36f4c1.jpg,Mobile Phone,Smartphones,699.99,A high-quality mobile phone — smartphones product with excellent build quality and modern design.,/abo-images-small (1)/images/small/df/df36f4c1.jpg
D:\FYP Project\fypapp\abo-images-small (1)\images\small\24\24f54a86.jpg,Android Phone,Smartphones,699.99,A high-quality android phone — smartphones product with excellent build quality and modern design.,/abo-images-small (1)/images/small/24/24f54a86.jpg
D:\FYP Project\fypapp\abo-images-small (1)\images\small\09\091cf55c.jpg,iPhone,Smartphones,699.99,A high-quality iphone — smartphones product with excellent build quality and modern design.,/abo-images-small (1)/images/small/09/091cf55c.jpg
D:\FYP Project\fypapp\abo-images-small (1)\images\small\5f\5fe180f5.jpg,Tablet,Tablets,449.99,A high-quality tablet — tablets product with excellent build quality and modern design.,/abo-images-small (1)/images/small/5f/5fe180f5.jpg
D:\FYP Project\fypapp\abo-images-small (1)\images\small\56\56415cbc.jpg,Mobile Phone,Smartphones,699.99,A high-quality mobile phone — smartphones product with excellent build quality and modern design.,/abo-images-small (1)/images/small/56/56415cbc.jpg
D:\FYP Project\fypapp\abo-images-small (1)\images\small\4f\4fd5687f.jpg,Android Phone,Smartphones,699.99,A high-quality android phone — smartphones product with excellent build quality and modern design.,/abo-images-small (1)/images/small/4f/4fd5687f.jpg
D:\FYP Project\fypapp\abo-images-small (1)\images\small\2f\2f33b656.jpg,Mug Set,Dinnerware,49.99,A high-quality mug set — dinnerware product with excellent build quality and modern design.,/abo-images-small (1)/images/small/2f/2f33b656.jpg
D:\FYP Project\fypapp\abo-images-small (1)\images\small\21\21d01a36.jpg,Smartphone,Smartphones,699.99,A high-quality smartphone — smartphones product with excellent build quality and modern design.,/abo-images-small (1)/images/small/21/21d01a36.jpg
D:\FYP Project\fypapp\abo-images-small (1)\images\small\bd\bde9f018.jpg,Accent Chair,Chairs,199.99,A high-quality accent chair — chairs product with excellent build quality and modern design.,/abo-images-small (1)/images/small/bd/bde9f018.jpg
D:\FYP Project\fypapp\abo-images-small (1)\images\small\ce\ce09f28b.jpg,Dinnerware Set,Dinnerware,49.99,A high-quality dinnerware set — dinnerware product with excellent build quality and modern design.,/abo-images-small (1)/images/small/ce/ce09f28b.jpg
D:\FYP Project\fypapp\abo-images-small (1)\images\small\0b\0b74f7f2.jpg,Sectional Sofa,Sofas,799.99,A high-quality sectional sofa — sofas product with excellent build quality and modern design.,/abo-images-small (1)/images/small/0b/0b74f7f2.jpg
D:\FYP Project\fypapp\abo-images-small (1)\images\small\0a\0ab00df2.jpg,Desk,Tables,299.99,A high-quality desk — tables product with excellent build quality and modern design.,/abo-images-small (1)/images/small/0a/0ab00df2.jpg
D:\FYP Project\fypapp\abo-images-small (1)\images\small\1f\1f262bc7.jpg,Headphones,Headphones,149.99,A high-quality headphones — headphones product with excellent build quality and modern design.,/abo-images-small (1)/images/small/1f/1f262bc7.jpg
D:\FYP Project\fypapp\abo-images-small (1)\images\small\4d\4df3fa6c.jpg,iPad,Tablets,449.99,A high-quality ipad — tablets product with excellent build quality and modern design.,/abo-images-small (1)/images/small/4d/4df3fa6c.jpg
D:\FYP Project\fypapp\abo-images-small (1)\images\small\52\529ebfd8.jpg,Cooking Pot,Cookware,89.99,A high-quality cooking pot — cookware product with excellent build quality and modern design.,/abo-images-small (1)/images/small/52/529ebfd8.jpg
D:\FYP Project\fypapp\abo-images-small (1)\images\small\b0\b07d37ba.jpg,Earphones,Headphones,149.99,A high-quality earphones — headphones product with excellent build quality and modern design.,/abo-images-small (1)/images/small/b0/b07d37ba.jpg
D:\FYP Project\fypapp\abo-images-small (1)\images\small\d1\d1d81a76.jpg,T-Shirt,Shirts,39.99,A high-quality t-shirt — shirts product with excellent build quality and modern design.,/abo-images-small (1)/images/small/d1/d1d81a76.jpg
D:\FYP Project\fypapp\abo-images-small (1)\images\small\09\09791d46.jpg,Mobile Phone,Smartphones,699.99,A high-quality mobile phone — smartphones product with excellent build quality and modern design.,/abo-images-small (1)/images/small/09/09791d46.jpg
D:\FYP Project\fypapp\abo-images-small (1)\images\small\c3\c34799b2.jpg,Digital Tablet,Tablets,449.99,A high-quality digital tablet — tablets product with excellent build quality and modern design.,/abo-images-small (1)/images/small/c3/c34799b2.jpg
D:\FYP Project\fypapp\abo-images-small (1)\images\small\45\459e5a61.jpg,Loveseat,Sofas,799.99,A high-quality loveseat — sofas product with excellent build quality and modern design.,/abo-images-small (1)/images/small/45/459e5a61.jpg
D:\FYP Project\fypapp\abo-images-small (1)\images\small\f9\f9b8f97e.jpg,Kitchen Appliance,Appliances,129.99,A high-quality kitchen appliance — appliances product with excellent build quality and modern design.,/abo-images-small (1)/images/small/f9/f9b8f97e.jpg
D:\FYP Project\fypapp\abo-images-small (1)\images\small\e2\e24d4ea1.jpg,Mobile Phone,Smartphones,699.99,A high-quality mobile phone — smartphones product with excellent build quality and modern design.,/abo-images-small (1)/images/small/e2/e24d4ea1.jpg
D:\FYP Project\fypapp\abo-images-small (1)\images\small\f5\f5430dda.jpg,Sectional Sofa,Sofas,799.99,A high-quality sectional sofa — sofas product with excellent build quality and modern design.,/abo-images-small (1)/images/small/f5/f5430dda.jpg
D:\FYP Project\fypapp\abo-images-small (1)\images\small\bd\bdd37511.jpg,Windbreaker,Jackets,119.99,A high-quality windbreaker — jackets product with excellent build quality and modern design.,/abo-images-small (1)/images/small/bd/bdd37511.jpg
D:\FYP Project\fypapp\abo-images-small (1)\images\small\92\925de9fb.jpg,Sneakers,Shoes,89.99,A high-quality sneakers — shoes product with excellent build quality and modern design.,/abo-images-small (1)/images/small/92/925de9fb.jpg
D:\FYP Project\fypapp\abo-images-small (1)\images\small\4e\4e722d0d.jpg,Dining Chair,Chairs,199.99,A high-quality dining chair — chairs product with excellent build quality and modern design.,/abo-images-small (1)/images/small/4e/4e722d0d.jpg
D:\FYP Project\fypapp\abo-images-small (1)\images\small\9c\9c81a7cf.jpg,Side Table,Tables,299.99,A high-quality side table — tables product with excellent build quality and modern design.,/abo-images-small (1)/images/small/9c/9c81a7cf.jpg
D:\FYP Project\fypapp\abo-images-small (1)\images\small\cd\cd2e7334.jpg,Mug Set,Dinnerware,49.99,A high-quality mug set — dinnerware product with excellent build quality and modern design.,/abo-images-small (1)/images/small/cd/cd2e7334.jpg
D:\FYP Project\fypapp\abo-images-small (1)\images\small\60\60ff9e88.jpg,Jacket,Jackets,119.99,A high-quality jacket — jackets product with excellent build quality and modern design.,/abo-images-small (1)/images/small/60/60ff9e88.jpg
D:\FYP Project\fypapp\abo-images-small (1)\images\small\02\02693459.jpg,Coffee Table,Tables,299.99,A high-quality coffee table — tables product with excellent build quality and modern design.,/abo-images-small (1)/images/small/02/02693459.jpg
D:\FYP Project\fypapp\abo-images-small (1)\images\small\37\37b176ab.jpg,Blender,Appliances,129.99,A high-quality blender — appliances product with excellent build quality and modern design.,/abo-images-small (1)/images/small/37/37b176ab.jpg
D:\FYP Project\fypapp\abo-images-small (1)\images\small\f3\f3d11c17.jpg,Skillet,Cookware,89.99,A high-quality skillet — cookware product with excellent build quality and modern design.,/abo-images-small (1)/images/small/f3/f3d11c17.jpg
D:\FYP Project\fypapp\abo-images-small (1)\images\small\93\934d2e24.jpg,Sofa,Sofas,799.99,A high-quality sofa — sofas product with excellent build quality and modern design.,/abo-images-small (1)/images/small/93/934d2e24.jpg
D:\FYP Project\fypapp\abo-images-small (1)\images\small\75\75a1d08f.jpg,Wireless Earbuds,Headphones,149.99,A high-quality wireless earbuds — headphones product with excellent build quality and modern design.,/abo-images-small (1)/images/small/75/75a1d08f.jpg
D:\FYP Project\fypapp\abo-images-small (1)\images\small\60\60fc4638.jpg,Over-Ear Headphones,Headphones,149.99,A high-quality over-ear headphones — headphones product with excellent build quality and modern design.,/abo-images-small (1)/images/small/60/60fc4638.jpg
D:\FYP Project\fypapp\abo-images-small (1)\images\small\36\367d7804.jpg,Exercise Gear,Sports,34.99,A high-quality exercise gear — sports product with excellent build quality and modern design.,/abo-images-small (1)/images/small/36/367d7804.jpg
D:\FYP Project\fypapp\abo-images-small (1)\images\small\4c\4cd99f8d.jpg,Jacket,Jackets,119.99,A high-quality jacket — jackets product with excellent build quality and modern design.,/abo-images-small (1)/images/small/4c/4cd99f8d.jpg
D:\FYP Project\fypapp\abo-images-small (1)\images\small\74\7465e425.jpg,Running Shoes,Shoes,89.99,A high-quality running shoes — shoes product with excellent build quality and modern design.,/abo-images-small (1)/images/small/74/7465e425.jpg
D:\FYP Project\fypapp\abo-images-small (1)\images\small\21\21c61f37.jpg,Casual Shoes,Shoes,89.99,A high-quality casual shoes — shoes product with excellent build quality and modern design.,/abo-images-small (1)/images/small/21/21c61f37.jpg
D:\FYP Project\fypapp\abo-images-small (1)\images\small\1e\1ed67865.jpg,iPhone,Smartphones,699.99,A high-quality iphone — smartphones product with excellent build quality and modern design.,/abo-images-small (1)/images/small/1e/1ed67865.jpg
D:\FYP Project\fypapp\abo-images-small (1)\images\small\83\83e82fdb.jpg,Smartphone,Smartphones,699.99,A high-quality smartphone — smartphones product with excellent build quality and modern design.,/abo-images-small (1)/images/small/83/83e82fdb.jpg
D:\FYP Project\fypapp\abo-images-small (1)\images\small\20\2025951f.jpg,Wireless Earbuds,Headphones,149.99,A high-quality wireless earbuds — headphones product with excellent build quality and modern design.,/abo-images-small (1)/images/small/20/2025951f.jpg
D:\FYP Project\fypapp\abo-images-small (1)\images\small\7c\7c1c5ac3.jpg,Android Phone,Smartphones,699.99,A high-quality android phone — smartphones product with excellent build quality and modern design.,/abo-images-small (1)/images/small/7c/7c1c5ac3.jpg
D:\FYP Project\fypapp\abo-images-small (1)\images\small\76\76ea2c44.jpg,Skillet,Cookware,89.99,A high-quality skillet — cookware product with excellent build quality and modern design.,/abo-images-small (1)/images/small/76/76ea2c44.jpg
D:\FYP Project\fypapp\abo-images-small (1)\images\small\d2\d22eb1a2.jpg,Cookware Set,Cookware,89.99,A high-quality cookware set — cookware product with excellent build quality and modern design.,/abo-images-small (1)/images/small/d2/d22eb1a2.jpg
D:\FYP Project\fypapp\abo-images-small (1)\images\small\5c\5c0ebc3e.jpg,Coffee Table,Tables,299.99,A high-quality coffee table — tables product with excellent build quality and modern design.,/abo-images-small (1)/images/small/5c/5c0ebc3e.jpg
D:\FYP Project\fypapp\abo-images-small (1)\images\small\0e\0e9d4438.jpg,Casual Shoes,Shoes,89.99,A high-quality casual shoes — shoes product with excellent build quality and modern design.,/abo-images-small (1)/images/small/0e/0e9d4438.jpg
D:\FYP Project\fypapp\abo-images-small (1)\images\small\9f\9f422abf.jpg,Boots,Shoes,89.99,A high-quality boots — shoes product with excellent build quality and modern design.,/abo-images-small (1)/images/small/9f/9f422abf.jpg
D:\FYP Project\fypapp\abo-images-small (1)\images\small\ba\ba43e424.jpg,Tablet,Tablets,449.99,A high-quality tablet — tablets product with excellent build quality and modern design.,/abo-images-small (1)/images/small/ba/ba43e424.jpg
D:\FYP Project\fypapp\abo-images-small (1)\images\small\29\2989c18e.jpg,Running Shoes,Shoes,89.99,A high-quality running shoes — shoes product with excellent build quality and modern design.,/abo-images-small (1)/images/small/29/2989c18e.jpg
D:\FYP Project\fypapp\abo-images-small (1)\images\small\1a\1ae4abca.jpg,Loveseat,Sofas,799.99,A high-quality loveseat — sofas product with excellent build quality and modern design.,/abo-images-small (1)/images/small/1a/1ae4abca.jpg
D:\FYP Project\fypapp\abo-images-small (1)\images\small\66\6601c5b0.jpg,Mobile Phone,Smartphones,699.99,A high-quality mobile phone — smartphones product with excellent build quality and modern design.,/abo-images-small (1)/images/small/66/6601c5b0.jpg
D:\FYP Project\fypapp\abo-images-small (1)\images\small\da\da667ae8.jpg,Android Phone,Smartphones,699.99,A high-quality android phone — smartphones product with excellent build quality and modern design.,/abo-images-small (1)/images/small/da/da667ae8.jpg
D:\FYP Project\fypapp\abo-images-small (1)\images\small\d6\d6b5563d.jpg,Android Tablet,Tablets,449.99,A high-quality android tablet — tablets product with excellent build quality and modern design.,/abo-images-small (1)/images/small/d6/d6b5563d.jpg
D:\FYP Project\fypapp\abo-images-small (1)\images\small\7c\7cd81f39.jpg,Yoga Mat,Sports,34.99,A high-quality yoga mat — sports product with excellent build quality and modern design.,/abo-images-small (1)/images/small/7c/7cd81f39.jpg
D:\FYP Project\fypapp\abo-images-small (1)\images\small\c8\c828133b.jpg,Mobile Phone,Smartphones,699.99,A high-quality mobile phone — smartphones product with excellent build quality and modern design.,/abo-images-small (1)/images/small/c8/c828133b.jpg
D:\FYP Project\fypapp\abo-images-small (1)\images\small\43\4351c8af.jpg,Cooking Pot,Cookware,89.99,A high-quality cooking pot — cookware product with excellent build quality and modern design.,/abo-images-small (1)/images/small/43/4351c8af.jpg
D:\FYP Project\fypapp\abo-images-small (1)\images\small\f6\f61a344d.jpg,Windbreaker,Jackets,119.99,A high-quality windbreaker — jackets product with excellent build quality and modern design.,/abo-images-small (1)/images/small/f6/f61a344d.jpg
D:\FYP Project\fypapp\abo-images-small (1)\images\small\17\17681bd0.jpg,Smartphone,Smartphones,699.99,A high-quality smartphone — smartphones product with excellent build quality and modern design.,/abo-images-small (1)/images/small/17/17681bd0.jpg
D:\FYP Project\fypapp\abo-images-small (1)\images\small\0f\0f88aaad.jpg,Dress Shirt,Shirts,39.99,A high-quality dress shirt — shirts product with excellent build quality and modern design.,/abo-images-small (1)/images/small/0f/0f88aaad.jpg
D:\FYP Project\fypapp\abo-images-small (1)\images\small\e6\e613b9eb.jpg,Side Table,Tables,299.99,A high-quality side table — tables product with excellent build quality and modern design.,/abo-images-small (1)/images/small/e6/e613b9eb.jpg
D:\FYP Project\fypapp\abo-images-small (1)\images\small\64\64930df0.jpg,Smartphone,Smartphones,699.99,A high-quality smartphone — smartphones product with excellent build quality and modern design.,/abo-images-small (1)/images/small/64/64930df0.jpg
D:\FYP Project\fypapp\abo-images-small (1)\images\small\1b\1b51f9a0.jpg,Mobile Phone,Smartphones,699.99,A high-quality mobile phone — smartphones product with excellent build quality and modern design.,/abo-images-small (1)/images/small/1b/1b51f9a0.jpg
D:\FYP Project\fypapp\abo-images-small (1)\images\small\52\52a3f07d.jpg,Digital Tablet,Tablets,449.99,A high-quality digital tablet — tablets product with excellent build quality and modern design.,/abo-images-small (1)/images/small/52/52a3f07d.jpg
D:\FYP Project\fypapp\abo-images-small (1)\images\small\21\215f2981.jpg,iPhone,Smartphones,699.99,A high-quality iphone — smartphones product with excellent build quality and modern design.,/abo-images-small (1)/images/small/21/215f2981.jpg
D:\FYP Project\fypapp\abo-images-small (1)\images\small\83\83e8d68f.jpg,Smartphone,Smartphones,699.99,A high-quality smartphone — smartphones product with excellent build quality and modern design.,/abo-images-small (1)/images/small/83/83e8d68f.jpg
D:\FYP Project\fypapp\abo-images-small (1)\images\small\60\60ff3ed0.jpg,Running Shoes,Shoes,89.99,A high-quality running shoes — shoes product with excellent build quality and modern design.,/abo-images-small (1)/images/small/60/60ff3ed0.jpg
D:\FYP Project\fypapp\abo-images-small (1)\images\small\9d\9d831870.jpg,Fitness Equipment,Sports,34.99,A high-quality fitness equipment — sports product with excellent build quality and modern design.,/abo-images-small (1)/images/small/9d/9d831870.jpg
D:\FYP Project\fypapp\abo-images-small (1)\images\small\dc\dcd52abb.jpg,iPhone,Smartphones,699.99,A high-quality iphone — smartphones product with excellent build quality and modern design.,/abo-images-small (1)/images/small/dc/dcd52abb.jpg
D:\FYP Project\fypapp\abo-images-small (1)\images\small\7e\7e0adae5.jpg,Sneakers,Shoes,89.99,A high-quality sneakers — shoes product with excellent build quality and modern design.,/abo-images-small (1)/images/small/7e/7e0adae5.jpg
D:\FYP Project\fypapp\abo-images-small (1)\images\small\7f\7fbc9061.jpg,Casual Shoes,Shoes,89.99,A high-quality casual shoes — shoes product with excellent build quality and modern design.,/abo-images-small (1)/images/small/7f/7fbc9061.jpg
D:\FYP Project\fypapp\abo-images-small (1)\images\small\4a\4adfbe65.jpg,Dining Table,Tables,299.99,A high-quality dining table — tables product with excellent build quality and modern design.,/abo-images-small (1)/images/small/4a/4adfbe65.jpg
D:\FYP Project\fypapp\abo-images-small (1)\images\small\e9\e91d5ae2.jpg,Running Shoes,Shoes,89.99,A high-quality running shoes — shoes product with excellent build quality and modern design.,/abo-images-small (1)/images/small/e9/e91d5ae2.jpg
D:\FYP Project\fypapp\abo-images-small (1)\images\small\5c\5cdddd04.jpg,Fitness Equipment,Sports,34.99,A high-quality fitness equipment — sports product with excellent build quality and modern design.,/abo-images-small (1)/images/small/5c/5cdddd04.jpg
D:\FYP Project\fypapp\abo-images-small (1)\images\small\f5\f56c1f45.jpg,Recliner,Chairs,199.99,A high-quality recliner — chairs product with excellent build quality and modern design.,/abo-images-small (1)/images/small/f5/f56c1f45.jpg
D:\FYP Project\fypapp\abo-images-small (1)\images\small\ef\ef913b41.jpg,Kitchen Appliance,Appliances,129.99,A high-quality kitchen appliance — appliances product with excellent build quality and modern design.,/abo-images-small (1)/images/small/ef/ef913b41.jpg
D:\FYP Project\fypapp\abo-images-small (1)\images\small\e1\e1d9d216.jpg,Wireless Earbuds,Headphones,149.99,A high-quality wireless earbuds — headphones product with excellent build quality and modern design.,/abo-images-small (1)/images/small/e1/e1d9d216.jpg
D:\FYP Project\fypapp\abo-images-small (1)\images\small\18\185b0162.jpg,Puffer Jacket,Jackets,119.99,A high-quality puffer jacket — jackets product with excellent build quality and modern design.,/abo-images-small (1)/images/small/18/185b0162.jpg
D:\FYP Project\fypapp\abo-images-small (1)\images\small\d4\d42a583e.jpg,Desk,Tables,299.99,A high-quality desk — tables product with excellent build quality and modern design.,/abo-images-small (1)/images/small/d4/d42a583e.jpg
D:\FYP Project\fypapp\abo-images-small (1)\images\small\dc\dcb32630.jpg,Tablet,Tablets,449.99,A high-quality tablet — tablets product with excellent build quality and modern design.,/abo-images-small (1)/images/small/dc/dcb32630.jpg
D:\FYP Project\fypapp\abo-images-small (1)\images\small\3b\3b3edf2a.jpg,Mobile Phone,Smartphones,699.99,A high-quality mobile phone — smartphones product with excellent build quality and modern design.,/abo-images-small (1)/images/small/3b/3b3edf2a.jpg
D:\FYP Project\fypapp\abo-images-small (1)\images\small\b9\b9aaa61d.jpg,Android Phone,Smartphones,699.99,A high-quality android phone — smartphones product with excellent build quality and modern design.,/abo-images-small (1)/images/small/b9/b9aaa61d.jpg
D:\FYP Project\fypapp\abo-images-small (1)\images\small\56\56377851.jpg,iPhone,Smartphones,699.99,A high-quality iphone — smartphones product with excellent build quality and modern design.,/abo-images-small (1)/images/small/56/56377851.jpg
D:\FYP Project\fypapp\abo-images-small (1)\images\small\38\38c7eb7d.jpg,Smartphone,Smartphones,699.99,A high-quality smartphone — smartphones product with excellent build quality and modern design.,/abo-images-small (1)/images/small/38/38c7eb7d.jpg
D:\FYP Project\fypapp\abo-images-small (1)\images\small\a0\a07e750c.jpg,Mobile Phone,Smartphones,699.99,A high-quality mobile phone — smartphones product with excellent build quality and modern design.,/abo-images-small (1)/images/small/a0/a07e750c.jpg
D:\FYP Project\fypapp\abo-images-small (1)\images\small\83\83d76bb5.jpg,Casual Shoes,Shoes,89.99,A high-quality casual shoes — shoes product with excellent build quality and modern design.,/abo-images-small (1)/images/small/83/83d76bb5.jpg
D:\FYP Project\fypapp\abo-images-small (1)\images\small\5e\5e214a14.jpg,iPhone,Smartphones,699.99,A high-quality iphone — smartphones product with excellent build quality and modern design.,/abo-images-small (1)/images/small/5e/5e214a14.jpg
D:\FYP Project\fypapp\abo-images-small (1)\images\small\df\df4738d9.jpg,Digital Camera,Cameras,549.99,A high-quality digital camera — cameras product with excellent build quality and modern design.,/abo-images-small (1)/images/small/df/df4738d9.jpg
D:\FYP Project\fypapp\abo-images-small (1)\images\small\c1\c1df565d.jpg,King Bed,Beds,499.99,A high-quality king bed — beds product with excellent build quality and modern design.,/abo-images-small (1)/images/small/c1/c1df565d.jpg
D:\FYP Project\fypapp\abo-images-small (1)\images\small\ef\efc4bb3c.jpg,Yoga Mat,Sports,34.99,A high-quality yoga mat — sports product with excellent build quality and modern design.,/abo-images-small (1)/images/small/ef/efc4bb3c.jpg
D:\FYP Project\fypapp\abo-images-small (1)\images\small\6f\6f74b0fb.jpg,Dining Chair,Chairs,199.99,A high-quality dining chair — chairs product with excellent build quality and modern design.,/abo-images-small (1)/images/small/6f/6f74b0fb.jpg
D:\FYP Project\fypapp\abo-images-small (1)\images\small\12\12f92f74.jpg,Casual Shoes,Shoes,89.99,A high-quality casual shoes — shoes product with excellent build quality and modern design.,/abo-images-small (1)/images/small/12/12f92f74.jpg
D:\FYP Project\fypapp\abo-images-small (1)\images\small\51\516a12d7.jpg,Denim Pants,Jeans,69.99,A high-quality denim pants — jeans product with excellent build quality and modern design.,/abo-images-small (1)/images/small/51/516a12d7.jpg
D:\FYP Project\fypapp\abo-images-small (1)\images\small\0b\0b7f5900.jpg,Bed Frame,Beds,499.99,A high-quality bed frame — beds product with excellent build quality and modern design.,/abo-images-small (1)/images/small/0b/0b7f5900.jpg
D:\FYP Project\fypapp\abo-images-small (1)\images\small\6d\6d00dc87.jpg,Mobile Phone,Smartphones,699.99,A high-quality mobile phone — smartphones product with excellent build quality and modern design.,/abo-images-small (1)/images/small/6d/6d00dc87.jpg
D:\FYP Project\fypapp\abo-images-small (1)\images\small\8b\8bc9acb6.jpg,Android Phone,Smartphones,699.99,A high-quality android phone — smartphones product with excellent build quality and modern design.,/abo-images-small (1)/images/small/8b/8bc9acb6.jpg
D:\FYP Project\fypapp\abo-images-small (1)\images\small\5d\5d0f6676.jpg,iPhone,Smartphones,699.99,A high-quality iphone — smartphones product with excellent build quality and modern design.,/abo-images-small (1)/images/small/5d/5d0f6676.jpg
D:\FYP Project\fypapp\abo-images-small (1)\images\small\16\16472ef2.jpg,Smartphone,Smartphones,699.99,A high-quality smartphone — smartphones product with excellent build quality and modern design.,/abo-images-small (1)/images/small/16/16472ef2.jpg
D:\FYP Project\fypapp\abo-images-small (1)\images\small\4b\4b5e8c39.jpg,Resistance Bands,Sports,34.99,A high-quality resistance bands — sports product with excellent build quality and modern design.,/abo-images-small (1)/images/small/4b/4b5e8c39.jpg
D:\FYP Project\fypapp\abo-images-small (1)\images\small\fa\fa1e9e7c.jpg,iPhone,Smartphones,699.99,A high-quality iphone — smartphones product with excellent build quality and modern design.,/abo-images-small (1)/images/small/fa/fa1e9e7c.jpg
D:\FYP Project\fypapp\abo-images-small (1)\images\small\6c\6cd58e78.jpg,Sneakers,Shoes,89.99,A high-quality sneakers — shoes product with excellent build quality and modern design.,/abo-images-small (1)/images/small/6c/6cd58e78.jpg
D:\FYP Project\fypapp\abo-images-small (1)\images\small\4b\4bcac3b7.jpg,Mobile Phone,Smartphones,699.99,A high-quality mobile phone — smartphones product with excellent build quality and modern design.,/abo-images-small (1)/images/small/4b/4bcac3b7.jpg
D:\FYP Project\fypapp\abo-images-small (1)\images\small\e4\e41dfc5b.jpg,Sectional Sofa,Sofas,799.99,A high-quality sectional sofa — sofas product with excellent build quality and modern design.,/abo-images-small (1)/images/small/e4/e41dfc5b.jpg
D:\FYP Project\fypapp\abo-images-small (1)\images\small\ae\ae473d7f.jpg,Loveseat,Sofas,799.99,A high-quality loveseat — sofas product with excellent build quality and modern design.,/abo-images-small (1)/images/small/ae/ae473d7f.jpg
D:\FYP Project\fypapp\abo-images-small (1)\images\small\89\898e77a8.jpg,Tablet,Tablets,449.99,A high-quality tablet — tablets product with excellent build quality and modern design.,/abo-images-small (1)/images/small/89/898e77a8.jpg
D:\FYP Project\fypapp\abo-images-small (1)\images\small\e0\e081555a.jpg,Running Shoes,Shoes,89.99,A high-quality running shoes — shoes product with excellent build quality and modern design.,/abo-images-small (1)/images/small/e0/e081555a.jpg
D:\FYP Project\fypapp\abo-images-small (1)\images\small\9f\9f1dfaf8.jpg,Android Phone,Smartphones,699.99,A high-quality android phone — smartphones product with excellent build quality and modern design.,/abo-images-small (1)/images/small/9f/9f1dfaf8.jpg
D:\FYP Project\fypapp\abo-images-small (1)\images\small\30\304b8361.jpg,iPhone,Smartphones,699.99,A high-quality iphone — smartphones product with excellent build quality and modern design.,/abo-images-small (1)/images/small/30/304b8361.jpg
D:\FYP Project\fypapp\abo-images-small (1)\images\small\5c\5c277ecc.jpg,Jeans,Jeans,69.99,A high-quality jeans — jeans product with excellent build quality and modern design.,/abo-images-small (1)/images/small/5c/5c277ecc.jpg
D:\FYP Project\fypapp\abo-images-small (1)\images\small\56\569e130f.jpg,Digital Tablet,Tablets,449.99,A high-quality digital tablet — tablets product with excellent build quality and modern design.,/abo-images-small (1)/images/small/56/569e130f.jpg
D:\FYP Project\fypapp\abo-images-small (1)\images\small\bb\bb4ec5cd.jpg,Yoga Mat,Sports,34.99,A high-quality yoga mat — sports product with excellent build quality and modern design.,/abo-images-small (1)/images/small/bb/bb4ec5cd.jpg
D:\FYP Project\fypapp\abo-images-small (1)\images\small\5b\5b5fc4f7.jpg,Mobile Phone,Smartphones,699.99,A high-quality mobile phone — smartphones product with excellent build quality and modern design.,/abo-images-small (1)/images/small/5b/5b5fc4f7.jpg
D:\FYP Project\fypapp\abo-images-small (1)\images\small\cb\cb00344e.jpg,Cooking Pot,Cookware,89.99,A high-quality cooking pot — cookware product with excellent build quality and modern design.,/abo-images-small (1)/images/small/cb/cb00344e.jpg
D:\FYP Project\fypapp\abo-images-small (1)\images\small\ca\caa6e30f.jpg,Yoga Mat,Sports,34.99,A high-quality yoga mat — sports product with excellent build quality and modern design.,/abo-images-small (1)/images/small/ca/caa6e30f.jpg
D:\FYP Project\fypapp\abo-images-small (1)\images\small\8b\8b08adaa.jpg,Mobile Phone,Smartphones,699.99,A high-quality mobile phone — smartphones product with excellent build quality and modern design.,/abo-images-small (1)/images/small/8b/8b08adaa.jpg
D:\FYP Project\fypapp\abo-images-small (1)\images\small\7c\7cf333f5.jpg,Android Phone,Smartphones,699.99,A high-quality android phone — smartphones product with excellent build quality and modern design.,/abo-images-small (1)/images/small/7c/7cf333f5.jpg
D:\FYP Project\fypapp\abo-images-small (1)\images\small\4e\4e19cdd2.jpg,Android Tablet,Tablets,449.99,A high-quality android tablet — tablets product with excellent build quality and modern design.,/abo-images-small (1)/images/small/4e/4e19cdd2.jpg
D:\FYP Project\fypapp\abo-images-small (1)\images\small\2e\2eed0c77.jpg,Digital Camera,Cameras,549.99,A high-quality digital camera — cameras product with excellent build quality and modern design.,/abo-images-small (1)/images/small/2e/2eed0c77.jpg
D:\FYP Project\fypapp\abo-images-small (1)\images\small\b2\b21665fc.jpg,Mobile Phone,Smartphones,699.99,A high-quality mobile phone — smartphones product with excellent build quality and modern design.,/abo-images-small (1)/images/small/b2/b21665fc.jpg
D:\FYP Project\fypapp\abo-images-small (1)\images\small\0f\0fc52bcb.jpg,Smartphone,Smartphones,699.99,A high-quality smartphone — smartphones product with excellent build quality and modern design.,/abo-images-small (1)/images/small/0f/0fc52bcb.jpg
D:\FYP Project\fypapp\abo-images-small (1)\images\small\24\242d1b1b.jpg,Couch,Sofas,799.99,A high-quality couch — sofas product with excellent build quality and modern design.,/abo-images-small (1)/images/small/24/242d1b1b.jpg
D:\FYP Project\fypapp\abo-images-small (1)\images\small\34\3460874b.jpg,Sectional Sofa,Sofas,799.99,A high-quality sectional sofa — sofas product with excellent build quality and modern design.,/abo-images-small (1)/images/small/34/3460874b.jpg
D:\FYP Project\fypapp\abo-images-small (1)\images\small\d9\d9c27cf2.jpg,Desk,Tables,299.99,A high-quality desk — tables product with excellent build quality and modern design.,/abo-images-small (1)/images/small/d9/d9c27cf2.jpg
D:\FYP Project\fypapp\abo-images-small (1)\images\small\37\37d2c4ce.jpg,Dress,Dresses,59.99,A high-quality dress — dresses product with excellent build quality and modern design.,/abo-images-small (1)/images/small/37/37d2c4ce.jpg
D:\FYP Project\fypapp\abo-images-small (1)\images\small\ee\ee9c4544.jpg,Microwave,Appliances,129.99,A high-quality microwave — appliances product with excellent build quality and modern design.,/abo-images-small (1)/images/small/ee/ee9c4544.jpg
D:\FYP Project\fypapp\abo-images-small (1)\images\small\93\9317cf95.jpg,Mirrorless Camera,Cameras,549.99,A high-quality mirrorless camera — cameras product with excellent build quality and modern design.,/abo-images-small (1)/images/small/93/9317cf95.jpg
D:\FYP Project\fypapp\abo-images-small (1)\images\small\cf\cfe2e752.jpg,Exercise Gear,Sports,34.99,A high-quality exercise gear — sports product with excellent build quality and modern design.,/abo-images-small (1)/images/small/cf/cfe2e752.jpg
D:\FYP Project\fypapp\abo-images-small (1)\images\small\15\15782887.jpg,Smartphone,Smartphones,699.99,A high-quality smartphone — smartphones product with excellent build quality and modern design.,/abo-images-small (1)/images/small/15/15782887.jpg
D:\FYP Project\fypapp\abo-images-small (1)\images\small\86\862031db.jpg,Microwave,Appliances,129.99,A high-quality microwave — appliances product with excellent build quality and modern design.,/abo-images-small (1)/images/small/86/862031db.jpg
D:\FYP Project\fypapp\abo-images-small (1)\images\small\84\84c2f269.jpg,Android Phone,Smartphones,699.99,A high-quality android phone — smartphones product with excellent build quality and modern design.,/abo-images-small (1)/images/small/84/84c2f269.jpg
D:\FYP Project\fypapp\abo-images-small (1)\images\small\cf\cfbe4df4.jpg,Loveseat,Sofas,799.99,A high-quality loveseat — sofas product with excellent build quality and modern design.,/abo-images-small (1)/images/small/cf/cfbe4df4.jpg
D:\FYP Project\fypapp\abo-images-small (1)\images\small\a2\a29056c0.jpg,Dinnerware Set,Dinnerware,49.99,A high-quality dinnerware set — dinnerware product with excellent build quality and modern design.,/abo-images-small (1)/images/small/a2/a29056c0.jpg
D:\FYP Project\fypapp\abo-images-small (1)\images\small\b8\b861a622.jpg,Mobile Phone,Smartphones,699.99,A high-quality mobile phone — smartphones product with excellent build quality and modern design.,/abo-images-small (1)/images/small/b8/b861a622.jpg
D:\FYP Project\fypapp\abo-images-small (1)\images\small\57\57f60d61.jpg,Digital Tablet,Tablets,449.99,A high-quality digital tablet — tablets product with excellent build quality and modern design.,/abo-images-small (1)/images/small/57/57f60d61.jpg
D:\FYP Project\fypapp\abo-images-small (1)\images\small\c0\c07e58e9.jpg,Exercise Gear,Sports,34.99,A high-quality exercise gear — sports product with excellent build quality and modern design.,/abo-images-small (1)/images/small/c0/c07e58e9.jpg
D:\FYP Project\fypapp\abo-images-small (1)\images\small\04\0440ad6f.jpg,Smartphone,Smartphones,699.99,A high-quality smartphone — smartphones product with excellent build quality and modern design.,/abo-images-small (1)/images/small/04/0440ad6f.jpg
D:\FYP Project\fypapp\abo-images-small (1)\images\small\ee\ee908a15.jpg,Mobile Phone,Smartphones,699.99,A high-quality mobile phone — smartphones product with excellent build quality and modern design.,/abo-images-small (1)/images/small/ee/ee908a15.jpg
D:\FYP Project\fypapp\abo-images-small (1)\images\small\26\2620e55e.jpg,Digital Tablet,Tablets,449.99,A high-quality digital tablet — tablets product with excellent build quality and modern design.,/abo-images-small (1)/images/small/26/2620e55e.jpg
D:\FYP Project\fypapp\abo-images-small (1)\images\small\ef\ef0032ab.jpg,Boots,Shoes,89.99,A high-quality boots — shoes product with excellent build quality and modern design.,/abo-images-small (1)/images/small/ef/ef0032ab.jpg
D:\FYP Project\fypapp\abo-images-small (1)\images\small\ba\ba9872cd.jpg,Dining Table,Tables,299.99,A high-quality dining table — tables product with excellent build quality and modern design.,/abo-images-small (1)/images/small/ba/ba9872cd.jpg
D:\FYP Project\fypapp\abo-images-small (1)\images\small\5c\5ccbdb3b.jpg,Running Shoes,Shoes,89.99,A high-quality running shoes — shoes product with excellent build quality and modern design.,/abo-images-small (1)/images/small/5c/5ccbdb3b.jpg
D:\FYP Project\fypapp\abo-images-small (1)\images\small\df\dfce8c84.jpg,Polo Shirt,Shirts,39.99,A high-quality polo shirt — shirts product with excellent build quality and modern design.,/abo-images-small (1)/images/small/df/dfce8c84.jpg
D:\FYP Project\fypapp\abo-images-small (1)\images\small\75\75986949.jpg,Loveseat,Sofas,799.99,A high-quality loveseat — sofas product with excellent build quality and modern design.,/abo-images-small (1)/images/small/75/75986949.jpg
D:\FYP Project\fypapp\abo-images-small (1)\images\small\25\2501c9f0.jpg,Smartphone,Smartphones,699.99,A high-quality smartphone — smartphones product with excellent build quality and modern design.,/abo-images-small (1)/images/small/25/2501c9f0.jpg
D:\FYP Project\fypapp\abo-images-small (1)\images\small\66\6620b14d.jpg,Coffee Table,Tables,299.99,A high-quality coffee table — tables product with excellent build quality and modern design.,/abo-images-small (1)/images/small/66/6620b14d.jpg
D:\FYP Project\fypapp\abo-images-small (1)\images\small\97\977ee002.jpg,Side Table,Tables,299.99,A high-quality side table — tables product with excellent build quality and modern design.,/abo-images-small (1)/images/small/97/977ee002.jpg
D:\FYP Project\fypapp\abo-images-small (1)\images\small\37\3736a50e.jpg,Denim Pants,Jeans,69.99,A high-quality denim pants — jeans product with excellent build quality and modern design.,/abo-images-small (1)/images/small/37/3736a50e.jpg
D:\FYP Project\fypapp\abo-images-small (1)\images\small\01\01421337.jpg,Winter Coat,Jackets,119.99,A high-quality winter coat — jackets product with excellent build quality and modern design.,/abo-images-small (1)/images/small/01/01421337.jpg
D:\FYP Project\fypapp\abo-images-small (1)\images\small\5b\5b9d1ff9.jpg,Accent Chair,Chairs,199.99,A high-quality accent chair — chairs product with excellent build quality and modern design.,/abo-images-small (1)/images/small/5b/5b9d1ff9.jpg
D:\FYP Project\fypapp\abo-images-small (1)\images\small\3d\3da190d7.jpg,Skillet,Cookware,89.99,A high-quality skillet — cookware product with excellent build quality and modern design.,/abo-images-small (1)/images/small/3d/3da190d7.jpg
D:\FYP Project\fypapp\abo-images-small (1)\images\small\b1\b1214080.jpg,Digital Camera,Cameras,549.99,A high-quality digital camera — cameras product with excellent build quality and modern design.,/abo-images-small (1)/images/small/b1/b1214080.jpg
D:\FYP Project\fypapp\abo-images-small (1)\images\small\22\22ee04d2.jpg,Resistance Bands,Sports,34.99,A high-quality resistance bands — sports product with excellent build quality and modern design.,/abo-images-small (1)/images/small/22/22ee04d2.jpg
D:\FYP Project\fypapp\abo-images-small (1)\images\small\d8\d8d76c9a.jpg,Puffer Jacket,Jackets,119.99,A high-quality puffer jacket — jackets product with excellent build quality and modern design.,/abo-images-small (1)/images/small/d8/d8d76c9a.jpg
D:\FYP Project\fypapp\abo-images-small (1)\images\small\67\679ad8c3.jpg,iPhone,Smartphones,699.99,A high-quality iphone — smartphones product with excellent build quality and modern design.,/abo-images-small (1)/images/small/67/679ad8c3.jpg
D:\FYP Project\fypapp\abo-images-small (1)\images\small\df\df124af2.jpg,Smartphone,Smartphones,699.99,A high-quality smartphone — smartphones product with excellent build quality and modern design.,/abo-images-small (1)/images/small/df/df124af2.jpg
D:\FYP Project\fypapp\abo-images-small (1)\images\small\f8\f842d2a5.jpg,Mobile Phone,Smartphones,699.99,A high-quality mobile phone — smartphones product with excellent build quality and modern design.,/abo-images-small (1)/images/small/f8/f842d2a5.jpg
D:\FYP Project\fypapp\abo-images-small (1)\images\small\d4\d4292bc0.jpg,Fitness Equipment,Sports,34.99,A high-quality fitness equipment — sports product with excellent build quality and modern design.,/abo-images-small (1)/images/small/d4/d4292bc0.jpg
D:\FYP Project\fypapp\abo-images-small (1)\images\small\45\45a54427.jpg,iPhone,Smartphones,699.99,A high-quality iphone — smartphones product with excellent build quality and modern design.,/abo-images-small (1)/images/small/45/45a54427.jpg
D:\FYP Project\fypapp\abo-images-small (1)\images\small\f9\f9b26c2e.jpg,Kitchen Appliance,Appliances,129.99,A high-quality kitchen appliance — appliances product with excellent build quality and modern design.,/abo-images-small (1)/images/small/f9/f9b26c2e.jpg
D:\FYP Project\fypapp\abo-images-small (1)\images\small\81\81979240.jpg,iPad,Tablets,449.99,A high-quality ipad — tablets product with excellent build quality and modern design.,/abo-images-small (1)/images/small/81/81979240.jpg
D:\FYP Project\fypapp\abo-images-small (1)\images\small\38\386ca445.jpg,Polo Shirt,Shirts,39.99,A high-quality polo shirt — shirts product with excellent build quality and modern design.,/abo-images-small (1)/images/small/38/386ca445.jpg
D:\FYP Project\fypapp\abo-images-small (1)\images\small\bb\bb6ed3b1.jpg,Skillet,Cookware,89.99,A high-quality skillet — cookware product with excellent build quality and modern design.,/abo-images-small (1)/images/small/bb/bb6ed3b1.jpg
D:\FYP Project\fypapp\abo-images-small (1)\images\small\b8\b8aef90e.jpg,Smartphone,Smartphones,699.99,A high-quality smartphone — smartphones product with excellent build quality and modern design.,/abo-images-small (1)/images/small/b8/b8aef90e.jpg
D:\FYP Project\fypapp\abo-images-small (1)\images\small\00\0034f9e9.jpg,Non-Stick Pan,Cookware,89.99,A high-quality non-stick pan — cookware product with excellent build quality and modern design.,/abo-images-small (1)/images/small/00/0034f9e9.jpg
D:\FYP Project\fypapp\abo-images-small (1)\images\small\d0\d0e2a473.jpg,Fitness Equipment,Sports,34.99,A high-quality fitness equipment — sports product with excellent build quality and modern design.,/abo-images-small (1)/images/small/d0/d0e2a473.jpg
D:\FYP Project\fypapp\abo-images-small (1)\images\small\6f\6f622ce2.jpg,Windbreaker,Jackets,119.99,A high-quality windbreaker — jackets product with excellent build quality and modern design.,/abo-images-small (1)/images/small/6f/6f622ce2.jpg
D:\FYP Project\fypapp\abo-images-small (1)\images\small\aa\aa84c610.jpg,Smartphone,Smartphones,699.99,A high-quality smartphone — smartphones product with excellent build quality and modern design.,/abo-images-small (1)/images/small/aa/aa84c610.jpg
D:\FYP Project\fypapp\abo-images-small (1)\images\small\07\072c5751.jpg,Coffee Table,Tables,299.99,A high-quality coffee table — tables product with excellent build quality and modern design.,/abo-images-small (1)/images/small/07/072c5751.jpg
D:\FYP Project\fypapp\abo-images-small (1)\images\small\25\2523f374.jpg,Cooking Pot,Cookware,89.99,A high-quality cooking pot — cookware product with excellent build quality and modern design.,/abo-images-small (1)/images/small/25/2523f374.jpg
D:\FYP Project\fypapp\abo-images-small (1)\images\small\6a\6aa396a8.jpg,Bed Frame,Beds,499.99,A high-quality bed frame — beds product with excellent build quality and modern design.,/abo-images-small (1)/images/small/6a/6aa396a8.jpg
D:\FYP Project\fypapp\abo-images-small (1)\images\small\54\54c62871.jpg,Mobile Phone,Smartphones,699.99,A high-quality mobile phone — smartphones product with excellent build quality and modern design.,/abo-images-small (1)/images/small/54/54c62871.jpg
D:\FYP Project\fypapp\abo-images-small (1)\images\small\55\55148cb3.jpg,Boots,Shoes,89.99,A high-quality boots — shoes product with excellent build quality and modern design.,/abo-images-small (1)/images/small/55/55148cb3.jpg
D:\FYP Project\fypapp\abo-images-small (1)\images\small\fc\fc4a810b.jpg,Mobile Phone,Smartphones,699.99,A high-quality mobile phone — smartphones product with excellent build quality and modern design.,/abo-images-small (1)/images/small/fc/fc4a810b.jpg
D:\FYP Project\fypapp\abo-images-small (1)\images\small\a9\a9692673.jpg,Skillet,Cookware,89.99,A high-quality skillet — cookware product with excellent build quality and modern design.,/abo-images-small (1)/images/small/a9/a9692673.jpg
D:\FYP Project\fypapp\abo-images-small (1)\images\small\17\1764750c.jpg,Cookware Set,Cookware,89.99,A high-quality cookware set — cookware product with excellent build quality and modern design.,/abo-images-small (1)/images/small/17/1764750c.jpg
D:\FYP Project\fypapp\abo-images-small (1)\images\small\b9\b921bd94.jpg,Mobile Phone,Smartphones,699.99,A high-quality mobile phone — smartphones product with excellent build quality and modern design.,/abo-images-small (1)/images/small/b9/b921bd94.jpg
D:\FYP Project\fypapp\abo-images-small (1)\images\small\29\29dd4362.jpg,Android Phone,Smartphones,699.99,A high-quality android phone — smartphones product with excellent build quality and modern design.,/abo-images-small (1)/images/small/29/29dd4362.jpg
D:\FYP Project\fypapp\abo-images-small (1)\images\small\e5\e5a1b509.jpg,Smartphone,Smartphones,699.99,A high-quality smartphone — smartphones product with excellent build quality and modern design.,/abo-images-small (1)/images/small/e5/e5a1b509.jpg
D:\FYP Project\fypapp\abo-images-small (1)\images\small\bf\bf3eb9f7.jpg,iPad,Tablets,449.99,A high-quality ipad — tablets product with excellent build quality and modern design.,/abo-images-small (1)/images/small/bf/bf3eb9f7.jpg
D:\FYP Project\fypapp\abo-images-small (1)\images\small\39\39690bd8.jpg,Android Phone,Smartphones,699.99,A high-quality android phone — smartphones product with excellent build quality and modern design.,/abo-images-small (1)/images/small/39/39690bd8.jpg
D:\FYP Project\fypapp\abo-images-small (1)\images\small\5c\5c393547.jpg,Windbreaker,Jackets,119.99,A high-quality windbreaker — jackets product with excellent build quality and modern design.,/abo-images-small (1)/images/small/5c/5c393547.jpg
D:\FYP Project\fypapp\abo-images-small (1)\images\small\b7\b7d230b2.jpg,Sofa,Sofas,799.99,A high-quality sofa — sofas product with excellent build quality and modern design.,/abo-images-small (1)/images/small/b7/b7d230b2.jpg
D:\FYP Project\fypapp\abo-images-small (1)\images\small\d3\d318623d.jpg,Hiking Gear,Outdoors,149.99,A high-quality hiking gear — outdoors product with excellent build quality and modern design.,/abo-images-small (1)/images/small/d3/d318623d.jpg
D:\FYP Project\fypapp\abo-images-small (1)\images\small\93\9361a0cf.jpg,Polo Shirt,Shirts,39.99,A high-quality polo shirt — shirts product with excellent build quality and modern design.,/abo-images-small (1)/images/small/93/9361a0cf.jpg
D:\FYP Project\fypapp\abo-images-small (1)\images\small\4b\4b892814.jpg,Mug Set,Dinnerware,49.99,A high-quality mug set — dinnerware product with excellent build quality and modern design.,/abo-images-small (1)/images/small/4b/4b892814.jpg
D:\FYP Project\fypapp\abo-images-small (1)\images\small\bb\bb5dc2da.jpg,Cookware Set,Cookware,89.99,A high-quality cookware set — cookware product with excellent build quality and modern design.,/abo-images-small (1)/images/small/bb/bb5dc2da.jpg
D:\FYP Project\fypapp\abo-images-small (1)\images\small\f1\f132d646.jpg,Mobile Phone,Smartphones,699.99,A high-quality mobile phone — smartphones product with excellent build quality and modern design.,/abo-images-small (1)/images/small/f1/f132d646.jpg
D:\FYP Project\fypapp\abo-images-small (1)\images\small\47\475d0675.jpg,Fitness Equipment,Sports,34.99,A high-quality fitness equipment — sports product with excellent build quality and modern design.,/abo-images-small (1)/images/small/47/475d0675.jpg
D:\FYP Project\fypapp\abo-images-small (1)\images\small\6b\6bb3c0ee.jpg,iPhone,Smartphones,699.99,A high-quality iphone — smartphones product with excellent build quality and modern design.,/abo-images-small (1)/images/small/6b/6bb3c0ee.jpg
D:\FYP Project\fypapp\abo-images-small (1)\images\small\8a\8ac9d2e4.jpg,Jacket,Jackets,119.99,A high-quality jacket — jackets product with excellent build quality and modern design.,/abo-images-small (1)/images/small/8a/8ac9d2e4.jpg
D:\FYP Project\fypapp\abo-images-small (1)\images\small\e9\e99fd1f9.jpg,Slim Jeans,Jeans,69.99,A high-quality slim jeans — jeans product with excellent build quality and modern design.,/abo-images-small (1)/images/small/e9/e99fd1f9.jpg
D:\FYP Project\fypapp\abo-images-small (1)\images\small\fe\fef84a47.jpg,Android Phone,Smartphones,699.99,A high-quality android phone — smartphones product with excellent build quality and modern design.,/abo-images-small (1)/images/small/fe/fef84a47.jpg
D:\FYP Project\fypapp\abo-images-small (1)\images\small\81\81430710.jpg,Platform Bed,Beds,499.99,A high-quality platform bed — beds product with excellent build quality and modern design.,/abo-images-small (1)/images/small/81/81430710.jpg
D:\FYP Project\fypapp\abo-images-small (1)\images\small\98\98726ef7.jpg,Bed Frame,Beds,499.99,A high-quality bed frame — beds product with excellent build quality and modern design.,/abo-images-small (1)/images/small/98/98726ef7.jpg
D:\FYP Project\fypapp\abo-images-small (1)\images\small\b4\b4ab6b37.jpg,Mobile Phone,Smartphones,699.99,A high-quality mobile phone — smartphones product with excellent build quality and modern design.,/abo-images-small (1)/images/small/b4/b4ab6b37.jpg
D:\FYP Project\fypapp\abo-images-small (1)\images\small\9d\9d24d4c2.jpg,Straight Jeans,Jeans,69.99,A high-quality straight jeans — jeans product with excellent build quality and modern design.,/abo-images-small (1)/images/small/9d/9d24d4c2.jpg
D:\FYP Project\fypapp\abo-images-small (1)\images\small\28\2879a4f6.jpg,iPhone,Smartphones,699.99,A high-quality iphone — smartphones product with excellent build quality and modern design.,/abo-images-small (1)/images/small/28/2879a4f6.jpg
D:\FYP Project\fypapp\abo-images-small (1)\images\small\56\56ef2de7.jpg,Bed Frame,Beds,499.99,A high-quality bed frame — beds product with excellent build quality and modern design.,/abo-images-small (1)/images/small/56/56ef2de7.jpg
D:\FYP Project\fypapp\abo-images-small (1)\images\small\50\5032eb3b.jpg,Mobile Phone,Smartphones,699.99,A high-quality mobile phone — smartphones product with excellent build quality and modern design.,/abo-images-small (1)/images/small/50/5032eb3b.jpg
D:\FYP Project\fypapp\abo-images-small (1)\images\small\15\15b24983.jpg,King Bed,Beds,499.99,A high-quality king bed — beds product with excellent build quality and modern design.,/abo-images-small (1)/images/small/15/15b24983.jpg
D:\FYP Project\fypapp\abo-images-small (1)\images\small\75\750700b9.jpg,Boots,Shoes,89.99,A high-quality boots — shoes product with excellent build quality and modern design.,/abo-images-small (1)/images/small/75/750700b9.jpg
D:\FYP Project\fypapp\abo-images-small (1)\images\small\cc\ccdf28b7.jpg,Mobile Phone,Smartphones,699.99,A high-quality mobile phone — smartphones product with excellent build quality and modern design.,/abo-images-small (1)/images/small/cc/ccdf28b7.jpg
D:\FYP Project\fypapp\abo-images-small (1)\images\small\c0\c0a2417b.jpg,Digital Tablet,Tablets,449.99,A high-quality digital tablet — tablets product with excellent build quality and modern design.,/abo-images-small (1)/images/small/c0/c0a2417b.jpg
D:\FYP Project\fypapp\abo-images-small (1)\images\small\51\51e55ebb.jpg,Boots,Shoes,89.99,A high-quality boots — shoes product with excellent build quality and modern design.,/abo-images-small (1)/images/small/51/51e55ebb.jpg
D:\FYP Project\fypapp\abo-images-small (1)\images\small\cc\ccfa9078.jpg,Kitchen Appliance,Appliances,129.99,A high-quality kitchen appliance — appliances product with excellent build quality and modern design.,/abo-images-small (1)/images/small/cc/ccfa9078.jpg
D:\FYP Project\fypapp\abo-images-small (1)\images\small\4e\4e616302.jpg,Maxi Dress,Dresses,59.99,A high-quality maxi dress — dresses product with excellent build quality and modern design.,/abo-images-small (1)/images/small/4e/4e616302.jpg
D:\FYP Project\fypapp\abo-images-small (1)\images\small\02\02994f09.jpg,Blender,Appliances,129.99,A high-quality blender — appliances product with excellent build quality and modern design.,/abo-images-small (1)/images/small/02/02994f09.jpg
D:\FYP Project\fypapp\abo-images-small (1)\images\small\db\db345eb8.jpg,Smartphone,Smartphones,699.99,A high-quality smartphone — smartphones product with excellent build quality and modern design.,/abo-images-small (1)/images/small/db/db345eb8.jpg
D:\FYP Project\fypapp\abo-images-small (1)\images\small\14\1400a04a.jpg,Maxi Dress,Dresses,59.99,A high-quality maxi dress — dresses product with excellent build quality and modern design.,/abo-images-small (1)/images/small/14/1400a04a.jpg
D:\FYP Project\fypapp\abo-images-small (1)\images\small\51\5166367e.jpg,Android Phone,Smartphones,699.99,A high-quality android phone — smartphones product with excellent build quality and modern design.,/abo-images-small (1)/images/small/51/5166367e.jpg
D:\FYP Project\fypapp\abo-images-small (1)\images\small\16\16fefe66.jpg,Desk,Tables,299.99,A high-quality desk — tables product with excellent build quality and modern design.,/abo-images-small (1)/images/small/16/16fefe66.jpg
D:\FYP Project\fypapp\abo-images-small (1)\images\small\0b\0b6b2ec3.jpg,Kitchen Appliance,Appliances,129.99,A high-quality kitchen appliance — appliances product with excellent build quality and modern design.,/abo-images-small (1)/images/small/0b/0b6b2ec3.jpg
D:\FYP Project\fypapp\abo-images-small (1)\images\small\b3\b3b4a581.jpg,Boots,Shoes,89.99,A high-quality boots — shoes product with excellent build quality and modern design.,/abo-images-small (1)/images/small/b3/b3b4a581.jpg
D:\FYP Project\fypapp\abo-images-small (1)\images\small\61\6137c6ff.jpg,Non-Stick Pan,Cookware,89.99,A high-quality non-stick pan — cookware product with excellent build quality and modern design.,/abo-images-small (1)/images/small/61/6137c6ff.jpg
D:\FYP Project\fypapp\abo-images-small (1)\images\small\e8\e8d4eb97.jpg,Puffer Jacket,Jackets,119.99,A high-quality puffer jacket — jackets product with excellent build quality and modern design.,/abo-images-small (1)/images/small/e8/e8d4eb97.jpg
D:\FYP Project\fypapp\abo-images-small (1)\images\small\a9\a945120c.jpg,Mug Set,Dinnerware,49.99,A high-quality mug set — dinnerware product with excellent build quality and modern design.,/abo-images-small (1)/images/small/a9/a945120c.jpg
D:\FYP Project\fypapp\abo-images-small (1)\images\small\4c\4c707c41.jpg,Smartphone,Smartphones,699.99,A high-quality smartphone — smartphones product with excellent build quality and modern design.,/abo-images-small (1)/images/small/4c/4c707c41.jpg
D:\FYP Project\fypapp\abo-images-small (1)\images\small\f6\f69bf233.jpg,Mobile Phone,Smartphones,699.99,A high-quality mobile phone — smartphones product with excellent build quality and modern design.,/abo-images-small (1)/images/small/f6/f69bf233.jpg
D:\FYP Project\fypapp\abo-images-small (1)\images\small\2c\2c7e6806.jpg,Ultrabook,Laptops,899.99,A high-quality ultrabook — laptops product with excellent build quality and modern design.,/abo-images-small (1)/images/small/2c/2c7e6806.jpg
D:\FYP Project\fypapp\abo-images-small (1)\images\small\c6\c632b376.jpg,iPhone,Smartphones,699.99,A high-quality iphone — smartphones product with excellent build quality and modern design.,/abo-images-small (1)/images/small/c6/c632b376.jpg
D:\FYP Project\fypapp\abo-images-small (1)\images\small\a5\a5047b9f.jpg,Mobile Phone,Smartphones,699.99,A high-quality mobile phone — smartphones product with excellent build quality and modern design.,/abo-images-small (1)/images/small/a5/a5047b9f.jpg
D:\FYP Project\fypapp\abo-images-small (1)\images\small\55\55c3f98c.jpg,Side Table,Tables,299.99,A high-quality side table — tables product with excellent build quality and modern design.,/abo-images-small (1)/images/small/55/55c3f98c.jpg
D:\FYP Project\fypapp\abo-images-small (1)\images\small\8d\8dec2a10.jpg,Dining Table,Tables,299.99,A high-quality dining table — tables product with excellent build quality and modern design.,/abo-images-small (1)/images/small/8d/8dec2a10.jpg
D:\FYP Project\fypapp\abo-images-small (1)\images\small\42\42a875e3.jpg,Mobile Phone,Smartphones,699.99,A high-quality mobile phone — smartphones product with excellent build quality and modern design.,/abo-images-small (1)/images/small/42/42a875e3.jpg
D:\FYP Project\fypapp\abo-images-small (1)\images\small\1f\1f4fb7a3.jpg,Android Phone,Smartphones,699.99,A high-quality android phone — smartphones product with excellent build quality and modern design.,/abo-images-small (1)/images/small/1f/1f4fb7a3.jpg
D:\FYP Project\fypapp\abo-images-small (1)\images\small\20\2039607e.jpg,Desk,Tables,299.99,A high-quality desk — tables product with excellent build quality and modern design.,/abo-images-small (1)/images/small/20/2039607e.jpg
D:\FYP Project\fypapp\abo-images-small (1)\images\small\e5\e56e240a.jpg,Smartphone,Smartphones,699.99,A high-quality smartphone — smartphones product with excellent build quality and modern design.,/abo-images-small (1)/images/small/e5/e56e240a.jpg
D:\FYP Project\fypapp\abo-images-small (1)\images\small\96\961310af.jpg,Mobile Phone,Smartphones,699.99,A high-quality mobile phone — smartphones product with excellent build quality and modern design.,/abo-images-small (1)/images/small/96/961310af.jpg
D:\FYP Project\fypapp\abo-images-small (1)\images\small\7a\7aa789a6.jpg,Cooking Pot,Cookware,89.99,A high-quality cooking pot — cookware product with excellent build quality and modern design.,/abo-images-small (1)/images/small/7a/7aa789a6.jpg
D:\FYP Project\fypapp\abo-images-small (1)\images\small\93\93815f0d.jpg,Gaming Laptop,Laptops,899.99,A high-quality gaming laptop — laptops product with excellent build quality and modern design.,/abo-images-small (1)/images/small/93/93815f0d.jpg
D:\FYP Project\fypapp\abo-images-small (1)\images\small\a2\a226cacf.jpg,iPad,Tablets,449.99,A high-quality ipad — tablets product with excellent build quality and modern design.,/abo-images-small (1)/images/small/a2/a226cacf.jpg
D:\FYP Project\fypapp\abo-images-small (1)\images\small\eb\eb98262a.jpg,Desk,Tables,299.99,A high-quality desk — tables product with excellent build quality and modern design.,/abo-images-small (1)/images/small/eb/eb98262a.jpg
D:\FYP Project\fypapp\abo-images-small (1)\images\small\e3\e3bc5316.jpg,Smartphone,Smartphones,699.99,A high-quality smartphone — smartphones product with excellent build quality and modern design.,/abo-images-small (1)/images/small/e3/e3bc5316.jpg
D:\FYP Project\fypapp\abo-images-small (1)\images\small\e1\e17ed2ed.jpg,Dining Chair,Chairs,199.99,A high-quality dining chair — chairs product with excellent build quality and modern design.,/abo-images-small (1)/images/small/e1/e17ed2ed.jpg
D:\FYP Project\fypapp\abo-images-small (1)\images\small\23\23fa69d6.jpg,Mobile Phone,Smartphones,699.99,A high-quality mobile phone — smartphones product with excellent build quality and modern design.,/abo-images-small (1)/images/small/23/23fa69d6.jpg
D:\FYP Project\fypapp\abo-images-small (1)\images\small\57\571ec3b8.jpg,Casual Shoes,Shoes,89.99,A high-quality casual shoes — shoes product with excellent build quality and modern design.,/abo-images-small (1)/images/small/57/571ec3b8.jpg
D:\FYP Project\fypapp\abo-images-small (1)\images\small\42\42a1e7ef.jpg,Dress,Dresses,59.99,A high-quality dress — dresses product with excellent build quality and modern design.,/abo-images-small (1)/images/small/42/42a1e7ef.jpg
D:\FYP Project\fypapp\abo-images-small (1)\images\small\ba\ba48f9fb.jpg,Mobile Phone,Smartphones,699.99,A high-quality mobile phone — smartphones product with excellent build quality and modern design.,/abo-images-small (1)/images/small/ba/ba48f9fb.jpg
D:\FYP Project\fypapp\abo-images-small (1)\images\small\9c\9c4f8722.jpg,Android Phone,Smartphones,699.99,A high-quality android phone — smartphones product with excellent build quality and modern design.,/abo-images-small (1)/images/small/9c/9c4f8722.jpg
D:\FYP Project\fypapp\abo-images-small (1)\images\small\2f\2f60fa9b.jpg,Gaming Laptop,Laptops,899.99,A high-quality gaming laptop — laptops product with excellent build quality and modern design.,/abo-images-small (1)/images/small/2f/2f60fa9b.jpg
D:\FYP Project\fypapp\abo-images-small (1)\images\small\ff\ff81dabb.jpg,Digital Camera,Cameras,549.99,A high-quality digital camera — cameras product with excellent build quality and modern design.,/abo-images-small (1)/images/small/ff/ff81dabb.jpg
D:\FYP Project\fypapp\abo-images-small (1)\images\small\3f\3f57f7da.jpg,Coffee Table,Tables,299.99,A high-quality coffee table — tables product with excellent build quality and modern design.,/abo-images-small (1)/images/small/3f/3f57f7da.jpg
D:\FYP Project\fypapp\abo-images-small (1)\images\small\f5\f59c8cd4.jpg,Android Phone,Smartphones,699.99,A high-quality android phone — smartphones product with excellent build quality and modern design.,/abo-images-small (1)/images/small/f5/f59c8cd4.jpg
D:\FYP Project\fypapp\abo-images-small (1)\images\small\a0\a0dcbdf1.jpg,Android Tablet,Tablets,449.99,A high-quality android tablet — tablets product with excellent build quality and modern design.,/abo-images-small (1)/images/small/a0/a0dcbdf1.jpg
D:\FYP Project\fypapp\abo-images-small (1)\images\small\57\577d65b2.jpg,Smartphone,Smartphones,699.99,A high-quality smartphone — smartphones product with excellent build quality and modern design.,/abo-images-small (1)/images/small/57/577d65b2.jpg
D:\FYP Project\fypapp\abo-images-small (1)\images\small\19\19a14d1b.jpg,Mobile Phone,Smartphones,699.99,A high-quality mobile phone — smartphones product with excellent build quality and modern design.,/abo-images-small (1)/images/small/19/19a14d1b.jpg
D:\FYP Project\fypapp\abo-images-small (1)\images\small\9a\9a4330d1.jpg,Bowl Set,Dinnerware,49.99,A high-quality bowl set — dinnerware product with excellent build quality and modern design.,/abo-images-small (1)/images/small/9a/9a4330d1.jpg
D:\FYP Project\fypapp\abo-images-small (1)\images\small\bf\bf74cbee.jpg,iPhone,Smartphones,699.99,A high-quality iphone — smartphones product with excellent build quality and modern design.,/abo-images-small (1)/images/small/bf/bf74cbee.jpg
D:\FYP Project\fypapp\abo-images-small (1)\images\small\20\2079c371.jpg,Smartphone,Smartphones,699.99,A high-quality smartphone — smartphones product with excellent build quality and modern design.,/abo-images-small (1)/images/small/20/2079c371.jpg
D:\FYP Project\fypapp\abo-images-small (1)\images\small\e3\e317f6c2.jpg,Casual Shoes,Shoes,89.99,A high-quality casual shoes — shoes product with excellent build quality and modern design.,/abo-images-small (1)/images/small/e3/e317f6c2.jpg
D:\FYP Project\fypapp\abo-images-small (1)\images\small\1f\1f09a73e.jpg,Mobile Phone,Smartphones,699.99,A high-quality mobile phone — smartphones product with excellent build quality and modern design.,/abo-images-small (1)/images/small/1f/1f09a73e.jpg
D:\FYP Project\fypapp\abo-images-small (1)\images\small\39\39edfdf6.jpg,Boots,Shoes,89.99,A high-quality boots — shoes product with excellent build quality and modern design.,/abo-images-small (1)/images/small/39/39edfdf6.jpg
D:\FYP Project\fypapp\abo-images-small (1)\images\small\8d\8d9b6847.jpg,Camping Tent,Outdoors,149.99,A high-quality camping tent — outdoors product with excellent build quality and modern design.,/abo-images-small (1)/images/small/8d/8d9b6847.jpg
D:\FYP Project\fypapp\abo-images-small (1)\images\small\a9\a963a670.jpg,Winter Coat,Jackets,119.99,A high-quality winter coat — jackets product with excellent build quality and modern design.,/abo-images-small (1)/images/small/a9/a963a670.jpg
D:\FYP Project\fypapp\abo-images-small (1)\images\small\a7\a7bd1915.jpg,Accent Chair,Chairs,199.99,A high-quality accent chair — chairs product with excellent build quality and modern design.,/abo-images-small (1)/images/small/a7/a7bd1915.jpg
D:\FYP Project\fypapp\abo-images-small (1)\images\small\4c\4c5216a9.jpg,iPhone,Smartphones,699.99,A high-quality iphone — smartphones product with excellent build quality and modern design.,/abo-images-small (1)/images/small/4c/4c5216a9.jpg
D:\FYP Project\fypapp\abo-images-small (1)\images\small\8b\8bc4d270.jpg,Smartphone,Smartphones,699.99,A high-quality smartphone — smartphones product with excellent build quality and modern design.,/abo-images-small (1)/images/small/8b/8bc4d270.jpg
D:\FYP Project\fypapp\abo-images-small (1)\images\small\13\13e601da.jpg,Microwave,Appliances,129.99,A high-quality microwave — appliances product with excellent build quality and modern design.,/abo-images-small (1)/images/small/13/13e601da.jpg
D:\FYP Project\fypapp\abo-images-small (1)\images\small\39\391412d2.jpg,Casual Shoes,Shoes,89.99,A high-quality casual shoes — shoes product with excellent build quality and modern design.,/abo-images-small (1)/images/small/39/391412d2.jpg
D:\FYP Project\fypapp\abo-images-small (1)\images\small\83\839e068d.jpg,Desk,Tables,299.99,A high-quality desk — tables product with excellent build quality and modern design.,/abo-images-small (1)/images/small/83/839e068d.jpg
D:\FYP Project\fypapp\abo-images-small (1)\images\small\00\00a6949a.jpg,Office Chair,Chairs,199.99,A high-quality office chair — chairs product with excellent build quality and modern design.,/abo-images-small (1)/images/small/00/00a6949a.jpg
D:\FYP Project\fypapp\abo-images-small (1)\images\small\87\87f57d16.jpg,Mobile Phone,Smartphones,699.99,A high-quality mobile phone — smartphones product with excellent build quality and modern design.,/abo-images-small (1)/images/small/87/87f57d16.jpg
D:\FYP Project\fypapp\abo-images-small (1)\images\small\5c\5c41d034.jpg,Side Table,Tables,299.99,A high-quality side table — tables product with excellent build quality and modern design.,/abo-images-small (1)/images/small/5c/5c41d034.jpg
D:\FYP Project\fypapp\abo-images-small (1)\images\small\63\6315cff8.jpg,Sofa,Sofas,799.99,A high-quality sofa — sofas product with excellent build quality and modern design.,/abo-images-small (1)/images/small/63/6315cff8.jpg
D:\FYP Project\fypapp\abo-images-small (1)\images\small\93\93556fa5.jpg,Slim Jeans,Jeans,69.99,A high-quality slim jeans — jeans product with excellent build quality and modern design.,/abo-images-small (1)/images/small/93/93556fa5.jpg
D:\FYP Project\fypapp\abo-images-small (1)\images\small\c1\c16282a6.jpg,Fitness Equipment,Sports,34.99,A high-quality fitness equipment — sports product with excellent build quality and modern design.,/abo-images-small (1)/images/small/c1/c16282a6.jpg
D:\FYP Project\fypapp\abo-images-small (1)\images\small\e6\e65f973c.jpg,Action Camera,Cameras,549.99,A high-quality action camera — cameras product with excellent build quality and modern design.,/abo-images-small (1)/images/small/e6/e65f973c.jpg
D:\FYP Project\fypapp\abo-images-small (1)\images\small\a9\a9b1e441.jpg,Smartphone,Smartphones,699.99,A high-quality smartphone — smartphones product with excellent build quality and modern design.,/abo-images-small (1)/images/small/a9/a9b1e441.jpg
D:\FYP Project\fypapp\abo-images-small (1)\images\small\36\3647ebbd.jpg,iPad,Tablets,449.99,A high-quality ipad — tablets product with excellent build quality and modern design.,/abo-images-small (1)/images/small/36/3647ebbd.jpg
D:\FYP Project\fypapp\abo-images-small (1)\images\small\42\428c0ee2.jpg,Android Phone,Smartphones,699.99,A high-quality android phone — smartphones product with excellent build quality and modern design.,/abo-images-small (1)/images/small/42/428c0ee2.jpg
D:\FYP Project\fypapp\abo-images-small (1)\images\small\67\670446e1.jpg,Desk,Tables,299.99,A high-quality desk — tables product with excellent build quality and modern design.,/abo-images-small (1)/images/small/67/670446e1.jpg
D:\FYP Project\fypapp\abo-images-small (1)\images\small\4d\4da10437.jpg,Dress,Dresses,59.99,A high-quality dress — dresses product with excellent build quality and modern design.,/abo-images-small (1)/images/small/4d/4da10437.jpg
D:\FYP Project\fypapp\abo-images-small (1)\images\small\13\13e54515.jpg,Non-Stick Pan,Cookware,89.99,A high-quality non-stick pan — cookware product with excellent build quality and modern design.,/abo-images-small (1)/images/small/13/13e54515.jpg
D:\FYP Project\fypapp\abo-images-small (1)\images\small\bc\bc7612d6.jpg,Exercise Gear,Sports,34.99,A high-quality exercise gear — sports product with excellent build quality and modern design.,/abo-images-small (1)/images/small/bc/bc7612d6.jpg
D:\FYP Project\fypapp\abo-images-small (1)\images\small\6c\6c58c960.jpg,Queen Bed,Beds,499.99,A high-quality queen bed — beds product with excellent build quality and modern design.,/abo-images-small (1)/images/small/6c/6c58c960.jpg
D:\FYP Project\fypapp\abo-images-small (1)\images\small\ca\caee6867.jpg,Smartphone,Smartphones,699.99,A high-quality smartphone — smartphones product with excellent build quality and modern design.,/abo-images-small (1)/images/small/ca/caee6867.jpg
D:\FYP Project\fypapp\abo-images-small (1)\images\small\a5\a5ffce21.jpg,Maxi Dress,Dresses,59.99,A high-quality maxi dress — dresses product with excellent build quality and modern design.,/abo-images-small (1)/images/small/a5/a5ffce21.jpg
D:\FYP Project\fypapp\abo-images-small (1)\images\small\af\afb226db.jpg,Android Phone,Smartphones,699.99,A high-quality android phone — smartphones product with excellent build quality and modern design.,/abo-images-small (1)/images/small/af/afb226db.jpg
D:\FYP Project\fypapp\abo-images-small (1)\images\small\b8\b8cb1d41.jpg,Loveseat,Sofas,799.99,A high-quality loveseat — sofas product with excellent build quality and modern design.,/abo-images-small (1)/images/small/b8/b8cb1d41.jpg
D:\FYP Project\fypapp\abo-images-small (1)\images\small\37\3711eca6.jpg,Dress,Dresses,59.99,A high-quality dress — dresses product with excellent build quality and modern design.,/abo-images-small (1)/images/small/37/3711eca6.jpg
D:\FYP Project\fypapp\abo-images-small (1)\images\small\13\135cebe6.jpg,Resistance Bands,Sports,34.99,A high-quality resistance bands — sports product with excellent build quality and modern design.,/abo-images-small (1)/images/small/13/135cebe6.jpg
D:\FYP Project\fypapp\abo-images-small (1)\images\small\b1\b1733941.jpg,Side Table,Tables,299.99,A high-quality side table — tables product with excellent build quality and modern design.,/abo-images-small (1)/images/small/b1/b1733941.jpg
D:\FYP Project\fypapp\abo-images-small (1)\images\small\1b\1b6c01ef.jpg,iPhone,Smartphones,699.99,A high-quality iphone — smartphones product with excellent build quality and modern design.,/abo-images-small (1)/images/small/1b/1b6c01ef.jpg
D:\FYP Project\fypapp\abo-images-small (1)\images\small\41\4125901c.jpg,Bed Frame,Beds,499.99,A high-quality bed frame — beds product with excellent build quality and modern design.,/abo-images-small (1)/images/small/41/4125901c.jpg
D:\FYP Project\fypapp\abo-images-small (1)\images\small\cf\cf8b191d.jpg,Android Phone,Smartphones,699.99,A high-quality android phone — smartphones product with excellent build quality and modern design.,/abo-images-small (1)/images/small/cf/cf8b191d.jpg
D:\FYP Project\fypapp\abo-images-small (1)\images\small\17\17182882.jpg,Windbreaker,Jackets,119.99,A high-quality windbreaker — jackets product with excellent build quality and modern design.,/abo-images-small (1)/images/small/17/17182882.jpg
D:\FYP Project\fypapp\abo-images-small (1)\images\small\53\53697d74.jpg,Running Shoes,Shoes,89.99,A high-quality running shoes — shoes product with excellent build quality and modern design.,/abo-images-small (1)/images/small/53/53697d74.jpg
D:\FYP Project\fypapp\abo-images-small (1)\images\small\8c\8cc04cd9.jpg,Cooking Pot,Cookware,89.99,A high-quality cooking pot — cookware product with excellent build quality and modern design.,/abo-images-small (1)/images/small/8c/8cc04cd9.jpg
D:\FYP Project\fypapp\abo-images-small (1)\images\small\28\28273a57.jpg,Loveseat,Sofas,799.99,A high-quality loveseat — sofas product with excellent build quality and modern design.,/abo-images-small (1)/images/small/28/28273a57.jpg
D:\FYP Project\fypapp\abo-images-small (1)\images\small\c5\c5c69fc4.jpg,Jeans,Jeans,69.99,A high-quality jeans — jeans product with excellent build quality and modern design.,/abo-images-small (1)/images/small/c5/c5c69fc4.jpg
D:\FYP Project\fypapp\abo-images-small (1)\images\small\56\5689f367.jpg,Mobile Phone,Smartphones,699.99,A high-quality mobile phone — smartphones product with excellent build quality and modern design.,/abo-images-small (1)/images/small/56/5689f367.jpg
D:\FYP Project\fypapp\abo-images-small (1)\images\small\c9\c9379fc5.jpg,Android Phone,Smartphones,699.99,A high-quality android phone — smartphones product with excellent build quality and modern design.,/abo-images-small (1)/images/small/c9/c9379fc5.jpg
D:\FYP Project\fypapp\abo-images-small (1)\images\small\cf\cf4dfaf4.jpg,iPhone,Smartphones,699.99,A high-quality iphone — smartphones product with excellent build quality and modern design.,/abo-images-small (1)/images/small/cf/cf4dfaf4.jpg
D:\FYP Project\fypapp\abo-images-small (1)\images\small\0d\0d9eefb8.jpg,Sneakers,Shoes,89.99,A high-quality sneakers — shoes product with excellent build quality and modern design.,/abo-images-small (1)/images/small/0d/0d9eefb8.jpg
D:\FYP Project\fypapp\abo-images-small (1)\images\small\d6\d6dc7a43.jpg,Dining Chair,Chairs,199.99,A high-quality dining chair — chairs product with excellent build quality and modern design.,/abo-images-small (1)/images/small/d6/d6dc7a43.jpg
D:\FYP Project\fypapp\abo-images-small (1)\images\small\1b\1bf298e1.jpg,Casual Shoes,Shoes,89.99,A high-quality casual shoes — shoes product with excellent build quality and modern design.,/abo-images-small (1)/images/small/1b/1bf298e1.jpg
D:\FYP Project\fypapp\abo-images-small (1)\images\small\92\923c3d5e.jpg,iPhone,Smartphones,699.99,A high-quality iphone — smartphones product with excellent build quality and modern design.,/abo-images-small (1)/images/small/92/923c3d5e.jpg
D:\FYP Project\fypapp\abo-images-small (1)\images\small\e4\e4daaa96.jpg,Sofa,Sofas,799.99,A high-quality sofa — sofas product with excellent build quality and modern design.,/abo-images-small (1)/images/small/e4/e4daaa96.jpg
D:\FYP Project\fypapp\abo-images-small (1)\images\small\ca\caa9a4a4.jpg,Wireless Earbuds,Headphones,149.99,A high-quality wireless earbuds — headphones product with excellent build quality and modern design.,/abo-images-small (1)/images/small/ca/caa9a4a4.jpg
D:\FYP Project\fypapp\abo-images-small (1)\images\small\b6\b611e0e2.jpg,Desk,Tables,299.99,A high-quality desk — tables product with excellent build quality and modern design.,/abo-images-small (1)/images/small/b6/b611e0e2.jpg
D:\FYP Project\fypapp\abo-images-small (1)\images\small\6d\6d41d98f.jpg,Sofa,Sofas,799.99,A high-quality sofa — sofas product with excellent build quality and modern design.,/abo-images-small (1)/images/small/6d/6d41d98f.jpg
D:\FYP Project\fypapp\abo-images-small (1)\images\small\5a\5ac5acad.jpg,Mobile Phone,Smartphones,699.99,A high-quality mobile phone — smartphones product with excellent build quality and modern design.,/abo-images-small (1)/images/small/5a/5ac5acad.jpg
D:\FYP Project\fypapp\abo-images-small (1)\images\small\e8\e8f312c6.jpg,iPhone,Smartphones,699.99,A high-quality iphone — smartphones product with excellent build quality and modern design.,/abo-images-small (1)/images/small/e8/e8f312c6.jpg
D:\FYP Project\fypapp\abo-images-small (1)\images\small\6c\6c799ae6.jpg,Headphones,Headphones,149.99,A high-quality headphones — headphones product with excellent build quality and modern design.,/abo-images-small (1)/images/small/6c/6c799ae6.jpg
D:\FYP Project\fypapp\abo-images-small (1)\images\small\54\546b4744.jpg,Microwave,Appliances,129.99,A high-quality microwave — appliances product with excellent build quality and modern design.,/abo-images-small (1)/images/small/54/546b4744.jpg
D:\FYP Project\fypapp\abo-images-small (1)\images\small\5c\5c5d1f89.jpg,Android Phone,Smartphones,699.99,A high-quality android phone — smartphones product with excellent build quality and modern design.,/abo-images-small (1)/images/small/5c/5c5d1f89.jpg
D:\FYP Project\fypapp\abo-images-small (1)\images\small\89\89a2ff4d.jpg,Android Tablet,Tablets,449.99,A high-quality android tablet — tablets product with excellent build quality and modern design.,/abo-images-small (1)/images/small/89/89a2ff4d.jpg
D:\FYP Project\fypapp\abo-images-small (1)\images\small\2b\2be50895.jpg,Sneakers,Shoes,89.99,A high-quality sneakers — shoes product with excellent build quality and modern design.,/abo-images-small (1)/images/small/2b/2be50895.jpg
D:\FYP Project\fypapp\abo-images-small (1)\images\small\f6\f66c61fb.jpg,Dining Chair,Chairs,199.99,A high-quality dining chair — chairs product with excellent build quality and modern design.,/abo-images-small (1)/images/small/f6/f66c61fb.jpg
D:\FYP Project\fypapp\abo-images-small (1)\images\small\e1\e139a881.jpg,Android Phone,Smartphones,699.99,A high-quality android phone — smartphones product with excellent build quality and modern design.,/abo-images-small (1)/images/small/e1/e139a881.jpg
D:\FYP Project\fypapp\abo-images-small (1)\images\small\68\685b94dd.jpg,Android Tablet,Tablets,449.99,A high-quality android tablet — tablets product with excellent build quality and modern design.,/abo-images-small (1)/images/small/68/685b94dd.jpg
D:\FYP Project\fypapp\abo-images-small (1)\images\small\9e\9e8125f6.jpg,Sofa,Sofas,799.99,A high-quality sofa — sofas product with excellent build quality and modern design.,/abo-images-small (1)/images/small/9e/9e8125f6.jpg
D:\FYP Project\fypapp\abo-images-small (1)\images\small\6d\6d41946a.jpg,Mobile Phone,Smartphones,699.99,A high-quality mobile phone — smartphones product with excellent build quality and modern design.,/abo-images-small (1)/images/small/6d/6d41946a.jpg
D:\FYP Project\fypapp\abo-images-small (1)\images\small\18\1899bb25.jpg,Casual Shoes,Shoes,89.99,A high-quality casual shoes — shoes product with excellent build quality and modern design.,/abo-images-small (1)/images/small/18/1899bb25.jpg
D:\FYP Project\fypapp\abo-images-small (1)\images\small\03\0372ccbc.jpg,iPhone,Smartphones,699.99,A high-quality iphone — smartphones product with excellent build quality and modern design.,/abo-images-small (1)/images/small/03/0372ccbc.jpg
D:\FYP Project\fypapp\abo-images-small (1)\images\small\9e\9ee28f30.jpg,Smartphone,Smartphones,699.99,A high-quality smartphone — smartphones product with excellent build quality and modern design.,/abo-images-small (1)/images/small/9e/9ee28f30.jpg
D:\FYP Project\fypapp\abo-images-small (1)\images\small\d7\d7734f76.jpg,Slim Jeans,Jeans,69.99,A high-quality slim jeans — jeans product with excellent build quality and modern design.,/abo-images-small (1)/images/small/d7/d7734f76.jpg
D:\FYP Project\fypapp\abo-images-small (1)\images\small\20\20e4a148.jpg,Boots,Shoes,89.99,A high-quality boots — shoes product with excellent build quality and modern design.,/abo-images-small (1)/images/small/20/20e4a148.jpg
D:\FYP Project\fypapp\abo-images-small (1)\images\small\18\18d5c154.jpg,Smartphone,Smartphones,699.99,A high-quality smartphone — smartphones product with excellent build quality and modern design.,/abo-images-small (1)/images/small/18/18d5c154.jpg
D:\FYP Project\fypapp\abo-images-small (1)\images\small\4c\4c05c408.jpg,Fitness Equipment,Sports,34.99,A high-quality fitness equipment — sports product with excellent build quality and modern design.,/abo-images-small (1)/images/small/4c/4c05c408.jpg
D:\FYP Project\fypapp\abo-images-small (1)\images\small\b0\b0a4b68f.jpg,iPhone,Smartphones,699.99,A high-quality iphone — smartphones product with excellent build quality and modern design.,/abo-images-small (1)/images/small/b0/b0a4b68f.jpg
D:\FYP Project\fypapp\abo-images-small (1)\images\small\f2\f28db2c6.jpg,Jeans,Jeans,69.99,A high-quality jeans — jeans product with excellent build quality and modern design.,/abo-images-small (1)/images/small/f2/f28db2c6.jpg
D:\FYP Project\fypapp\abo-images-small (1)\images\small\2c\2c867679.jpg,Wireless Earbuds,Headphones,149.99,A high-quality wireless earbuds — headphones product with excellent build quality and modern design.,/abo-images-small (1)/images/small/2c/2c867679.jpg
D:\FYP Project\fypapp\abo-images-small (1)\images\small\17\17565343.jpg,Android Tablet,Tablets,449.99,A high-quality android tablet — tablets product with excellent build quality and modern design.,/abo-images-small (1)/images/small/17/17565343.jpg
D:\FYP Project\fypapp\abo-images-small (1)\images\small\7f\7f8b53e9.jpg,Queen Bed,Beds,499.99,A high-quality queen bed — beds product with excellent build quality and modern design.,/abo-images-small (1)/images/small/7f/7f8b53e9.jpg
D:\FYP Project\fypapp\abo-images-small (1)\images\small\63\630147f0.jpg,Digital Tablet,Tablets,449.99,A high-quality digital tablet — tablets product with excellent build quality and modern design.,/abo-images-small (1)/images/small/63/630147f0.jpg
D:\FYP Project\fypapp\abo-images-small (1)\images\small\37\372f710c.jpg,Boots,Shoes,89.99,A high-quality boots — shoes product with excellent build quality and modern design.,/abo-images-small (1)/images/small/37/372f710c.jpg
D:\FYP Project\fypapp\abo-images-small (1)\images\small\98\98737a46.jpg,Smartphone,Smartphones,699.99,A high-quality smartphone — smartphones product with excellent build quality and modern design.,/abo-images-small (1)/images/small/98/98737a46.jpg
D:\FYP Project\fypapp\abo-images-small (1)\images\small\bd\bd014906.jpg,Mobile Phone,Smartphones,699.99,A high-quality mobile phone — smartphones product with excellent build quality and modern design.,/abo-images-small (1)/images/small/bd/bd014906.jpg
D:\FYP Project\fypapp\abo-images-small (1)\images\small\69\692ef6ed.jpg,Blender,Appliances,129.99,A high-quality blender — appliances product with excellent build quality and modern design.,/abo-images-small (1)/images/small/69/692ef6ed.jpg
D:\FYP Project\fypapp\abo-images-small (1)\images\small\d5\d520ae02.jpg,Coffee Maker,Appliances,129.99,A high-quality coffee maker — appliances product with excellent build quality and modern design.,/abo-images-small (1)/images/small/d5/d520ae02.jpg
D:\FYP Project\fypapp\abo-images-small (1)\images\small\e3\e3d5041f.jpg,Office Chair,Chairs,199.99,A high-quality office chair — chairs product with excellent build quality and modern design.,/abo-images-small (1)/images/small/e3/e3d5041f.jpg
D:\FYP Project\fypapp\abo-images-small (1)\images\small\b8\b8609cb6.jpg,iPad,Tablets,449.99,A high-quality ipad — tablets product with excellent build quality and modern design.,/abo-images-small (1)/images/small/b8/b8609cb6.jpg
D:\FYP Project\fypapp\abo-images-small (1)\images\small\02\02dea136.jpg,Digital Tablet,Tablets,449.99,A high-quality digital tablet — tablets product with excellent build quality and modern design.,/abo-images-small (1)/images/small/02/02dea136.jpg
D:\FYP Project\fypapp\abo-images-small (1)\images\small\e8\e89f3b11.jpg,iPhone,Smartphones,699.99,A high-quality iphone — smartphones product with excellent build quality and modern design.,/abo-images-small (1)/images/small/e8/e89f3b11.jpg
D:\FYP Project\fypapp\abo-images-small (1)\images\small\c0\c0eec1d4.jpg,Jacket,Jackets,119.99,A high-quality jacket — jackets product with excellent build quality and modern design.,/abo-images-small (1)/images/small/c0/c0eec1d4.jpg
D:\FYP Project\fypapp\abo-images-small (1)\images\small\68\68260ca4.jpg,Running Shoes,Shoes,89.99,A high-quality running shoes — shoes product with excellent build quality and modern design.,/abo-images-small (1)/images/small/68/68260ca4.jpg
D:\FYP Project\fypapp\abo-images-small (1)\images\small\e6\e6f4e7f0.jpg,Side Table,Tables,299.99,A high-quality side table — tables product with excellent build quality and modern design.,/abo-images-small (1)/images/small/e6/e6f4e7f0.jpg
D:\FYP Project\fypapp\abo-images-small (1)\images\small\22\2223bf8f.jpg,Android Tablet,Tablets,449.99,A high-quality android tablet — tablets product with excellent build quality and modern design.,/abo-images-small (1)/images/small/22/2223bf8f.jpg
D:\FYP Project\fypapp\abo-images-small (1)\images\small\fc\fc7b8081.jpg,Coffee Table,Tables,299.99,A high-quality coffee table — tables product with excellent build quality and modern design.,/abo-images-small (1)/images/small/fc/fc7b8081.jpg
D:\FYP Project\fypapp\abo-images-small (1)\images\small\26\2676ac33.jpg,Android Phone,Smartphones,699.99,A high-quality android phone — smartphones product with excellent build quality and modern design.,/abo-images-small (1)/images/small/26/2676ac33.jpg
D:\FYP Project\fypapp\abo-images-small (1)\images\small\23\23320592.jpg,Recliner,Chairs,199.99,A high-quality recliner — chairs product with excellent build quality and modern design.,/abo-images-small (1)/images/small/23/23320592.jpg
D:\FYP Project\fypapp\abo-images-small (1)\images\small\f9\f92a16ae.jpg,Dining Table,Tables,299.99,A high-quality dining table — tables product with excellent build quality and modern design.,/abo-images-small (1)/images/small/f9/f92a16ae.jpg
D:\FYP Project\fypapp\abo-images-small (1)\images\small\fe\fe51de3b.jpg,Winter Coat,Jackets,119.99,A high-quality winter coat — jackets product with excellent build quality and modern design.,/abo-images-small (1)/images/small/fe/fe51de3b.jpg
D:\FYP Project\fypapp\abo-images-small (1)\images\small\5f\5f173ec0.jpg,Casual Shoes,Shoes,89.99,A high-quality casual shoes — shoes product with excellent build quality and modern design.,/abo-images-small (1)/images/small/5f/5f173ec0.jpg
D:\FYP Project\fypapp\abo-images-small (1)\images\small\4b\4b46939c.jpg,Mobile Phone,Smartphones,699.99,A high-quality mobile phone — smartphones product with excellent build quality and modern design.,/abo-images-small (1)/images/small/4b/4b46939c.jpg
D:\FYP Project\fypapp\abo-images-small (1)\images\small\76\76916a35.jpg,Android Phone,Smartphones,699.99,A high-quality android phone — smartphones product with excellent build quality and modern design.,/abo-images-small (1)/images/small/76/76916a35.jpg
D:\FYP Project\fypapp\abo-images-small (1)\images\small\dc\dc660cd7.jpg,Smartphone,Smartphones,699.99,A high-quality smartphone — smartphones product with excellent build quality and modern design.,/abo-images-small (1)/images/small/dc/dc660cd7.jpg
D:\FYP Project\fypapp\abo-images-small (1)\images\small\5b\5bd655a9.jpg,Mobile Phone,Smartphones,699.99,A high-quality mobile phone — smartphones product with excellent build quality and modern design.,/abo-images-small (1)/images/small/5b/5bd655a9.jpg
D:\FYP Project\fypapp\abo-images-small (1)\images\small\b0\b0817bc3.jpg,Bowl Set,Dinnerware,49.99,A high-quality bowl set — dinnerware product with excellent build quality and modern design.,/abo-images-small (1)/images/small/b0/b0817bc3.jpg
D:\FYP Project\fypapp\abo-images-small (1)\images\small\57\57edbb85.jpg,Kitchen Appliance,Appliances,129.99,A high-quality kitchen appliance — appliances product with excellent build quality and modern design.,/abo-images-small (1)/images/small/57/57edbb85.jpg
D:\FYP Project\fypapp\abo-images-small (1)\images\small\11\115e2db0.jpg,Mobile Phone,Smartphones,699.99,A high-quality mobile phone — smartphones product with excellent build quality and modern design.,/abo-images-small (1)/images/small/11/115e2db0.jpg
D:\FYP Project\fypapp\abo-images-small (1)\images\small\1e\1ec0f958.jpg,Summer Dress,Dresses,59.99,A high-quality summer dress — dresses product with excellent build quality and modern design.,/abo-images-small (1)/images/small/1e/1ec0f958.jpg
D:\FYP Project\fypapp\abo-images-small (1)\images\small\dc\dc6fa025.jpg,Boots,Shoes,89.99,A high-quality boots — shoes product with excellent build quality and modern design.,/abo-images-small (1)/images/small/dc/dc6fa025.jpg
D:\FYP Project\fypapp\abo-images-small (1)\images\small\f5\f50fe8c3.jpg,Headphones,Headphones,149.99,A high-quality headphones — headphones product with excellent build quality and modern design.,/abo-images-small (1)/images/small/f5/f50fe8c3.jpg
D:\FYP Project\fypapp\abo-images-small (1)\images\small\60\6071cd01.jpg,Mobile Phone,Smartphones,699.99,A high-quality mobile phone — smartphones product with excellent build quality and modern design.,/abo-images-small (1)/images/small/60/6071cd01.jpg
D:\FYP Project\fypapp\abo-images-small (1)\images\small\72\72770305.jpg,Smartphone,Smartphones,699.99,A high-quality smartphone — smartphones product with excellent build quality and modern design.,/abo-images-small (1)/images/small/72/72770305.jpg
D:\FYP Project\fypapp\abo-images-small (1)\images\small\2b\2be39846.jpg,Mobile Phone,Smartphones,699.99,A high-quality mobile phone — smartphones product with excellent build quality and modern design.,/abo-images-small (1)/images/small/2b/2be39846.jpg
D:\FYP Project\fypapp\abo-images-small (1)\images\small\dd\dd6f8928.jpg,King Bed,Beds,499.99,A high-quality king bed — beds product with excellent build quality and modern design.,/abo-images-small (1)/images/small/dd/dd6f8928.jpg
D:\FYP Project\fypapp\abo-images-small (1)\images\small\5a\5aff44e8.jpg,Earphones,Headphones,149.99,A high-quality earphones — headphones product with excellent build quality and modern design.,/abo-images-small (1)/images/small/5a/5aff44e8.jpg
D:\FYP Project\fypapp\abo-images-small (1)\images\small\f7\f7f16703.jpg,Smartphone,Smartphones,699.99,A high-quality smartphone — smartphones product with excellent build quality and modern design.,/abo-images-small (1)/images/small/f7/f7f16703.jpg
D:\FYP Project\fypapp\abo-images-small (1)\images\small\99\99a701a2.jpg,Resistance Bands,Sports,34.99,A high-quality resistance bands — sports product with excellent build quality and modern design.,/abo-images-small (1)/images/small/99/99a701a2.jpg
D:\FYP Project\fypapp\abo-images-small (1)\images\small\c0\c0185cd7.jpg,Android Phone,Smartphones,699.99,A high-quality android phone — smartphones product with excellent build quality and modern design.,/abo-images-small (1)/images/small/c0/c0185cd7.jpg
D:\FYP Project\fypapp\abo-images-small (1)\images\small\95\9531129c.jpg,Platform Bed,Beds,499.99,A high-quality platform bed — beds product with excellent build quality and modern design.,/abo-images-small (1)/images/small/95/9531129c.jpg
D:\FYP Project\fypapp\abo-images-small (1)\images\small\03\03bdd841.jpg,Cookware Set,Cookware,89.99,A high-quality cookware set — cookware product with excellent build quality and modern design.,/abo-images-small (1)/images/small/03/03bdd841.jpg
D:\FYP Project\fypapp\abo-images-small (1)\images\small\f7\f7c7e27e.jpg,Mobile Phone,Smartphones,699.99,A high-quality mobile phone — smartphones product with excellent build quality and modern design.,/abo-images-small (1)/images/small/f7/f7c7e27e.jpg
D:\FYP Project\fypapp\abo-images-small (1)\images\small\bd\bdf3296a.jpg,Smartphone,Smartphones,699.99,A high-quality smartphone — smartphones product with excellent build quality and modern design.,/abo-images-small (1)/images/small/bd/bdf3296a.jpg
D:\FYP Project\fypapp\abo-images-small (1)\images\small\0c\0c6c80d6.jpg,Mobile Phone,Smartphones,699.99,A high-quality mobile phone — smartphones product with excellent build quality and modern design.,/abo-images-small (1)/images/small/0c/0c6c80d6.jpg
D:\FYP Project\fypapp\abo-images-small (1)\images\small\7f\7f59c92e.jpg,Android Phone,Smartphones,699.99,A high-quality android phone — smartphones product with excellent build quality and modern design.,/abo-images-small (1)/images/small/7f/7f59c92e.jpg
D:\FYP Project\fypapp\abo-images-small (1)\images\small\ca\ca59bd53.jpg,Android Tablet,Tablets,449.99,A high-quality android tablet — tablets product with excellent build quality and modern design.,/abo-images-small (1)/images/small/ca/ca59bd53.jpg
D:\FYP Project\fypapp\abo-images-small (1)\images\small\c0\c05e1243.jpg,Yoga Mat,Sports,34.99,A high-quality yoga mat — sports product with excellent build quality and modern design.,/abo-images-small (1)/images/small/c0/c05e1243.jpg
D:\FYP Project\fypapp\abo-images-small (1)\images\small\95\95d36ce8.jpg,Fitness Equipment,Sports,34.99,A high-quality fitness equipment — sports product with excellent build quality and modern design.,/abo-images-small (1)/images/small/95/95d36ce8.jpg
D:\FYP Project\fypapp\abo-images-small (1)\images\small\2a\2a817339.jpg,iPhone,Smartphones,699.99,A high-quality iphone — smartphones product with excellent build quality and modern design.,/abo-images-small (1)/images/small/2a/2a817339.jpg
D:\FYP Project\fypapp\abo-images-small (1)\images\small\0e\0e2a4793.jpg,Smartphone,Smartphones,699.99,A high-quality smartphone — smartphones product with excellent build quality and modern design.,/abo-images-small (1)/images/small/0e/0e2a4793.jpg
D:\FYP Project\fypapp\abo-images-small (1)\images\small\7e\7e0180ad.jpg,Android Phone,Smartphones,699.99,A high-quality android phone — smartphones product with excellent build quality and modern design.,/abo-images-small (1)/images/small/7e/7e0180ad.jpg
D:\FYP Project\fypapp\abo-images-small (1)\images\small\0d\0d9f354d.jpg,iPhone,Smartphones,699.99,A high-quality iphone — smartphones product with excellent build quality and modern design.,/abo-images-small (1)/images/small/0d/0d9f354d.jpg
D:\FYP Project\fypapp\abo-images-small (1)\images\small\7b\7ba00334.jpg,Jacket,Jackets,119.99,A high-quality jacket — jackets product with excellent build quality and modern design.,/abo-images-small (1)/images/small/7b/7ba00334.jpg
D:\FYP Project\fypapp\abo-images-small (1)\images\small\4b\4b023adf.jpg,Non-Stick Pan,Cookware,89.99,A high-quality non-stick pan — cookware product with excellent build quality and modern design.,/abo-images-small (1)/images/small/4b/4b023adf.jpg
D:\FYP Project\fypapp\abo-images-small (1)\images\small\57\57641532.jpg,Android Phone,Smartphones,699.99,A high-quality android phone — smartphones product with excellent build quality and modern design.,/abo-images-small (1)/images/small/57/57641532.jpg
D:\FYP Project\fypapp\abo-images-small (1)\images\small\e8\e80cf57e.jpg,iPhone,Smartphones,699.99,A high-quality iphone — smartphones product with excellent build quality and modern design.,/abo-images-small (1)/images/small/e8/e80cf57e.jpg
D:\FYP Project\fypapp\abo-images-small (1)\images\small\21\21f0bda6.jpg,Headphones,Headphones,149.99,A high-quality headphones — headphones product with excellent build quality and modern design.,/abo-images-small (1)/images/small/21/21f0bda6.jpg
D:\FYP Project\fypapp\abo-images-small (1)\images\small\7a\7a887d3c.jpg,Hiking Gear,Outdoors,149.99,A high-quality hiking gear — outdoors product with excellent build quality and modern design.,/abo-images-small (1)/images/small/7a/7a887d3c.jpg
D:\FYP Project\fypapp\abo-images-small (1)\images\small\c2\c2f05f0b.jpg,King Bed,Beds,499.99,A high-quality king bed — beds product with excellent build quality and modern design.,/abo-images-small (1)/images/small/c2/c2f05f0b.jpg
D:\FYP Project\fypapp\abo-images-small (1)\images\small\f3\f340e582.jpg,Coffee Maker,Appliances,129.99,A high-quality coffee maker — appliances product with excellent build quality and modern design.,/abo-images-small (1)/images/small/f3/f340e582.jpg
D:\FYP Project\fypapp\abo-images-small (1)\images\small\d7\d760f5e4.jpg,Smartphone,Smartphones,699.99,A high-quality smartphone — smartphones product with excellent build quality and modern design.,/abo-images-small (1)/images/small/d7/d760f5e4.jpg
D:\FYP Project\fypapp\abo-images-small (1)\images\small\36\363b4d1a.jpg,Mobile Phone,Smartphones,699.99,A high-quality mobile phone — smartphones product with excellent build quality and modern design.,/abo-images-small (1)/images/small/36/363b4d1a.jpg
D:\FYP Project\fypapp\abo-images-small (1)\images\small\53\53e6f55a.jpg,Cooking Pot,Cookware,89.99,A high-quality cooking pot — cookware product with excellent build quality and modern design.,/abo-images-small (1)/images/small/53/53e6f55a.jpg
D:\FYP Project\fypapp\abo-images-small (1)\images\small\38\389b22c4.jpg,iPhone,Smartphones,699.99,A high-quality iphone — smartphones product with excellent build quality and modern design.,/abo-images-small (1)/images/small/38/389b22c4.jpg
D:\FYP Project\fypapp\abo-images-small (1)\images\small\3d\3d1a4c77.jpg,Kitchen Appliance,Appliances,129.99,A high-quality kitchen appliance — appliances product with excellent build quality and modern design.,/abo-images-small (1)/images/small/3d/3d1a4c77.jpg
D:\FYP Project\fypapp\abo-images-small (1)\images\small\8f\8f96da0a.jpg,Mobile Phone,Smartphones,699.99,A high-quality mobile phone — smartphones product with excellent build quality and modern design.,/abo-images-small (1)/images/small/8f/8f96da0a.jpg
D:\FYP Project\fypapp\abo-images-small (1)\images\small\09\091c0d4f.jpg,Blender,Appliances,129.99,A high-quality blender — appliances product with excellent build quality and modern design.,/abo-images-small (1)/images/small/09/091c0d4f.jpg
D:\FYP Project\fypapp\abo-images-small (1)\images\small\3d\3de41ae9.jpg,Exercise Gear,Sports,34.99,A high-quality exercise gear — sports product with excellent build quality and modern design.,/abo-images-small (1)/images/small/3d/3de41ae9.jpg
D:\FYP Project\fypapp\abo-images-small (1)\images\small\72\7218e17a.jpg,Tablet,Tablets,449.99,A high-quality tablet — tablets product with excellent build quality and modern design.,/abo-images-small (1)/images/small/72/7218e17a.jpg
D:\FYP Project\fypapp\abo-images-small (1)\images\small\e9\e9012bd9.jpg,Android Phone,Smartphones,699.99,A high-quality android phone — smartphones product with excellent build quality and modern design.,/abo-images-small (1)/images/small/e9/e9012bd9.jpg
D:\FYP Project\fypapp\abo-images-small (1)\images\small\56\56fa7789.jpg,Desk,Tables,299.99,A high-quality desk — tables product with excellent build quality and modern design.,/abo-images-small (1)/images/small/56/56fa7789.jpg
D:\FYP Project\fypapp\abo-images-small (1)\images\small\f8\f8f91301.jpg,Dining Table,Tables,299.99,A high-quality dining table — tables product with excellent build quality and modern design.,/abo-images-small (1)/images/small/f8/f8f91301.jpg
D:\FYP Project\fypapp\abo-images-small (1)\images\small\37\378b6121.jpg,Winter Coat,Jackets,119.99,A high-quality winter coat — jackets product with excellent build quality and modern design.,/abo-images-small (1)/images/small/37/378b6121.jpg
D:\FYP Project\fypapp\abo-images-small (1)\images\small\23\23bbd47e.jpg,Casual Shoes,Shoes,89.99,A high-quality casual shoes — shoes product with excellent build quality and modern design.,/abo-images-small (1)/images/small/23/23bbd47e.jpg
D:\FYP Project\fypapp\abo-images-small (1)\images\small\85\851796a7.jpg,iPhone,Smartphones,699.99,A high-quality iphone — smartphones product with excellent build quality and modern design.,/abo-images-small (1)/images/small/85/851796a7.jpg
D:\FYP Project\fypapp\abo-images-small (1)\images\small\0d\0d39d36b.jpg,Yoga Mat,Sports,34.99,A high-quality yoga mat — sports product with excellent build quality and modern design.,/abo-images-small (1)/images/small/0d/0d39d36b.jpg
D:\FYP Project\fypapp\abo-images-small (1)\images\small\a4\a43b87f5.jpg,Ceramic Plates,Dinnerware,49.99,A high-quality ceramic plates — dinnerware product with excellent build quality and modern design.,/abo-images-small (1)/images/small/a4/a43b87f5.jpg
D:\FYP Project\fypapp\abo-images-small (1)\images\small\4f\4f56848d.jpg,Android Phone,Smartphones,699.99,A high-quality android phone — smartphones product with excellent build quality and modern design.,/abo-images-small (1)/images/small/4f/4f56848d.jpg
D:\FYP Project\fypapp\abo-images-small (1)\images\small\9f\9f81a375.jpg,Dinnerware Set,Dinnerware,49.99,A high-quality dinnerware set — dinnerware product with excellent build quality and modern design.,/abo-images-small (1)/images/small/9f/9f81a375.jpg
D:\FYP Project\fypapp\abo-images-small (1)\images\small\79\793c9077.jpg,Mobile Phone,Smartphones,699.99,A high-quality mobile phone — smartphones product with excellent build quality and modern design.,/abo-images-small (1)/images/small/79/793c9077.jpg
D:\FYP Project\fypapp\abo-images-small (1)\images\small\69\69d925e6.jpg,Accent Chair,Chairs,199.99,A high-quality accent chair — chairs product with excellent build quality and modern design.,/abo-images-small (1)/images/small/69/69d925e6.jpg
D:\FYP Project\fypapp\abo-images-small (1)\images\small\51\51124ec8.jpg,Platform Bed,Beds,499.99,A high-quality platform bed — beds product with excellent build quality and modern design.,/abo-images-small (1)/images/small/51/51124ec8.jpg
D:\FYP Project\fypapp\abo-images-small (1)\images\small\08\08a89a11.jpg,Mobile Phone,Smartphones,699.99,A high-quality mobile phone — smartphones product with excellent build quality and modern design.,/abo-images-small (1)/images/small/08/08a89a11.jpg
D:\FYP Project\fypapp\abo-images-small (1)\images\small\e5\e5b575d9.jpg,Android Phone,Smartphones,699.99,A high-quality android phone — smartphones product with excellent build quality and modern design.,/abo-images-small (1)/images/small/e5/e5b575d9.jpg
D:\FYP Project\fypapp\abo-images-small (1)\images\small\43\43ad9ada.jpg,Android Tablet,Tablets,449.99,A high-quality android tablet — tablets product with excellent build quality and modern design.,/abo-images-small (1)/images/small/43/43ad9ada.jpg
D:\FYP Project\fypapp\abo-images-small (1)\images\small\8a\8aa05667.jpg,Smartphone,Smartphones,699.99,A high-quality smartphone — smartphones product with excellent build quality and modern design.,/abo-images-small (1)/images/small/8a/8aa05667.jpg
D:\FYP Project\fypapp\abo-images-small (1)\images\small\70\70cf11c8.jpg,Mobile Phone,Smartphones,699.99,A high-quality mobile phone — smartphones product with excellent build quality and modern design.,/abo-images-small (1)/images/small/70/70cf11c8.jpg
D:\FYP Project\fypapp\abo-images-small (1)\images\small\61\613b353a.jpg,Android Phone,Smartphones,699.99,A high-quality android phone — smartphones product with excellent build quality and modern design.,/abo-images-small (1)/images/small/61/613b353a.jpg
D:\FYP Project\fypapp\abo-images-small (1)\images\small\17\1766daf2.jpg,Mug Set,Dinnerware,49.99,A high-quality mug set — dinnerware product with excellent build quality and modern design.,/abo-images-small (1)/images/small/17/1766daf2.jpg
D:\FYP Project\fypapp\abo-images-small (1)\images\small\61\6150848e.jpg,Smartphone,Smartphones,699.99,A high-quality smartphone — smartphones product with excellent build quality and modern design.,/abo-images-small (1)/images/small/61/6150848e.jpg
D:\FYP Project\fypapp\abo-images-small (1)\images\small\e0\e02d942f.jpg,Android Phone,Smartphones,699.99,A high-quality android phone — smartphones product with excellent build quality and modern design.,/abo-images-small (1)/images/small/e0/e02d942f.jpg
D:\FYP Project\fypapp\abo-images-small (1)\images\small\b2\b211a832.jpg,Android Tablet,Tablets,449.99,A high-quality android tablet — tablets product with excellent build quality and modern design.,/abo-images-small (1)/images/small/b2/b211a832.jpg
D:\FYP Project\fypapp\abo-images-small (1)\images\small\8b\8b4a5ea7.jpg,Jacket,Jackets,119.99,A high-quality jacket — jackets product with excellent build quality and modern design.,/abo-images-small (1)/images/small/8b/8b4a5ea7.jpg
D:\FYP Project\fypapp\abo-images-small (1)\images\small\fc\fc5941f4.jpg,Ceramic Plates,Dinnerware,49.99,A high-quality ceramic plates — dinnerware product with excellent build quality and modern design.,/abo-images-small (1)/images/small/fc/fc5941f4.jpg
D:\FYP Project\fypapp\abo-images-small (1)\images\small\71\71f1c995.jpg,Casual Shoes,Shoes,89.99,A high-quality casual shoes — shoes product with excellent build quality and modern design.,/abo-images-small (1)/images/small/71/71f1c995.jpg
D:\FYP Project\fypapp\abo-images-small (1)\images\small\0a\0a0dcc32.jpg,Boots,Shoes,89.99,A high-quality boots — shoes product with excellent build quality and modern design.,/abo-images-small (1)/images/small/0a/0a0dcc32.jpg
D:\FYP Project\fypapp\abo-images-small (1)\images\small\26\26681a13.jpg,Smartphone,Smartphones,699.99,A high-quality smartphone — smartphones product with excellent build quality and modern design.,/abo-images-small (1)/images/small/26/26681a13.jpg
D:\FYP Project\fypapp\abo-images-small (1)\images\small\5a\5ace70a6.jpg,Mobile Phone,Smartphones,699.99,A high-quality mobile phone — smartphones product with excellent build quality and modern design.,/abo-images-small (1)/images/small/5a/5ace70a6.jpg
D:\FYP Project\fypapp\abo-images-small (1)\images\small\3d\3d90d116.jpg,Mirrorless Camera,Cameras,549.99,A high-quality mirrorless camera — cameras product with excellent build quality and modern design.,/abo-images-small (1)/images/small/3d/3d90d116.jpg
D:\FYP Project\fypapp\abo-images-small (1)\images\small\c9\c9fd22ac.jpg,Backpack,Outdoors,149.99,A high-quality backpack — outdoors product with excellent build quality and modern design.,/abo-images-small (1)/images/small/c9/c9fd22ac.jpg
D:\FYP Project\fypapp\abo-images-small (1)\images\small\23\23c74b39.jpg,Digital Tablet,Tablets,449.99,A high-quality digital tablet — tablets product with excellent build quality and modern design.,/abo-images-small (1)/images/small/23/23c74b39.jpg
D:\FYP Project\fypapp\abo-images-small (1)\images\small\cf\cfe85359.jpg,Boots,Shoes,89.99,A high-quality boots — shoes product with excellent build quality and modern design.,/abo-images-small (1)/images/small/cf/cfe85359.jpg
D:\FYP Project\fypapp\abo-images-small (1)\images\small\97\97770a0b.jpg,Headphones,Headphones,149.99,A high-quality headphones — headphones product with excellent build quality and modern design.,/abo-images-small (1)/images/small/97/97770a0b.jpg
D:\FYP Project\fypapp\abo-images-small (1)\images\small\77\77635fe9.jpg,iPad,Tablets,449.99,A high-quality ipad — tablets product with excellent build quality and modern design.,/abo-images-small (1)/images/small/77/77635fe9.jpg
D:\FYP Project\fypapp\abo-images-small (1)\images\small\97\97e739bb.jpg,iPhone,Smartphones,699.99,A high-quality iphone — smartphones product with excellent build quality and modern design.,/abo-images-small (1)/images/small/97/97e739bb.jpg
D:\FYP Project\fypapp\abo-images-small (1)\images\small\d3\d304a9de.jpg,Yoga Mat,Sports,34.99,A high-quality yoga mat — sports product with excellent build quality and modern design.,/abo-images-small (1)/images/small/d3/d304a9de.jpg
D:\FYP Project\fypapp\abo-images-small (1)\images\small\b2\b2d46518.jpg,Resistance Bands,Sports,34.99,A high-quality resistance bands — sports product with excellent build quality and modern design.,/abo-images-small (1)/images/small/b2/b2d46518.jpg
D:\FYP Project\fypapp\abo-images-small (1)\images\small\26\26928e1d.jpg,Blender,Appliances,129.99,A high-quality blender — appliances product with excellent build quality and modern design.,/abo-images-small (1)/images/small/26/26928e1d.jpg
D:\FYP Project\fypapp\abo-images-small (1)\images\small\86\862da01b.jpg,Coffee Maker,Appliances,129.99,A high-quality coffee maker — appliances product with excellent build quality and modern design.,/abo-images-small (1)/images/small/86/862da01b.jpg
D:\FYP Project\fypapp\abo-images-small (1)\images\small\c7\c7a85f47.jpg,Bed Frame,Beds,499.99,A high-quality bed frame — beds product with excellent build quality and modern design.,/abo-images-small (1)/images/small/c7/c7a85f47.jpg
D:\FYP Project\fypapp\abo-images-small (1)\images\small\42\429e9308.jpg,Ceramic Plates,Dinnerware,49.99,A high-quality ceramic plates — dinnerware product with excellent build quality and modern design.,/abo-images-small (1)/images/small/42/429e9308.jpg
D:\FYP Project\fypapp\abo-images-small (1)\images\small\58\58dcc65f.jpg,Casual Shoes,Shoes,89.99,A high-quality casual shoes — shoes product with excellent build quality and modern design.,/abo-images-small (1)/images/small/58/58dcc65f.jpg
D:\FYP Project\fypapp\abo-images-small (1)\images\small\0e\0ef99c40.jpg,iPhone,Smartphones,699.99,A high-quality iphone — smartphones product with excellent build quality and modern design.,/abo-images-small (1)/images/small/0e/0ef99c40.jpg
D:\FYP Project\fypapp\abo-images-small (1)\images\small\97\97cb46d4.jpg,Dress,Dresses,59.99,A high-quality dress — dresses product with excellent build quality and modern design.,/abo-images-small (1)/images/small/97/97cb46d4.jpg
D:\FYP Project\fypapp\abo-images-small (1)\images\small\00\0091489b.jpg,Dining Chair,Chairs,199.99,A high-quality dining chair — chairs product with excellent build quality and modern design.,/abo-images-small (1)/images/small/00/0091489b.jpg
D:\FYP Project\fypapp\abo-images-small (1)\images\small\b5\b57a0b32.jpg,Accent Chair,Chairs,199.99,A high-quality accent chair — chairs product with excellent build quality and modern design.,/abo-images-small (1)/images/small/b5/b57a0b32.jpg
D:\FYP Project\fypapp\abo-images-small (1)\images\small\bb\bb2fe77f.jpg,iPhone,Smartphones,699.99,A high-quality iphone — smartphones product with excellent build quality and modern design.,/abo-images-small (1)/images/small/bb/bb2fe77f.jpg
D:\FYP Project\fypapp\abo-images-small (1)\images\small\45\450e1198.jpg,Smartphone,Smartphones,699.99,A high-quality smartphone — smartphones product with excellent build quality and modern design.,/abo-images-small (1)/images/small/45/450e1198.jpg
D:\FYP Project\fypapp\abo-images-small (1)\images\small\7d\7df64115.jpg,Mobile Phone,Smartphones,699.99,A high-quality mobile phone — smartphones product with excellent build quality and modern design.,/abo-images-small (1)/images/small/7d/7df64115.jpg
D:\FYP Project\fypapp\abo-images-small (1)\images\small\96\96187598.jpg,Digital Tablet,Tablets,449.99,A high-quality digital tablet — tablets product with excellent build quality and modern design.,/abo-images-small (1)/images/small/96/96187598.jpg
D:\FYP Project\fypapp\abo-images-small (1)\images\small\17\17aa846f.jpg,iPhone,Smartphones,699.99,A high-quality iphone — smartphones product with excellent build quality and modern design.,/abo-images-small (1)/images/small/17/17aa846f.jpg
D:\FYP Project\fypapp\abo-images-small (1)\images\small\e7\e7262091.jpg,Smartphone,Smartphones,699.99,A high-quality smartphone — smartphones product with excellent build quality and modern design.,/abo-images-small (1)/images/small/e7/e7262091.jpg
D:\FYP Project\fypapp\abo-images-small (1)\images\small\71\714790c0.jpg,Running Shoes,Shoes,89.99,A high-quality running shoes — shoes product with excellent build quality and modern design.,/abo-images-small (1)/images/small/71/714790c0.jpg
D:\FYP Project\fypapp\abo-images-small (1)\images\small\d8\d81f1480.jpg,Straight Jeans,Jeans,69.99,A high-quality straight jeans — jeans product with excellent build quality and modern design.,/abo-images-small (1)/images/small/d8/d81f1480.jpg
D:\FYP Project\fypapp\abo-images-small (1)\images\small\ef\efbd4118.jpg,Smartphone,Smartphones,699.99,A high-quality smartphone — smartphones product with excellent build quality and modern design.,/abo-images-small (1)/images/small/ef/efbd4118.jpg
D:\FYP Project\fypapp\abo-images-small (1)\images\small\29\297baaea.jpg,Dress Shirt,Shirts,39.99,A high-quality dress shirt — shirts product with excellent build quality and modern design.,/abo-images-small (1)/images/small/29/297baaea.jpg
D:\FYP Project\fypapp\abo-images-small (1)\images\small\b1\b105fdb4.jpg,Android Tablet,Tablets,449.99,A high-quality android tablet — tablets product with excellent build quality and modern design.,/abo-images-small (1)/images/small/b1/b105fdb4.jpg
D:\FYP Project\fypapp\abo-images-small (1)\images\small\6b\6b0be8e2.jpg,Headphones,Headphones,149.99,A high-quality headphones — headphones product with excellent build quality and modern design.,/abo-images-small (1)/images/small/6b/6b0be8e2.jpg
D:\FYP Project\fypapp\abo-images-small (1)\images\small\ed\edbc6630.jpg,Mobile Phone,Smartphones,699.99,A high-quality mobile phone — smartphones product with excellent build quality and modern design.,/abo-images-small (1)/images/small/ed/edbc6630.jpg
D:\FYP Project\fypapp\abo-images-small (1)\images\small\8e\8e7e3fbf.jpg,Android Phone,Smartphones,699.99,A high-quality android phone — smartphones product with excellent build quality and modern design.,/abo-images-small (1)/images/small/8e/8e7e3fbf.jpg
D:\FYP Project\fypapp\abo-images-small (1)\images\small\6f\6ffb6266.jpg,iPhone,Smartphones,699.99,A high-quality iphone — smartphones product with excellent build quality and modern design.,/abo-images-small (1)/images/small/6f/6ffb6266.jpg
D:\FYP Project\fypapp\abo-images-small (1)\images\small\8c\8c52bf8e.jpg,Bed Frame,Beds,499.99,A high-quality bed frame — beds product with excellent build quality and modern design.,/abo-images-small (1)/images/small/8c/8c52bf8e.jpg
D:\FYP Project\fypapp\abo-images-small (1)\images\small\66\66c4aa53.jpg,Mobile Phone,Smartphones,699.99,A high-quality mobile phone — smartphones product with excellent build quality and modern design.,/abo-images-small (1)/images/small/66/66c4aa53.jpg
D:\FYP Project\fypapp\abo-images-small (1)\images\small\c0\c0e150e6.jpg,Android Phone,Smartphones,699.99,A high-quality android phone — smartphones product with excellent build quality and modern design.,/abo-images-small (1)/images/small/c0/c0e150e6.jpg
D:\FYP Project\fypapp\abo-images-small (1)\images\small\2a\2a6b3745.jpg,iPhone,Smartphones,699.99,A high-quality iphone — smartphones product with excellent build quality and modern design.,/abo-images-small (1)/images/small/2a/2a6b3745.jpg
D:\FYP Project\fypapp\abo-images-small (1)\images\small\43\431c02b1.jpg,Office Chair,Chairs,199.99,A high-quality office chair — chairs product with excellent build quality and modern design.,/abo-images-small (1)/images/small/43/431c02b1.jpg
D:\FYP Project\fypapp\abo-images-small (1)\images\small\92\928beb4d.jpg,Running Shoes,Shoes,89.99,A high-quality running shoes — shoes product with excellent build quality and modern design.,/abo-images-small (1)/images/small/92/928beb4d.jpg
D:\FYP Project\fypapp\abo-images-small (1)\images\small\e7\e775291a.jpg,Digital Tablet,Tablets,449.99,A high-quality digital tablet — tablets product with excellent build quality and modern design.,/abo-images-small (1)/images/small/e7/e775291a.jpg
D:\FYP Project\fypapp\abo-images-small (1)\images\small\83\83af94c6.jpg,Floral Dress,Dresses,59.99,A high-quality floral dress — dresses product with excellent build quality and modern design.,/abo-images-small (1)/images/small/83/83af94c6.jpg
D:\FYP Project\fypapp\abo-images-small (1)\images\small\3c\3c2141bb.jpg,Sneakers,Shoes,89.99,A high-quality sneakers — shoes product with excellent build quality and modern design.,/abo-images-small (1)/images/small/3c/3c2141bb.jpg
D:\FYP Project\fypapp\abo-images-small (1)\images\small\d6\d6032eb5.jpg,Microwave,Appliances,129.99,A high-quality microwave — appliances product with excellent build quality and modern design.,/abo-images-small (1)/images/small/d6/d6032eb5.jpg
D:\FYP Project\fypapp\abo-images-small (1)\images\small\c5\c5b10524.jpg,Side Table,Tables,299.99,A high-quality side table — tables product with excellent build quality and modern design.,/abo-images-small (1)/images/small/c5/c5b10524.jpg
D:\FYP Project\fypapp\abo-images-small (1)\images\small\68\689c28e6.jpg,iPhone,Smartphones,699.99,A high-quality iphone — smartphones product with excellent build quality and modern design.,/abo-images-small (1)/images/small/68/689c28e6.jpg
D:\FYP Project\fypapp\abo-images-small (1)\images\small\8d\8d885e2b.jpg,Smartphone,Smartphones,699.99,A high-quality smartphone — smartphones product with excellent build quality and modern design.,/abo-images-small (1)/images/small/8d/8d885e2b.jpg
D:\FYP Project\fypapp\abo-images-small (1)\images\small\be\bea9efde.jpg,Mobile Phone,Smartphones,699.99,A high-quality mobile phone — smartphones product with excellent build quality and modern design.,/abo-images-small (1)/images/small/be/bea9efde.jpg
D:\FYP Project\fypapp\abo-images-small (1)\images\small\00\002e98af.jpg,King Bed,Beds,499.99,A high-quality king bed — beds product with excellent build quality and modern design.,/abo-images-small (1)/images/small/00/002e98af.jpg
D:\FYP Project\fypapp\abo-images-small (1)\images\small\69\698ff80d.jpg,iPhone,Smartphones,699.99,A high-quality iphone — smartphones product with excellent build quality and modern design.,/abo-images-small (1)/images/small/69/698ff80d.jpg
D:\FYP Project\fypapp\abo-images-small (1)\images\small\63\63a453bf.jpg,Sneakers,Shoes,89.99,A high-quality sneakers — shoes product with excellent build quality and modern design.,/abo-images-small (1)/images/small/63/63a453bf.jpg
D:\FYP Project\fypapp\abo-images-small (1)\images\small\4b\4b031ce1.jpg,Mobile Phone,Smartphones,699.99,A high-quality mobile phone — smartphones product with excellent build quality and modern design.,/abo-images-small (1)/images/small/4b/4b031ce1.jpg
D:\FYP Project\fypapp\abo-images-small (1)\images\small\95\95d52eb6.jpg,Ultrabook,Laptops,899.99,A high-quality ultrabook — laptops product with excellent build quality and modern design.,/abo-images-small (1)/images/small/95/95d52eb6.jpg
D:\FYP Project\fypapp\abo-images-small (1)\images\small\c9\c9b67fe0.jpg,Platform Bed,Beds,499.99,A high-quality platform bed — beds product with excellent build quality and modern design.,/abo-images-small (1)/images/small/c9/c9b67fe0.jpg
D:\FYP Project\fypapp\abo-images-small (1)\images\small\f6\f6c340a6.jpg,Sneakers,Shoes,89.99,A high-quality sneakers — shoes product with excellent build quality and modern design.,/abo-images-small (1)/images/small/f6/f6c340a6.jpg
D:\FYP Project\fypapp\abo-images-small (1)\images\small\e3\e3ec52e5.jpg,Hiking Gear,Outdoors,149.99,A high-quality hiking gear — outdoors product with excellent build quality and modern design.,/abo-images-small (1)/images/small/e3/e3ec52e5.jpg
D:\FYP Project\fypapp\abo-images-small (1)\images\small\a1\a19d9b39.jpg,Casual Top,Shirts,39.99,A high-quality casual top — shirts product with excellent build quality and modern design.,/abo-images-small (1)/images/small/a1/a19d9b39.jpg
D:\FYP Project\fypapp\abo-images-small (1)\images\small\ee\eea19869.jpg,T-Shirt,Shirts,39.99,A high-quality t-shirt — shirts product with excellent build quality and modern design.,/abo-images-small (1)/images/small/ee/eea19869.jpg
D:\FYP Project\fypapp\abo-images-small (1)\images\small\99\99c838fb.jpg,Mobile Phone,Smartphones,699.99,A high-quality mobile phone — smartphones product with excellent build quality and modern design.,/abo-images-small (1)/images/small/99/99c838fb.jpg
D:\FYP Project\fypapp\abo-images-small (1)\images\small\4c\4c427d5c.jpg,Android Phone,Smartphones,699.99,A high-quality android phone — smartphones product with excellent build quality and modern design.,/abo-images-small (1)/images/small/4c/4c427d5c.jpg
D:\FYP Project\fypapp\abo-images-small (1)\images\small\b2\b2bc6cf1.jpg,Windbreaker,Jackets,119.99,A high-quality windbreaker — jackets product with excellent build quality and modern design.,/abo-images-small (1)/images/small/b2/b2bc6cf1.jpg
D:\FYP Project\fypapp\abo-images-small (1)\images\small\a5\a5227b4f.jpg,Kitchen Appliance,Appliances,129.99,A high-quality kitchen appliance — appliances product with excellent build quality and modern design.,/abo-images-small (1)/images/small/a5/a5227b4f.jpg
D:\FYP Project\fypapp\abo-images-small (1)\images\small\3a\3aecb45a.jpg,Slim Jeans,Jeans,69.99,A high-quality slim jeans — jeans product with excellent build quality and modern design.,/abo-images-small (1)/images/small/3a/3aecb45a.jpg
D:\FYP Project\fypapp\abo-images-small (1)\images\small\1c\1ceab8b1.jpg,iPhone,Smartphones,699.99,A high-quality iphone — smartphones product with excellent build quality and modern design.,/abo-images-small (1)/images/small/1c/1ceab8b1.jpg
D:\FYP Project\fypapp\abo-images-small (1)\images\small\62\628d86ff.jpg,Kitchen Appliance,Appliances,129.99,A high-quality kitchen appliance — appliances product with excellent build quality and modern design.,/abo-images-small (1)/images/small/62/628d86ff.jpg
D:\FYP Project\fypapp\abo-images-small (1)\images\small\b4\b41fd18a.jpg,Winter Coat,Jackets,119.99,A high-quality winter coat — jackets product with excellent build quality and modern design.,/abo-images-small (1)/images/small/b4/b41fd18a.jpg
D:\FYP Project\fypapp\abo-images-small (1)\images\small\db\dbbd552b.jpg,Casual Shoes,Shoes,89.99,A high-quality casual shoes — shoes product with excellent build quality and modern design.,/abo-images-small (1)/images/small/db/dbbd552b.jpg
D:\FYP Project\fypapp\abo-images-small (1)\images\small\d6\d6d07a25.jpg,Exercise Gear,Sports,34.99,A high-quality exercise gear — sports product with excellent build quality and modern design.,/abo-images-small (1)/images/small/d6/d6d07a25.jpg
D:\FYP Project\fypapp\abo-images-small (1)\images\small\72\72c3da46.jpg,Sofa,Sofas,799.99,A high-quality sofa — sofas product with excellent build quality and modern design.,/abo-images-small (1)/images/small/72/72c3da46.jpg
D:\FYP Project\fypapp\abo-images-small (1)\images\small\1f\1f1ad492.jpg,Microwave,Appliances,129.99,A high-quality microwave — appliances product with excellent build quality and modern design.,/abo-images-small (1)/images/small/1f/1f1ad492.jpg
D:\FYP Project\fypapp\abo-images-small (1)\images\small\53\5363d7e7.jpg,Casual Shoes,Shoes,89.99,A high-quality casual shoes — shoes product with excellent build quality and modern design.,/abo-images-small (1)/images/small/53/5363d7e7.jpg
D:\FYP Project\fypapp\abo-images-small (1)\images\small\6b\6b343af6.jpg,iPhone,Smartphones,699.99,A high-quality iphone — smartphones product with excellent build quality and modern design.,/abo-images-small (1)/images/small/6b/6b343af6.jpg
D:\FYP Project\fypapp\abo-images-small (1)\images\small\f6\f63e2b81.jpg,Sneakers,Shoes,89.99,A high-quality sneakers — shoes product with excellent build quality and modern design.,/abo-images-small (1)/images/small/f6/f63e2b81.jpg
D:\FYP Project\fypapp\abo-images-small (1)\images\small\31\31b4ce92.jpg,Android Phone,Smartphones,699.99,A high-quality android phone — smartphones product with excellent build quality and modern design.,/abo-images-small (1)/images/small/31/31b4ce92.jpg
D:\FYP Project\fypapp\abo-images-small (1)\images\small\09\0909f557.jpg,iPhone,Smartphones,699.99,A high-quality iphone — smartphones product with excellent build quality and modern design.,/abo-images-small (1)/images/small/09/0909f557.jpg
D:\FYP Project\fypapp\abo-images-small (1)\images\small\0f\0f943a43.jpg,Yoga Mat,Sports,34.99,A high-quality yoga mat — sports product with excellent build quality and modern design.,/abo-images-small (1)/images/small/0f/0f943a43.jpg
D:\FYP Project\fypapp\abo-images-small (1)\images\small\fb\fb0b3d9c.jpg,Winter Coat,Jackets,119.99,A high-quality winter coat — jackets product with excellent build quality and modern design.,/abo-images-small (1)/images/small/fb/fb0b3d9c.jpg
D:\FYP Project\fypapp\abo-images-small (1)\images\small\a5\a5a3de60.jpg,Android Phone,Smartphones,699.99,A high-quality android phone — smartphones product with excellent build quality and modern design.,/abo-images-small (1)/images/small/a5/a5a3de60.jpg
D:\FYP Project\fypapp\abo-images-small (1)\images\small\d4\d4f5e25e.jpg,Denim Pants,Jeans,69.99,A high-quality denim pants — jeans product with excellent build quality and modern design.,/abo-images-small (1)/images/small/d4/d4f5e25e.jpg
D:\FYP Project\fypapp\abo-images-small (1)\images\small\9e\9e1b2fbe.jpg,Couch,Sofas,799.99,A high-quality couch — sofas product with excellent build quality and modern design.,/abo-images-small (1)/images/small/9e/9e1b2fbe.jpg
D:\FYP Project\fypapp\abo-images-small (1)\images\small\90\904148de.jpg,Android Phone,Smartphones,699.99,A high-quality android phone — smartphones product with excellent build quality and modern design.,/abo-images-small (1)/images/small/90/904148de.jpg
D:\FYP Project\fypapp\abo-images-small (1)\images\small\c7\c73eaa34.jpg,Tablet,Tablets,449.99,A high-quality tablet — tablets product with excellent build quality and modern design.,/abo-images-small (1)/images/small/c7/c73eaa34.jpg
D:\FYP Project\fypapp\abo-images-small (1)\images\small\44\44005b3f.jpg,Hiking Gear,Outdoors,149.99,A high-quality hiking gear — outdoors product with excellent build quality and modern design.,/abo-images-small (1)/images/small/44/44005b3f.jpg
D:\FYP Project\fypapp\abo-images-small (1)\images\small\85\85bfcdcb.jpg,Android Phone,Smartphones,699.99,A high-quality android phone — smartphones product with excellent build quality and modern design.,/abo-images-small (1)/images/small/85/85bfcdcb.jpg
D:\FYP Project\fypapp\abo-images-small (1)\images\small\ac\ace81b07.jpg,iPhone,Smartphones,699.99,A high-quality iphone — smartphones product with excellent build quality and modern design.,/abo-images-small (1)/images/small/ac/ace81b07.jpg
D:\FYP Project\fypapp\abo-images-small (1)\images\small\8b\8b4024d3.jpg,Sneakers,Shoes,89.99,A high-quality sneakers — shoes product with excellent build quality and modern design.,/abo-images-small (1)/images/small/8b/8b4024d3.jpg
D:\FYP Project\fypapp\abo-images-small (1)\images\small\31\31baa380.jpg,Casual Shoes,Shoes,89.99,A high-quality casual shoes — shoes product with excellent build quality and modern design.,/abo-images-small (1)/images/small/31/31baa380.jpg
D:\FYP Project\fypapp\abo-images-small (1)\images\small\02\02149e1b.jpg,Smartphone,Smartphones,699.99,A high-quality smartphone — smartphones product with excellent build quality and modern design.,/abo-images-small (1)/images/small/02/02149e1b.jpg
D:\FYP Project\fypapp\abo-images-small (1)\images\small\23\230da91b.jpg,Running Shoes,Shoes,89.99,A high-quality running shoes — shoes product with excellent build quality and modern design.,/abo-images-small (1)/images/small/23/230da91b.jpg
D:\FYP Project\fypapp\abo-images-small (1)\images\small\94\944e7999.jpg,Straight Jeans,Jeans,69.99,A high-quality straight jeans — jeans product with excellent build quality and modern design.,/abo-images-small (1)/images/small/94/944e7999.jpg
D:\FYP Project\fypapp\abo-images-small (1)\images\small\4d\4df5efed.jpg,Recliner,Chairs,199.99,A high-quality recliner — chairs product with excellent build quality and modern design.,/abo-images-small (1)/images/small/4d/4df5efed.jpg
D:\FYP Project\fypapp\abo-images-small (1)\images\small\3c\3ca9e34c.jpg,Dining Table,Tables,299.99,A high-quality dining table — tables product with excellent build quality and modern design.,/abo-images-small (1)/images/small/3c/3ca9e34c.jpg
D:\FYP Project\fypapp\abo-images-small (1)\images\small\b4\b4bfd93c.jpg,Mobile Phone,Smartphones,699.99,A high-quality mobile phone — smartphones product with excellent build quality and modern design.,/abo-images-small (1)/images/small/b4/b4bfd93c.jpg
D:\FYP Project\fypapp\abo-images-small (1)\images\small\a1\a187aa0d.jpg,King Bed,Beds,499.99,A high-quality king bed — beds product with excellent build quality and modern design.,/abo-images-small (1)/images/small/a1/a187aa0d.jpg
D:\FYP Project\fypapp\abo-images-small (1)\images\small\10\10bd1200.jpg,Desk,Tables,299.99,A high-quality desk — tables product with excellent build quality and modern design.,/abo-images-small (1)/images/small/10/10bd1200.jpg
D:\FYP Project\fypapp\abo-images-small (1)\images\small\c2\c21c6d29.jpg,Smartphone,Smartphones,699.99,A high-quality smartphone — smartphones product with excellent build quality and modern design.,/abo-images-small (1)/images/small/c2/c21c6d29.jpg
D:\FYP Project\fypapp\abo-images-small (1)\images\small\57\57490dad.jpg,Running Shoes,Shoes,89.99,A high-quality running shoes — shoes product with excellent build quality and modern design.,/abo-images-small (1)/images/small/57/57490dad.jpg
D:\FYP Project\fypapp\abo-images-small (1)\images\small\28\288a879f.jpg,Sectional Sofa,Sofas,799.99,A high-quality sectional sofa — sofas product with excellent build quality and modern design.,/abo-images-small (1)/images/small/28/288a879f.jpg
D:\FYP Project\fypapp\abo-images-small (1)\images\small\9e\9e6f06af.jpg,Casual Top,Shirts,39.99,A high-quality casual top — shirts product with excellent build quality and modern design.,/abo-images-small (1)/images/small/9e/9e6f06af.jpg
D:\FYP Project\fypapp\abo-images-small (1)\images\small\2c\2cfc316b.jpg,Smartphone,Smartphones,699.99,A high-quality smartphone — smartphones product with excellent build quality and modern design.,/abo-images-small (1)/images/small/2c/2cfc316b.jpg
D:\FYP Project\fypapp\abo-images-small (1)\images\small\a1\a188bf5d.jpg,Mobile Phone,Smartphones,699.99,A high-quality mobile phone — smartphones product with excellent build quality and modern design.,/abo-images-small (1)/images/small/a1/a188bf5d.jpg
D:\FYP Project\fypapp\abo-images-small (1)\images\small\b8\b8da1c22.jpg,Mirrorless Camera,Cameras,549.99,A high-quality mirrorless camera — cameras product with excellent build quality and modern design.,/abo-images-small (1)/images/small/b8/b8da1c22.jpg
D:\FYP Project\fypapp\abo-images-small (1)\images\small\c2\c2a19626.jpg,Exercise Gear,Sports,34.99,A high-quality exercise gear — sports product with excellent build quality and modern design.,/abo-images-small (1)/images/small/c2/c2a19626.jpg
D:\FYP Project\fypapp\abo-images-small (1)\images\small\cf\cf9d1ed0.jpg,Digital Camera,Cameras,549.99,A high-quality digital camera — cameras product with excellent build quality and modern design.,/abo-images-small (1)/images/small/cf/cf9d1ed0.jpg
D:\FYP Project\fypapp\abo-images-small (1)\images\small\6d\6d702631.jpg,iPad,Tablets,449.99,A high-quality ipad — tablets product with excellent build quality and modern design.,/abo-images-small (1)/images/small/6d/6d702631.jpg
D:\FYP Project\fypapp\abo-images-small (1)\images\small\99\99f702ab.jpg,Android Phone,Smartphones,699.99,A high-quality android phone — smartphones product with excellent build quality and modern design.,/abo-images-small (1)/images/small/99/99f702ab.jpg
D:\FYP Project\fypapp\abo-images-small (1)\images\small\d5\d5484fc9.jpg,Skillet,Cookware,89.99,A high-quality skillet — cookware product with excellent build quality and modern design.,/abo-images-small (1)/images/small/d5/d5484fc9.jpg
D:\FYP Project\fypapp\abo-images-small (1)\images\small\b0\b060d721.jpg,Dress,Dresses,59.99,A high-quality dress — dresses product with excellent build quality and modern design.,/abo-images-small (1)/images/small/b0/b060d721.jpg
D:\FYP Project\fypapp\abo-images-small (1)\images\small\95\9501a917.jpg,Running Shoes,Shoes,89.99,A high-quality running shoes — shoes product with excellent build quality and modern design.,/abo-images-small (1)/images/small/95/9501a917.jpg
D:\FYP Project\fypapp\abo-images-small (1)\images\small\e7\e7a5d0c6.jpg,Polo Shirt,Shirts,39.99,A high-quality polo shirt — shirts product with excellent build quality and modern design.,/abo-images-small (1)/images/small/e7/e7a5d0c6.jpg
D:\FYP Project\fypapp\abo-images-small (1)\images\small\9b\9b3d1cb8.jpg,iPhone,Smartphones,699.99,A high-quality iphone — smartphones product with excellent build quality and modern design.,/abo-images-small (1)/images/small/9b/9b3d1cb8.jpg
D:\FYP Project\fypapp\abo-images-small (1)\images\small\37\3789c04a.jpg,Tablet,Tablets,449.99,A high-quality tablet — tablets product with excellent build quality and modern design.,/abo-images-small (1)/images/small/37/3789c04a.jpg
D:\FYP Project\fypapp\abo-images-small (1)\images\small\a5\a57a3a18.jpg,Running Shoes,Shoes,89.99,A high-quality running shoes — shoes product with excellent build quality and modern design.,/abo-images-small (1)/images/small/a5/a57a3a18.jpg
D:\FYP Project\fypapp\abo-images-small (1)\images\small\9c\9cbe5aad.jpg,Android Phone,Smartphones,699.99,A high-quality android phone — smartphones product with excellent build quality and modern design.,/abo-images-small (1)/images/small/9c/9cbe5aad.jpg
D:\FYP Project\fypapp\abo-images-small (1)\images\small\5a\5a3d0bec.jpg,Boots,Shoes,89.99,A high-quality boots — shoes product with excellent build quality and modern design.,/abo-images-small (1)/images/small/5a/5a3d0bec.jpg
D:\FYP Project\fypapp\abo-images-small (1)\images\small\56\56bfa230.jpg,Yoga Mat,Sports,34.99,A high-quality yoga mat — sports product with excellent build quality and modern design.,/abo-images-small (1)/images/small/56/56bfa230.jpg
D:\FYP Project\fypapp\abo-images-small (1)\images\small\60\60c59a25.jpg,Blender,Appliances,129.99,A high-quality blender — appliances product with excellent build quality and modern design.,/abo-images-small (1)/images/small/60/60c59a25.jpg
D:\FYP Project\fypapp\abo-images-small (1)\images\small\b5\b5e4c377.jpg,iPhone,Smartphones,699.99,A high-quality iphone — smartphones product with excellent build quality and modern design.,/abo-images-small (1)/images/small/b5/b5e4c377.jpg
D:\FYP Project\fypapp\abo-images-small (1)\images\small\d9\d96ca81a.jpg,Resistance Bands,Sports,34.99,A high-quality resistance bands — sports product with excellent build quality and modern design.,/abo-images-small (1)/images/small/d9/d96ca81a.jpg
D:\FYP Project\fypapp\abo-images-small (1)\images\small\54\54b034c6.jpg,Straight Jeans,Jeans,69.99,A high-quality straight jeans — jeans product with excellent build quality and modern design.,/abo-images-small (1)/images/small/54/54b034c6.jpg
D:\FYP Project\fypapp\abo-images-small (1)\images\small\5f\5fbd168a.jpg,Skillet,Cookware,89.99,A high-quality skillet — cookware product with excellent build quality and modern design.,/abo-images-small (1)/images/small/5f/5fbd168a.jpg
D:\FYP Project\fypapp\abo-images-small (1)\images\small\1a\1a35f7ab.jpg,Mobile Phone,Smartphones,699.99,A high-quality mobile phone — smartphones product with excellent build quality and modern design.,/abo-images-small (1)/images/small/1a/1a35f7ab.jpg
D:\FYP Project\fypapp\abo-images-small (1)\images\small\63\63491a14.jpg,Outdoor Equipment,Outdoors,149.99,A high-quality outdoor equipment — outdoors product with excellent build quality and modern design.,/abo-images-small (1)/images/small/63/63491a14.jpg
D:\FYP Project\fypapp\abo-images-small (1)\images\small\53\5350016e.jpg,Boots,Shoes,89.99,A high-quality boots — shoes product with excellent build quality and modern design.,/abo-images-small (1)/images/small/53/5350016e.jpg
D:\FYP Project\fypapp\abo-images-small (1)\images\small\5e\5ecb9148.jpg,Sneakers,Shoes,89.99,A high-quality sneakers — shoes product with excellent build quality and modern design.,/abo-images-small (1)/images/small/5e/5ecb9148.jpg
D:\FYP Project\fypapp\abo-images-small (1)\images\small\72\72ea94f0.jpg,Non-Stick Pan,Cookware,89.99,A high-quality non-stick pan — cookware product with excellent build quality and modern design.,/abo-images-small (1)/images/small/72/72ea94f0.jpg
D:\FYP Project\fypapp\abo-images-small (1)\images\small\6e\6e18956c.jpg,Android Phone,Smartphones,699.99,A high-quality android phone — smartphones product with excellent build quality and modern design.,/abo-images-small (1)/images/small/6e/6e18956c.jpg
D:\FYP Project\fypapp\abo-images-small (1)\images\small\f9\f9cc4cec.jpg,Mobile Phone,Smartphones,699.99,A high-quality mobile phone — smartphones product with excellent build quality and modern design.,/abo-images-small (1)/images/small/f9/f9cc4cec.jpg
D:\FYP Project\fypapp\abo-images-small (1)\images\small\32\32b4861b.jpg,Android Phone,Smartphones,699.99,A high-quality android phone — smartphones product with excellent build quality and modern design.,/abo-images-small (1)/images/small/32/32b4861b.jpg
D:\FYP Project\fypapp\abo-images-small (1)\images\small\52\523e0634.jpg,iPhone,Smartphones,699.99,A high-quality iphone — smartphones product with excellent build quality and modern design.,/abo-images-small (1)/images/small/52/523e0634.jpg
D:\FYP Project\fypapp\abo-images-small (1)\images\small\85\854e0b5d.jpg,Dining Table,Tables,299.99,A high-quality dining table — tables product with excellent build quality and modern design.,/abo-images-small (1)/images/small/85/854e0b5d.jpg
D:\FYP Project\fypapp\abo-images-small (1)\images\small\4c\4c539ed8.jpg,Android Phone,Smartphones,699.99,A high-quality android phone — smartphones product with excellent build quality and modern design.,/abo-images-small (1)/images/small/4c/4c539ed8.jpg
D:\FYP Project\fypapp\abo-images-small (1)\images\small\15\15bcf7c0.jpg,iPhone,Smartphones,699.99,A high-quality iphone — smartphones product with excellent build quality and modern design.,/abo-images-small (1)/images/small/15/15bcf7c0.jpg
D:\FYP Project\fypapp\abo-images-small (1)\images\small\90\907ab1ef.jpg,Smartphone,Smartphones,699.99,A high-quality smartphone — smartphones product with excellent build quality and modern design.,/abo-images-small (1)/images/small/90/907ab1ef.jpg
D:\FYP Project\fypapp\abo-images-small (1)\images\small\71\71c7d9ba.jpg,Android Phone,Smartphones,699.99,A high-quality android phone — smartphones product with excellent build quality and modern design.,/abo-images-small (1)/images/small/71/71c7d9ba.jpg
D:\FYP Project\fypapp\abo-images-small (1)\images\small\bc\bc9641fe.jpg,Boots,Shoes,89.99,A high-quality boots — shoes product with excellent build quality and modern design.,/abo-images-small (1)/images/small/bc/bc9641fe.jpg
D:\FYP Project\fypapp\abo-images-small (1)\images\small\a1\a1d03740.jpg,Smartphone,Smartphones,699.99,A high-quality smartphone — smartphones product with excellent build quality and modern design.,/abo-images-small (1)/images/small/a1/a1d03740.jpg
D:\FYP Project\fypapp\abo-images-small (1)\images\small\90\90e0cf4c.jpg,Non-Stick Pan,Cookware,89.99,A high-quality non-stick pan — cookware product with excellent build quality and modern design.,/abo-images-small (1)/images/small/90/90e0cf4c.jpg
D:\FYP Project\fypapp\abo-images-small (1)\images\small\15\150333b5.jpg,Android Phone,Smartphones,699.99,A high-quality android phone — smartphones product with excellent build quality and modern design.,/abo-images-small (1)/images/small/15/150333b5.jpg
D:\FYP Project\fypapp\abo-images-small (1)\images\small\49\49c68487.jpg,Android Tablet,Tablets,449.99,A high-quality android tablet — tablets product with excellent build quality and modern design.,/abo-images-small (1)/images/small/49/49c68487.jpg
D:\FYP Project\fypapp\abo-images-small (1)\images\small\92\927fcf89.jpg,Tablet,Tablets,449.99,A high-quality tablet — tablets product with excellent build quality and modern design.,/abo-images-small (1)/images/small/92/927fcf89.jpg
D:\FYP Project\fypapp\abo-images-small (1)\images\small\87\8762949b.jpg,Ceramic Plates,Dinnerware,49.99,A high-quality ceramic plates — dinnerware product with excellent build quality and modern design.,/abo-images-small (1)/images/small/87/8762949b.jpg
D:\FYP Project\fypapp\abo-images-small (1)\images\small\07\073701d4.jpg,iPhone,Smartphones,699.99,A high-quality iphone — smartphones product with excellent build quality and modern design.,/abo-images-small (1)/images/small/07/073701d4.jpg
D:\FYP Project\fypapp\abo-images-small (1)\images\small\c7\c74cdce8.jpg,Office Chair,Chairs,199.99,A high-quality office chair — chairs product with excellent build quality and modern design.,/abo-images-small (1)/images/small/c7/c74cdce8.jpg
D:\FYP Project\fypapp\abo-images-small (1)\images\small\84\841ee958.jpg,Couch,Sofas,799.99,A high-quality couch — sofas product with excellent build quality and modern design.,/abo-images-small (1)/images/small/84/841ee958.jpg
D:\FYP Project\fypapp\abo-images-small (1)\images\small\a6\a60da2b7.jpg,King Bed,Beds,499.99,A high-quality king bed — beds product with excellent build quality and modern design.,/abo-images-small (1)/images/small/a6/a60da2b7.jpg
D:\FYP Project\fypapp\abo-images-small (1)\images\small\02\022ed4a7.jpg,Skillet,Cookware,89.99,A high-quality skillet — cookware product with excellent build quality and modern design.,/abo-images-small (1)/images/small/02/022ed4a7.jpg
D:\FYP Project\fypapp\abo-images-small (1)\images\small\7a\7a09d3ed.jpg,Dining Table,Tables,299.99,A high-quality dining table — tables product with excellent build quality and modern design.,/abo-images-small (1)/images/small/7a/7a09d3ed.jpg
D:\FYP Project\fypapp\abo-images-small (1)\images\small\67\67b07489.jpg,Winter Coat,Jackets,119.99,A high-quality winter coat — jackets product with excellent build quality and modern design.,/abo-images-small (1)/images/small/67/67b07489.jpg
D:\FYP Project\fypapp\abo-images-small (1)\images\small\92\923419ac.jpg,Windbreaker,Jackets,119.99,A high-quality windbreaker — jackets product with excellent build quality and modern design.,/abo-images-small (1)/images/small/92/923419ac.jpg
D:\FYP Project\fypapp\abo-images-small (1)\images\small\bb\bb2dc3d5.jpg,Smartphone,Smartphones,699.99,A high-quality smartphone — smartphones product with excellent build quality and modern design.,/abo-images-small (1)/images/small/bb/bb2dc3d5.jpg
D:\FYP Project\fypapp\abo-images-small (1)\images\small\be\be38e594.jpg,Running Shoes,Shoes,89.99,A high-quality running shoes — shoes product with excellent build quality and modern design.,/abo-images-small (1)/images/small/be/be38e594.jpg
D:\FYP Project\fypapp\abo-images-small (1)\images\small\d2\d21857f7.jpg,Android Phone,Smartphones,699.99,A high-quality android phone — smartphones product with excellent build quality and modern design.,/abo-images-small (1)/images/small/d2/d21857f7.jpg
D:\FYP Project\fypapp\abo-images-small (1)\images\small\4e\4e7a2de9.jpg,Earphones,Headphones,149.99,A high-quality earphones — headphones product with excellent build quality and modern design.,/abo-images-small (1)/images/small/4e/4e7a2de9.jpg
D:\FYP Project\fypapp\abo-images-small (1)\images\small\aa\aa7217b0.jpg,Smartphone,Smartphones,699.99,A high-quality smartphone — smartphones product with excellent build quality and modern design.,/abo-images-small (1)/images/small/aa/aa7217b0.jpg
D:\FYP Project\fypapp\abo-images-small (1)\images\small\4e\4e258c59.jpg,Resistance Bands,Sports,34.99,A high-quality resistance bands — sports product with excellent build quality and modern design.,/abo-images-small (1)/images/small/4e/4e258c59.jpg
D:\FYP Project\fypapp\abo-images-small (1)\images\small\5f\5f201403.jpg,Android Phone,Smartphones,699.99,A high-quality android phone — smartphones product with excellent build quality and modern design.,/abo-images-small (1)/images/small/5f/5f201403.jpg
D:\FYP Project\fypapp\abo-images-small (1)\images\small\87\874c7ab5.jpg,Summer Dress,Dresses,59.99,A high-quality summer dress — dresses product with excellent build quality and modern design.,/abo-images-small (1)/images/small/87/874c7ab5.jpg
D:\FYP Project\fypapp\abo-images-small (1)\images\small\8c\8cf18b00.jpg,Dining Table,Tables,299.99,A high-quality dining table — tables product with excellent build quality and modern design.,/abo-images-small (1)/images/small/8c/8cf18b00.jpg
D:\FYP Project\fypapp\abo-images-small (1)\images\small\f6\f6f44421.jpg,Mobile Phone,Smartphones,699.99,A high-quality mobile phone — smartphones product with excellent build quality and modern design.,/abo-images-small (1)/images/small/f6/f6f44421.jpg
D:\FYP Project\fypapp\abo-images-small (1)\images\small\a2\a249571d.jpg,Accent Chair,Chairs,199.99,A high-quality accent chair — chairs product with excellent build quality and modern design.,/abo-images-small (1)/images/small/a2/a249571d.jpg
D:\FYP Project\fypapp\abo-images-small (1)\images\small\2a\2a860b12.jpg,Coffee Maker,Appliances,129.99,A high-quality coffee maker — appliances product with excellent build quality and modern design.,/abo-images-small (1)/images/small/2a/2a860b12.jpg
D:\FYP Project\fypapp\abo-images-small (1)\images\small\d8\d804e27b.jpg,Sneakers,Shoes,89.99,A high-quality sneakers — shoes product with excellent build quality and modern design.,/abo-images-small (1)/images/small/d8/d804e27b.jpg
D:\FYP Project\fypapp\abo-images-small (1)\images\small\fb\fb164ff4.jpg,iPad,Tablets,449.99,A high-quality ipad — tablets product with excellent build quality and modern design.,/abo-images-small (1)/images/small/fb/fb164ff4.jpg
D:\FYP Project\fypapp\abo-images-small (1)\images\small\09\099b9552.jpg,Outdoor Equipment,Outdoors,149.99,A high-quality outdoor equipment — outdoors product with excellent build quality and modern design.,/abo-images-small (1)/images/small/09/099b9552.jpg
D:\FYP Project\fypapp\abo-images-small (1)\images\small\89\89158d3d.jpg,Coffee Maker,Appliances,129.99,A high-quality coffee maker — appliances product with excellent build quality and modern design.,/abo-images-small (1)/images/small/89/89158d3d.jpg
D:\FYP Project\fypapp\abo-images-small (1)\images\small\ce\ce638d58.jpg,Cookware Set,Cookware,89.99,A high-quality cookware set — cookware product with excellent build quality and modern design.,/abo-images-small (1)/images/small/ce/ce638d58.jpg
D:\FYP Project\fypapp\abo-images-small (1)\images\small\c4\c4390d2f.jpg,Microwave,Appliances,129.99,A high-quality microwave — appliances product with excellent build quality and modern design.,/abo-images-small (1)/images/small/c4/c4390d2f.jpg
D:\FYP Project\fypapp\abo-images-small (1)\images\small\09\09d48f0c.jpg,Android Phone,Smartphones,699.99,A high-quality android phone — smartphones product with excellent build quality and modern design.,/abo-images-small (1)/images/small/09/09d48f0c.jpg
D:\FYP Project\fypapp\abo-images-small (1)\images\small\1c\1c82bf24.jpg,iPhone,Smartphones,699.99,A high-quality iphone — smartphones product with excellent build quality and modern design.,/abo-images-small (1)/images/small/1c/1c82bf24.jpg
D:\FYP Project\fypapp\abo-images-small (1)\images\small\e0\e07f01a8.jpg,Yoga Mat,Sports,34.99,A high-quality yoga mat — sports product with excellent build quality and modern design.,/abo-images-small (1)/images/small/e0/e07f01a8.jpg
D:\FYP Project\fypapp\abo-images-small (1)\images\small\2d\2def3166.jpg,Side Table,Tables,299.99,A high-quality side table — tables product with excellent build quality and modern design.,/abo-images-small (1)/images/small/2d/2def3166.jpg
D:\FYP Project\fypapp\abo-images-small (1)\images\small\a0\a044558b.jpg,iPhone,Smartphones,699.99,A high-quality iphone — smartphones product with excellent build quality and modern design.,/abo-images-small (1)/images/small/a0/a044558b.jpg
D:\FYP Project\fypapp\abo-images-small (1)\images\small\70\706fa0c1.jpg,iPhone,Smartphones,699.99,A high-quality iphone — smartphones product with excellent build quality and modern design.,/abo-images-small (1)/images/small/70/706fa0c1.jpg
D:\FYP Project\fypapp\abo-images-small (1)\images\small\4b\4b78465e.jpg,Sneakers,Shoes,89.99,A high-quality sneakers — shoes product with excellent build quality and modern design.,/abo-images-small (1)/images/small/4b/4b78465e.jpg
D:\FYP Project\fypapp\abo-images-small (1)\images\small\9e\9e0b5103.jpg,Mobile Phone,Smartphones,699.99,A high-quality mobile phone — smartphones product with excellent build quality and modern design.,/abo-images-small (1)/images/small/9e/9e0b5103.jpg
D:\FYP Project\fypapp\abo-images-small (1)\images\small\70\705a2c36.jpg,Casual Shoes,Shoes,89.99,A high-quality casual shoes — shoes product with excellent build quality and modern design.,/abo-images-small (1)/images/small/70/705a2c36.jpg
D:\FYP Project\fypapp\abo-images-small (1)\images\small\74\74d0901a.jpg,Android Tablet,Tablets,449.99,A high-quality android tablet — tablets product with excellent build quality and modern design.,/abo-images-small (1)/images/small/74/74d0901a.jpg
D:\FYP Project\fypapp\abo-images-small (1)\images\small\e1\e1cfd286.jpg,Bed Frame,Beds,499.99,A high-quality bed frame — beds product with excellent build quality and modern design.,/abo-images-small (1)/images/small/e1/e1cfd286.jpg
D:\FYP Project\fypapp\abo-images-small (1)\images\small\92\92d26268.jpg,Puffer Jacket,Jackets,119.99,A high-quality puffer jacket — jackets product with excellent build quality and modern design.,/abo-images-small (1)/images/small/92/92d26268.jpg
D:\FYP Project\fypapp\abo-images-small (1)\images\small\58\582ac592.jpg,Recliner,Chairs,199.99,A high-quality recliner — chairs product with excellent build quality and modern design.,/abo-images-small (1)/images/small/58/582ac592.jpg
D:\FYP Project\fypapp\abo-images-small (1)\images\small\1b\1bf12d36.jpg,Sneakers,Shoes,89.99,A high-quality sneakers — shoes product with excellent build quality and modern design.,/abo-images-small (1)/images/small/1b/1bf12d36.jpg
D:\FYP Project\fypapp\abo-images-small (1)\images\small\a4\a40f5a56.jpg,Mobile Phone,Smartphones,699.99,A high-quality mobile phone — smartphones product with excellent build quality and modern design.,/abo-images-small (1)/images/small/a4/a40f5a56.jpg
D:\FYP Project\fypapp\abo-images-small (1)\images\small\07\072b8c91.jpg,Accent Chair,Chairs,199.99,A high-quality accent chair — chairs product with excellent build quality and modern design.,/abo-images-small (1)/images/small/07/072b8c91.jpg
D:\FYP Project\fypapp\abo-images-small (1)\images\small\f7\f7eb1006.jpg,iPhone,Smartphones,699.99,A high-quality iphone — smartphones product with excellent build quality and modern design.,/abo-images-small (1)/images/small/f7/f7eb1006.jpg
D:\FYP Project\fypapp\abo-images-small (1)\images\small\11\11ca1388.jpg,Sofa,Sofas,799.99,A high-quality sofa — sofas product with excellent build quality and modern design.,/abo-images-small (1)/images/small/11/11ca1388.jpg
D:\FYP Project\fypapp\abo-images-small (1)\images\small\79\79482f82.jpg,iPad,Tablets,449.99,A high-quality ipad — tablets product with excellent build quality and modern design.,/abo-images-small (1)/images/small/79/79482f82.jpg
D:\FYP Project\fypapp\abo-images-small (1)\images\small\17\174de609.jpg,Android Phone,Smartphones,699.99,A high-quality android phone — smartphones product with excellent build quality and modern design.,/abo-images-small (1)/images/small/17/174de609.jpg
D:\FYP Project\fypapp\abo-images-small (1)\images\small\0d\0dc18cb0.jpg,Action Camera,Cameras,549.99,A high-quality action camera — cameras product with excellent build quality and modern design.,/abo-images-small (1)/images/small/0d/0dc18cb0.jpg
D:\FYP Project\fypapp\abo-images-small (1)\images\small\0b\0b5e1807.jpg,Dining Table,Tables,299.99,A high-quality dining table — tables product with excellent build quality and modern design.,/abo-images-small (1)/images/small/0b/0b5e1807.jpg
D:\FYP Project\fypapp\abo-images-small (1)\images\small\e4\e49a8d43.jpg,Mobile Phone,Smartphones,699.99,A high-quality mobile phone — smartphones product with excellent build quality and modern design.,/abo-images-small (1)/images/small/e4/e49a8d43.jpg
D:\FYP Project\fypapp\abo-images-small (1)\images\small\45\45bb86ff.jpg,Android Phone,Smartphones,699.99,A high-quality android phone — smartphones product with excellent build quality and modern design.,/abo-images-small (1)/images/small/45/45bb86ff.jpg
D:\FYP Project\fypapp\abo-images-small (1)\images\small\07\0794fc96.jpg,Boots,Shoes,89.99,A high-quality boots — shoes product with excellent build quality and modern design.,/abo-images-small (1)/images/small/07/0794fc96.jpg
D:\FYP Project\fypapp\abo-images-small (1)\images\small\d7\d77e8e08.jpg,Bed Frame,Beds,499.99,A high-quality bed frame — beds product with excellent build quality and modern design.,/abo-images-small (1)/images/small/d7/d77e8e08.jpg
D:\FYP Project\fypapp\abo-images-small (1)\images\small\2a\2a0a5462.jpg,iPhone,Smartphones,699.99,A high-quality iphone — smartphones product with excellent build quality and modern design.,/abo-images-small (1)/images/small/2a/2a0a5462.jpg
D:\FYP Project\fypapp\abo-images-small (1)\images\small\a5\a547e09b.jpg,Smartphone,Smartphones,699.99,A high-quality smartphone — smartphones product with excellent build quality and modern design.,/abo-images-small (1)/images/small/a5/a547e09b.jpg
D:\FYP Project\fypapp\abo-images-small (1)\images\small\26\26025a6b.jpg,Dress Shirt,Shirts,39.99,A high-quality dress shirt — shirts product with excellent build quality and modern design.,/abo-images-small (1)/images/small/26/26025a6b.jpg
D:\FYP Project\fypapp\abo-images-small (1)\images\small\c4\c4246522.jpg,Digital Tablet,Tablets,449.99,A high-quality digital tablet — tablets product with excellent build quality and modern design.,/abo-images-small (1)/images/small/c4/c4246522.jpg
D:\FYP Project\fypapp\abo-images-small (1)\images\small\4d\4db3fdbd.jpg,iPhone,Smartphones,699.99,A high-quality iphone — smartphones product with excellent build quality and modern design.,/abo-images-small (1)/images/small/4d/4db3fdbd.jpg
D:\FYP Project\fypapp\abo-images-small (1)\images\small\e7\e757fb85.jpg,Dress,Dresses,59.99,A high-quality dress — dresses product with excellent build quality and modern design.,/abo-images-small (1)/images/small/e7/e757fb85.jpg
D:\FYP Project\fypapp\abo-images-small (1)\images\small\59\599c439e.jpg,Queen Bed,Beds,499.99,A high-quality queen bed — beds product with excellent build quality and modern design.,/abo-images-small (1)/images/small/59/599c439e.jpg
D:\FYP Project\fypapp\abo-images-small (1)\images\small\7f\7f4bb627.jpg,Android Phone,Smartphones,699.99,A high-quality android phone — smartphones product with excellent build quality and modern design.,/abo-images-small (1)/images/small/7f/7f4bb627.jpg
D:\FYP Project\fypapp\abo-images-small (1)\images\small\d2\d2f667d3.jpg,Sofa,Sofas,799.99,A high-quality sofa — sofas product with excellent build quality and modern design.,/abo-images-small (1)/images/small/d2/d2f667d3.jpg
D:\FYP Project\fypapp\abo-images-small (1)\images\small\d3\d34ed17a.jpg,Couch,Sofas,799.99,A high-quality couch — sofas product with excellent build quality and modern design.,/abo-images-small (1)/images/small/d3/d34ed17a.jpg
D:\FYP Project\fypapp\abo-images-small (1)\images\small\f9\f90d4071.jpg,Fitness Equipment,Sports,34.99,A high-quality fitness equipment — sports product with excellent build quality and modern design.,/abo-images-small (1)/images/small/f9/f90d4071.jpg
D:\FYP Project\fypapp\abo-images-small (1)\images\small\38\38dd7d52.jpg,Mug Set,Dinnerware,49.99,A high-quality mug set — dinnerware product with excellent build quality and modern design.,/abo-images-small (1)/images/small/38/38dd7d52.jpg
D:\FYP Project\fypapp\abo-images-small (1)\images\small\ed\ed005f02.jpg,Resistance Bands,Sports,34.99,A high-quality resistance bands — sports product with excellent build quality and modern design.,/abo-images-small (1)/images/small/ed/ed005f02.jpg
D:\FYP Project\fypapp\abo-images-small (1)\images\small\6b\6be99d3b.jpg,Smartphone,Smartphones,699.99,A high-quality smartphone — smartphones product with excellent build quality and modern design.,/abo-images-small (1)/images/small/6b/6be99d3b.jpg
D:\FYP Project\fypapp\abo-images-small (1)\images\small\e3\e328fcc0.jpg,Slim Jeans,Jeans,69.99,A high-quality slim jeans — jeans product with excellent build quality and modern design.,/abo-images-small (1)/images/small/e3/e328fcc0.jpg
D:\FYP Project\fypapp\abo-images-small (1)\images\small\89\89eba300.jpg,Loveseat,Sofas,799.99,A high-quality loveseat — sofas product with excellent build quality and modern design.,/abo-images-small (1)/images/small/89/89eba300.jpg
D:\FYP Project\fypapp\abo-images-small (1)\images\small\45\45789d0e.jpg,Kitchen Appliance,Appliances,129.99,A high-quality kitchen appliance — appliances product with excellent build quality and modern design.,/abo-images-small (1)/images/small/45/45789d0e.jpg
D:\FYP Project\fypapp\abo-images-small (1)\images\small\19\19d90066.jpg,Mobile Phone,Smartphones,699.99,A high-quality mobile phone — smartphones product with excellent build quality and modern design.,/abo-images-small (1)/images/small/19/19d90066.jpg
D:\FYP Project\fypapp\abo-images-small (1)\images\small\ce\ce73cd2a.jpg,Android Phone,Smartphones,699.99,A high-quality android phone — smartphones product with excellent build quality and modern design.,/abo-images-small (1)/images/small/ce/ce73cd2a.jpg
D:\FYP Project\fypapp\abo-images-small (1)\images\small\d9\d99d8d59.jpg,Windbreaker,Jackets,119.99,A high-quality windbreaker — jackets product with excellent build quality and modern design.,/abo-images-small (1)/images/small/d9/d99d8d59.jpg
D:\FYP Project\fypapp\abo-images-small (1)\images\small\55\55b0e78a.jpg,Tablet,Tablets,449.99,A high-quality tablet — tablets product with excellent build quality and modern design.,/abo-images-small (1)/images/small/55/55b0e78a.jpg
D:\FYP Project\fypapp\abo-images-small (1)\images\small\21\219c6bdb.jpg,DSLR Camera,Cameras,549.99,A high-quality dslr camera — cameras product with excellent build quality and modern design.,/abo-images-small (1)/images/small/21/219c6bdb.jpg
D:\FYP Project\fypapp\abo-images-small (1)\images\small\68\68cd471b.jpg,King Bed,Beds,499.99,A high-quality king bed — beds product with excellent build quality and modern design.,/abo-images-small (1)/images/small/68/68cd471b.jpg
D:\FYP Project\fypapp\abo-images-small (1)\images\small\d1\d1448b4e.jpg,Floral Dress,Dresses,59.99,A high-quality floral dress — dresses product with excellent build quality and modern design.,/abo-images-small (1)/images/small/d1/d1448b4e.jpg
D:\FYP Project\fypapp\abo-images-small (1)\images\small\f6\f64ad717.jpg,Dining Table,Tables,299.99,A high-quality dining table — tables product with excellent build quality and modern design.,/abo-images-small (1)/images/small/f6/f64ad717.jpg
D:\FYP Project\fypapp\abo-images-small (1)\images\small\0e\0e07c89c.jpg,Accent Chair,Chairs,199.99,A high-quality accent chair — chairs product with excellent build quality and modern design.,/abo-images-small (1)/images/small/0e/0e07c89c.jpg
D:\FYP Project\fypapp\abo-images-small (1)\images\small\77\77cfacab.jpg,Earphones,Headphones,149.99,A high-quality earphones — headphones product with excellent build quality and modern design.,/abo-images-small (1)/images/small/77/77cfacab.jpg
D:\FYP Project\fypapp\abo-images-small (1)\images\small\b9\b9241d5f.jpg,Sneakers,Shoes,89.99,A high-quality sneakers — shoes product with excellent build quality and modern design.,/abo-images-small (1)/images/small/b9/b9241d5f.jpg
D:\FYP Project\fypapp\abo-images-small (1)\images\small\f9\f9ed824c.jpg,Running Shoes,Shoes,89.99,A high-quality running shoes — shoes product with excellent build quality and modern design.,/abo-images-small (1)/images/small/f9/f9ed824c.jpg
D:\FYP Project\fypapp\abo-images-small (1)\images\small\7f\7fe2227a.jpg,Side Table,Tables,299.99,A high-quality side table — tables product with excellent build quality and modern design.,/abo-images-small (1)/images/small/7f/7fe2227a.jpg
D:\FYP Project\fypapp\abo-images-small (1)\images\small\17\1758a326.jpg,Recliner,Chairs,199.99,A high-quality recliner — chairs product with excellent build quality and modern design.,/abo-images-small (1)/images/small/17/1758a326.jpg
D:\FYP Project\fypapp\abo-images-small (1)\images\small\75\75f7ae20.jpg,iPad,Tablets,449.99,A high-quality ipad — tablets product with excellent build quality and modern design.,/abo-images-small (1)/images/small/75/75f7ae20.jpg
D:\FYP Project\fypapp\abo-images-small (1)\images\small\04\04ed544b.jpg,Android Phone,Smartphones,699.99,A high-quality android phone — smartphones product with excellent build quality and modern design.,/abo-images-small (1)/images/small/04/04ed544b.jpg
D:\FYP Project\fypapp\abo-images-small (1)\images\small\e3\e34a06a3.jpg,Skillet,Cookware,89.99,A high-quality skillet — cookware product with excellent build quality and modern design.,/abo-images-small (1)/images/small/e3/e34a06a3.jpg
D:\FYP Project\fypapp\abo-images-small (1)\images\small\aa\aaf50df2.jpg,Kitchen Appliance,Appliances,129.99,A high-quality kitchen appliance — appliances product with excellent build quality and modern design.,/abo-images-small (1)/images/small/aa/aaf50df2.jpg
D:\FYP Project\fypapp\abo-images-small (1)\images\small\96\96fa5cfe.jpg,Casual Shoes,Shoes,89.99,A high-quality casual shoes — shoes product with excellent build quality and modern design.,/abo-images-small (1)/images/small/96/96fa5cfe.jpg
D:\FYP Project\fypapp\abo-images-small (1)\images\small\7d\7d1d19b5.jpg,Exercise Gear,Sports,34.99,A high-quality exercise gear — sports product with excellent build quality and modern design.,/abo-images-small (1)/images/small/7d/7d1d19b5.jpg
D:\FYP Project\fypapp\abo-images-small (1)\images\small\dc\dccfa28b.jpg,Headphones,Headphones,149.99,A high-quality headphones — headphones product with excellent build quality and modern design.,/abo-images-small (1)/images/small/dc/dccfa28b.jpg
D:\FYP Project\fypapp\abo-images-small (1)\images\small\9f\9f5042de.jpg,iPad,Tablets,449.99,A high-quality ipad — tablets product with excellent build quality and modern design.,/abo-images-small (1)/images/small/9f/9f5042de.jpg
D:\FYP Project\fypapp\abo-images-small (1)\images\small\34\348ae118.jpg,Puffer Jacket,Jackets,119.99,A high-quality puffer jacket — jackets product with excellent build quality and modern design.,/abo-images-small (1)/images/small/34/348ae118.jpg
D:\FYP Project\fypapp\abo-images-small (1)\images\small\97\979ef892.jpg,Boots,Shoes,89.99,A high-quality boots — shoes product with excellent build quality and modern design.,/abo-images-small (1)/images/small/97/979ef892.jpg
D:\FYP Project\fypapp\abo-images-small (1)\images\small\b5\b5f075f7.jpg,Dining Chair,Chairs,199.99,A high-quality dining chair — chairs product with excellent build quality and modern design.,/abo-images-small (1)/images/small/b5/b5f075f7.jpg
D:\FYP Project\fypapp\abo-images-small (1)\images\small\5e\5e2ba678.jpg,Android Phone,Smartphones,699.99,A high-quality android phone — smartphones product with excellent build quality and modern design.,/abo-images-small (1)/images/small/5e/5e2ba678.jpg
D:\FYP Project\fypapp\abo-images-small (1)\images\small\d6\d620e12c.jpg,iPhone,Smartphones,699.99,A high-quality iphone — smartphones product with excellent build quality and modern design.,/abo-images-small (1)/images/small/d6/d620e12c.jpg
D:\FYP Project\fypapp\abo-images-small (1)\images\small\ba\bafd4a34.jpg,Yoga Mat,Sports,34.99,A high-quality yoga mat — sports product with excellent build quality and modern design.,/abo-images-small (1)/images/small/ba/bafd4a34.jpg
D:\FYP Project\fypapp\abo-images-small (1)\images\small\a8\a88eb30e.jpg,Wireless Earbuds,Headphones,149.99,A high-quality wireless earbuds — headphones product with excellent build quality and modern design.,/abo-images-small (1)/images/small/a8/a88eb30e.jpg
D:\FYP Project\fypapp\abo-images-small (1)\images\small\a1\a196a846.jpg,King Bed,Beds,499.99,A high-quality king bed — beds product with excellent build quality and modern design.,/abo-images-small (1)/images/small/a1/a196a846.jpg
D:\FYP Project\fypapp\abo-images-small (1)\images\small\97\97a5c953.jpg,Skillet,Cookware,89.99,A high-quality skillet — cookware product with excellent build quality and modern design.,/abo-images-small (1)/images/small/97/97a5c953.jpg
D:\FYP Project\fypapp\abo-images-small (1)\images\small\ce\ce9dccbd.jpg,Yoga Mat,Sports,34.99,A high-quality yoga mat — sports product with excellent build quality and modern design.,/abo-images-small (1)/images/small/ce/ce9dccbd.jpg
D:\FYP Project\fypapp\abo-images-small (1)\images\small\5d\5d571696.jpg,Couch,Sofas,799.99,A high-quality couch — sofas product with excellent build quality and modern design.,/abo-images-small (1)/images/small/5d/5d571696.jpg
D:\FYP Project\fypapp\abo-images-small (1)\images\small\6e\6ec4b844.jpg,Android Phone,Smartphones,699.99,A high-quality android phone — smartphones product with excellent build quality and modern design.,/abo-images-small (1)/images/small/6e/6ec4b844.jpg
D:\FYP Project\fypapp\abo-images-small (1)\images\small\1d\1d4eddbc.jpg,Tablet,Tablets,449.99,A high-quality tablet — tablets product with excellent build quality and modern design.,/abo-images-small (1)/images/small/1d/1d4eddbc.jpg
D:\FYP Project\fypapp\abo-images-small (1)\images\small\61\614f25a7.jpg,Running Shoes,Shoes,89.99,A high-quality running shoes — shoes product with excellent build quality and modern design.,/abo-images-small (1)/images/small/61/614f25a7.jpg
D:\FYP Project\fypapp\abo-images-small (1)\images\small\9c\9cf24988.jpg,Android Phone,Smartphones,699.99,A high-quality android phone — smartphones product with excellent build quality and modern design.,/abo-images-small (1)/images/small/9c/9cf24988.jpg
D:\FYP Project\fypapp\abo-images-small (1)\images\small\56\56133cb5.jpg,Boots,Shoes,89.99,A high-quality boots — shoes product with excellent build quality and modern design.,/abo-images-small (1)/images/small/56/56133cb5.jpg
D:\FYP Project\fypapp\abo-images-small (1)\images\small\e5\e5305fe5.jpg,Bed Frame,Beds,499.99,A high-quality bed frame — beds product with excellent build quality and modern design.,/abo-images-small (1)/images/small/e5/e5305fe5.jpg
D:\FYP Project\fypapp\abo-images-small (1)\images\small\c5\c5ddc428.jpg,Mobile Phone,Smartphones,699.99,A high-quality mobile phone — smartphones product with excellent build quality and modern design.,/abo-images-small (1)/images/small/c5/c5ddc428.jpg
D:\FYP Project\fypapp\abo-images-small (1)\images\small\d4\d48a824b.jpg,Ultrabook,Laptops,899.99,A high-quality ultrabook — laptops product with excellent build quality and modern design.,/abo-images-small (1)/images/small/d4/d48a824b.jpg
D:\FYP Project\fypapp\abo-images-small (1)\images\small\f2\f29b1e62.jpg,iPhone,Smartphones,699.99,A high-quality iphone — smartphones product with excellent build quality and modern design.,/abo-images-small (1)/images/small/f2/f29b1e62.jpg
D:\FYP Project\fypapp\abo-images-small (1)\images\small\74\745304bf.jpg,Sneakers,Shoes,89.99,A high-quality sneakers — shoes product with excellent build quality and modern design.,/abo-images-small (1)/images/small/74/745304bf.jpg
D:\FYP Project\fypapp\abo-images-small (1)\images\small\0a\0a4ee8ba.jpg,iPad,Tablets,449.99,A high-quality ipad — tablets product with excellent build quality and modern design.,/abo-images-small (1)/images/small/0a/0a4ee8ba.jpg
D:\FYP Project\fypapp\abo-images-small (1)\images\small\e5\e5dc5a39.jpg,Cooking Pot,Cookware,89.99,A high-quality cooking pot — cookware product with excellent build quality and modern design.,/abo-images-small (1)/images/small/e5/e5dc5a39.jpg
D:\FYP Project\fypapp\abo-images-small (1)\images\small\6f\6f8d69cc.jpg,iPhone,Smartphones,699.99,A high-quality iphone — smartphones product with excellent build quality and modern design.,/abo-images-small (1)/images/small/6f/6f8d69cc.jpg
D:\FYP Project\fypapp\abo-images-small (1)\images\small\3e\3ea8f027.jpg,Dining Table,Tables,299.99,A high-quality dining table — tables product with excellent build quality and modern design.,/abo-images-small (1)/images/small/3e/3ea8f027.jpg
D:\FYP Project\fypapp\abo-images-small (1)\images\small\a9\a9d9dc65.jpg,Running Shoes,Shoes,89.99,A high-quality running shoes — shoes product with excellent build quality and modern design.,/abo-images-small (1)/images/small/a9/a9d9dc65.jpg
D:\FYP Project\fypapp\abo-images-small (1)\images\small\4b\4ba0c063.jpg,Blender,Appliances,129.99,A high-quality blender — appliances product with excellent build quality and modern design.,/abo-images-small (1)/images/small/4b/4ba0c063.jpg
D:\FYP Project\fypapp\abo-images-small (1)\images\small\7a\7abec84c.jpg,Skillet,Cookware,89.99,A high-quality skillet — cookware product with excellent build quality and modern design.,/abo-images-small (1)/images/small/7a/7abec84c.jpg
D:\FYP Project\fypapp\abo-images-small (1)\images\small\5a\5a23e59b.jpg,Sneakers,Shoes,89.99,A high-quality sneakers — shoes product with excellent build quality and modern design.,/abo-images-small (1)/images/small/5a/5a23e59b.jpg
D:\FYP Project\fypapp\abo-images-small (1)\images\small\75\75b947a1.jpg,Winter Coat,Jackets,119.99,A high-quality winter coat — jackets product with excellent build quality and modern design.,/abo-images-small (1)/images/small/75/75b947a1.jpg
D:\FYP Project\fypapp\abo-images-small (1)\images\small\61\617b17a0.jpg,Fitness Equipment,Sports,34.99,A high-quality fitness equipment — sports product with excellent build quality and modern design.,/abo-images-small (1)/images/small/61/617b17a0.jpg
D:\FYP Project\fypapp\abo-images-small (1)\images\small\cf\cfd2bfb5.jpg,Exercise Gear,Sports,34.99,A high-quality exercise gear — sports product with excellent build quality and modern design.,/abo-images-small (1)/images/small/cf/cfd2bfb5.jpg
D:\FYP Project\fypapp\abo-images-small (1)\images\small\60\60525220.jpg,Dining Table,Tables,299.99,A high-quality dining table — tables product with excellent build quality and modern design.,/abo-images-small (1)/images/small/60/60525220.jpg
D:\FYP Project\fypapp\abo-images-small (1)\images\small\c1\c1631758.jpg,Winter Coat,Jackets,119.99,A high-quality winter coat — jackets product with excellent build quality and modern design.,/abo-images-small (1)/images/small/c1/c1631758.jpg
D:\FYP Project\fypapp\abo-images-small (1)\images\small\03\03c94e3f.jpg,Accent Chair,Chairs,199.99,A high-quality accent chair — chairs product with excellent build quality and modern design.,/abo-images-small (1)/images/small/03/03c94e3f.jpg
D:\FYP Project\fypapp\abo-images-small (1)\images\small\b4\b4800f02.jpg,Exercise Gear,Sports,34.99,A high-quality exercise gear — sports product with excellent build quality and modern design.,/abo-images-small (1)/images/small/b4/b4800f02.jpg
D:\FYP Project\fypapp\abo-images-small (1)\images\small\42\42e5b8b5.jpg,Bed Frame,Beds,499.99,A high-quality bed frame — beds product with excellent build quality and modern design.,/abo-images-small (1)/images/small/42/42e5b8b5.jpg
D:\FYP Project\fypapp\abo-images-small (1)\images\small\f7\f76f08b6.jpg,Microwave,Appliances,129.99,A high-quality microwave — appliances product with excellent build quality and modern design.,/abo-images-small (1)/images/small/f7/f76f08b6.jpg
D:\FYP Project\fypapp\abo-images-small (1)\images\small\ed\eda285fc.jpg,Desk,Tables,299.99,A high-quality desk — tables product with excellent build quality and modern design.,/abo-images-small (1)/images/small/ed/eda285fc.jpg
D:\FYP Project\fypapp\abo-images-small (1)\images\small\c1\c114d6fd.jpg,Coffee Table,Tables,299.99,A high-quality coffee table — tables product with excellent build quality and modern design.,/abo-images-small (1)/images/small/c1/c114d6fd.jpg
D:\FYP Project\fypapp\abo-images-small (1)\images\small\54\54facbe7.jpg,Fitness Equipment,Sports,34.99,A high-quality fitness equipment — sports product with excellent build quality and modern design.,/abo-images-small (1)/images/small/54/54facbe7.jpg
D:\FYP Project\fypapp\abo-images-small (1)\images\small\a5\a5e181cd.jpg,Android Tablet,Tablets,449.99,A high-quality android tablet — tablets product with excellent build quality and modern design.,/abo-images-small (1)/images/small/a5/a5e181cd.jpg
D:\FYP Project\fypapp\abo-images-small (1)\images\small\ab\ab31df6f.jpg,Yoga Mat,Sports,34.99,A high-quality yoga mat — sports product with excellent build quality and modern design.,/abo-images-small (1)/images/small/ab/ab31df6f.jpg
D:\FYP Project\fypapp\abo-images-small (1)\images\small\9c\9c0de311.jpg,Maxi Dress,Dresses,59.99,A high-quality maxi dress — dresses product with excellent build quality and modern design.,/abo-images-small (1)/images/small/9c/9c0de311.jpg
D:\FYP Project\fypapp\abo-images-small (1)\images\small\06\065fe535.jpg,Casual Shoes,Shoes,89.99,A high-quality casual shoes — shoes product with excellent build quality and modern design.,/abo-images-small (1)/images/small/06/065fe535.jpg
D:\FYP Project\fypapp\abo-images-small (1)\images\small\1e\1ef296f2.jpg,Boots,Shoes,89.99,A high-quality boots — shoes product with excellent build quality and modern design.,/abo-images-small (1)/images/small/1e/1ef296f2.jpg
D:\FYP Project\fypapp\abo-images-small (1)\images\small\66\664b595e.jpg,Dining Table,Tables,299.99,A high-quality dining table — tables product with excellent build quality and modern design.,/abo-images-small (1)/images/small/66/664b595e.jpg
D:\FYP Project\fypapp\abo-images-small (1)\images\small\4e\4ef1e3ff.jpg,Mobile Phone,Smartphones,699.99,A high-quality mobile phone — smartphones product with excellent build quality and modern design.,/abo-images-small (1)/images/small/4e/4ef1e3ff.jpg
D:\FYP Project\fypapp\abo-images-small (1)\images\small\e2\e261999c.jpg,Android Phone,Smartphones,699.99,A high-quality android phone — smartphones product with excellent build quality and modern design.,/abo-images-small (1)/images/small/e2/e261999c.jpg
D:\FYP Project\fypapp\abo-images-small (1)\images\small\55\55defe68.jpg,iPhone,Smartphones,699.99,A high-quality iphone — smartphones product with excellent build quality and modern design.,/abo-images-small (1)/images/small/55/55defe68.jpg
D:\FYP Project\fypapp\abo-images-small (1)\images\small\6a\6a0fa590.jpg,Smartphone,Smartphones,699.99,A high-quality smartphone — smartphones product with excellent build quality and modern design.,/abo-images-small (1)/images/small/6a/6a0fa590.jpg
D:\FYP Project\fypapp\abo-images-small (1)\images\small\e7\e7207013.jpg,iPhone,Smartphones,699.99,A high-quality iphone — smartphones product with excellent build quality and modern design.,/abo-images-small (1)/images/small/e7/e7207013.jpg
D:\FYP Project\fypapp\abo-images-small (1)\images\small\c0\c08e71f3.jpg,Smartphone,Smartphones,699.99,A high-quality smartphone — smartphones product with excellent build quality and modern design.,/abo-images-small (1)/images/small/c0/c08e71f3.jpg
D:\FYP Project\fypapp\abo-images-small (1)\images\small\b8\b8ca8fd1.jpg,Running Shoes,Shoes,89.99,A high-quality running shoes — shoes product with excellent build quality and modern design.,/abo-images-small (1)/images/small/b8/b8ca8fd1.jpg
D:\FYP Project\fypapp\abo-images-small (1)\images\small\76\76e06799.jpg,Bowl Set,Dinnerware,49.99,A high-quality bowl set — dinnerware product with excellent build quality and modern design.,/abo-images-small (1)/images/small/76/76e06799.jpg
D:\FYP Project\fypapp\abo-images-small (1)\images\small\94\9459743f.jpg,Android Tablet,Tablets,449.99,A high-quality android tablet — tablets product with excellent build quality and modern design.,/abo-images-small (1)/images/small/94/9459743f.jpg
D:\FYP Project\fypapp\abo-images-small (1)\images\small\71\719e07d7.jpg,Notebook PC,Laptops,899.99,A high-quality notebook pc — laptops product with excellent build quality and modern design.,/abo-images-small (1)/images/small/71/719e07d7.jpg
D:\FYP Project\fypapp\abo-images-small (1)\images\small\9d\9dab9941.jpg,Loveseat,Sofas,799.99,A high-quality loveseat — sofas product with excellent build quality and modern design.,/abo-images-small (1)/images/small/9d/9dab9941.jpg
D:\FYP Project\fypapp\abo-images-small (1)\images\small\5e\5e86f4ca.jpg,Smartphone,Smartphones,699.99,A high-quality smartphone — smartphones product with excellent build quality and modern design.,/abo-images-small (1)/images/small/5e/5e86f4ca.jpg
D:\FYP Project\fypapp\abo-images-small (1)\images\small\6a\6a31d9da.jpg,Mobile Phone,Smartphones,699.99,A high-quality mobile phone — smartphones product with excellent build quality and modern design.,/abo-images-small (1)/images/small/6a/6a31d9da.jpg
D:\FYP Project\fypapp\abo-images-small (1)\images\small\f9\f92ccd02.jpg,Mirrorless Camera,Cameras,549.99,A high-quality mirrorless camera — cameras product with excellent build quality and modern design.,/abo-images-small (1)/images/small/f9/f92ccd02.jpg
D:\FYP Project\fypapp\abo-images-small (1)\images\small\52\520aae5e.jpg,Desk,Tables,299.99,A high-quality desk — tables product with excellent build quality and modern design.,/abo-images-small (1)/images/small/52/520aae5e.jpg
D:\FYP Project\fypapp\abo-images-small (1)\images\small\28\286490e7.jpg,Sneakers,Shoes,89.99,A high-quality sneakers — shoes product with excellent build quality and modern design.,/abo-images-small (1)/images/small/28/286490e7.jpg
D:\FYP Project\fypapp\abo-images-small (1)\images\small\fa\fab85b4e.jpg,Android Phone,Smartphones,699.99,A high-quality android phone — smartphones product with excellent build quality and modern design.,/abo-images-small (1)/images/small/fa/fab85b4e.jpg
D:\FYP Project\fypapp\abo-images-small (1)\images\small\28\2817fbd8.jpg,Desk,Tables,299.99,A high-quality desk — tables product with excellent build quality and modern design.,/abo-images-small (1)/images/small/28/2817fbd8.jpg
D:\FYP Project\fypapp\abo-images-small (1)\images\small\ba\ba260669.jpg,Tablet,Tablets,449.99,A high-quality tablet — tablets product with excellent build quality and modern design.,/abo-images-small (1)/images/small/ba/ba260669.jpg
D:\FYP Project\fypapp\abo-images-small (1)\images\small\3f\3fe7c672.jpg,Mobile Phone,Smartphones,699.99,A high-quality mobile phone — smartphones product with excellent build quality and modern design.,/abo-images-small (1)/images/small/3f/3fe7c672.jpg
D:\FYP Project\fypapp\abo-images-small (1)\images\small\f4\f428f64b.jpg,Android Phone,Smartphones,699.99,A high-quality android phone — smartphones product with excellent build quality and modern design.,/abo-images-small (1)/images/small/f4/f428f64b.jpg
D:\FYP Project\fypapp\abo-images-small (1)\images\small\a8\a8ab91b5.jpg,Headphones,Headphones,149.99,A high-quality headphones — headphones product with excellent build quality and modern design.,/abo-images-small (1)/images/small/a8/a8ab91b5.jpg
D:\FYP Project\fypapp\abo-images-small (1)\images\small\cd\cd5116d6.jpg,Android Phone,Smartphones,699.99,A high-quality android phone — smartphones product with excellent build quality and modern design.,/abo-images-small (1)/images/small/cd/cd5116d6.jpg
D:\FYP Project\fypapp\abo-images-small (1)\images\small\b6\b68a2954.jpg,Exercise Gear,Sports,34.99,A high-quality exercise gear — sports product with excellent build quality and modern design.,/abo-images-small (1)/images/small/b6/b68a2954.jpg
D:\FYP Project\fypapp\abo-images-small (1)\images\small\cf\cffba78d.jpg,Smartphone,Smartphones,699.99,A high-quality smartphone — smartphones product with excellent build quality and modern design.,/abo-images-small (1)/images/small/cf/cffba78d.jpg
D:\FYP Project\fypapp\abo-images-small (1)\images\small\62\626285e8.jpg,Coffee Table,Tables,299.99,A high-quality coffee table — tables product with excellent build quality and modern design.,/abo-images-small (1)/images/small/62/626285e8.jpg
D:\FYP Project\fypapp\abo-images-small (1)\images\small\21\212cce07.jpg,Casual Shoes,Shoes,89.99,A high-quality casual shoes — shoes product with excellent build quality and modern design.,/abo-images-small (1)/images/small/21/212cce07.jpg
D:\FYP Project\fypapp\abo-images-small (1)\images\small\43\43e01562.jpg,iPhone,Smartphones,699.99,A high-quality iphone — smartphones product with excellent build quality and modern design.,/abo-images-small (1)/images/small/43/43e01562.jpg
D:\FYP Project\fypapp\abo-images-small (1)\images\small\66\66e515f1.jpg,Dress,Dresses,59.99,A high-quality dress — dresses product with excellent build quality and modern design.,/abo-images-small (1)/images/small/66/66e515f1.jpg
D:\FYP Project\fypapp\abo-images-small (1)\images\small\51\5107c1b7.jpg,DSLR Camera,Cameras,549.99,A high-quality dslr camera — cameras product with excellent build quality and modern design.,/abo-images-small (1)/images/small/51/5107c1b7.jpg
D:\FYP Project\fypapp\abo-images-small (1)\images\small\7c\7ca7dfd3.jpg,Android Phone,Smartphones,699.99,A high-quality android phone — smartphones product with excellent build quality and modern design.,/abo-images-small (1)/images/small/7c/7ca7dfd3.jpg
D:\FYP Project\fypapp\abo-images-small (1)\images\small\69\692c1e4a.jpg,Kitchen Appliance,Appliances,129.99,A high-quality kitchen appliance — appliances product with excellent build quality and modern design.,/abo-images-small (1)/images/small/69/692c1e4a.jpg
D:\FYP Project\fypapp\abo-images-small (1)\images\small\05\0553173d.jpg,Running Shoes,Shoes,89.99,A high-quality running shoes — shoes product with excellent build quality and modern design.,/abo-images-small (1)/images/small/05/0553173d.jpg
D:\FYP Project\fypapp\abo-images-small (1)\images\small\e2\e23a5ffc.jpg,Cooking Pot,Cookware,89.99,A high-quality cooking pot — cookware product with excellent build quality and modern design.,/abo-images-small (1)/images/small/e2/e23a5ffc.jpg
D:\FYP Project\fypapp\abo-images-small (1)\images\small\2a\2a18ebdc.jpg,Loveseat,Sofas,799.99,A high-quality loveseat — sofas product with excellent build quality and modern design.,/abo-images-small (1)/images/small/2a/2a18ebdc.jpg
D:\FYP Project\fypapp\abo-images-small (1)\images\small\5f\5fb66975.jpg,Yoga Mat,Sports,34.99,A high-quality yoga mat — sports product with excellent build quality and modern design.,/abo-images-small (1)/images/small/5f/5fb66975.jpg
D:\FYP Project\fypapp\abo-images-small (1)\images\small\0f\0f3cb99c.jpg,Mobile Phone,Smartphones,699.99,A high-quality mobile phone — smartphones product with excellent build quality and modern design.,/abo-images-small (1)/images/small/0f/0f3cb99c.jpg
D:\FYP Project\fypapp\abo-images-small (1)\images\small\12\126e6425.jpg,Android Phone,Smartphones,699.99,A high-quality android phone — smartphones product with excellent build quality and modern design.,/abo-images-small (1)/images/small/12/126e6425.jpg
D:\FYP Project\fypapp\abo-images-small (1)\images\small\c0\c08347cf.jpg,Coffee Maker,Appliances,129.99,A high-quality coffee maker — appliances product with excellent build quality and modern design.,/abo-images-small (1)/images/small/c0/c08347cf.jpg
D:\FYP Project\fypapp\abo-images-small (1)\images\small\e0\e0f9e63f.jpg,Running Shoes,Shoes,89.99,A high-quality running shoes — shoes product with excellent build quality and modern design.,/abo-images-small (1)/images/small/e0/e0f9e63f.jpg
D:\FYP Project\fypapp\abo-images-small (1)\images\small\ab\ab3fabe0.jpg,Accent Chair,Chairs,199.99,A high-quality accent chair — chairs product with excellent build quality and modern design.,/abo-images-small (1)/images/small/ab/ab3fabe0.jpg
D:\FYP Project\fypapp\abo-images-small (1)\images\small\21\21d2e15a.jpg,iPhone,Smartphones,699.99,A high-quality iphone — smartphones product with excellent build quality and modern design.,/abo-images-small (1)/images/small/21/21d2e15a.jpg
D:\FYP Project\fypapp\abo-images-small (1)\images\small\04\04ccd2d4.jpg,Smartphone,Smartphones,699.99,A high-quality smartphone — smartphones product with excellent build quality and modern design.,/abo-images-small (1)/images/small/04/04ccd2d4.jpg
D:\FYP Project\fypapp\abo-images-small (1)\images\small\c6\c6e350fd.jpg,Queen Bed,Beds,499.99,A high-quality queen bed — beds product with excellent build quality and modern design.,/abo-images-small (1)/images/small/c6/c6e350fd.jpg
D:\FYP Project\fypapp\abo-images-small (1)\images\small\a2\a2eb8ba6.jpg,iPhone,Smartphones,699.99,A high-quality iphone — smartphones product with excellent build quality and modern design.,/abo-images-small (1)/images/small/a2/a2eb8ba6.jpg
D:\FYP Project\fypapp\abo-images-small (1)\images\small\a6\a69e8b44.jpg,Smartphone,Smartphones,699.99,A high-quality smartphone — smartphones product with excellent build quality and modern design.,/abo-images-small (1)/images/small/a6/a69e8b44.jpg
D:\FYP Project\fypapp\abo-images-small (1)\images\small\99\99356515.jpg,Wireless Earbuds,Headphones,149.99,A high-quality wireless earbuds — headphones product with excellent build quality and modern design.,/abo-images-small (1)/images/small/99/99356515.jpg
D:\FYP Project\fypapp\abo-images-small (1)\images\small\75\75c9b284.jpg,Casual Shoes,Shoes,89.99,A high-quality casual shoes — shoes product with excellent build quality and modern design.,/abo-images-small (1)/images/small/75/75c9b284.jpg
D:\FYP Project\fypapp\abo-images-small (1)\images\small\3f\3f9a80e0.jpg,Loveseat,Sofas,799.99,A high-quality loveseat — sofas product with excellent build quality and modern design.,/abo-images-small (1)/images/small/3f/3f9a80e0.jpg
D:\FYP Project\fypapp\abo-images-small (1)\images\small\11\116d00eb.jpg,Tablet,Tablets,449.99,A high-quality tablet — tablets product with excellent build quality and modern design.,/abo-images-small (1)/images/small/11/116d00eb.jpg
D:\FYP Project\fypapp\abo-images-small (1)\images\small\58\58401d49.jpg,Hiking Gear,Outdoors,149.99,A high-quality hiking gear — outdoors product with excellent build quality and modern design.,/abo-images-small (1)/images/small/58/58401d49.jpg
D:\FYP Project\fypapp\abo-images-small (1)\images\small\25\25dfeb16.jpg,Loveseat,Sofas,799.99,A high-quality loveseat — sofas product with excellent build quality and modern design.,/abo-images-small (1)/images/small/25/25dfeb16.jpg
D:\FYP Project\fypapp\abo-images-small (1)\images\small\16\160be9c0.jpg,Tablet,Tablets,449.99,A high-quality tablet — tablets product with excellent build quality and modern design.,/abo-images-small (1)/images/small/16/160be9c0.jpg
D:\FYP Project\fypapp\abo-images-small (1)\images\small\ab\aba527e0.jpg,Sectional Sofa,Sofas,799.99,A high-quality sectional sofa — sofas product with excellent build quality and modern design.,/abo-images-small (1)/images/small/ab/aba527e0.jpg
D:\FYP Project\fypapp\abo-images-small (1)\images\small\19\1904aa7a.jpg,Windbreaker,Jackets,119.99,A high-quality windbreaker — jackets product with excellent build quality and modern design.,/abo-images-small (1)/images/small/19/1904aa7a.jpg
D:\FYP Project\fypapp\abo-images-small (1)\images\small\c7\c7d35b4e.jpg,Bed Frame,Beds,499.99,A high-quality bed frame — beds product with excellent build quality and modern design.,/abo-images-small (1)/images/small/c7/c7d35b4e.jpg
D:\FYP Project\fypapp\abo-images-small (1)\images\small\12\1245ca48.jpg,Coffee Table,Tables,299.99,A high-quality coffee table — tables product with excellent build quality and modern design.,/abo-images-small (1)/images/small/12/1245ca48.jpg
D:\FYP Project\fypapp\abo-images-small (1)\images\small\34\340a25bf.jpg,Casual Shoes,Shoes,89.99,A high-quality casual shoes — shoes product with excellent build quality and modern design.,/abo-images-small (1)/images/small/34/340a25bf.jpg
D:\FYP Project\fypapp\abo-images-small (1)\images\small\32\323b3fec.jpg,Desk,Tables,299.99,A high-quality desk — tables product with excellent build quality and modern design.,/abo-images-small (1)/images/small/32/323b3fec.jpg
D:\FYP Project\fypapp\abo-images-small (1)\images\small\c3\c3be89f8.jpg,Jeans,Jeans,69.99,A high-quality jeans — jeans product with excellent build quality and modern design.,/abo-images-small (1)/images/small/c3/c3be89f8.jpg
D:\FYP Project\fypapp\abo-images-small (1)\images\small\e7\e798025d.jpg,Slim Jeans,Jeans,69.99,A high-quality slim jeans — jeans product with excellent build quality and modern design.,/abo-images-small (1)/images/small/e7/e798025d.jpg
D:\FYP Project\fypapp\abo-images-small (1)\images\small\1d\1d0243ba.jpg,Cooking Pot,Cookware,89.99,A high-quality cooking pot — cookware product with excellent build quality and modern design.,/abo-images-small (1)/images/small/1d/1d0243ba.jpg
D:\FYP Project\fypapp\abo-images-small (1)\images\small\56\56fd3345.jpg,Loveseat,Sofas,799.99,A high-quality loveseat — sofas product with excellent build quality and modern design.,/abo-images-small (1)/images/small/56/56fd3345.jpg
D:\FYP Project\fypapp\abo-images-small (1)\images\small\c2\c228b793.jpg,Mobile Phone,Smartphones,699.99,A high-quality mobile phone — smartphones product with excellent build quality and modern design.,/abo-images-small (1)/images/small/c2/c228b793.jpg
D:\FYP Project\fypapp\abo-images-small (1)\images\small\90\90fe73ca.jpg,Summer Dress,Dresses,59.99,A high-quality summer dress — dresses product with excellent build quality and modern design.,/abo-images-small (1)/images/small/90/90fe73ca.jpg
D:\FYP Project\fypapp\abo-images-small (1)\images\small\e9\e958ba4d.jpg,Coffee Maker,Appliances,129.99,A high-quality coffee maker — appliances product with excellent build quality and modern design.,/abo-images-small (1)/images/small/e9/e958ba4d.jpg
D:\FYP Project\fypapp\abo-images-small (1)\images\small\dc\dc84ef0d.jpg,Yoga Mat,Sports,34.99,A high-quality yoga mat — sports product with excellent build quality and modern design.,/abo-images-small (1)/images/small/dc/dc84ef0d.jpg
D:\FYP Project\fypapp\abo-images-small (1)\images\small\fc\fc25ab0b.jpg,Queen Bed,Beds,499.99,A high-quality queen bed — beds product with excellent build quality and modern design.,/abo-images-small (1)/images/small/fc/fc25ab0b.jpg
D:\FYP Project\fypapp\abo-images-small (1)\images\small\b6\b60af4be.jpg,Casual Top,Shirts,39.99,A high-quality casual top — shirts product with excellent build quality and modern design.,/abo-images-small (1)/images/small/b6/b60af4be.jpg
D:\FYP Project\fypapp\abo-images-small (1)\images\small\e3\e3244e10.jpg,Sofa,Sofas,799.99,A high-quality sofa — sofas product with excellent build quality and modern design.,/abo-images-small (1)/images/small/e3/e3244e10.jpg
D:\FYP Project\fypapp\abo-images-small (1)\images\small\99\99f9865f.jpg,Blender,Appliances,129.99,A high-quality blender — appliances product with excellent build quality and modern design.,/abo-images-small (1)/images/small/99/99f9865f.jpg
D:\FYP Project\fypapp\abo-images-small (1)\images\small\67\67666f8b.jpg,Android Tablet,Tablets,449.99,A high-quality android tablet — tablets product with excellent build quality and modern design.,/abo-images-small (1)/images/small/67/67666f8b.jpg
D:\FYP Project\fypapp\abo-images-small (1)\images\small\cd\cd091a83.jpg,Tablet,Tablets,449.99,A high-quality tablet — tablets product with excellent build quality and modern design.,/abo-images-small (1)/images/small/cd/cd091a83.jpg
D:\FYP Project\fypapp\abo-images-small (1)\images\small\95\95996256.jpg,Mobile Phone,Smartphones,699.99,A high-quality mobile phone — smartphones product with excellent build quality and modern design.,/abo-images-small (1)/images/small/95/95996256.jpg
D:\FYP Project\fypapp\abo-images-small (1)\images\small\69\69da7c5a.jpg,Polo Shirt,Shirts,39.99,A high-quality polo shirt — shirts product with excellent build quality and modern design.,/abo-images-small (1)/images/small/69/69da7c5a.jpg
D:\FYP Project\fypapp\abo-images-small (1)\images\small\c5\c581a627.jpg,Gaming Laptop,Laptops,899.99,A high-quality gaming laptop — laptops product with excellent build quality and modern design.,/abo-images-small (1)/images/small/c5/c581a627.jpg
D:\FYP Project\fypapp\abo-images-small (1)\images\small\d7\d7708a73.jpg,Smartphone,Smartphones,699.99,A high-quality smartphone — smartphones product with excellent build quality and modern design.,/abo-images-small (1)/images/small/d7/d7708a73.jpg
D:\FYP Project\fypapp\abo-images-small (1)\images\small\d4\d4672fec.jpg,Puffer Jacket,Jackets,119.99,A high-quality puffer jacket — jackets product with excellent build quality and modern design.,/abo-images-small (1)/images/small/d4/d4672fec.jpg
D:\FYP Project\fypapp\abo-images-small (1)\images\small\20\20bdad3d.jpg,Android Tablet,Tablets,449.99,A high-quality android tablet — tablets product with excellent build quality and modern design.,/abo-images-small (1)/images/small/20/20bdad3d.jpg
D:\FYP Project\fypapp\abo-images-small (1)\images\small\4a\4a5f8ee6.jpg,Yoga Mat,Sports,34.99,A high-quality yoga mat — sports product with excellent build quality and modern design.,/abo-images-small (1)/images/small/4a/4a5f8ee6.jpg
D:\FYP Project\fypapp\abo-images-small (1)\images\small\fa\fa7a57a1.jpg,Resistance Bands,Sports,34.99,A high-quality resistance bands — sports product with excellent build quality and modern design.,/abo-images-small (1)/images/small/fa/fa7a57a1.jpg
D:\FYP Project\fypapp\abo-images-small (1)\images\small\5c\5c157f92.jpg,Android Phone,Smartphones,699.99,A high-quality android phone — smartphones product with excellent build quality and modern design.,/abo-images-small (1)/images/small/5c/5c157f92.jpg
D:\FYP Project\fypapp\abo-images-small (1)\images\small\36\36fc0961.jpg,Digital Camera,Cameras,549.99,A high-quality digital camera — cameras product with excellent build quality and modern design.,/abo-images-small (1)/images/small/36/36fc0961.jpg
D:\FYP Project\fypapp\abo-images-small (1)\images\small\54\54e77f23.jpg,Hiking Gear,Outdoors,149.99,A high-quality hiking gear — outdoors product with excellent build quality and modern design.,/abo-images-small (1)/images/small/54/54e77f23.jpg
D:\FYP Project\fypapp\abo-images-small (1)\images\small\3c\3c15453e.jpg,Casual Shoes,Shoes,89.99,A high-quality casual shoes — shoes product with excellent build quality and modern design.,/abo-images-small (1)/images/small/3c/3c15453e.jpg
D:\FYP Project\fypapp\abo-images-small (1)\images\small\c0\c01cf396.jpg,Windbreaker,Jackets,119.99,A high-quality windbreaker — jackets product with excellent build quality and modern design.,/abo-images-small (1)/images/small/c0/c01cf396.jpg
D:\FYP Project\fypapp\abo-images-small (1)\images\small\19\197ad0c0.jpg,Smartphone,Smartphones,699.99,A high-quality smartphone — smartphones product with excellent build quality and modern design.,/abo-images-small (1)/images/small/19/197ad0c0.jpg
D:\FYP Project\fypapp\abo-images-small (1)\images\small\00\00af68c0.jpg,Android Phone,Smartphones,699.99,A high-quality android phone — smartphones product with excellent build quality and modern design.,/abo-images-small (1)/images/small/00/00af68c0.jpg
D:\FYP Project\fypapp\abo-images-small (1)\images\small\8e\8e84a8db.jpg,iPhone,Smartphones,699.99,A high-quality iphone — smartphones product with excellent build quality and modern design.,/abo-images-small (1)/images/small/8e/8e84a8db.jpg
D:\FYP Project\fypapp\abo-images-small (1)\images\small\e2\e245aaf1.jpg,Smartphone,Smartphones,699.99,A high-quality smartphone — smartphones product with excellent build quality and modern design.,/abo-images-small (1)/images/small/e2/e245aaf1.jpg
D:\FYP Project\fypapp\abo-images-small (1)\images\small\cf\cf11831c.jpg,iPad,Tablets,449.99,A high-quality ipad — tablets product with excellent build quality and modern design.,/abo-images-small (1)/images/small/cf/cf11831c.jpg
D:\FYP Project\fypapp\abo-images-small (1)\images\small\a2\a2fb9d08.jpg,King Bed,Beds,499.99,A high-quality king bed — beds product with excellent build quality and modern design.,/abo-images-small (1)/images/small/a2/a2fb9d08.jpg
D:\FYP Project\fypapp\abo-images-small (1)\images\small\65\655bad0a.jpg,Windbreaker,Jackets,119.99,A high-quality windbreaker — jackets product with excellent build quality and modern design.,/abo-images-small (1)/images/small/65/655bad0a.jpg
D:\FYP Project\fypapp\abo-images-small (1)\images\small\0b\0b8f054b.jpg,Smartphone,Smartphones,699.99,A high-quality smartphone — smartphones product with excellent build quality and modern design.,/abo-images-small (1)/images/small/0b/0b8f054b.jpg
D:\FYP Project\fypapp\abo-images-small (1)\images\small\64\641a9900.jpg,Digital Tablet,Tablets,449.99,A high-quality digital tablet — tablets product with excellent build quality and modern design.,/abo-images-small (1)/images/small/64/641a9900.jpg
D:\FYP Project\fypapp\abo-images-small (1)\images\small\62\622f92bc.jpg,iPhone,Smartphones,699.99,A high-quality iphone — smartphones product with excellent build quality and modern design.,/abo-images-small (1)/images/small/62/622f92bc.jpg
D:\FYP Project\fypapp\abo-images-small (1)\images\small\18\184b569c.jpg,Queen Bed,Beds,499.99,A high-quality queen bed — beds product with excellent build quality and modern design.,/abo-images-small (1)/images/small/18/184b569c.jpg
D:\FYP Project\fypapp\abo-images-small (1)\images\small\52\52e8d9cf.jpg,Android Phone,Smartphones,699.99,A high-quality android phone — smartphones product with excellent build quality and modern design.,/abo-images-small (1)/images/small/52/52e8d9cf.jpg
D:\FYP Project\fypapp\abo-images-small (1)\images\small\ed\ed8d17d2.jpg,Exercise Gear,Sports,34.99,A high-quality exercise gear — sports product with excellent build quality and modern design.,/abo-images-small (1)/images/small/ed/ed8d17d2.jpg
D:\FYP Project\fypapp\abo-images-small (1)\images\small\45\4539ff46.jpg,Ceramic Plates,Dinnerware,49.99,A high-quality ceramic plates — dinnerware product with excellent build quality and modern design.,/abo-images-small (1)/images/small/45/4539ff46.jpg
D:\FYP Project\fypapp\abo-images-small (1)\images\small\eb\ebc96c57.jpg,Fitness Equipment,Sports,34.99,A high-quality fitness equipment — sports product with excellent build quality and modern design.,/abo-images-small (1)/images/small/eb/ebc96c57.jpg
D:\FYP Project\fypapp\abo-images-small (1)\images\small\26\2627d922.jpg,iPhone,Smartphones,699.99,A high-quality iphone — smartphones product with excellent build quality and modern design.,/abo-images-small (1)/images/small/26/2627d922.jpg
D:\FYP Project\fypapp\abo-images-small (1)\images\small\bd\bdc817ea.jpg,Smartphone,Smartphones,699.99,A high-quality smartphone — smartphones product with excellent build quality and modern design.,/abo-images-small (1)/images/small/bd/bdc817ea.jpg
D:\FYP Project\fypapp\abo-images-small (1)\images\small\32\32358440.jpg,Fitness Equipment,Sports,34.99,A high-quality fitness equipment — sports product with excellent build quality and modern design.,/abo-images-small (1)/images/small/32/32358440.jpg
D:\FYP Project\fypapp\abo-images-small (1)\images\small\5c\5c6c330d.jpg,Boots,Shoes,89.99,A high-quality boots — shoes product with excellent build quality and modern design.,/abo-images-small (1)/images/small/5c/5c6c330d.jpg
D:\FYP Project\fypapp\abo-images-small (1)\images\small\30\300dd9df.jpg,Yoga Mat,Sports,34.99,A high-quality yoga mat — sports product with excellent build quality and modern design.,/abo-images-small (1)/images/small/30/300dd9df.jpg
D:\FYP Project\fypapp\abo-images-small (1)\images\small\fb\fb23d267.jpg,Running Shoes,Shoes,89.99,A high-quality running shoes — shoes product with excellent build quality and modern design.,/abo-images-small (1)/images/small/fb/fb23d267.jpg
D:\FYP Project\fypapp\abo-images-small (1)\images\small\39\39bf7aea.jpg,Exercise Gear,Sports,34.99,A high-quality exercise gear — sports product with excellent build quality and modern design.,/abo-images-small (1)/images/small/39/39bf7aea.jpg
D:\FYP Project\fypapp\abo-images-small (1)\images\small\f7\f7b9109b.jpg,Dining Table,Tables,299.99,A high-quality dining table — tables product with excellent build quality and modern design.,/abo-images-small (1)/images/small/f7/f7b9109b.jpg
D:\FYP Project\fypapp\abo-images-small (1)\images\small\f1\f1a17de7.jpg,Mobile Phone,Smartphones,699.99,A high-quality mobile phone — smartphones product with excellent build quality and modern design.,/abo-images-small (1)/images/small/f1/f1a17de7.jpg
D:\FYP Project\fypapp\abo-images-small (1)\images\small\e7\e7d4a438.jpg,Android Phone,Smartphones,699.99,A high-quality android phone — smartphones product with excellent build quality and modern design.,/abo-images-small (1)/images/small/e7/e7d4a438.jpg
D:\FYP Project\fypapp\abo-images-small (1)\images\small\98\98b2a5bd.jpg,Dinnerware Set,Dinnerware,49.99,A high-quality dinnerware set — dinnerware product with excellent build quality and modern design.,/abo-images-small (1)/images/small/98/98b2a5bd.jpg
D:\FYP Project\fypapp\abo-images-small (1)\images\small\a2\a2b4a27d.jpg,Fitness Equipment,Sports,34.99,A high-quality fitness equipment — sports product with excellent build quality and modern design.,/abo-images-small (1)/images/small/a2/a2b4a27d.jpg
D:\FYP Project\fypapp\abo-images-small (1)\images\small\8c\8c5feba5.jpg,Yoga Mat,Sports,34.99,A high-quality yoga mat — sports product with excellent build quality and modern design.,/abo-images-small (1)/images/small/8c/8c5feba5.jpg
D:\FYP Project\fypapp\abo-images-small (1)\images\small\5f\5f138558.jpg,Running Shoes,Shoes,89.99,A high-quality running shoes — shoes product with excellent build quality and modern design.,/abo-images-small (1)/images/small/5f/5f138558.jpg
D:\FYP Project\fypapp\abo-images-small (1)\images\small\ae\aeda2dc3.jpg,Android Phone,Smartphones,699.99,A high-quality android phone — smartphones product with excellent build quality and modern design.,/abo-images-small (1)/images/small/ae/aeda2dc3.jpg
D:\FYP Project\fypapp\abo-images-small (1)\images\small\bb\bbd836fe.jpg,iPhone,Smartphones,699.99,A high-quality iphone — smartphones product with excellent build quality and modern design.,/abo-images-small (1)/images/small/bb/bbd836fe.jpg
D:\FYP Project\fypapp\abo-images-small (1)\images\small\ac\aca31e07.jpg,Tablet,Tablets,449.99,A high-quality tablet — tablets product with excellent build quality and modern design.,/abo-images-small (1)/images/small/ac/aca31e07.jpg
D:\FYP Project\fypapp\abo-images-small (1)\images\small\98\98634187.jpg,Mobile Phone,Smartphones,699.99,A high-quality mobile phone — smartphones product with excellent build quality and modern design.,/abo-images-small (1)/images/small/98/98634187.jpg
D:\FYP Project\fypapp\abo-images-small (1)\images\small\d0\d09441ae.jpg,Android Phone,Smartphones,699.99,A high-quality android phone — smartphones product with excellent build quality and modern design.,/abo-images-small (1)/images/small/d0/d09441ae.jpg
D:\FYP Project\fypapp\abo-images-small (1)\images\small\ed\ede0233a.jpg,Exercise Gear,Sports,34.99,A high-quality exercise gear — sports product with excellent build quality and modern design.,/abo-images-small (1)/images/small/ed/ede0233a.jpg
D:\FYP Project\fypapp\abo-images-small (1)\images\small\96\96472f4b.jpg,Kitchen Appliance,Appliances,129.99,A high-quality kitchen appliance — appliances product with excellent build quality and modern design.,/abo-images-small (1)/images/small/96/96472f4b.jpg
D:\FYP Project\fypapp\abo-images-small (1)\images\small\dd\dd724edc.jpg,Winter Coat,Jackets,119.99,A high-quality winter coat — jackets product with excellent build quality and modern design.,/abo-images-small (1)/images/small/dd/dd724edc.jpg
D:\FYP Project\fypapp\abo-images-small (1)\images\small\fc\fcb73750.jpg,Bowl Set,Dinnerware,49.99,A high-quality bowl set — dinnerware product with excellent build quality and modern design.,/abo-images-small (1)/images/small/fc/fcb73750.jpg
D:\FYP Project\fypapp\abo-images-small (1)\images\small\57\57a8da9c.jpg,Android Tablet,Tablets,449.99,A high-quality android tablet — tablets product with excellent build quality and modern design.,/abo-images-small (1)/images/small/57/57a8da9c.jpg
D:\FYP Project\fypapp\abo-images-small (1)\images\small\09\094e4f93.jpg,Sneakers,Shoes,89.99,A high-quality sneakers — shoes product with excellent build quality and modern design.,/abo-images-small (1)/images/small/09/094e4f93.jpg
D:\FYP Project\fypapp\abo-images-small (1)\images\small\1e\1e97bcb1.jpg,Mobile Phone,Smartphones,699.99,A high-quality mobile phone — smartphones product with excellent build quality and modern design.,/abo-images-small (1)/images/small/1e/1e97bcb1.jpg
D:\FYP Project\fypapp\abo-images-small (1)\images\small\f5\f5c9c382.jpg,Cooking Pot,Cookware,89.99,A high-quality cooking pot — cookware product with excellent build quality and modern design.,/abo-images-small (1)/images/small/f5/f5c9c382.jpg
D:\FYP Project\fypapp\abo-images-small (1)\images\small\c7\c7330060.jpg,iPhone,Smartphones,699.99,A high-quality iphone — smartphones product with excellent build quality and modern design.,/abo-images-small (1)/images/small/c7/c7330060.jpg
D:\FYP Project\fypapp\abo-images-small (1)\images\small\07\07d5f053.jpg,Mobile Phone,Smartphones,699.99,A high-quality mobile phone — smartphones product with excellent build quality and modern design.,/abo-images-small (1)/images/small/07/07d5f053.jpg
D:\FYP Project\fypapp\abo-images-small (1)\images\small\5d\5db7e576.jpg,Side Table,Tables,299.99,A high-quality side table — tables product with excellent build quality and modern design.,/abo-images-small (1)/images/small/5d/5db7e576.jpg
D:\FYP Project\fypapp\abo-images-small (1)\images\small\f5\f577682f.jpg,iPhone,Smartphones,699.99,A high-quality iphone — smartphones product with excellent build quality and modern design.,/abo-images-small (1)/images/small/f5/f577682f.jpg
D:\FYP Project\fypapp\abo-images-small (1)\images\small\3c\3c825112.jpg,Running Shoes,Shoes,89.99,A high-quality running shoes — shoes product with excellent build quality and modern design.,/abo-images-small (1)/images/small/3c/3c825112.jpg
D:\FYP Project\fypapp\abo-images-small (1)\images\small\fe\fea5635e.jpg,Non-Stick Pan,Cookware,89.99,A high-quality non-stick pan — cookware product with excellent build quality and modern design.,/abo-images-small (1)/images/small/fe/fea5635e.jpg
D:\FYP Project\fypapp\abo-images-small (1)\images\small\3e\3e81ba17.jpg,Digital Tablet,Tablets,449.99,A high-quality digital tablet — tablets product with excellent build quality and modern design.,/abo-images-small (1)/images/small/3e/3e81ba17.jpg
D:\FYP Project\fypapp\abo-images-small (1)\images\small\cb\cb8e9174.jpg,iPhone,Smartphones,699.99,A high-quality iphone — smartphones product with excellent build quality and modern design.,/abo-images-small (1)/images/small/cb/cb8e9174.jpg
D:\FYP Project\fypapp\abo-images-small (1)\images\small\d8\d89a0ed3.jpg,Mobile Phone,Smartphones,699.99,A high-quality mobile phone — smartphones product with excellent build quality and modern design.,/abo-images-small (1)/images/small/d8/d89a0ed3.jpg
D:\FYP Project\fypapp\abo-images-small (1)\images\small\1e\1e935bb7.jpg,Android Phone,Smartphones,699.99,A high-quality android phone — smartphones product with excellent build quality and modern design.,/abo-images-small (1)/images/small/1e/1e935bb7.jpg
D:\FYP Project\fypapp\abo-images-small (1)\images\small\a4\a40e50b5.jpg,Casual Top,Shirts,39.99,A high-quality casual top — shirts product with excellent build quality and modern design.,/abo-images-small (1)/images/small/a4/a40e50b5.jpg
D:\FYP Project\fypapp\abo-images-small (1)\images\small\78\783133ff.jpg,Smartphone,Smartphones,699.99,A high-quality smartphone — smartphones product with excellent build quality and modern design.,/abo-images-small (1)/images/small/78/783133ff.jpg
D:\FYP Project\fypapp\abo-images-small (1)\images\small\e8\e89c5b50.jpg,Slim Jeans,Jeans,69.99,A high-quality slim jeans — jeans product with excellent build quality and modern design.,/abo-images-small (1)/images/small/e8/e89c5b50.jpg
D:\FYP Project\fypapp\abo-images-small (1)\images\small\72\726d4d55.jpg,Android Phone,Smartphones,699.99,A high-quality android phone — smartphones product with excellent build quality and modern design.,/abo-images-small (1)/images/small/72/726d4d55.jpg
D:\FYP Project\fypapp\abo-images-small (1)\images\small\6e\6e56ff67.jpg,iPhone,Smartphones,699.99,A high-quality iphone — smartphones product with excellent build quality and modern design.,/abo-images-small (1)/images/small/6e/6e56ff67.jpg
D:\FYP Project\fypapp\abo-images-small (1)\images\small\22\226b829d.jpg,Headphones,Headphones,149.99,A high-quality headphones — headphones product with excellent build quality and modern design.,/abo-images-small (1)/images/small/22/226b829d.jpg
D:\FYP Project\fypapp\abo-images-small (1)\images\small\71\712a4a04.jpg,Cooking Pot,Cookware,89.99,A high-quality cooking pot — cookware product with excellent build quality and modern design.,/abo-images-small (1)/images/small/71/712a4a04.jpg
D:\FYP Project\fypapp\abo-images-small (1)\images\small\ed\ed2fbd3a.jpg,iPhone,Smartphones,699.99,A high-quality iphone — smartphones product with excellent build quality and modern design.,/abo-images-small (1)/images/small/ed/ed2fbd3a.jpg
D:\FYP Project\fypapp\abo-images-small (1)\images\small\ad\ad494872.jpg,Smartphone,Smartphones,699.99,A high-quality smartphone — smartphones product with excellent build quality and modern design.,/abo-images-small (1)/images/small/ad/ad494872.jpg
D:\FYP Project\fypapp\abo-images-small (1)\images\small\64\64253af4.jpg,Mobile Phone,Smartphones,699.99,A high-quality mobile phone — smartphones product with excellent build quality and modern design.,/abo-images-small (1)/images/small/64/64253af4.jpg
D:\FYP Project\fypapp\abo-images-small (1)\images\small\8b\8b7b5a63.jpg,Straight Jeans,Jeans,69.99,A high-quality straight jeans — jeans product with excellent build quality and modern design.,/abo-images-small (1)/images/small/8b/8b7b5a63.jpg
D:\FYP Project\fypapp\abo-images-small (1)\images\small\bf\bf4fbdee.jpg,Windbreaker,Jackets,119.99,A high-quality windbreaker — jackets product with excellent build quality and modern design.,/abo-images-small (1)/images/small/bf/bf4fbdee.jpg
D:\FYP Project\fypapp\abo-images-small (1)\images\small\0c\0c8f5cf2.jpg,Sofa,Sofas,799.99,A high-quality sofa — sofas product with excellent build quality and modern design.,/abo-images-small (1)/images/small/0c/0c8f5cf2.jpg
D:\FYP Project\fypapp\abo-images-small (1)\images\small\9e\9e1000d7.jpg,Running Shoes,Shoes,89.99,A high-quality running shoes — shoes product with excellent build quality and modern design.,/abo-images-small (1)/images/small/9e/9e1000d7.jpg
D:\FYP Project\fypapp\abo-images-small (1)\images\small\1d\1dc3fb5f.jpg,Android Phone,Smartphones,699.99,A high-quality android phone — smartphones product with excellent build quality and modern design.,/abo-images-small (1)/images/small/1d/1dc3fb5f.jpg
D:\FYP Project\fypapp\abo-images-small (1)\images\small\6c\6ccba75d.jpg,Platform Bed,Beds,499.99,A high-quality platform bed — beds product with excellent build quality and modern design.,/abo-images-small (1)/images/small/6c/6ccba75d.jpg
D:\FYP Project\fypapp\abo-images-small (1)\images\small\58\5830e34e.jpg,Sneakers,Shoes,89.99,A high-quality sneakers — shoes product with excellent build quality and modern design.,/abo-images-small (1)/images/small/58/5830e34e.jpg
D:\FYP Project\fypapp\abo-images-small (1)\images\small\26\269dd061.jpg,Android Phone,Smartphones,699.99,A high-quality android phone — smartphones product with excellent build quality and modern design.,/abo-images-small (1)/images/small/26/269dd061.jpg
D:\FYP Project\fypapp\abo-images-small (1)\images\small\8c\8cee0208.jpg,Casual Top,Shirts,39.99,A high-quality casual top — shirts product with excellent build quality and modern design.,/abo-images-small (1)/images/small/8c/8cee0208.jpg
D:\FYP Project\fypapp\abo-images-small (1)\images\small\b3\b3dc5282.jpg,Smartphone,Smartphones,699.99,A high-quality smartphone — smartphones product with excellent build quality and modern design.,/abo-images-small (1)/images/small/b3/b3dc5282.jpg
D:\FYP Project\fypapp\abo-images-small (1)\images\small\00\00423d6e.jpg,Coffee Table,Tables,299.99,A high-quality coffee table — tables product with excellent build quality and modern design.,/abo-images-small (1)/images/small/00/00423d6e.jpg
D:\FYP Project\fypapp\abo-images-small (1)\images\small\bc\bc8fa7a6.jpg,Android Phone,Smartphones,699.99,A high-quality android phone — smartphones product with excellent build quality and modern design.,/abo-images-small (1)/images/small/bc/bc8fa7a6.jpg
D:\FYP Project\fypapp\abo-images-small (1)\images\small\a0\a059cd66.jpg,Skillet,Cookware,89.99,A high-quality skillet — cookware product with excellent build quality and modern design.,/abo-images-small (1)/images/small/a0/a059cd66.jpg
D:\FYP Project\fypapp\abo-images-small (1)\images\small\12\126a8d87.jpg,Ceramic Plates,Dinnerware,49.99,A high-quality ceramic plates — dinnerware product with excellent build quality and modern design.,/abo-images-small (1)/images/small/12/126a8d87.jpg
D:\FYP Project\fypapp\abo-images-small (1)\images\small\41\419e1e7a.jpg,Android Phone,Smartphones,699.99,A high-quality android phone — smartphones product with excellent build quality and modern design.,/abo-images-small (1)/images/small/41/419e1e7a.jpg
D:\FYP Project\fypapp\abo-images-small (1)\images\small\b4\b4ee6882.jpg,Boots,Shoes,89.99,A high-quality boots — shoes product with excellent build quality and modern design.,/abo-images-small (1)/images/small/b4/b4ee6882.jpg
D:\FYP Project\fypapp\abo-images-small (1)\images\small\7c\7ce1354e.jpg,Dining Table,Tables,299.99,A high-quality dining table — tables product with excellent build quality and modern design.,/abo-images-small (1)/images/small/7c/7ce1354e.jpg
D:\FYP Project\fypapp\abo-images-small (1)\images\small\ae\ae334fd3.jpg,iPad,Tablets,449.99,A high-quality ipad — tablets product with excellent build quality and modern design.,/abo-images-small (1)/images/small/ae/ae334fd3.jpg
D:\FYP Project\fypapp\abo-images-small (1)\images\small\99\99c39deb.jpg,Casual Shoes,Shoes,89.99,A high-quality casual shoes — shoes product with excellent build quality and modern design.,/abo-images-small (1)/images/small/99/99c39deb.jpg
D:\FYP Project\fypapp\abo-images-small (1)\images\small\11\119e1a42.jpg,Coffee Maker,Appliances,129.99,A high-quality coffee maker — appliances product with excellent build quality and modern design.,/abo-images-small (1)/images/small/11/119e1a42.jpg
D:\FYP Project\fypapp\abo-images-small (1)\images\small\ef\ef48efe8.jpg,Dining Table,Tables,299.99,A high-quality dining table — tables product with excellent build quality and modern design.,/abo-images-small (1)/images/small/ef/ef48efe8.jpg
D:\FYP Project\fypapp\abo-images-small (1)\images\small\fb\fb34df82.jpg,Couch,Sofas,799.99,A high-quality couch — sofas product with excellent build quality and modern design.,/abo-images-small (1)/images/small/fb/fb34df82.jpg
D:\FYP Project\fypapp\abo-images-small (1)\images\small\bf\bf02b582.jpg,Casual Shoes,Shoes,89.99,A high-quality casual shoes — shoes product with excellent build quality and modern design.,/abo-images-small (1)/images/small/bf/bf02b582.jpg
D:\FYP Project\fypapp\abo-images-small (1)\images\small\64\640295bd.jpg,Smartphone,Smartphones,699.99,A high-quality smartphone — smartphones product with excellent build quality and modern design.,/abo-images-small (1)/images/small/64/640295bd.jpg
D:\FYP Project\fypapp\abo-images-small (1)\images\small\ef\efeab0e5.jpg,Running Shoes,Shoes,89.99,A high-quality running shoes — shoes product with excellent build quality and modern design.,/abo-images-small (1)/images/small/ef/efeab0e5.jpg
D:\FYP Project\fypapp\abo-images-small (1)\images\small\a8\a8f1e823.jpg,Digital Tablet,Tablets,449.99,A high-quality digital tablet — tablets product with excellent build quality and modern design.,/abo-images-small (1)/images/small/a8/a8f1e823.jpg
D:\FYP Project\fypapp\abo-images-small (1)\images\small\f5\f521b57d.jpg,iPhone,Smartphones,699.99,A high-quality iphone — smartphones product with excellent build quality and modern design.,/abo-images-small (1)/images/small/f5/f521b57d.jpg
D:\FYP Project\fypapp\abo-images-small (1)\images\small\0a\0a579167.jpg,Jeans,Jeans,69.99,A high-quality jeans — jeans product with excellent build quality and modern design.,/abo-images-small (1)/images/small/0a/0a579167.jpg
D:\FYP Project\fypapp\abo-images-small (1)\images\small\54\54c340fa.jpg,Resistance Bands,Sports,34.99,A high-quality resistance bands — sports product with excellent build quality and modern design.,/abo-images-small (1)/images/small/54/54c340fa.jpg
D:\FYP Project\fypapp\abo-images-small (1)\images\small\37\3759d16a.jpg,Casual Shoes,Shoes,89.99,A high-quality casual shoes — shoes product with excellent build quality and modern design.,/abo-images-small (1)/images/small/37/3759d16a.jpg
D:\FYP Project\fypapp\abo-images-small (1)\images\small\6b\6b38dbfc.jpg,Backpack,Outdoors,149.99,A high-quality backpack — outdoors product with excellent build quality and modern design.,/abo-images-small (1)/images/small/6b/6b38dbfc.jpg
D:\FYP Project\fypapp\abo-images-small (1)\images\small\bf\bfbe2da9.jpg,Smartphone,Smartphones,699.99,A high-quality smartphone — smartphones product with excellent build quality and modern design.,/abo-images-small (1)/images/small/bf/bfbe2da9.jpg
D:\FYP Project\fypapp\abo-images-small (1)\images\small\05\0536aed6.jpg,Coffee Table,Tables,299.99,A high-quality coffee table — tables product with excellent build quality and modern design.,/abo-images-small (1)/images/small/05/0536aed6.jpg
D:\FYP Project\fypapp\abo-images-small (1)\images\small\8e\8e23e80f.jpg,Casual Top,Shirts,39.99,A high-quality casual top — shirts product with excellent build quality and modern design.,/abo-images-small (1)/images/small/8e/8e23e80f.jpg
D:\FYP Project\fypapp\abo-images-small (1)\images\small\1e\1ef7c338.jpg,Smartphone,Smartphones,699.99,A high-quality smartphone — smartphones product with excellent build quality and modern design.,/abo-images-small (1)/images/small/1e/1ef7c338.jpg
D:\FYP Project\fypapp\abo-images-small (1)\images\small\e6\e6d0772f.jpg,Mobile Phone,Smartphones,699.99,A high-quality mobile phone — smartphones product with excellent build quality and modern design.,/abo-images-small (1)/images/small/e6/e6d0772f.jpg
D:\FYP Project\fypapp\abo-images-small (1)\images\small\25\25985172.jpg,Sectional Sofa,Sofas,799.99,A high-quality sectional sofa — sofas product with excellent build quality and modern design.,/abo-images-small (1)/images/small/25/25985172.jpg
D:\FYP Project\fypapp\abo-images-small (1)\images\small\a0\a02ea32c.jpg,Earphones,Headphones,149.99,A high-quality earphones — headphones product with excellent build quality and modern design.,/abo-images-small (1)/images/small/a0/a02ea32c.jpg
D:\FYP Project\fypapp\abo-images-small (1)\images\small\27\27360c75.jpg,Bed Frame,Beds,499.99,A high-quality bed frame — beds product with excellent build quality and modern design.,/abo-images-small (1)/images/small/27/27360c75.jpg
D:\FYP Project\fypapp\abo-images-small (1)\images\small\34\34e7f8c2.jpg,Mobile Phone,Smartphones,699.99,A high-quality mobile phone — smartphones product with excellent build quality and modern design.,/abo-images-small (1)/images/small/34/34e7f8c2.jpg
D:\FYP Project\fypapp\abo-images-small (1)\images\small\ae\ae2d435e.jpg,Fitness Equipment,Sports,34.99,A high-quality fitness equipment — sports product with excellent build quality and modern design.,/abo-images-small (1)/images/small/ae/ae2d435e.jpg
D:\FYP Project\fypapp\abo-images-small (1)\images\small\65\65945ae5.jpg,Desk,Tables,299.99,A high-quality desk — tables product with excellent build quality and modern design.,/abo-images-small (1)/images/small/65/65945ae5.jpg
D:\FYP Project\fypapp\abo-images-small (1)\images\small\b1\b1ffed55.jpg,Sneakers,Shoes,89.99,A high-quality sneakers — shoes product with excellent build quality and modern design.,/abo-images-small (1)/images/small/b1/b1ffed55.jpg
D:\FYP Project\fypapp\abo-images-small (1)\images\small\5f\5f58077c.jpg,Mobile Phone,Smartphones,699.99,A high-quality mobile phone — smartphones product with excellent build quality and modern design.,/abo-images-small (1)/images/small/5f/5f58077c.jpg
D:\FYP Project\fypapp\abo-images-small (1)\images\small\a4\a4c847b3.jpg,Jeans,Jeans,69.99,A high-quality jeans — jeans product with excellent build quality and modern design.,/abo-images-small (1)/images/small/a4/a4c847b3.jpg
D:\FYP Project\fypapp\abo-images-small (1)\images\small\56\5608b7cf.jpg,Maxi Dress,Dresses,59.99,A high-quality maxi dress — dresses product with excellent build quality and modern design.,/abo-images-small (1)/images/small/56/5608b7cf.jpg
D:\FYP Project\fypapp\abo-images-small (1)\images\small\9e\9e7d1ec4.jpg,Android Phone,Smartphones,699.99,A high-quality android phone — smartphones product with excellent build quality and modern design.,/abo-images-small (1)/images/small/9e/9e7d1ec4.jpg
D:\FYP Project\fypapp\abo-images-small (1)\images\small\bf\bfe50204.jpg,Skillet,Cookware,89.99,A high-quality skillet — cookware product with excellent build quality and modern design.,/abo-images-small (1)/images/small/bf/bfe50204.jpg
D:\FYP Project\fypapp\abo-images-small (1)\images\small\30\30f6360d.jpg,Kitchen Appliance,Appliances,129.99,A high-quality kitchen appliance — appliances product with excellent build quality and modern design.,/abo-images-small (1)/images/small/30/30f6360d.jpg
D:\FYP Project\fypapp\abo-images-small (1)\images\small\85\85ad1580.jpg,Running Shoes,Shoes,89.99,A high-quality running shoes — shoes product with excellent build quality and modern design.,/abo-images-small (1)/images/small/85/85ad1580.jpg
D:\FYP Project\fypapp\abo-images-small (1)\images\small\42\42bcbc59.jpg,Android Phone,Smartphones,699.99,A high-quality android phone — smartphones product with excellent build quality and modern design.,/abo-images-small (1)/images/small/42/42bcbc59.jpg
D:\FYP Project\fypapp\abo-images-small (1)\images\small\d0\d0eeec0d.jpg,Boots,Shoes,89.99,A high-quality boots — shoes product with excellent build quality and modern design.,/abo-images-small (1)/images/small/d0/d0eeec0d.jpg
D:\FYP Project\fypapp\abo-images-small (1)\images\small\b1\b1887fd9.jpg,Smartphone,Smartphones,699.99,A high-quality smartphone — smartphones product with excellent build quality and modern design.,/abo-images-small (1)/images/small/b1/b1887fd9.jpg
D:\FYP Project\fypapp\abo-images-small (1)\images\small\2e\2e526c0d.jpg,Mobile Phone,Smartphones,699.99,A high-quality mobile phone — smartphones product with excellent build quality and modern design.,/abo-images-small (1)/images/small/2e/2e526c0d.jpg
D:\FYP Project\fypapp\abo-images-small (1)\images\small\17\1790e97b.jpg,Android Phone,Smartphones,699.99,A high-quality android phone — smartphones product with excellent build quality and modern design.,/abo-images-small (1)/images/small/17/1790e97b.jpg
D:\FYP Project\fypapp\abo-images-small (1)\images\small\dc\dc7da350.jpg,iPhone,Smartphones,699.99,A high-quality iphone — smartphones product with excellent build quality and modern design.,/abo-images-small (1)/images/small/dc/dc7da350.jpg
D:\FYP Project\fypapp\abo-images-small (1)\images\small\90\9082175f.jpg,Sneakers,Shoes,89.99,A high-quality sneakers — shoes product with excellent build quality and modern design.,/abo-images-small (1)/images/small/90/9082175f.jpg
D:\FYP Project\fypapp\abo-images-small (1)\images\small\75\75792be6.jpg,Dress Shirt,Shirts,39.99,A high-quality dress shirt — shirts product with excellent build quality and modern design.,/abo-images-small (1)/images/small/75/75792be6.jpg
D:\FYP Project\fypapp\abo-images-small (1)\images\small\5c\5ce143d0.jpg,iPhone,Smartphones,699.99,A high-quality iphone — smartphones product with excellent build quality and modern design.,/abo-images-small (1)/images/small/5c/5ce143d0.jpg
D:\FYP Project\fypapp\abo-images-small (1)\images\small\d7\d7001d81.jpg,Camping Tent,Outdoors,149.99,A high-quality camping tent — outdoors product with excellent build quality and modern design.,/abo-images-small (1)/images/small/d7/d7001d81.jpg
D:\FYP Project\fypapp\abo-images-small (1)\images\small\62\623cd086.jpg,Mobile Phone,Smartphones,699.99,A high-quality mobile phone — smartphones product with excellent build quality and modern design.,/abo-images-small (1)/images/small/62/623cd086.jpg
D:\FYP Project\fypapp\abo-images-small (1)\images\small\cc\cc2b4a42.jpg,Android Tablet,Tablets,449.99,A high-quality android tablet — tablets product with excellent build quality and modern design.,/abo-images-small (1)/images/small/cc/cc2b4a42.jpg
D:\FYP Project\fypapp\abo-images-small (1)\images\small\aa\aade0baf.jpg,Hiking Gear,Outdoors,149.99,A high-quality hiking gear — outdoors product with excellent build quality and modern design.,/abo-images-small (1)/images/small/aa/aade0baf.jpg
D:\FYP Project\fypapp\abo-images-small (1)\images\small\32\32099cce.jpg,Ultrabook,Laptops,899.99,A high-quality ultrabook — laptops product with excellent build quality and modern design.,/abo-images-small (1)/images/small/32/32099cce.jpg
D:\FYP Project\fypapp\abo-images-small (1)\images\small\9b\9b7809e4.jpg,Exercise Gear,Sports,34.99,A high-quality exercise gear — sports product with excellent build quality and modern design.,/abo-images-small (1)/images/small/9b/9b7809e4.jpg
D:\FYP Project\fypapp\abo-images-small (1)\images\small\bb\bb3c4d21.jpg,Bed Frame,Beds,499.99,A high-quality bed frame — beds product with excellent build quality and modern design.,/abo-images-small (1)/images/small/bb/bb3c4d21.jpg
D:\FYP Project\fypapp\abo-images-small (1)\images\small\a8\a8d88ad1.jpg,Slim Jeans,Jeans,69.99,A high-quality slim jeans — jeans product with excellent build quality and modern design.,/abo-images-small (1)/images/small/a8/a8d88ad1.jpg
D:\FYP Project\fypapp\abo-images-small (1)\images\small\77\773b3827.jpg,Fitness Equipment,Sports,34.99,A high-quality fitness equipment — sports product with excellent build quality and modern design.,/abo-images-small (1)/images/small/77/773b3827.jpg
D:\FYP Project\fypapp\abo-images-small (1)\images\small\72\72335968.jpg,iPhone,Smartphones,699.99,A high-quality iphone — smartphones product with excellent build quality and modern design.,/abo-images-small (1)/images/small/72/72335968.jpg
D:\FYP Project\fypapp\abo-images-small (1)\images\small\d7\d728d2ab.jpg,Jacket,Jackets,119.99,A high-quality jacket — jackets product with excellent build quality and modern design.,/abo-images-small (1)/images/small/d7/d728d2ab.jpg
D:\FYP Project\fypapp\abo-images-small (1)\images\small\82\82d610d1.jpg,Android Phone,Smartphones,699.99,A high-quality android phone — smartphones product with excellent build quality and modern design.,/abo-images-small (1)/images/small/82/82d610d1.jpg
D:\FYP Project\fypapp\abo-images-small (1)\images\small\e6\e629da2b.jpg,Desk,Tables,299.99,A high-quality desk — tables product with excellent build quality and modern design.,/abo-images-small (1)/images/small/e6/e629da2b.jpg
D:\FYP Project\fypapp\abo-images-small (1)\images\small\6e\6e7f1c16.jpg,Headphones,Headphones,149.99,A high-quality headphones — headphones product with excellent build quality and modern design.,/abo-images-small (1)/images/small/6e/6e7f1c16.jpg
D:\FYP Project\fypapp\abo-images-small (1)\images\small\54\54711570.jpg,Android Phone,Smartphones,699.99,A high-quality android phone — smartphones product with excellent build quality and modern design.,/abo-images-small (1)/images/small/54/54711570.jpg
D:\FYP Project\fypapp\abo-images-small (1)\images\small\c6\c6583b95.jpg,iPhone,Smartphones,699.99,A high-quality iphone — smartphones product with excellent build quality and modern design.,/abo-images-small (1)/images/small/c6/c6583b95.jpg
D:\FYP Project\fypapp\abo-images-small (1)\images\small\e3\e3e27375.jpg,Smartphone,Smartphones,699.99,A high-quality smartphone — smartphones product with excellent build quality and modern design.,/abo-images-small (1)/images/small/e3/e3e27375.jpg
D:\FYP Project\fypapp\abo-images-small (1)\images\small\52\52ff82ec.jpg,Running Shoes,Shoes,89.99,A high-quality running shoes — shoes product with excellent build quality and modern design.,/abo-images-small (1)/images/small/52/52ff82ec.jpg
D:\FYP Project\fypapp\abo-images-small (1)\images\small\8f\8f02c29a.jpg,Android Phone,Smartphones,699.99,A high-quality android phone — smartphones product with excellent build quality and modern design.,/abo-images-small (1)/images/small/8f/8f02c29a.jpg
D:\FYP Project\fypapp\abo-images-small (1)\images\small\0e\0eae4e4f.jpg,Desk,Tables,299.99,A high-quality desk — tables product with excellent build quality and modern design.,/abo-images-small (1)/images/small/0e/0eae4e4f.jpg
D:\FYP Project\fypapp\abo-images-small (1)\images\small\6d\6db07793.jpg,Dining Table,Tables,299.99,A high-quality dining table — tables product with excellent build quality and modern design.,/abo-images-small (1)/images/small/6d/6db07793.jpg
D:\FYP Project\fypapp\abo-images-small (1)\images\small\f5\f5538e61.jpg,Dining Chair,Chairs,199.99,A high-quality dining chair — chairs product with excellent build quality and modern design.,/abo-images-small (1)/images/small/f5/f5538e61.jpg
D:\FYP Project\fypapp\abo-images-small (1)\images\small\84\84a15ba2.jpg,Puffer Jacket,Jackets,119.99,A high-quality puffer jacket — jackets product with excellent build quality and modern design.,/abo-images-small (1)/images/small/84/84a15ba2.jpg
D:\FYP Project\fypapp\abo-images-small (1)\images\small\86\865842b2.jpg,Exercise Gear,Sports,34.99,A high-quality exercise gear — sports product with excellent build quality and modern design.,/abo-images-small (1)/images/small/86/865842b2.jpg
D:\FYP Project\fypapp\abo-images-small (1)\images\small\34\3432ffb6.jpg,Dining Table,Tables,299.99,A high-quality dining table — tables product with excellent build quality and modern design.,/abo-images-small (1)/images/small/34/3432ffb6.jpg
D:\FYP Project\fypapp\abo-images-small (1)\images\small\ad\ad3db964.jpg,Resistance Bands,Sports,34.99,A high-quality resistance bands — sports product with excellent build quality and modern design.,/abo-images-small (1)/images/small/ad/ad3db964.jpg
D:\FYP Project\fypapp\abo-images-small (1)\images\small\0c\0c9da5cb.jpg,Android Phone,Smartphones,699.99,A high-quality android phone — smartphones product with excellent build quality and modern design.,/abo-images-small (1)/images/small/0c/0c9da5cb.jpg
D:\FYP Project\fypapp\abo-images-small (1)\images\small\af\af7e4a7e.jpg,Smartphone,Smartphones,699.99,A high-quality smartphone — smartphones product with excellent build quality and modern design.,/abo-images-small (1)/images/small/af/af7e4a7e.jpg
D:\FYP Project\fypapp\abo-images-small (1)\images\small\cd\cdecc753.jpg,Wireless Earbuds,Headphones,149.99,A high-quality wireless earbuds — headphones product with excellent build quality and modern design.,/abo-images-small (1)/images/small/cd/cdecc753.jpg
D:\FYP Project\fypapp\abo-images-small (1)\images\small\72\7215725e.jpg,Blender,Appliances,129.99,A high-quality blender — appliances product with excellent build quality and modern design.,/abo-images-small (1)/images/small/72/7215725e.jpg
D:\FYP Project\fypapp\abo-images-small (1)\images\small\21\2120ece6.jpg,iPhone,Smartphones,699.99,A high-quality iphone — smartphones product with excellent build quality and modern design.,/abo-images-small (1)/images/small/21/2120ece6.jpg
D:\FYP Project\fypapp\abo-images-small (1)\images\small\99\99150be4.jpg,Dining Table,Tables,299.99,A high-quality dining table — tables product with excellent build quality and modern design.,/abo-images-small (1)/images/small/99/99150be4.jpg
D:\FYP Project\fypapp\abo-images-small (1)\images\small\20\20cdca58.jpg,iPad,Tablets,449.99,A high-quality ipad — tablets product with excellent build quality and modern design.,/abo-images-small (1)/images/small/20/20cdca58.jpg
D:\FYP Project\fypapp\abo-images-small (1)\images\small\b7\b705575f.jpg,Puffer Jacket,Jackets,119.99,A high-quality puffer jacket — jackets product with excellent build quality and modern design.,/abo-images-small (1)/images/small/b7/b705575f.jpg
D:\FYP Project\fypapp\abo-images-small (1)\images\small\05\05e41ac1.jpg,Smartphone,Smartphones,699.99,A high-quality smartphone — smartphones product with excellent build quality and modern design.,/abo-images-small (1)/images/small/05/05e41ac1.jpg
D:\FYP Project\fypapp\abo-images-small (1)\images\small\30\30dc9559.jpg,Ceramic Plates,Dinnerware,49.99,A high-quality ceramic plates — dinnerware product with excellent build quality and modern design.,/abo-images-small (1)/images/small/30/30dc9559.jpg
D:\FYP Project\fypapp\abo-images-small (1)\images\small\8e\8eaea196.jpg,Puffer Jacket,Jackets,119.99,A high-quality puffer jacket — jackets product with excellent build quality and modern design.,/abo-images-small (1)/images/small/8e/8eaea196.jpg
D:\FYP Project\fypapp\abo-images-small (1)\images\small\34\34fdd07c.jpg,Android Tablet,Tablets,449.99,A high-quality android tablet — tablets product with excellent build quality and modern design.,/abo-images-small (1)/images/small/34/34fdd07c.jpg
D:\FYP Project\fypapp\abo-images-small (1)\images\small\19\196be03b.jpg,Kitchen Appliance,Appliances,129.99,A high-quality kitchen appliance — appliances product with excellent build quality and modern design.,/abo-images-small (1)/images/small/19/196be03b.jpg
D:\FYP Project\fypapp\abo-images-small (1)\images\small\f6\f6f07255.jpg,Android Phone,Smartphones,699.99,A high-quality android phone — smartphones product with excellent build quality and modern design.,/abo-images-small (1)/images/small/f6/f6f07255.jpg
D:\FYP Project\fypapp\abo-images-small (1)\images\small\75\7519a7ca.jpg,Recliner,Chairs,199.99,A high-quality recliner — chairs product with excellent build quality and modern design.,/abo-images-small (1)/images/small/75/7519a7ca.jpg
D:\FYP Project\fypapp\abo-images-small (1)\images\small\8a\8a3c110b.jpg,Dining Table,Tables,299.99,A high-quality dining table — tables product with excellent build quality and modern design.,/abo-images-small (1)/images/small/8a/8a3c110b.jpg
D:\FYP Project\fypapp\abo-images-small (1)\images\small\1b\1b721be1.jpg,Slim Jeans,Jeans,69.99,A high-quality slim jeans — jeans product with excellent build quality and modern design.,/abo-images-small (1)/images/small/1b/1b721be1.jpg
D:\FYP Project\fypapp\abo-images-small (1)\images\small\70\70e197be.jpg,Side Table,Tables,299.99,A high-quality side table — tables product with excellent build quality and modern design.,/abo-images-small (1)/images/small/70/70e197be.jpg
D:\FYP Project\fypapp\abo-images-small (1)\images\small\b9\b9736517.jpg,iPhone,Smartphones,699.99,A high-quality iphone — smartphones product with excellent build quality and modern design.,/abo-images-small (1)/images/small/b9/b9736517.jpg
D:\FYP Project\fypapp\abo-images-small (1)\images\small\fb\fba286e3.jpg,Sneakers,Shoes,89.99,A high-quality sneakers — shoes product with excellent build quality and modern design.,/abo-images-small (1)/images/small/fb/fba286e3.jpg
D:\FYP Project\fypapp\abo-images-small (1)\images\small\6d\6d525970.jpg,Mobile Phone,Smartphones,699.99,A high-quality mobile phone — smartphones product with excellent build quality and modern design.,/abo-images-small (1)/images/small/6d/6d525970.jpg
D:\FYP Project\fypapp\abo-images-small (1)\images\small\aa\aa6b9fd5.jpg,Digital Tablet,Tablets,449.99,A high-quality digital tablet — tablets product with excellent build quality and modern design.,/abo-images-small (1)/images/small/aa/aa6b9fd5.jpg
D:\FYP Project\fypapp\abo-images-small (1)\images\small\bb\bbfca079.jpg,iPhone,Smartphones,699.99,A high-quality iphone — smartphones product with excellent build quality and modern design.,/abo-images-small (1)/images/small/bb/bbfca079.jpg
D:\FYP Project\fypapp\abo-images-small (1)\images\small\0c\0c666f17.jpg,Smartphone,Smartphones,699.99,A high-quality smartphone — smartphones product with excellent build quality and modern design.,/abo-images-small (1)/images/small/0c/0c666f17.jpg
D:\FYP Project\fypapp\abo-images-small (1)\images\small\17\173e085b.jpg,Couch,Sofas,799.99,A high-quality couch — sofas product with excellent build quality and modern design.,/abo-images-small (1)/images/small/17/173e085b.jpg
D:\FYP Project\fypapp\abo-images-small (1)\images\small\53\535c3e3e.jpg,Puffer Jacket,Jackets,119.99,A high-quality puffer jacket — jackets product with excellent build quality and modern design.,/abo-images-small (1)/images/small/53/535c3e3e.jpg
D:\FYP Project\fypapp\abo-images-small (1)\images\small\63\63b3bce6.jpg,iPhone,Smartphones,699.99,A high-quality iphone — smartphones product with excellent build quality and modern design.,/abo-images-small (1)/images/small/63/63b3bce6.jpg
D:\FYP Project\fypapp\abo-images-small (1)\images\small\da\da0d8263.jpg,Bed Frame,Beds,499.99,A high-quality bed frame — beds product with excellent build quality and modern design.,/abo-images-small (1)/images/small/da/da0d8263.jpg
D:\FYP Project\fypapp\abo-images-small (1)\images\small\97\974e9f0f.jpg,Android Phone,Smartphones,699.99,A high-quality android phone — smartphones product with excellent build quality and modern design.,/abo-images-small (1)/images/small/97/974e9f0f.jpg
D:\FYP Project\fypapp\abo-images-small (1)\images\small\f4\f472074c.jpg,iPhone,Smartphones,699.99,A high-quality iphone — smartphones product with excellent build quality and modern design.,/abo-images-small (1)/images/small/f4/f472074c.jpg
D:\FYP Project\fypapp\abo-images-small (1)\images\small\da\da54eff1.jpg,Sneakers,Shoes,89.99,A high-quality sneakers — shoes product with excellent build quality and modern design.,/abo-images-small (1)/images/small/da/da54eff1.jpg
D:\FYP Project\fypapp\abo-images-small (1)\images\small\9a\9a98c36a.jpg,Mobile Phone,Smartphones,699.99,A high-quality mobile phone — smartphones product with excellent build quality and modern design.,/abo-images-small (1)/images/small/9a/9a98c36a.jpg
D:\FYP Project\fypapp\abo-images-small (1)\images\small\f3\f34ae9fb.jpg,Casual Shoes,Shoes,89.99,A high-quality casual shoes — shoes product with excellent build quality and modern design.,/abo-images-small (1)/images/small/f3/f34ae9fb.jpg
D:\FYP Project\fypapp\abo-images-small (1)\images\small\68\683abc34.jpg,Exercise Gear,Sports,34.99,A high-quality exercise gear — sports product with excellent build quality and modern design.,/abo-images-small (1)/images/small/68/683abc34.jpg
D:\FYP Project\fypapp\abo-images-small (1)\images\small\e2\e27c6bb1.jpg,Cookware Set,Cookware,89.99,A high-quality cookware set — cookware product with excellent build quality and modern design.,/abo-images-small (1)/images/small/e2/e27c6bb1.jpg
D:\FYP Project\fypapp\abo-images-small (1)\images\small\0f\0f8b4e86.jpg,Non-Stick Pan,Cookware,89.99,A high-quality non-stick pan — cookware product with excellent build quality and modern design.,/abo-images-small (1)/images/small/0f/0f8b4e86.jpg
D:\FYP Project\fypapp\abo-images-small (1)\images\small\6f\6f74c8cf.jpg,Side Table,Tables,299.99,A high-quality side table — tables product with excellent build quality and modern design.,/abo-images-small (1)/images/small/6f/6f74c8cf.jpg
D:\FYP Project\fypapp\abo-images-small (1)\images\small\13\130713a1.jpg,iPhone,Smartphones,699.99,A high-quality iphone — smartphones product with excellent build quality and modern design.,/abo-images-small (1)/images/small/13/130713a1.jpg
D:\FYP Project\fypapp\abo-images-small (1)\images\small\66\661f5306.jpg,Office Chair,Chairs,199.99,A high-quality office chair — chairs product with excellent build quality and modern design.,/abo-images-small (1)/images/small/66/661f5306.jpg
D:\FYP Project\fypapp\abo-images-small (1)\images\small\7b\7be0b066.jpg,Coffee Table,Tables,299.99,A high-quality coffee table — tables product with excellent build quality and modern design.,/abo-images-small (1)/images/small/7b/7be0b066.jpg
D:\FYP Project\fypapp\abo-images-small (1)\images\small\96\9604cbdf.jpg,Denim Pants,Jeans,69.99,A high-quality denim pants — jeans product with excellent build quality and modern design.,/abo-images-small (1)/images/small/96/9604cbdf.jpg
D:\FYP Project\fypapp\abo-images-small (1)\images\small\31\313f209d.jpg,Headphones,Headphones,149.99,A high-quality headphones — headphones product with excellent build quality and modern design.,/abo-images-small (1)/images/small/31/313f209d.jpg
D:\FYP Project\fypapp\abo-images-small (1)\images\small\56\561a7b80.jpg,iPad,Tablets,449.99,A high-quality ipad — tablets product with excellent build quality and modern design.,/abo-images-small (1)/images/small/56/561a7b80.jpg
D:\FYP Project\fypapp\abo-images-small (1)\images\small\e5\e526da3e.jpg,King Bed,Beds,499.99,A high-quality king bed — beds product with excellent build quality and modern design.,/abo-images-small (1)/images/small/e5/e526da3e.jpg
D:\FYP Project\fypapp\abo-images-small (1)\images\small\8f\8f8ef1e6.jpg,iPhone,Smartphones,699.99,A high-quality iphone — smartphones product with excellent build quality and modern design.,/abo-images-small (1)/images/small/8f/8f8ef1e6.jpg
D:\FYP Project\fypapp\abo-images-small (1)\images\small\df\dfc528ce.jpg,Sneakers,Shoes,89.99,A high-quality sneakers — shoes product with excellent build quality and modern design.,/abo-images-small (1)/images/small/df/dfc528ce.jpg
D:\FYP Project\fypapp\abo-images-small (1)\images\small\3e\3e14b6d7.jpg,Microwave,Appliances,129.99,A high-quality microwave — appliances product with excellent build quality and modern design.,/abo-images-small (1)/images/small/3e/3e14b6d7.jpg
D:\FYP Project\fypapp\abo-images-small (1)\images\small\3c\3c73e5c3.jpg,Loveseat,Sofas,799.99,A high-quality loveseat — sofas product with excellent build quality and modern design.,/abo-images-small (1)/images/small/3c/3c73e5c3.jpg
D:\FYP Project\fypapp\abo-images-small (1)\images\small\1a\1af690c7.jpg,Smartphone,Smartphones,699.99,A high-quality smartphone — smartphones product with excellent build quality and modern design.,/abo-images-small (1)/images/small/1a/1af690c7.jpg
D:\FYP Project\fypapp\abo-images-small (1)\images\small\eb\ebfef670.jpg,Non-Stick Pan,Cookware,89.99,A high-quality non-stick pan — cookware product with excellent build quality and modern design.,/abo-images-small (1)/images/small/eb/ebfef670.jpg
D:\FYP Project\fypapp\abo-images-small (1)\images\small\55\5504935d.jpg,Fitness Equipment,Sports,34.99,A high-quality fitness equipment — sports product with excellent build quality and modern design.,/abo-images-small (1)/images/small/55/5504935d.jpg
D:\FYP Project\fypapp\abo-images-small (1)\images\small\ad\adf9187e.jpg,Coffee Maker,Appliances,129.99,A high-quality coffee maker — appliances product with excellent build quality and modern design.,/abo-images-small (1)/images/small/ad/adf9187e.jpg
D:\FYP Project\fypapp\abo-images-small (1)\images\small\ca\ca7810ea.jpg,Jeans,Jeans,69.99,A high-quality jeans — jeans product with excellent build quality and modern design.,/abo-images-small (1)/images/small/ca/ca7810ea.jpg
D:\FYP Project\fypapp\abo-images-small (1)\images\small\30\305c0e49.jpg,Running Shoes,Shoes,89.99,A high-quality running shoes — shoes product with excellent build quality and modern design.,/abo-images-small (1)/images/small/30/305c0e49.jpg
D:\FYP Project\fypapp\abo-images-small (1)\images\small\52\526db581.jpg,Bowl Set,Dinnerware,49.99,A high-quality bowl set — dinnerware product with excellent build quality and modern design.,/abo-images-small (1)/images/small/52/526db581.jpg
D:\FYP Project\fypapp\abo-images-small (1)\images\small\58\58a82f5d.jpg,Sneakers,Shoes,89.99,A high-quality sneakers — shoes product with excellent build quality and modern design.,/abo-images-small (1)/images/small/58/58a82f5d.jpg
D:\FYP Project\fypapp\abo-images-small (1)\images\small\9f\9f441729.jpg,Queen Bed,Beds,499.99,A high-quality queen bed — beds product with excellent build quality and modern design.,/abo-images-small (1)/images/small/9f/9f441729.jpg
D:\FYP Project\fypapp\abo-images-small (1)\images\small\59\590d5296.jpg,Casual Shoes,Shoes,89.99,A high-quality casual shoes — shoes product with excellent build quality and modern design.,/abo-images-small (1)/images/small/59/590d5296.jpg
D:\FYP Project\fypapp\abo-images-small (1)\images\small\f0\f068a8f0.jpg,iPhone,Smartphones,699.99,A high-quality iphone — smartphones product with excellent build quality and modern design.,/abo-images-small (1)/images/small/f0/f068a8f0.jpg
D:\FYP Project\fypapp\abo-images-small (1)\images\small\a1\a19f9ac0.jpg,Jeans,Jeans,69.99,A high-quality jeans — jeans product with excellent build quality and modern design.,/abo-images-small (1)/images/small/a1/a19f9ac0.jpg
D:\FYP Project\fypapp\abo-images-small (1)\images\small\63\63bee9e2.jpg,Dining Chair,Chairs,199.99,A high-quality dining chair — chairs product with excellent build quality and modern design.,/abo-images-small (1)/images/small/63/63bee9e2.jpg
D:\FYP Project\fypapp\abo-images-small (1)\images\small\be\be6affc2.jpg,Android Phone,Smartphones,699.99,A high-quality android phone — smartphones product with excellent build quality and modern design.,/abo-images-small (1)/images/small/be/be6affc2.jpg
D:\FYP Project\fypapp\abo-images-small (1)\images\small\37\3733892d.jpg,iPhone,Smartphones,699.99,A high-quality iphone — smartphones product with excellent build quality and modern design.,/abo-images-small (1)/images/small/37/3733892d.jpg
D:\FYP Project\fypapp\abo-images-small (1)\images\small\19\190180ce.jpg,Jacket,Jackets,119.99,A high-quality jacket — jackets product with excellent build quality and modern design.,/abo-images-small (1)/images/small/19/190180ce.jpg
D:\FYP Project\fypapp\abo-images-small (1)\images\small\99\99a49471.jpg,iPad,Tablets,449.99,A high-quality ipad — tablets product with excellent build quality and modern design.,/abo-images-small (1)/images/small/99/99a49471.jpg
D:\FYP Project\fypapp\abo-images-small (1)\images\small\cc\cc7cf05d.jpg,Android Phone,Smartphones,699.99,A high-quality android phone — smartphones product with excellent build quality and modern design.,/abo-images-small (1)/images/small/cc/cc7cf05d.jpg
D:\FYP Project\fypapp\abo-images-small (1)\images\small\67\67fd0a6c.jpg,Loveseat,Sofas,799.99,A high-quality loveseat — sofas product with excellent build quality and modern design.,/abo-images-small (1)/images/small/67/67fd0a6c.jpg
D:\FYP Project\fypapp\abo-images-small (1)\images\small\93\93f54a65.jpg,Jacket,Jackets,119.99,A high-quality jacket — jackets product with excellent build quality and modern design.,/abo-images-small (1)/images/small/93/93f54a65.jpg
D:\FYP Project\fypapp\abo-images-small (1)\images\small\57\5788354f.jpg,Mobile Phone,Smartphones,699.99,A high-quality mobile phone — smartphones product with excellent build quality and modern design.,/abo-images-small (1)/images/small/57/5788354f.jpg
D:\FYP Project\fypapp\abo-images-small (1)\images\small\9e\9e7d2697.jpg,Android Phone,Smartphones,699.99,A high-quality android phone — smartphones product with excellent build quality and modern design.,/abo-images-small (1)/images/small/9e/9e7d2697.jpg
D:\FYP Project\fypapp\abo-images-small (1)\images\small\69\690b1ae5.jpg,iPhone,Smartphones,699.99,A high-quality iphone — smartphones product with excellent build quality and modern design.,/abo-images-small (1)/images/small/69/690b1ae5.jpg
D:\FYP Project\fypapp\abo-images-small (1)\images\small\e6\e6cf64e2.jpg,Yoga Mat,Sports,34.99,A high-quality yoga mat — sports product with excellent build quality and modern design.,/abo-images-small (1)/images/small/e6/e6cf64e2.jpg
D:\FYP Project\fypapp\abo-images-small (1)\images\small\86\861d54cd.jpg,Couch,Sofas,799.99,A high-quality couch — sofas product with excellent build quality and modern design.,/abo-images-small (1)/images/small/86/861d54cd.jpg
D:\FYP Project\fypapp\abo-images-small (1)\images\small\a8\a877eca3.jpg,Fitness Equipment,Sports,34.99,A high-quality fitness equipment — sports product with excellent build quality and modern design.,/abo-images-small (1)/images/small/a8/a877eca3.jpg
D:\FYP Project\fypapp\abo-images-small (1)\images\small\e5\e5b7d89b.jpg,Boots,Shoes,89.99,A high-quality boots — shoes product with excellent build quality and modern design.,/abo-images-small (1)/images/small/e5/e5b7d89b.jpg
D:\FYP Project\fypapp\abo-images-small (1)\images\small\53\53ff183b.jpg,Sofa,Sofas,799.99,A high-quality sofa — sofas product with excellent build quality and modern design.,/abo-images-small (1)/images/small/53/53ff183b.jpg
D:\FYP Project\fypapp\abo-images-small (1)\images\small\84\84a74ba3.jpg,Running Shoes,Shoes,89.99,A high-quality running shoes — shoes product with excellent build quality and modern design.,/abo-images-small (1)/images/small/84/84a74ba3.jpg
D:\FYP Project\fypapp\abo-images-small (1)\images\small\c6\c6585bf9.jpg,Android Phone,Smartphones,699.99,A high-quality android phone — smartphones product with excellent build quality and modern design.,/abo-images-small (1)/images/small/c6/c6585bf9.jpg
D:\FYP Project\fypapp\abo-images-small (1)\images\small\fc\fcd81f19.jpg,Skillet,Cookware,89.99,A high-quality skillet — cookware product with excellent build quality and modern design.,/abo-images-small (1)/images/small/fc/fcd81f19.jpg
D:\FYP Project\fypapp\abo-images-small (1)\images\small\c7\c718b748.jpg,Smartphone,Smartphones,699.99,A high-quality smartphone — smartphones product with excellent build quality and modern design.,/abo-images-small (1)/images/small/c7/c718b748.jpg
D:\FYP Project\fypapp\abo-images-small (1)\images\small\66\669a2fdb.jpg,Fitness Equipment,Sports,34.99,A high-quality fitness equipment — sports product with excellent build quality and modern design.,/abo-images-small (1)/images/small/66/669a2fdb.jpg
D:\FYP Project\fypapp\abo-images-small (1)\images\small\08\0821db11.jpg,Desk,Tables,299.99,A high-quality desk — tables product with excellent build quality and modern design.,/abo-images-small (1)/images/small/08/0821db11.jpg
D:\FYP Project\fypapp\abo-images-small (1)\images\small\f0\f0b7ad5f.jpg,Smartphone,Smartphones,699.99,A high-quality smartphone — smartphones product with excellent build quality and modern design.,/abo-images-small (1)/images/small/f0/f0b7ad5f.jpg
D:\FYP Project\fypapp\abo-images-small (1)\images\small\5f\5fbc6dd6.jpg,Running Shoes,Shoes,89.99,A high-quality running shoes — shoes product with excellent build quality and modern design.,/abo-images-small (1)/images/small/5f/5fbc6dd6.jpg
D:\FYP Project\fypapp\abo-images-small (1)\images\small\dd\dd8992c7.jpg,iPhone,Smartphones,699.99,A high-quality iphone — smartphones product with excellent build quality and modern design.,/abo-images-small (1)/images/small/dd/dd8992c7.jpg
D:\FYP Project\fypapp\abo-images-small (1)\images\small\ad\adbb92f9.jpg,Resistance Bands,Sports,34.99,A high-quality resistance bands — sports product with excellent build quality and modern design.,/abo-images-small (1)/images/small/ad/adbb92f9.jpg
D:\FYP Project\fypapp\abo-images-small (1)\images\small\63\6367eb01.jpg,Side Table,Tables,299.99,A high-quality side table — tables product with excellent build quality and modern design.,/abo-images-small (1)/images/small/63/6367eb01.jpg
D:\FYP Project\fypapp\abo-images-small (1)\images\small\fc\fc159fae.jpg,Casual Top,Shirts,39.99,A high-quality casual top — shirts product with excellent build quality and modern design.,/abo-images-small (1)/images/small/fc/fc159fae.jpg
D:\FYP Project\fypapp\abo-images-small (1)\images\small\7a\7a2961c2.jpg,Smartphone,Smartphones,699.99,A high-quality smartphone — smartphones product with excellent build quality and modern design.,/abo-images-small (1)/images/small/7a/7a2961c2.jpg
D:\FYP Project\fypapp\abo-images-small (1)\images\small\4e\4e0eda4f.jpg,Coffee Table,Tables,299.99,A high-quality coffee table — tables product with excellent build quality and modern design.,/abo-images-small (1)/images/small/4e/4e0eda4f.jpg
D:\FYP Project\fypapp\abo-images-small (1)\images\small\e9\e92d2f6b.jpg,Bowl Set,Dinnerware,49.99,A high-quality bowl set — dinnerware product with excellent build quality and modern design.,/abo-images-small (1)/images/small/e9/e92d2f6b.jpg
D:\FYP Project\fypapp\abo-images-small (1)\images\small\2e\2e6112f9.jpg,Sofa,Sofas,799.99,A high-quality sofa — sofas product with excellent build quality and modern design.,/abo-images-small (1)/images/small/2e/2e6112f9.jpg
D:\FYP Project\fypapp\abo-images-small (1)\images\small\20\203daf6e.jpg,Queen Bed,Beds,499.99,A high-quality queen bed — beds product with excellent build quality and modern design.,/abo-images-small (1)/images/small/20/203daf6e.jpg
D:\FYP Project\fypapp\abo-images-small (1)\images\small\0d\0d963958.jpg,Fitness Equipment,Sports,34.99,A high-quality fitness equipment — sports product with excellent build quality and modern design.,/abo-images-small (1)/images/small/0d/0d963958.jpg
D:\FYP Project\fypapp\abo-images-small (1)\images\small\6a\6af2f6e5.jpg,iPhone,Smartphones,699.99,A high-quality iphone — smartphones product with excellent build quality and modern design.,/abo-images-small (1)/images/small/6a/6af2f6e5.jpg
D:\FYP Project\fypapp\abo-images-small (1)\images\small\99\99530b60.jpg,Jacket,Jackets,119.99,A high-quality jacket — jackets product with excellent build quality and modern design.,/abo-images-small (1)/images/small/99/99530b60.jpg
D:\FYP Project\fypapp\abo-images-small (1)\images\small\0b\0bc66206.jpg,Couch,Sofas,799.99,A high-quality couch — sofas product with excellent build quality and modern design.,/abo-images-small (1)/images/small/0b/0bc66206.jpg
D:\FYP Project\fypapp\abo-images-small (1)\images\small\2c\2c052ca7.jpg,Sneakers,Shoes,89.99,A high-quality sneakers — shoes product with excellent build quality and modern design.,/abo-images-small (1)/images/small/2c/2c052ca7.jpg
D:\FYP Project\fypapp\abo-images-small (1)\images\small\1e\1e5ff947.jpg,Mobile Phone,Smartphones,699.99,A high-quality mobile phone — smartphones product with excellent build quality and modern design.,/abo-images-small (1)/images/small/1e/1e5ff947.jpg
D:\FYP Project\fypapp\abo-images-small (1)\images\small\66\6696c51c.jpg,Mirrorless Camera,Cameras,549.99,A high-quality mirrorless camera — cameras product with excellent build quality and modern design.,/abo-images-small (1)/images/small/66/6696c51c.jpg
D:\FYP Project\fypapp\abo-images-small (1)\images\small\70\7058e873.jpg,Exercise Gear,Sports,34.99,A high-quality exercise gear — sports product with excellent build quality and modern design.,/abo-images-small (1)/images/small/70/7058e873.jpg
D:\FYP Project\fypapp\abo-images-small (1)\images\small\47\4749984b.jpg,Coffee Table,Tables,299.99,A high-quality coffee table — tables product with excellent build quality and modern design.,/abo-images-small (1)/images/small/47/4749984b.jpg
D:\FYP Project\fypapp\abo-images-small (1)\images\small\e1\e17a5941.jpg,iPhone,Smartphones,699.99,A high-quality iphone — smartphones product with excellent build quality and modern design.,/abo-images-small (1)/images/small/e1/e17a5941.jpg
D:\FYP Project\fypapp\abo-images-small (1)\images\small\7e\7e59eebe.jpg,Smartphone,Smartphones,699.99,A high-quality smartphone — smartphones product with excellent build quality and modern design.,/abo-images-small (1)/images/small/7e/7e59eebe.jpg
D:\FYP Project\fypapp\abo-images-small (1)\images\small\b8\b8c85284.jpg,Microwave,Appliances,129.99,A high-quality microwave — appliances product with excellent build quality and modern design.,/abo-images-small (1)/images/small/b8/b8c85284.jpg
D:\FYP Project\fypapp\abo-images-small (1)\images\small\af\af609bcf.jpg,Android Phone,Smartphones,699.99,A high-quality android phone — smartphones product with excellent build quality and modern design.,/abo-images-small (1)/images/small/af/af609bcf.jpg
D:\FYP Project\fypapp\abo-images-small (1)\images\small\5f\5f1af371.jpg,Gaming Laptop,Laptops,899.99,A high-quality gaming laptop — laptops product with excellent build quality and modern design.,/abo-images-small (1)/images/small/5f/5f1af371.jpg
D:\FYP Project\fypapp\abo-images-small (1)\images\small\38\38f5bad7.jpg,Smartphone,Smartphones,699.99,A high-quality smartphone — smartphones product with excellent build quality and modern design.,/abo-images-small (1)/images/small/38/38f5bad7.jpg
D:\FYP Project\fypapp\abo-images-small (1)\images\small\59\59e69b06.jpg,Resistance Bands,Sports,34.99,A high-quality resistance bands — sports product with excellent build quality and modern design.,/abo-images-small (1)/images/small/59/59e69b06.jpg
D:\FYP Project\fypapp\abo-images-small (1)\images\small\a7\a7e81cf1.jpg,Polo Shirt,Shirts,39.99,A high-quality polo shirt — shirts product with excellent build quality and modern design.,/abo-images-small (1)/images/small/a7/a7e81cf1.jpg
D:\FYP Project\fypapp\abo-images-small (1)\images\small\cb\cb06e625.jpg,iPhone,Smartphones,699.99,A high-quality iphone — smartphones product with excellent build quality and modern design.,/abo-images-small (1)/images/small/cb/cb06e625.jpg
D:\FYP Project\fypapp\abo-images-small (1)\images\small\75\7533eb25.jpg,Kitchen Appliance,Appliances,129.99,A high-quality kitchen appliance — appliances product with excellent build quality and modern design.,/abo-images-small (1)/images/small/75/7533eb25.jpg
D:\FYP Project\fypapp\abo-images-small (1)\images\small\a2\a295164c.jpg,Sectional Sofa,Sofas,799.99,A high-quality sectional sofa — sofas product with excellent build quality and modern design.,/abo-images-small (1)/images/small/a2/a295164c.jpg
D:\FYP Project\fypapp\abo-images-small (1)\images\small\ee\ee72e731.jpg,Platform Bed,Beds,499.99,A high-quality platform bed — beds product with excellent build quality and modern design.,/abo-images-small (1)/images/small/ee/ee72e731.jpg
D:\FYP Project\fypapp\abo-images-small (1)\images\small\2f\2f933e65.jpg,Smartphone,Smartphones,699.99,A high-quality smartphone — smartphones product with excellent build quality and modern design.,/abo-images-small (1)/images/small/2f/2f933e65.jpg
D:\FYP Project\fypapp\abo-images-small (1)\images\small\8a\8a33fdb9.jpg,Android Phone,Smartphones,699.99,A high-quality android phone — smartphones product with excellent build quality and modern design.,/abo-images-small (1)/images/small/8a/8a33fdb9.jpg
D:\FYP Project\fypapp\abo-images-small (1)\images\small\c2\c216d6f3.jpg,Exercise Gear,Sports,34.99,A high-quality exercise gear — sports product with excellent build quality and modern design.,/abo-images-small (1)/images/small/c2/c216d6f3.jpg
D:\FYP Project\fypapp\abo-images-small (1)\images\small\7e\7e56c0d3.jpg,Smartphone,Smartphones,699.99,A high-quality smartphone — smartphones product with excellent build quality and modern design.,/abo-images-small (1)/images/small/7e/7e56c0d3.jpg
D:\FYP Project\fypapp\abo-images-small (1)\images\small\1e\1e636485.jpg,Slim Jeans,Jeans,69.99,A high-quality slim jeans — jeans product with excellent build quality and modern design.,/abo-images-small (1)/images/small/1e/1e636485.jpg
D:\FYP Project\fypapp\abo-images-small (1)\images\small\89\893ba3e8.jpg,Android Phone,Smartphones,699.99,A high-quality android phone — smartphones product with excellent build quality and modern design.,/abo-images-small (1)/images/small/89/893ba3e8.jpg
D:\FYP Project\fypapp\abo-images-small (1)\images\small\05\054a2a7a.jpg,iPhone,Smartphones,699.99,A high-quality iphone — smartphones product with excellent build quality and modern design.,/abo-images-small (1)/images/small/05/054a2a7a.jpg
D:\FYP Project\fypapp\abo-images-small (1)\images\small\ef\efa63183.jpg,Smartphone,Smartphones,699.99,A high-quality smartphone — smartphones product with excellent build quality and modern design.,/abo-images-small (1)/images/small/ef/efa63183.jpg
D:\FYP Project\fypapp\abo-images-small (1)\images\small\ba\ba6a29ae.jpg,Resistance Bands,Sports,34.99,A high-quality resistance bands — sports product with excellent build quality and modern design.,/abo-images-small (1)/images/small/ba/ba6a29ae.jpg
D:\FYP Project\fypapp\abo-images-small (1)\images\small\29\2901fcee.jpg,Android Phone,Smartphones,699.99,A high-quality android phone — smartphones product with excellent build quality and modern design.,/abo-images-small (1)/images/small/29/2901fcee.jpg
D:\FYP Project\fypapp\abo-images-small (1)\images\small\d4\d46f9853.jpg,iPhone,Smartphones,699.99,A high-quality iphone — smartphones product with excellent build quality and modern design.,/abo-images-small (1)/images/small/d4/d46f9853.jpg
D:\FYP Project\fypapp\abo-images-small (1)\images\small\84\848f4233.jpg,Android Phone,Smartphones,699.99,A high-quality android phone — smartphones product with excellent build quality and modern design.,/abo-images-small (1)/images/small/84/848f4233.jpg
D:\FYP Project\fypapp\abo-images-small (1)\images\small\80\805a31d6.jpg,Floral Dress,Dresses,59.99,A high-quality floral dress — dresses product with excellent build quality and modern design.,/abo-images-small (1)/images/small/80/805a31d6.jpg
D:\FYP Project\fypapp\abo-images-small (1)\images\small\23\23c7091c.jpg,Smartphone,Smartphones,699.99,A high-quality smartphone — smartphones product with excellent build quality and modern design.,/abo-images-small (1)/images/small/23/23c7091c.jpg
D:\FYP Project\fypapp\abo-images-small (1)\images\small\a4\a49c874e.jpg,Bowl Set,Dinnerware,49.99,A high-quality bowl set — dinnerware product with excellent build quality and modern design.,/abo-images-small (1)/images/small/a4/a49c874e.jpg
D:\FYP Project\fypapp\abo-images-small (1)\images\small\c3\c3590381.jpg,Jacket,Jackets,119.99,A high-quality jacket — jackets product with excellent build quality and modern design.,/abo-images-small (1)/images/small/c3/c3590381.jpg
D:\FYP Project\fypapp\abo-images-small (1)\images\small\70\70bb6b48.jpg,Mobile Phone,Smartphones,699.99,A high-quality mobile phone — smartphones product with excellent build quality and modern design.,/abo-images-small (1)/images/small/70/70bb6b48.jpg
D:\FYP Project\fypapp\abo-images-small (1)\images\small\15\155613f3.jpg,Boots,Shoes,89.99,A high-quality boots — shoes product with excellent build quality and modern design.,/abo-images-small (1)/images/small/15/155613f3.jpg
D:\FYP Project\fypapp\abo-images-small (1)\images\small\a1\a17bc096.jpg,Cookware Set,Cookware,89.99,A high-quality cookware set — cookware product with excellent build quality and modern design.,/abo-images-small (1)/images/small/a1/a17bc096.jpg
D:\FYP Project\fypapp\abo-images-small (1)\images\small\8e\8e6feb89.jpg,Android Phone,Smartphones,699.99,A high-quality android phone — smartphones product with excellent build quality and modern design.,/abo-images-small (1)/images/small/8e/8e6feb89.jpg
D:\FYP Project\fypapp\abo-images-small (1)\images\small\2f\2f35712b.jpg,Casual Top,Shirts,39.99,A high-quality casual top — shirts product with excellent build quality and modern design.,/abo-images-small (1)/images/small/2f/2f35712b.jpg
D:\FYP Project\fypapp\abo-images-small (1)\images\small\0f\0f2bce8a.jpg,Jacket,Jackets,119.99,A high-quality jacket — jackets product with excellent build quality and modern design.,/abo-images-small (1)/images/small/0f/0f2bce8a.jpg
D:\FYP Project\fypapp\abo-images-small (1)\images\small\0c\0c9f1a54.jpg,Mobile Phone,Smartphones,699.99,A high-quality mobile phone — smartphones product with excellent build quality and modern design.,/abo-images-small (1)/images/small/0c/0c9f1a54.jpg
D:\FYP Project\fypapp\abo-images-small (1)\images\small\69\699ba787.jpg,Casual Shoes,Shoes,89.99,A high-quality casual shoes — shoes product with excellent build quality and modern design.,/abo-images-small (1)/images/small/69/699ba787.jpg
D:\FYP Project\fypapp\abo-images-small (1)\images\small\ab\abe56254.jpg,iPhone,Smartphones,699.99,A high-quality iphone — smartphones product with excellent build quality and modern design.,/abo-images-small (1)/images/small/ab/abe56254.jpg
D:\FYP Project\fypapp\abo-images-small (1)\images\small\26\26a21321.jpg,Dinnerware Set,Dinnerware,49.99,A high-quality dinnerware set — dinnerware product with excellent build quality and modern design.,/abo-images-small (1)/images/small/26/26a21321.jpg
D:\FYP Project\fypapp\abo-images-small (1)\images\small\20\203ed1e2.jpg,Mobile Phone,Smartphones,699.99,A high-quality mobile phone — smartphones product with excellent build quality and modern design.,/abo-images-small (1)/images/small/20/203ed1e2.jpg
D:\FYP Project\fypapp\abo-images-small (1)\images\small\cf\cf96e2bf.jpg,Blender,Appliances,129.99,A high-quality blender — appliances product with excellent build quality and modern design.,/abo-images-small (1)/images/small/cf/cf96e2bf.jpg
D:\FYP Project\fypapp\abo-images-small (1)\images\small\ba\bad8f144.jpg,iPhone,Smartphones,699.99,A high-quality iphone — smartphones product with excellent build quality and modern design.,/abo-images-small (1)/images/small/ba/bad8f144.jpg
D:\FYP Project\fypapp\abo-images-small (1)\images\small\e1\e1e2da8b.jpg,Smartphone,Smartphones,699.99,A high-quality smartphone — smartphones product with excellent build quality and modern design.,/abo-images-small (1)/images/small/e1/e1e2da8b.jpg
D:\FYP Project\fypapp\abo-images-small (1)\images\small\87\873ca046.jpg,Mobile Phone,Smartphones,699.99,A high-quality mobile phone — smartphones product with excellent build quality and modern design.,/abo-images-small (1)/images/small/87/873ca046.jpg
D:\FYP Project\fypapp\abo-images-small (1)\images\small\80\801a3502.jpg,Desk,Tables,299.99,A high-quality desk — tables product with excellent build quality and modern design.,/abo-images-small (1)/images/small/80/801a3502.jpg
D:\FYP Project\fypapp\abo-images-small (1)\images\small\bb\bbe3cc51.jpg,Smartphone,Smartphones,699.99,A high-quality smartphone — smartphones product with excellent build quality and modern design.,/abo-images-small (1)/images/small/bb/bbe3cc51.jpg
D:\FYP Project\fypapp\abo-images-small (1)\images\small\36\3628c89f.jpg,Accent Chair,Chairs,199.99,A high-quality accent chair — chairs product with excellent build quality and modern design.,/abo-images-small (1)/images/small/36/3628c89f.jpg
D:\FYP Project\fypapp\abo-images-small (1)\images\small\e3\e3d4da62.jpg,Exercise Gear,Sports,34.99,A high-quality exercise gear — sports product with excellent build quality and modern design.,/abo-images-small (1)/images/small/e3/e3d4da62.jpg
D:\FYP Project\fypapp\abo-images-small (1)\images\small\20\20ad8a70.jpg,Camping Tent,Outdoors,149.99,A high-quality camping tent — outdoors product with excellent build quality and modern design.,/abo-images-small (1)/images/small/20/20ad8a70.jpg
D:\FYP Project\fypapp\abo-images-small (1)\images\small\aa\aaabc886.jpg,Maxi Dress,Dresses,59.99,A high-quality maxi dress — dresses product with excellent build quality and modern design.,/abo-images-small (1)/images/small/aa/aaabc886.jpg
D:\FYP Project\fypapp\abo-images-small (1)\images\small\8e\8e28ffb8.jpg,King Bed,Beds,499.99,A high-quality king bed — beds product with excellent build quality and modern design.,/abo-images-small (1)/images/small/8e/8e28ffb8.jpg
D:\FYP Project\fypapp\abo-images-small (1)\images\small\61\617da346.jpg,Boots,Shoes,89.99,A high-quality boots — shoes product with excellent build quality and modern design.,/abo-images-small (1)/images/small/61/617da346.jpg
D:\FYP Project\fypapp\abo-images-small (1)\images\small\0b\0b9e7ec0.jpg,Smartphone,Smartphones,699.99,A high-quality smartphone — smartphones product with excellent build quality and modern design.,/abo-images-small (1)/images/small/0b/0b9e7ec0.jpg
D:\FYP Project\fypapp\abo-images-small (1)\images\small\df\df60a46d.jpg,Running Shoes,Shoes,89.99,A high-quality running shoes — shoes product with excellent build quality and modern design.,/abo-images-small (1)/images/small/df/df60a46d.jpg
D:\FYP Project\fypapp\abo-images-small (1)\images\small\4d\4d7baca2.jpg,Casual Shoes,Shoes,89.99,A high-quality casual shoes — shoes product with excellent build quality and modern design.,/abo-images-small (1)/images/small/4d/4d7baca2.jpg
D:\FYP Project\fypapp\abo-images-small (1)\images\small\9a\9a51343d.jpg,Android Tablet,Tablets,449.99,A high-quality android tablet — tablets product with excellent build quality and modern design.,/abo-images-small (1)/images/small/9a/9a51343d.jpg
D:\FYP Project\fypapp\abo-images-small (1)\images\small\9b\9b01d729.jpg,Yoga Mat,Sports,34.99,A high-quality yoga mat — sports product with excellent build quality and modern design.,/abo-images-small (1)/images/small/9b/9b01d729.jpg
D:\FYP Project\fypapp\abo-images-small (1)\images\small\53\53c31c32.jpg,Running Shoes,Shoes,89.99,A high-quality running shoes — shoes product with excellent build quality and modern design.,/abo-images-small (1)/images/small/53/53c31c32.jpg
D:\FYP Project\fypapp\abo-images-small (1)\images\small\7d\7d57cc4c.jpg,Outdoor Equipment,Outdoors,149.99,A high-quality outdoor equipment — outdoors product with excellent build quality and modern design.,/abo-images-small (1)/images/small/7d/7d57cc4c.jpg
D:\FYP Project\fypapp\abo-images-small (1)\images\small\20\20c1ec37.jpg,Recliner,Chairs,199.99,A high-quality recliner — chairs product with excellent build quality and modern design.,/abo-images-small (1)/images/small/20/20c1ec37.jpg
D:\FYP Project\fypapp\abo-images-small (1)\images\small\7e\7ee36984.jpg,T-Shirt,Shirts,39.99,A high-quality t-shirt — shirts product with excellent build quality and modern design.,/abo-images-small (1)/images/small/7e/7ee36984.jpg
D:\FYP Project\fypapp\abo-images-small (1)\images\small\bd\bd9e30c1.jpg,Running Shoes,Shoes,89.99,A high-quality running shoes — shoes product with excellent build quality and modern design.,/abo-images-small (1)/images/small/bd/bd9e30c1.jpg
D:\FYP Project\fypapp\abo-images-small (1)\images\small\8a\8a714c84.jpg,Kitchen Appliance,Appliances,129.99,A high-quality kitchen appliance — appliances product with excellent build quality and modern design.,/abo-images-small (1)/images/small/8a/8a714c84.jpg
D:\FYP Project\fypapp\abo-images-small (1)\images\small\60\6046c3e1.jpg,Dining Chair,Chairs,199.99,A high-quality dining chair — chairs product with excellent build quality and modern design.,/abo-images-small (1)/images/small/60/6046c3e1.jpg
D:\FYP Project\fypapp\abo-images-small (1)\images\small\42\42704397.jpg,Android Phone,Smartphones,699.99,A high-quality android phone — smartphones product with excellent build quality and modern design.,/abo-images-small (1)/images/small/42/42704397.jpg
D:\FYP Project\fypapp\abo-images-small (1)\images\small\28\28c0ce91.jpg,Boots,Shoes,89.99,A high-quality boots — shoes product with excellent build quality and modern design.,/abo-images-small (1)/images/small/28/28c0ce91.jpg
D:\FYP Project\fypapp\abo-images-small (1)\images\small\ca\ca324d73.jpg,Yoga Mat,Sports,34.99,A high-quality yoga mat — sports product with excellent build quality and modern design.,/abo-images-small (1)/images/small/ca/ca324d73.jpg
D:\FYP Project\fypapp\abo-images-small (1)\images\small\1e\1e98f83b.jpg,Non-Stick Pan,Cookware,89.99,A high-quality non-stick pan — cookware product with excellent build quality and modern design.,/abo-images-small (1)/images/small/1e/1e98f83b.jpg
D:\FYP Project\fypapp\abo-images-small (1)\images\small\dc\dcc630ff.jpg,Fitness Equipment,Sports,34.99,A high-quality fitness equipment — sports product with excellent build quality and modern design.,/abo-images-small (1)/images/small/dc/dcc630ff.jpg
D:\FYP Project\fypapp\abo-images-small (1)\images\small\07\07f88775.jpg,iPhone,Smartphones,699.99,A high-quality iphone — smartphones product with excellent build quality and modern design.,/abo-images-small (1)/images/small/07/07f88775.jpg
D:\FYP Project\fypapp\abo-images-small (1)\images\small\f3\f372a3de.jpg,Dining Table,Tables,299.99,A high-quality dining table — tables product with excellent build quality and modern design.,/abo-images-small (1)/images/small/f3/f372a3de.jpg
D:\FYP Project\fypapp\abo-images-small (1)\images\small\ee\eedfb137.jpg,Mobile Phone,Smartphones,699.99,A high-quality mobile phone — smartphones product with excellent build quality and modern design.,/abo-images-small (1)/images/small/ee/eedfb137.jpg
D:\FYP Project\fypapp\abo-images-small (1)\images\small\c4\c44bdd6e.jpg,Smartphone,Smartphones,699.99,A high-quality smartphone — smartphones product with excellent build quality and modern design.,/abo-images-small (1)/images/small/c4/c44bdd6e.jpg
D:\FYP Project\fypapp\abo-images-small (1)\images\small\49\492921e1.jpg,Running Shoes,Shoes,89.99,A high-quality running shoes — shoes product with excellent build quality and modern design.,/abo-images-small (1)/images/small/49/492921e1.jpg
D:\FYP Project\fypapp\abo-images-small (1)\images\small\e1\e13d1d85.jpg,Android Phone,Smartphones,699.99,A high-quality android phone — smartphones product with excellent build quality and modern design.,/abo-images-small (1)/images/small/e1/e13d1d85.jpg
D:\FYP Project\fypapp\abo-images-small (1)\images\small\c0\c0cb62f8.jpg,Recliner,Chairs,199.99,A high-quality recliner — chairs product with excellent build quality and modern design.,/abo-images-small (1)/images/small/c0/c0cb62f8.jpg
D:\FYP Project\fypapp\abo-images-small (1)\images\small\49\49ff8eb9.jpg,Sofa,Sofas,799.99,A high-quality sofa — sofas product with excellent build quality and modern design.,/abo-images-small (1)/images/small/49/49ff8eb9.jpg
D:\FYP Project\fypapp\abo-images-small (1)\images\small\4d\4d227131.jpg,Ceramic Plates,Dinnerware,49.99,A high-quality ceramic plates — dinnerware product with excellent build quality and modern design.,/abo-images-small (1)/images/small/4d/4d227131.jpg
D:\FYP Project\fypapp\abo-images-small (1)\images\small\d8\d81c604c.jpg,iPhone,Smartphones,699.99,A high-quality iphone — smartphones product with excellent build quality and modern design.,/abo-images-small (1)/images/small/d8/d81c604c.jpg
D:\FYP Project\fypapp\abo-images-small (1)\images\small\01\01013f05.jpg,Mobile Phone,Smartphones,699.99,A high-quality mobile phone — smartphones product with excellent build quality and modern design.,/abo-images-small (1)/images/small/01/01013f05.jpg
D:\FYP Project\fypapp\abo-images-small (1)\images\small\e4\e4967685.jpg,Android Phone,Smartphones,699.99,A high-quality android phone — smartphones product with excellent build quality and modern design.,/abo-images-small (1)/images/small/e4/e4967685.jpg
D:\FYP Project\fypapp\abo-images-small (1)\images\small\31\31145479.jpg,Earphones,Headphones,149.99,A high-quality earphones — headphones product with excellent build quality and modern design.,/abo-images-small (1)/images/small/31/31145479.jpg
D:\FYP Project\fypapp\abo-images-small (1)\images\small\2b\2b71440d.jpg,Sneakers,Shoes,89.99,A high-quality sneakers — shoes product with excellent build quality and modern design.,/abo-images-small (1)/images/small/2b/2b71440d.jpg
D:\FYP Project\fypapp\abo-images-small (1)\images\small\c8\c833f71f.jpg,Mobile Phone,Smartphones,699.99,A high-quality mobile phone — smartphones product with excellent build quality and modern design.,/abo-images-small (1)/images/small/c8/c833f71f.jpg
D:\FYP Project\fypapp\abo-images-small (1)\images\small\cb\cbd38712.jpg,Android Phone,Smartphones,699.99,A high-quality android phone — smartphones product with excellent build quality and modern design.,/abo-images-small (1)/images/small/cb/cbd38712.jpg
D:\FYP Project\fypapp\abo-images-small (1)\images\small\3c\3c3bdca1.jpg,iPhone,Smartphones,699.99,A high-quality iphone — smartphones product with excellent build quality and modern design.,/abo-images-small (1)/images/small/3c/3c3bdca1.jpg
D:\FYP Project\fypapp\abo-images-small (1)\images\small\24\244dcf4b.jpg,Sneakers,Shoes,89.99,A high-quality sneakers — shoes product with excellent build quality and modern design.,/abo-images-small (1)/images/small/24/244dcf4b.jpg
D:\FYP Project\fypapp\abo-images-small (1)\images\small\d5\d5921a3a.jpg,Mobile Phone,Smartphones,699.99,A high-quality mobile phone — smartphones product with excellent build quality and modern design.,/abo-images-small (1)/images/small/d5/d5921a3a.jpg
D:\FYP Project\fypapp\abo-images-small (1)\images\small\2c\2c576428.jpg,Fitness Equipment,Sports,34.99,A high-quality fitness equipment — sports product with excellent build quality and modern design.,/abo-images-small (1)/images/small/2c/2c576428.jpg
D:\FYP Project\fypapp\abo-images-small (1)\images\small\05\05991f27.jpg,Desk,Tables,299.99,A high-quality desk — tables product with excellent build quality and modern design.,/abo-images-small (1)/images/small/05/05991f27.jpg
D:\FYP Project\fypapp\abo-images-small (1)\images\small\7b\7bc5733c.jpg,Kitchen Appliance,Appliances,129.99,A high-quality kitchen appliance — appliances product with excellent build quality and modern design.,/abo-images-small (1)/images/small/7b/7bc5733c.jpg
D:\FYP Project\fypapp\abo-images-small (1)\images\small\f5\f59efbbd.jpg,Ceramic Plates,Dinnerware,49.99,A high-quality ceramic plates — dinnerware product with excellent build quality and modern design.,/abo-images-small (1)/images/small/f5/f59efbbd.jpg
D:\FYP Project\fypapp\abo-images-small (1)\images\small\6f\6f5e78bd.jpg,Android Phone,Smartphones,699.99,A high-quality android phone — smartphones product with excellent build quality and modern design.,/abo-images-small (1)/images/small/6f/6f5e78bd.jpg
D:\FYP Project\fypapp\abo-images-small (1)\images\small\05\05f2f717.jpg,Exercise Gear,Sports,34.99,A high-quality exercise gear — sports product with excellent build quality and modern design.,/abo-images-small (1)/images/small/05/05f2f717.jpg
D:\FYP Project\fypapp\abo-images-small (1)\images\small\3c\3c29f61c.jpg,Dining Table,Tables,299.99,A high-quality dining table — tables product with excellent build quality and modern design.,/abo-images-small (1)/images/small/3c/3c29f61c.jpg
D:\FYP Project\fypapp\abo-images-small (1)\images\small\5c\5c56ade5.jpg,Mobile Phone,Smartphones,699.99,A high-quality mobile phone — smartphones product with excellent build quality and modern design.,/abo-images-small (1)/images/small/5c/5c56ade5.jpg
D:\FYP Project\fypapp\abo-images-small (1)\images\small\11\11faa9eb.jpg,Blender,Appliances,129.99,A high-quality blender — appliances product with excellent build quality and modern design.,/abo-images-small (1)/images/small/11/11faa9eb.jpg
D:\FYP Project\fypapp\abo-images-small (1)\images\small\2a\2a3fea2b.jpg,Boots,Shoes,89.99,A high-quality boots — shoes product with excellent build quality and modern design.,/abo-images-small (1)/images/small/2a/2a3fea2b.jpg
D:\FYP Project\fypapp\abo-images-small (1)\images\small\92\92bde0e7.jpg,Tablet,Tablets,449.99,A high-quality tablet — tablets product with excellent build quality and modern design.,/abo-images-small (1)/images/small/92/92bde0e7.jpg
D:\FYP Project\fypapp\abo-images-small (1)\images\small\b7\b70a7ed4.jpg,Mobile Phone,Smartphones,699.99,A high-quality mobile phone — smartphones product with excellent build quality and modern design.,/abo-images-small (1)/images/small/b7/b70a7ed4.jpg
D:\FYP Project\fypapp\abo-images-small (1)\images\small\25\259bd1af.jpg,Over-Ear Headphones,Headphones,149.99,A high-quality over-ear headphones — headphones product with excellent build quality and modern design.,/abo-images-small (1)/images/small/25/259bd1af.jpg
D:\FYP Project\fypapp\abo-images-small (1)\images\small\f9\f978182c.jpg,Boots,Shoes,89.99,A high-quality boots — shoes product with excellent build quality and modern design.,/abo-images-small (1)/images/small/f9/f978182c.jpg
D:\FYP Project\fypapp\abo-images-small (1)\images\small\a5\a5eef058.jpg,Yoga Mat,Sports,34.99,A high-quality yoga mat — sports product with excellent build quality and modern design.,/abo-images-small (1)/images/small/a5/a5eef058.jpg
D:\FYP Project\fypapp\abo-images-small (1)\images\small\9c\9c1166ff.jpg,Running Shoes,Shoes,89.99,A high-quality running shoes — shoes product with excellent build quality and modern design.,/abo-images-small (1)/images/small/9c/9c1166ff.jpg
D:\FYP Project\fypapp\abo-images-small (1)\images\small\f9\f9e569bc.jpg,Android Phone,Smartphones,699.99,A high-quality android phone — smartphones product with excellent build quality and modern design.,/abo-images-small (1)/images/small/f9/f9e569bc.jpg
D:\FYP Project\fypapp\abo-images-small (1)\images\small\b3\b3777b12.jpg,Platform Bed,Beds,499.99,A high-quality platform bed — beds product with excellent build quality and modern design.,/abo-images-small (1)/images/small/b3/b3777b12.jpg
D:\FYP Project\fypapp\abo-images-small (1)\images\small\9d\9d365977.jpg,Running Shoes,Shoes,89.99,A high-quality running shoes — shoes product with excellent build quality and modern design.,/abo-images-small (1)/images/small/9d/9d365977.jpg
D:\FYP Project\fypapp\abo-images-small (1)\images\small\b0\b005c0a8.jpg,Blender,Appliances,129.99,A high-quality blender — appliances product with excellent build quality and modern design.,/abo-images-small (1)/images/small/b0/b005c0a8.jpg
D:\FYP Project\fypapp\abo-images-small (1)\images\small\4e\4ee60f23.jpg,iPhone,Smartphones,699.99,A high-quality iphone — smartphones product with excellent build quality and modern design.,/abo-images-small (1)/images/small/4e/4ee60f23.jpg
D:\FYP Project\fypapp\abo-images-small (1)\images\small\fc\fc752b23.jpg,Kitchen Appliance,Appliances,129.99,A high-quality kitchen appliance — appliances product with excellent build quality and modern design.,/abo-images-small (1)/images/small/fc/fc752b23.jpg
D:\FYP Project\fypapp\abo-images-small (1)\images\small\b5\b5e70b44.jpg,Mobile Phone,Smartphones,699.99,A high-quality mobile phone — smartphones product with excellent build quality and modern design.,/abo-images-small (1)/images/small/b5/b5e70b44.jpg
D:\FYP Project\fypapp\abo-images-small (1)\images\small\df\dfd86946.jpg,Cooking Pot,Cookware,89.99,A high-quality cooking pot — cookware product with excellent build quality and modern design.,/abo-images-small (1)/images/small/df/dfd86946.jpg
D:\FYP Project\fypapp\abo-images-small (1)\images\small\14\147af08b.jpg,Coffee Table,Tables,299.99,A high-quality coffee table — tables product with excellent build quality and modern design.,/abo-images-small (1)/images/small/14/147af08b.jpg
D:\FYP Project\fypapp\abo-images-small (1)\images\small\a6\a6a97156.jpg,Android Phone,Smartphones,699.99,A high-quality android phone — smartphones product with excellent build quality and modern design.,/abo-images-small (1)/images/small/a6/a6a97156.jpg
D:\FYP Project\fypapp\abo-images-small (1)\images\small\8c\8c0c9e1f.jpg,iPhone,Smartphones,699.99,A high-quality iphone — smartphones product with excellent build quality and modern design.,/abo-images-small (1)/images/small/8c/8c0c9e1f.jpg
D:\FYP Project\fypapp\abo-images-small (1)\images\small\94\94ddde9c.jpg,Cookware Set,Cookware,89.99,A high-quality cookware set — cookware product with excellent build quality and modern design.,/abo-images-small (1)/images/small/94/94ddde9c.jpg
D:\FYP Project\fypapp\abo-images-small (1)\images\small\23\23a4eeaf.jpg,Mobile Phone,Smartphones,699.99,A high-quality mobile phone — smartphones product with excellent build quality and modern design.,/abo-images-small (1)/images/small/23/23a4eeaf.jpg
D:\FYP Project\fypapp\abo-images-small (1)\images\small\aa\aaf7832d.jpg,Android Phone,Smartphones,699.99,A high-quality android phone — smartphones product with excellent build quality and modern design.,/abo-images-small (1)/images/small/aa/aaf7832d.jpg
D:\FYP Project\fypapp\abo-images-small (1)\images\small\9a\9a5513a0.jpg,iPhone,Smartphones,699.99,A high-quality iphone — smartphones product with excellent build quality and modern design.,/abo-images-small (1)/images/small/9a/9a5513a0.jpg
D:\FYP Project\fypapp\abo-images-small (1)\images\small\18\18ebc76a.jpg,Kitchen Appliance,Appliances,129.99,A high-quality kitchen appliance — appliances product with excellent build quality and modern design.,/abo-images-small (1)/images/small/18/18ebc76a.jpg
D:\FYP Project\fypapp\abo-images-small (1)\images\small\1b\1b7a1234.jpg,Non-Stick Pan,Cookware,89.99,A high-quality non-stick pan — cookware product with excellent build quality and modern design.,/abo-images-small (1)/images/small/1b/1b7a1234.jpg
D:\FYP Project\fypapp\abo-images-small (1)\images\small\6e\6eb07f1a.jpg,Android Phone,Smartphones,699.99,A high-quality android phone — smartphones product with excellent build quality and modern design.,/abo-images-small (1)/images/small/6e/6eb07f1a.jpg
D:\FYP Project\fypapp\abo-images-small (1)\images\small\31\31eecfc2.jpg,iPhone,Smartphones,699.99,A high-quality iphone — smartphones product with excellent build quality and modern design.,/abo-images-small (1)/images/small/31/31eecfc2.jpg
D:\FYP Project\fypapp\abo-images-small (1)\images\small\16\161f5583.jpg,Smartphone,Smartphones,699.99,A high-quality smartphone — smartphones product with excellent build quality and modern design.,/abo-images-small (1)/images/small/16/161f5583.jpg
D:\FYP Project\fypapp\abo-images-small (1)\images\small\2a\2a04687f.jpg,Mobile Phone,Smartphones,699.99,A high-quality mobile phone — smartphones product with excellent build quality and modern design.,/abo-images-small (1)/images/small/2a/2a04687f.jpg
D:\FYP Project\fypapp\abo-images-small (1)\images\small\5f\5fdc825f.jpg,Android Phone,Smartphones,699.99,A high-quality android phone — smartphones product with excellent build quality and modern design.,/abo-images-small (1)/images/small/5f/5fdc825f.jpg
D:\FYP Project\fypapp\abo-images-small (1)\images\small\be\bebbb2c5.jpg,iPhone,Smartphones,699.99,A high-quality iphone — smartphones product with excellent build quality and modern design.,/abo-images-small (1)/images/small/be/bebbb2c5.jpg
D:\FYP Project\fypapp\abo-images-small (1)\images\small\6f\6f99b038.jpg,Smartphone,Smartphones,699.99,A high-quality smartphone — smartphones product with excellent build quality and modern design.,/abo-images-small (1)/images/small/6f/6f99b038.jpg
D:\FYP Project\fypapp\abo-images-small (1)\images\small\84\84582047.jpg,Notebook PC,Laptops,899.99,A high-quality notebook pc — laptops product with excellent build quality and modern design.,/abo-images-small (1)/images/small/84/84582047.jpg
D:\FYP Project\fypapp\abo-images-small (1)\images\small\b8\b8b964de.jpg,Android Phone,Smartphones,699.99,A high-quality android phone — smartphones product with excellent build quality and modern design.,/abo-images-small (1)/images/small/b8/b8b964de.jpg
D:\FYP Project\fypapp\abo-images-small (1)\images\small\66\666367dd.jpg,Action Camera,Cameras,549.99,A high-quality action camera — cameras product with excellent build quality and modern design.,/abo-images-small (1)/images/small/66/666367dd.jpg
D:\FYP Project\fypapp\abo-images-small (1)\images\small\b0\b08f1a38.jpg,Mobile Phone,Smartphones,699.99,A high-quality mobile phone — smartphones product with excellent build quality and modern design.,/abo-images-small (1)/images/small/b0/b08f1a38.jpg
D:\FYP Project\fypapp\abo-images-small (1)\images\small\95\95ec310c.jpg,Digital Tablet,Tablets,449.99,A high-quality digital tablet — tablets product with excellent build quality and modern design.,/abo-images-small (1)/images/small/95/95ec310c.jpg
D:\FYP Project\fypapp\abo-images-small (1)\images\small\d7\d782c9fa.jpg,Desk,Tables,299.99,A high-quality desk — tables product with excellent build quality and modern design.,/abo-images-small (1)/images/small/d7/d782c9fa.jpg
D:\FYP Project\fypapp\abo-images-small (1)\images\small\e0\e0f16648.jpg,Yoga Mat,Sports,34.99,A high-quality yoga mat — sports product with excellent build quality and modern design.,/abo-images-small (1)/images/small/e0/e0f16648.jpg
D:\FYP Project\fypapp\abo-images-small (1)\images\small\bf\bffc0088.jpg,Couch,Sofas,799.99,A high-quality couch — sofas product with excellent build quality and modern design.,/abo-images-small (1)/images/small/bf/bffc0088.jpg
D:\FYP Project\fypapp\abo-images-small (1)\images\small\4c\4cab1b64.jpg,Android Phone,Smartphones,699.99,A high-quality android phone — smartphones product with excellent build quality and modern design.,/abo-images-small (1)/images/small/4c/4cab1b64.jpg
D:\FYP Project\fypapp\abo-images-small (1)\images\small\95\95df81be.jpg,Coffee Maker,Appliances,129.99,A high-quality coffee maker — appliances product with excellent build quality and modern design.,/abo-images-small (1)/images/small/95/95df81be.jpg
D:\FYP Project\fypapp\abo-images-small (1)\images\small\9d\9d31b4c4.jpg,Sneakers,Shoes,89.99,A high-quality sneakers — shoes product with excellent build quality and modern design.,/abo-images-small (1)/images/small/9d/9d31b4c4.jpg
D:\FYP Project\fypapp\abo-images-small (1)\images\small\51\5145b71a.jpg,Running Shoes,Shoes,89.99,A high-quality running shoes — shoes product with excellent build quality and modern design.,/abo-images-small (1)/images/small/51/5145b71a.jpg
D:\FYP Project\fypapp\abo-images-small (1)\images\small\90\90090700.jpg,Blender,Appliances,129.99,A high-quality blender — appliances product with excellent build quality and modern design.,/abo-images-small (1)/images/small/90/90090700.jpg
D:\FYP Project\fypapp\abo-images-small (1)\images\small\75\75436141.jpg,Loveseat,Sofas,799.99,A high-quality loveseat — sofas product with excellent build quality and modern design.,/abo-images-small (1)/images/small/75/75436141.jpg
D:\FYP Project\fypapp\abo-images-small (1)\images\small\9d\9d89b963.jpg,Cookware Set,Cookware,89.99,A high-quality cookware set — cookware product with excellent build quality and modern design.,/abo-images-small (1)/images/small/9d/9d89b963.jpg
D:\FYP Project\fypapp\abo-images-small (1)\images\small\90\90f74aec.jpg,Digital Tablet,Tablets,449.99,A high-quality digital tablet — tablets product with excellent build quality and modern design.,/abo-images-small (1)/images/small/90/90f74aec.jpg
D:\FYP Project\fypapp\abo-images-small (1)\images\small\1f\1fa90474.jpg,Platform Bed,Beds,499.99,A high-quality platform bed — beds product with excellent build quality and modern design.,/abo-images-small (1)/images/small/1f/1fa90474.jpg
D:\FYP Project\fypapp\abo-images-small (1)\images\small\6c\6c038d96.jpg,Dinnerware Set,Dinnerware,49.99,A high-quality dinnerware set — dinnerware product with excellent build quality and modern design.,/abo-images-small (1)/images/small/6c/6c038d96.jpg
D:\FYP Project\fypapp\abo-images-small (1)\images\small\95\95064a11.jpg,Couch,Sofas,799.99,A high-quality couch — sofas product with excellent build quality and modern design.,/abo-images-small (1)/images/small/95/95064a11.jpg
D:\FYP Project\fypapp\abo-images-small (1)\images\small\58\58fd31c2.jpg,Earphones,Headphones,149.99,A high-quality earphones — headphones product with excellent build quality and modern design.,/abo-images-small (1)/images/small/58/58fd31c2.jpg
D:\FYP Project\fypapp\abo-images-small (1)\images\small\81\81d91aab.jpg,Smartphone,Smartphones,699.99,A high-quality smartphone — smartphones product with excellent build quality and modern design.,/abo-images-small (1)/images/small/81/81d91aab.jpg
D:\FYP Project\fypapp\abo-images-small (1)\images\small\34\345e110b.jpg,Mobile Phone,Smartphones,699.99,A high-quality mobile phone — smartphones product with excellent build quality and modern design.,/abo-images-small (1)/images/small/34/345e110b.jpg
D:\FYP Project\fypapp\abo-images-small (1)\images\small\a5\a560a08c.jpg,Polo Shirt,Shirts,39.99,A high-quality polo shirt — shirts product with excellent build quality and modern design.,/abo-images-small (1)/images/small/a5/a560a08c.jpg
D:\FYP Project\fypapp\abo-images-small (1)\images\small\16\16ca8e9d.jpg,Loveseat,Sofas,799.99,A high-quality loveseat — sofas product with excellent build quality and modern design.,/abo-images-small (1)/images/small/16/16ca8e9d.jpg
D:\FYP Project\fypapp\abo-images-small (1)\images\small\d5\d5273b68.jpg,Smartphone,Smartphones,699.99,A high-quality smartphone — smartphones product with excellent build quality and modern design.,/abo-images-small (1)/images/small/d5/d5273b68.jpg
D:\FYP Project\fypapp\abo-images-small (1)\images\small\d2\d2e3504e.jpg,Accent Chair,Chairs,199.99,A high-quality accent chair — chairs product with excellent build quality and modern design.,/abo-images-small (1)/images/small/d2/d2e3504e.jpg
D:\FYP Project\fypapp\abo-images-small (1)\images\small\96\96288413.jpg,Boots,Shoes,89.99,A high-quality boots — shoes product with excellent build quality and modern design.,/abo-images-small (1)/images/small/96/96288413.jpg
D:\FYP Project\fypapp\abo-images-small (1)\images\small\20\201524cc.jpg,Dinnerware Set,Dinnerware,49.99,A high-quality dinnerware set — dinnerware product with excellent build quality and modern design.,/abo-images-small (1)/images/small/20/201524cc.jpg
D:\FYP Project\fypapp\abo-images-small (1)\images\small\80\80e91b57.jpg,Non-Stick Pan,Cookware,89.99,A high-quality non-stick pan — cookware product with excellent build quality and modern design.,/abo-images-small (1)/images/small/80/80e91b57.jpg
D:\FYP Project\fypapp\abo-images-small (1)\images\small\2b\2b858721.jpg,Android Phone,Smartphones,699.99,A high-quality android phone — smartphones product with excellent build quality and modern design.,/abo-images-small (1)/images/small/2b/2b858721.jpg
D:\FYP Project\fypapp\abo-images-small (1)\images\small\c1\c1b425ed.jpg,Mug Set,Dinnerware,49.99,A high-quality mug set — dinnerware product with excellent build quality and modern design.,/abo-images-small (1)/images/small/c1/c1b425ed.jpg
D:\FYP Project\fypapp\abo-images-small (1)\images\small\28\28c3e2ce.jpg,iPhone,Smartphones,699.99,A high-quality iphone — smartphones product with excellent build quality and modern design.,/abo-images-small (1)/images/small/28/28c3e2ce.jpg
D:\FYP Project\fypapp\abo-images-small (1)\images\small\d0\d0f4d440.jpg,Cookware Set,Cookware,89.99,A high-quality cookware set — cookware product with excellent build quality and modern design.,/abo-images-small (1)/images/small/d0/d0f4d440.jpg
D:\FYP Project\fypapp\abo-images-small (1)\images\small\7a\7a82820e.jpg,Coffee Table,Tables,299.99,A high-quality coffee table — tables product with excellent build quality and modern design.,/abo-images-small (1)/images/small/7a/7a82820e.jpg
D:\FYP Project\fypapp\abo-images-small (1)\images\small\11\1197dec2.jpg,Coffee Maker,Appliances,129.99,A high-quality coffee maker — appliances product with excellent build quality and modern design.,/abo-images-small (1)/images/small/11/1197dec2.jpg
D:\FYP Project\fypapp\abo-images-small (1)\images\small\ce\ce04fa68.jpg,Office Chair,Chairs,199.99,A high-quality office chair — chairs product with excellent build quality and modern design.,/abo-images-small (1)/images/small/ce/ce04fa68.jpg
D:\FYP Project\fypapp\abo-images-small (1)\images\small\6b\6bfdd7d2.jpg,Resistance Bands,Sports,34.99,A high-quality resistance bands — sports product with excellent build quality and modern design.,/abo-images-small (1)/images/small/6b/6bfdd7d2.jpg
D:\FYP Project\fypapp\abo-images-small (1)\images\small\7a\7a060357.jpg,Casual Shoes,Shoes,89.99,A high-quality casual shoes — shoes product with excellent build quality and modern design.,/abo-images-small (1)/images/small/7a/7a060357.jpg
D:\FYP Project\fypapp\abo-images-small (1)\images\small\ef\efb17fc2.jpg,Earphones,Headphones,149.99,A high-quality earphones — headphones product with excellent build quality and modern design.,/abo-images-small (1)/images/small/ef/efb17fc2.jpg
D:\FYP Project\fypapp\abo-images-small (1)\images\small\b1\b116c321.jpg,Yoga Mat,Sports,34.99,A high-quality yoga mat — sports product with excellent build quality and modern design.,/abo-images-small (1)/images/small/b1/b116c321.jpg
D:\FYP Project\fypapp\abo-images-small (1)\images\small\4b\4bd19c1d.jpg,Running Shoes,Shoes,89.99,A high-quality running shoes — shoes product with excellent build quality and modern design.,/abo-images-small (1)/images/small/4b/4bd19c1d.jpg
D:\FYP Project\fypapp\abo-images-small (1)\images\small\36\36456ee2.jpg,Android Phone,Smartphones,699.99,A high-quality android phone — smartphones product with excellent build quality and modern design.,/abo-images-small (1)/images/small/36/36456ee2.jpg
D:\FYP Project\fypapp\abo-images-small (1)\images\small\a8\a8207a6f.jpg,Boots,Shoes,89.99,A high-quality boots — shoes product with excellent build quality and modern design.,/abo-images-small (1)/images/small/a8/a8207a6f.jpg
D:\FYP Project\fypapp\abo-images-small (1)\images\small\50\50171a9a.jpg,Office Chair,Chairs,199.99,A high-quality office chair — chairs product with excellent build quality and modern design.,/abo-images-small (1)/images/small/50/50171a9a.jpg
D:\FYP Project\fypapp\abo-images-small (1)\images\small\23\23bde87c.jpg,Running Shoes,Shoes,89.99,A high-quality running shoes — shoes product with excellent build quality and modern design.,/abo-images-small (1)/images/small/23/23bde87c.jpg
D:\FYP Project\fypapp\abo-images-small (1)\images\small\79\795ff682.jpg,Android Phone,Smartphones,699.99,A high-quality android phone — smartphones product with excellent build quality and modern design.,/abo-images-small (1)/images/small/79/795ff682.jpg
D:\FYP Project\fypapp\abo-images-small (1)\images\small\c1\c1a1394c.jpg,Exercise Gear,Sports,34.99,A high-quality exercise gear — sports product with excellent build quality and modern design.,/abo-images-small (1)/images/small/c1/c1a1394c.jpg
D:\FYP Project\fypapp\abo-images-small (1)\images\small\7e\7ef6d3f1.jpg,Dress,Dresses,59.99,A high-quality dress — dresses product with excellent build quality and modern design.,/abo-images-small (1)/images/small/7e/7ef6d3f1.jpg
D:\FYP Project\fypapp\abo-images-small (1)\images\small\26\263038c4.jpg,Running Shoes,Shoes,89.99,A high-quality running shoes — shoes product with excellent build quality and modern design.,/abo-images-small (1)/images/small/26/263038c4.jpg
D:\FYP Project\fypapp\abo-images-small (1)\images\small\eb\eba67938.jpg,Android Phone,Smartphones,699.99,A high-quality android phone — smartphones product with excellent build quality and modern design.,/abo-images-small (1)/images/small/eb/eba67938.jpg
D:\FYP Project\fypapp\abo-images-small (1)\images\small\50\50a0aa62.jpg,iPhone,Smartphones,699.99,A high-quality iphone — smartphones product with excellent build quality and modern design.,/abo-images-small (1)/images/small/50/50a0aa62.jpg
D:\FYP Project\fypapp\abo-images-small (1)\images\small\95\95ac552e.jpg,Jacket,Jackets,119.99,A high-quality jacket — jackets product with excellent build quality and modern design.,/abo-images-small (1)/images/small/95/95ac552e.jpg
D:\FYP Project\fypapp\abo-images-small (1)\images\small\c1\c1d83b6b.jpg,Winter Coat,Jackets,119.99,A high-quality winter coat — jackets product with excellent build quality and modern design.,/abo-images-small (1)/images/small/c1/c1d83b6b.jpg
D:\FYP Project\fypapp\abo-images-small (1)\images\small\09\09740d9c.jpg,Sectional Sofa,Sofas,799.99,A high-quality sectional sofa — sofas product with excellent build quality and modern design.,/abo-images-small (1)/images/small/09/09740d9c.jpg
D:\FYP Project\fypapp\abo-images-small (1)\images\small\5d\5d020fbc.jpg,Desk,Tables,299.99,A high-quality desk — tables product with excellent build quality and modern design.,/abo-images-small (1)/images/small/5d/5d020fbc.jpg
D:\FYP Project\fypapp\abo-images-small (1)\images\small\cf\cf147f70.jpg,Smartphone,Smartphones,699.99,A high-quality smartphone — smartphones product with excellent build quality and modern design.,/abo-images-small (1)/images/small/cf/cf147f70.jpg
D:\FYP Project\fypapp\abo-images-small (1)\images\small\3e\3e322269.jpg,Mobile Phone,Smartphones,699.99,A high-quality mobile phone — smartphones product with excellent build quality and modern design.,/abo-images-small (1)/images/small/3e/3e322269.jpg
D:\FYP Project\fypapp\abo-images-small (1)\images\small\5f\5f4dce54.jpg,Android Phone,Smartphones,699.99,A high-quality android phone — smartphones product with excellent build quality and modern design.,/abo-images-small (1)/images/small/5f/5f4dce54.jpg
D:\FYP Project\fypapp\abo-images-small (1)\images\small\6b\6b067105.jpg,Loveseat,Sofas,799.99,A high-quality loveseat — sofas product with excellent build quality and modern design.,/abo-images-small (1)/images/small/6b/6b067105.jpg
D:\FYP Project\fypapp\abo-images-small (1)\images\small\75\756f5c02.jpg,Kitchen Appliance,Appliances,129.99,A high-quality kitchen appliance — appliances product with excellent build quality and modern design.,/abo-images-small (1)/images/small/75/756f5c02.jpg
D:\FYP Project\fypapp\abo-images-small (1)\images\small\79\79b7a648.jpg,Couch,Sofas,799.99,A high-quality couch — sofas product with excellent build quality and modern design.,/abo-images-small (1)/images/small/79/79b7a648.jpg
D:\FYP Project\fypapp\abo-images-small (1)\images\small\02\024ffb3e.jpg,Casual Shoes,Shoes,89.99,A high-quality casual shoes — shoes product with excellent build quality and modern design.,/abo-images-small (1)/images/small/02/024ffb3e.jpg
D:\FYP Project\fypapp\abo-images-small (1)\images\small\d5\d53882e1.jpg,Coffee Maker,Appliances,129.99,A high-quality coffee maker — appliances product with excellent build quality and modern design.,/abo-images-small (1)/images/small/d5/d53882e1.jpg
D:\FYP Project\fypapp\abo-images-small (1)\images\small\30\3069d353.jpg,Smartphone,Smartphones,699.99,A high-quality smartphone — smartphones product with excellent build quality and modern design.,/abo-images-small (1)/images/small/30/3069d353.jpg
D:\FYP Project\fypapp\abo-images-small (1)\images\small\8b\8b905f5b.jpg,Winter Coat,Jackets,119.99,A high-quality winter coat — jackets product with excellent build quality and modern design.,/abo-images-small (1)/images/small/8b/8b905f5b.jpg
D:\FYP Project\fypapp\abo-images-small (1)\images\small\17\1787d521.jpg,Fitness Equipment,Sports,34.99,A high-quality fitness equipment — sports product with excellent build quality and modern design.,/abo-images-small (1)/images/small/17/1787d521.jpg
D:\FYP Project\fypapp\abo-images-small (1)\images\small\2f\2fe6164d.jpg,Loveseat,Sofas,799.99,A high-quality loveseat — sofas product with excellent build quality and modern design.,/abo-images-small (1)/images/small/2f/2fe6164d.jpg
D:\FYP Project\fypapp\abo-images-small (1)\images\small\1e\1ea1d658.jpg,Mobile Phone,Smartphones,699.99,A high-quality mobile phone — smartphones product with excellent build quality and modern design.,/abo-images-small (1)/images/small/1e/1ea1d658.jpg
D:\FYP Project\fypapp\abo-images-small (1)\images\small\b8\b8b486f1.jpg,Sectional Sofa,Sofas,799.99,A high-quality sectional sofa — sofas product with excellent build quality and modern design.,/abo-images-small (1)/images/small/b8/b8b486f1.jpg
D:\FYP Project\fypapp\abo-images-small (1)\images\small\4c\4cbfb8fe.jpg,Recliner,Chairs,199.99,A high-quality recliner — chairs product with excellent build quality and modern design.,/abo-images-small (1)/images/small/4c/4cbfb8fe.jpg
D:\FYP Project\fypapp\abo-images-small (1)\images\small\82\82674809.jpg,Yoga Mat,Sports,34.99,A high-quality yoga mat — sports product with excellent build quality and modern design.,/abo-images-small (1)/images/small/82/82674809.jpg
D:\FYP Project\fypapp\abo-images-small (1)\images\small\92\9273772d.jpg,Mobile Phone,Smartphones,699.99,A high-quality mobile phone — smartphones product with excellent build quality and modern design.,/abo-images-small (1)/images/small/92/9273772d.jpg
D:\FYP Project\fypapp\abo-images-small (1)\images\small\c4\c4982a86.jpg,Android Phone,Smartphones,699.99,A high-quality android phone — smartphones product with excellent build quality and modern design.,/abo-images-small (1)/images/small/c4/c4982a86.jpg
D:\FYP Project\fypapp\abo-images-small (1)\images\small\75\75e543d6.jpg,Backpack,Outdoors,149.99,A high-quality backpack — outdoors product with excellent build quality and modern design.,/abo-images-small (1)/images/small/75/75e543d6.jpg
D:\FYP Project\fypapp\abo-images-small (1)\images\small\f1\f1c6842e.jpg,Sneakers,Shoes,89.99,A high-quality sneakers — shoes product with excellent build quality and modern design.,/abo-images-small (1)/images/small/f1/f1c6842e.jpg
D:\FYP Project\fypapp\abo-images-small (1)\images\small\7f\7fb4557f.jpg,Mobile Phone,Smartphones,699.99,A high-quality mobile phone — smartphones product with excellent build quality and modern design.,/abo-images-small (1)/images/small/7f/7fb4557f.jpg
D:\FYP Project\fypapp\abo-images-small (1)\images\small\cf\cf0ec7b1.jpg,iPhone,Smartphones,699.99,A high-quality iphone — smartphones product with excellent build quality and modern design.,/abo-images-small (1)/images/small/cf/cf0ec7b1.jpg
D:\FYP Project\fypapp\abo-images-small (1)\images\small\1c\1ced6bc7.jpg,Office Chair,Chairs,199.99,A high-quality office chair — chairs product with excellent build quality and modern design.,/abo-images-small (1)/images/small/1c/1ced6bc7.jpg
D:\FYP Project\fypapp\abo-images-small (1)\images\small\12\12110c3a.jpg,Mobile Phone,Smartphones,699.99,A high-quality mobile phone — smartphones product with excellent build quality and modern design.,/abo-images-small (1)/images/small/12/12110c3a.jpg
D:\FYP Project\fypapp\abo-images-small (1)\images\small\c1\c19ab1f0.jpg,Fitness Equipment,Sports,34.99,A high-quality fitness equipment — sports product with excellent build quality and modern design.,/abo-images-small (1)/images/small/c1/c19ab1f0.jpg
D:\FYP Project\fypapp\abo-images-small (1)\images\small\10\109722f1.jpg,iPhone,Smartphones,699.99,A high-quality iphone — smartphones product with excellent build quality and modern design.,/abo-images-small (1)/images/small/10/109722f1.jpg
D:\FYP Project\fypapp\abo-images-small (1)\images\small\1b\1bed684f.jpg,Smartphone,Smartphones,699.99,A high-quality smartphone — smartphones product with excellent build quality and modern design.,/abo-images-small (1)/images/small/1b/1bed684f.jpg
D:\FYP Project\fypapp\abo-images-small (1)\images\small\5e\5edc51c8.jpg,Coffee Table,Tables,299.99,A high-quality coffee table — tables product with excellent build quality and modern design.,/abo-images-small (1)/images/small/5e/5edc51c8.jpg
D:\FYP Project\fypapp\abo-images-small (1)\images\small\9a\9a1df07a.jpg,Polo Shirt,Shirts,39.99,A high-quality polo shirt — shirts product with excellent build quality and modern design.,/abo-images-small (1)/images/small/9a/9a1df07a.jpg
D:\FYP Project\fypapp\abo-images-small (1)\images\small\93\93b4ab63.jpg,Casual Top,Shirts,39.99,A high-quality casual top — shirts product with excellent build quality and modern design.,/abo-images-small (1)/images/small/93/93b4ab63.jpg
D:\FYP Project\fypapp\abo-images-small (1)\images\small\d3\d38c82f0.jpg,Couch,Sofas,799.99,A high-quality couch — sofas product with excellent build quality and modern design.,/abo-images-small (1)/images/small/d3/d38c82f0.jpg
D:\FYP Project\fypapp\abo-images-small (1)\images\small\5f\5f4ca03d.jpg,Backpack,Outdoors,149.99,A high-quality backpack — outdoors product with excellent build quality and modern design.,/abo-images-small (1)/images/small/5f/5f4ca03d.jpg
D:\FYP Project\fypapp\abo-images-small (1)\images\small\4c\4cec2c3b.jpg,Sneakers,Shoes,89.99,A high-quality sneakers — shoes product with excellent build quality and modern design.,/abo-images-small (1)/images/small/4c/4cec2c3b.jpg
D:\FYP Project\fypapp\abo-images-small (1)\images\small\b3\b32380f3.jpg,Mobile Phone,Smartphones,699.99,A high-quality mobile phone — smartphones product with excellent build quality and modern design.,/abo-images-small (1)/images/small/b3/b32380f3.jpg
D:\FYP Project\fypapp\abo-images-small (1)\images\small\d1\d156bcff.jpg,Windbreaker,Jackets,119.99,A high-quality windbreaker — jackets product with excellent build quality and modern design.,/abo-images-small (1)/images/small/d1/d156bcff.jpg
D:\FYP Project\fypapp\abo-images-small (1)\images\small\e7\e7842bfc.jpg,Smartphone,Smartphones,699.99,A high-quality smartphone — smartphones product with excellent build quality and modern design.,/abo-images-small (1)/images/small/e7/e7842bfc.jpg
D:\FYP Project\fypapp\abo-images-small (1)\images\small\24\24c23021.jpg,Mobile Phone,Smartphones,699.99,A high-quality mobile phone — smartphones product with excellent build quality and modern design.,/abo-images-small (1)/images/small/24/24c23021.jpg
D:\FYP Project\fypapp\abo-images-small (1)\images\small\62\627a5845.jpg,Outdoor Equipment,Outdoors,149.99,A high-quality outdoor equipment — outdoors product with excellent build quality and modern design.,/abo-images-small (1)/images/small/62/627a5845.jpg
D:\FYP Project\fypapp\abo-images-small (1)\images\small\f2\f2662939.jpg,Android Tablet,Tablets,449.99,A high-quality android tablet — tablets product with excellent build quality and modern design.,/abo-images-small (1)/images/small/f2/f2662939.jpg
D:\FYP Project\fypapp\abo-images-small (1)\images\small\b7\b77fcc5f.jpg,Smartphone,Smartphones,699.99,A high-quality smartphone — smartphones product with excellent build quality and modern design.,/abo-images-small (1)/images/small/b7/b77fcc5f.jpg
D:\FYP Project\fypapp\abo-images-small (1)\images\small\6a\6ad71f01.jpg,iPad,Tablets,449.99,A high-quality ipad — tablets product with excellent build quality and modern design.,/abo-images-small (1)/images/small/6a/6ad71f01.jpg
D:\FYP Project\fypapp\abo-images-small (1)\images\small\d9\d9994ba5.jpg,Over-Ear Headphones,Headphones,149.99,A high-quality over-ear headphones — headphones product with excellent build quality and modern design.,/abo-images-small (1)/images/small/d9/d9994ba5.jpg
D:\FYP Project\fypapp\abo-images-small (1)\images\small\e2\e2b180c5.jpg,Boots,Shoes,89.99,A high-quality boots — shoes product with excellent build quality and modern design.,/abo-images-small (1)/images/small/e2/e2b180c5.jpg
D:\FYP Project\fypapp\abo-images-small (1)\images\small\89\89650f42.jpg,Smartphone,Smartphones,699.99,A high-quality smartphone — smartphones product with excellent build quality and modern design.,/abo-images-small (1)/images/small/89/89650f42.jpg
D:\FYP Project\fypapp\abo-images-small (1)\images\small\12\129251cb.jpg,Winter Coat,Jackets,119.99,A high-quality winter coat — jackets product with excellent build quality and modern design.,/abo-images-small (1)/images/small/12/129251cb.jpg
D:\FYP Project\fypapp\abo-images-small (1)\images\small\02\02a845ff.jpg,Straight Jeans,Jeans,69.99,A high-quality straight jeans — jeans product with excellent build quality and modern design.,/abo-images-small (1)/images/small/02/02a845ff.jpg
D:\FYP Project\fypapp\abo-images-small (1)\images\small\4b\4b6dca28.jpg,Mobile Phone,Smartphones,699.99,A high-quality mobile phone — smartphones product with excellent build quality and modern design.,/abo-images-small (1)/images/small/4b/4b6dca28.jpg
D:\FYP Project\fypapp\abo-images-small (1)\images\small\2e\2e7cdbc8.jpg,Digital Tablet,Tablets,449.99,A high-quality digital tablet — tablets product with excellent build quality and modern design.,/abo-images-small (1)/images/small/2e/2e7cdbc8.jpg
D:\FYP Project\fypapp\abo-images-small (1)\images\small\59\592a6dfb.jpg,iPhone,Smartphones,699.99,A high-quality iphone — smartphones product with excellent build quality and modern design.,/abo-images-small (1)/images/small/59/592a6dfb.jpg
D:\FYP Project\fypapp\abo-images-small (1)\images\small\d1\d1ba34c0.jpg,Mobile Phone,Smartphones,699.99,A high-quality mobile phone — smartphones product with excellent build quality and modern design.,/abo-images-small (1)/images/small/d1/d1ba34c0.jpg
D:\FYP Project\fypapp\abo-images-small (1)\images\small\f1\f18584fa.jpg,King Bed,Beds,499.99,A high-quality king bed — beds product with excellent build quality and modern design.,/abo-images-small (1)/images/small/f1/f18584fa.jpg
D:\FYP Project\fypapp\abo-images-small (1)\images\small\02\02cc1094.jpg,Platform Bed,Beds,499.99,A high-quality platform bed — beds product with excellent build quality and modern design.,/abo-images-small (1)/images/small/02/02cc1094.jpg
D:\FYP Project\fypapp\abo-images-small (1)\images\small\ad\ade13e93.jpg,Smartphone,Smartphones,699.99,A high-quality smartphone — smartphones product with excellent build quality and modern design.,/abo-images-small (1)/images/small/ad/ade13e93.jpg
D:\FYP Project\fypapp\abo-images-small (1)\images\small\95\95f4b937.jpg,Coffee Table,Tables,299.99,A high-quality coffee table — tables product with excellent build quality and modern design.,/abo-images-small (1)/images/small/95/95f4b937.jpg
D:\FYP Project\fypapp\abo-images-small (1)\images\small\3c\3ca0b5b7.jpg,Android Phone,Smartphones,699.99,A high-quality android phone — smartphones product with excellent build quality and modern design.,/abo-images-small (1)/images/small/3c/3ca0b5b7.jpg
D:\FYP Project\fypapp\abo-images-small (1)\images\small\2b\2b2ae081.jpg,Floral Dress,Dresses,59.99,A high-quality floral dress — dresses product with excellent build quality and modern design.,/abo-images-small (1)/images/small/2b/2b2ae081.jpg
D:\FYP Project\fypapp\abo-images-small (1)\images\small\b9\b91b52af.jpg,Mobile Phone,Smartphones,699.99,A high-quality mobile phone — smartphones product with excellent build quality and modern design.,/abo-images-small (1)/images/small/b9/b91b52af.jpg
D:\FYP Project\fypapp\abo-images-small (1)\images\small\cc\cc0a4320.jpg,Digital Tablet,Tablets,449.99,A high-quality digital tablet — tablets product with excellent build quality and modern design.,/abo-images-small (1)/images/small/cc/cc0a4320.jpg
D:\FYP Project\fypapp\abo-images-small (1)\images\small\ae\aecc3efa.jpg,iPhone,Smartphones,699.99,A high-quality iphone — smartphones product with excellent build quality and modern design.,/abo-images-small (1)/images/small/ae/aecc3efa.jpg
D:\FYP Project\fypapp\abo-images-small (1)\images\small\7a\7aa1047e.jpg,Smartphone,Smartphones,699.99,A high-quality smartphone — smartphones product with excellent build quality and modern design.,/abo-images-small (1)/images/small/7a/7aa1047e.jpg
D:\FYP Project\fypapp\abo-images-small (1)\images\small\18\1888fabf.jpg,Dining Chair,Chairs,199.99,A high-quality dining chair — chairs product with excellent build quality and modern design.,/abo-images-small (1)/images/small/18/1888fabf.jpg
D:\FYP Project\fypapp\abo-images-small (1)\images\small\0e\0e57ff7f.jpg,Platform Bed,Beds,499.99,A high-quality platform bed — beds product with excellent build quality and modern design.,/abo-images-small (1)/images/small/0e/0e57ff7f.jpg
D:\FYP Project\fypapp\abo-images-small (1)\images\small\97\97de48c4.jpg,Smartphone,Smartphones,699.99,A high-quality smartphone — smartphones product with excellent build quality and modern design.,/abo-images-small (1)/images/small/97/97de48c4.jpg
D:\FYP Project\fypapp\abo-images-small (1)\images\small\06\06e6c4d0.jpg,iPad,Tablets,449.99,A high-quality ipad — tablets product with excellent build quality and modern design.,/abo-images-small (1)/images/small/06/06e6c4d0.jpg
D:\FYP Project\fypapp\abo-images-small (1)\images\small\df\df0cb96f.jpg,Bowl Set,Dinnerware,49.99,A high-quality bowl set — dinnerware product with excellent build quality and modern design.,/abo-images-small (1)/images/small/df/df0cb96f.jpg
D:\FYP Project\fypapp\abo-images-small (1)\images\small\1a\1a691cf0.jpg,Exercise Gear,Sports,34.99,A high-quality exercise gear — sports product with excellent build quality and modern design.,/abo-images-small (1)/images/small/1a/1a691cf0.jpg
D:\FYP Project\fypapp\abo-images-small (1)\images\small\95\95b2ba6e.jpg,Microwave,Appliances,129.99,A high-quality microwave — appliances product with excellent build quality and modern design.,/abo-images-small (1)/images/small/95/95b2ba6e.jpg
D:\FYP Project\fypapp\abo-images-small (1)\images\small\8c\8cf35629.jpg,Side Table,Tables,299.99,A high-quality side table — tables product with excellent build quality and modern design.,/abo-images-small (1)/images/small/8c/8cf35629.jpg
D:\FYP Project\fypapp\abo-images-small (1)\images\small\91\91cfd85d.jpg,iPhone,Smartphones,699.99,A high-quality iphone — smartphones product with excellent build quality and modern design.,/abo-images-small (1)/images/small/91/91cfd85d.jpg
D:\FYP Project\fypapp\abo-images-small (1)\images\small\c0\c0040874.jpg,Sneakers,Shoes,89.99,A high-quality sneakers — shoes product with excellent build quality and modern design.,/abo-images-small (1)/images/small/c0/c0040874.jpg
D:\FYP Project\fypapp\abo-images-small (1)\images\small\ca\ca75722c.jpg,Couch,Sofas,799.99,A high-quality couch — sofas product with excellent build quality and modern design.,/abo-images-small (1)/images/small/ca/ca75722c.jpg
D:\FYP Project\fypapp\abo-images-small (1)\images\small\8d\8d33348b.jpg,Side Table,Tables,299.99,A high-quality side table — tables product with excellent build quality and modern design.,/abo-images-small (1)/images/small/8d/8d33348b.jpg
D:\FYP Project\fypapp\abo-images-small (1)\images\small\07\07d99588.jpg,Exercise Gear,Sports,34.99,A high-quality exercise gear — sports product with excellent build quality and modern design.,/abo-images-small (1)/images/small/07/07d99588.jpg
D:\FYP Project\fypapp\abo-images-small (1)\images\small\3b\3b856d6e.jpg,Running Shoes,Shoes,89.99,A high-quality running shoes — shoes product with excellent build quality and modern design.,/abo-images-small (1)/images/small/3b/3b856d6e.jpg
D:\FYP Project\fypapp\abo-images-small (1)\images\small\9f\9f7ca586.jpg,Over-Ear Headphones,Headphones,149.99,A high-quality over-ear headphones — headphones product with excellent build quality and modern design.,/abo-images-small (1)/images/small/9f/9f7ca586.jpg
D:\FYP Project\fypapp\abo-images-small (1)\images\small\7c\7cf138ec.jpg,Desk,Tables,299.99,A high-quality desk — tables product with excellent build quality and modern design.,/abo-images-small (1)/images/small/7c/7cf138ec.jpg
D:\FYP Project\fypapp\abo-images-small (1)\images\small\d4\d46b5530.jpg,Sneakers,Shoes,89.99,A high-quality sneakers — shoes product with excellent build quality and modern design.,/abo-images-small (1)/images/small/d4/d46b5530.jpg
D:\FYP Project\fypapp\abo-images-small (1)\images\small\98\9809648b.jpg,Maxi Dress,Dresses,59.99,A high-quality maxi dress — dresses product with excellent build quality and modern design.,/abo-images-small (1)/images/small/98/9809648b.jpg
D:\FYP Project\fypapp\abo-images-small (1)\images\small\22\22c7adaf.jpg,Android Phone,Smartphones,699.99,A high-quality android phone — smartphones product with excellent build quality and modern design.,/abo-images-small (1)/images/small/22/22c7adaf.jpg
D:\FYP Project\fypapp\abo-images-small (1)\images\small\db\db99a98d.jpg,Coffee Maker,Appliances,129.99,A high-quality coffee maker — appliances product with excellent build quality and modern design.,/abo-images-small (1)/images/small/db/db99a98d.jpg
D:\FYP Project\fypapp\abo-images-small (1)\images\small\97\97af5868.jpg,Smartphone,Smartphones,699.99,A high-quality smartphone — smartphones product with excellent build quality and modern design.,/abo-images-small (1)/images/small/97/97af5868.jpg
D:\FYP Project\fypapp\abo-images-small (1)\images\small\dd\dd12bbd2.jpg,Running Shoes,Shoes,89.99,A high-quality running shoes — shoes product with excellent build quality and modern design.,/abo-images-small (1)/images/small/dd/dd12bbd2.jpg
D:\FYP Project\fypapp\abo-images-small (1)\images\small\b6\b678c969.jpg,Fitness Equipment,Sports,34.99,A high-quality fitness equipment — sports product with excellent build quality and modern design.,/abo-images-small (1)/images/small/b6/b678c969.jpg
D:\FYP Project\fypapp\abo-images-small (1)\images\small\1a\1adbf520.jpg,iPhone,Smartphones,699.99,A high-quality iphone — smartphones product with excellent build quality and modern design.,/abo-images-small (1)/images/small/1a/1adbf520.jpg
D:\FYP Project\fypapp\abo-images-small (1)\images\small\cc\cc7804ea.jpg,Smartphone,Smartphones,699.99,A high-quality smartphone — smartphones product with excellent build quality and modern design.,/abo-images-small (1)/images/small/cc/cc7804ea.jpg
D:\FYP Project\fypapp\abo-images-small (1)\images\small\75\7564dafd.jpg,Running Shoes,Shoes,89.99,A high-quality running shoes — shoes product with excellent build quality and modern design.,/abo-images-small (1)/images/small/75/7564dafd.jpg
D:\FYP Project\fypapp\abo-images-small (1)\images\small\72\72681207.jpg,Platform Bed,Beds,499.99,A high-quality platform bed — beds product with excellent build quality and modern design.,/abo-images-small (1)/images/small/72/72681207.jpg
D:\FYP Project\fypapp\abo-images-small (1)\images\small\3a\3a546fb6.jpg,Bed Frame,Beds,499.99,A high-quality bed frame — beds product with excellent build quality and modern design.,/abo-images-small (1)/images/small/3a/3a546fb6.jpg
D:\FYP Project\fypapp\abo-images-small (1)\images\small\19\19f61ead.jpg,Couch,Sofas,799.99,A high-quality couch — sofas product with excellent build quality and modern design.,/abo-images-small (1)/images/small/19/19f61ead.jpg
D:\FYP Project\fypapp\abo-images-small (1)\images\small\b2\b26c8cf7.jpg,Accent Chair,Chairs,199.99,A high-quality accent chair — chairs product with excellent build quality and modern design.,/abo-images-small (1)/images/small/b2/b26c8cf7.jpg
D:\FYP Project\fypapp\abo-images-small (1)\images\small\d8\d8b85f24.jpg,Recliner,Chairs,199.99,A high-quality recliner — chairs product with excellent build quality and modern design.,/abo-images-small (1)/images/small/d8/d8b85f24.jpg
D:\FYP Project\fypapp\abo-images-small (1)\images\small\d5\d5624e0d.jpg,Sofa,Sofas,799.99,A high-quality sofa — sofas product with excellent build quality and modern design.,/abo-images-small (1)/images/small/d5/d5624e0d.jpg
D:\FYP Project\fypapp\abo-images-small (1)\images\small\b2\b21d855e.jpg,Mobile Phone,Smartphones,699.99,A high-quality mobile phone — smartphones product with excellent build quality and modern design.,/abo-images-small (1)/images/small/b2/b21d855e.jpg
D:\FYP Project\fypapp\abo-images-small (1)\images\small\43\43d99733.jpg,Summer Dress,Dresses,59.99,A high-quality summer dress — dresses product with excellent build quality and modern design.,/abo-images-small (1)/images/small/43/43d99733.jpg
D:\FYP Project\fypapp\abo-images-small (1)\images\small\78\78f98582.jpg,Platform Bed,Beds,499.99,A high-quality platform bed — beds product with excellent build quality and modern design.,/abo-images-small (1)/images/small/78/78f98582.jpg
D:\FYP Project\fypapp\abo-images-small (1)\images\small\31\31c88a9c.jpg,Mobile Phone,Smartphones,699.99,A high-quality mobile phone — smartphones product with excellent build quality and modern design.,/abo-images-small (1)/images/small/31/31c88a9c.jpg
D:\FYP Project\fypapp\abo-images-small (1)\images\small\53\53c744b3.jpg,Fitness Equipment,Sports,34.99,A high-quality fitness equipment — sports product with excellent build quality and modern design.,/abo-images-small (1)/images/small/53/53c744b3.jpg
D:\FYP Project\fypapp\abo-images-small (1)\images\small\31\31762a15.jpg,Smartphone,Smartphones,699.99,A high-quality smartphone — smartphones product with excellent build quality and modern design.,/abo-images-small (1)/images/small/31/31762a15.jpg
D:\FYP Project\fypapp\abo-images-small (1)\images\small\59\59327895.jpg,Mobile Phone,Smartphones,699.99,A high-quality mobile phone — smartphones product with excellent build quality and modern design.,/abo-images-small (1)/images/small/59/59327895.jpg
D:\FYP Project\fypapp\abo-images-small (1)\images\small\45\45126da4.jpg,Cooking Pot,Cookware,89.99,A high-quality cooking pot — cookware product with excellent build quality and modern design.,/abo-images-small (1)/images/small/45/45126da4.jpg
D:\FYP Project\fypapp\abo-images-small (1)\images\small\3b\3bef31f0.jpg,iPhone,Smartphones,699.99,A high-quality iphone — smartphones product with excellent build quality and modern design.,/abo-images-small (1)/images/small/3b/3bef31f0.jpg
D:\FYP Project\fypapp\abo-images-small (1)\images\small\f3\f39fc15d.jpg,Mobile Phone,Smartphones,699.99,A high-quality mobile phone — smartphones product with excellent build quality and modern design.,/abo-images-small (1)/images/small/f3/f39fc15d.jpg
D:\FYP Project\fypapp\abo-images-small (1)\images\small\a1\a160bd62.jpg,Headphones,Headphones,149.99,A high-quality headphones — headphones product with excellent build quality and modern design.,/abo-images-small (1)/images/small/a1/a160bd62.jpg
D:\FYP Project\fypapp\abo-images-small (1)\images\small\9c\9c61889f.jpg,Slim Jeans,Jeans,69.99,A high-quality slim jeans — jeans product with excellent build quality and modern design.,/abo-images-small (1)/images/small/9c/9c61889f.jpg
D:\FYP Project\fypapp\abo-images-small (1)\images\small\32\32bed264.jpg,Smartphone,Smartphones,699.99,A high-quality smartphone — smartphones product with excellent build quality and modern design.,/abo-images-small (1)/images/small/32/32bed264.jpg
D:\FYP Project\fypapp\abo-images-small (1)\images\small\98\98f81c7d.jpg,Non-Stick Pan,Cookware,89.99,A high-quality non-stick pan — cookware product with excellent build quality and modern design.,/abo-images-small (1)/images/small/98/98f81c7d.jpg
D:\FYP Project\fypapp\abo-images-small (1)\images\small\17\1731bdc7.jpg,Cooking Pot,Cookware,89.99,A high-quality cooking pot — cookware product with excellent build quality and modern design.,/abo-images-small (1)/images/small/17/1731bdc7.jpg
D:\FYP Project\fypapp\abo-images-small (1)\images\small\a2\a2cb0e87.jpg,iPhone,Smartphones,699.99,A high-quality iphone — smartphones product with excellent build quality and modern design.,/abo-images-small (1)/images/small/a2/a2cb0e87.jpg
D:\FYP Project\fypapp\abo-images-small (1)\images\small\d5\d54732b4.jpg,Yoga Mat,Sports,34.99,A high-quality yoga mat — sports product with excellent build quality and modern design.,/abo-images-small (1)/images/small/d5/d54732b4.jpg
D:\FYP Project\fypapp\abo-images-small (1)\images\small\5f\5fdb305d.jpg,Casual Shoes,Shoes,89.99,A high-quality casual shoes — shoes product with excellent build quality and modern design.,/abo-images-small (1)/images/small/5f/5fdb305d.jpg
D:\FYP Project\fypapp\abo-images-small (1)\images\small\13\1315ffab.jpg,Android Tablet,Tablets,449.99,A high-quality android tablet — tablets product with excellent build quality and modern design.,/abo-images-small (1)/images/small/13/1315ffab.jpg
D:\FYP Project\fypapp\abo-images-small (1)\images\small\7a\7a1758f4.jpg,Sneakers,Shoes,89.99,A high-quality sneakers — shoes product with excellent build quality and modern design.,/abo-images-small (1)/images/small/7a/7a1758f4.jpg
D:\FYP Project\fypapp\abo-images-small (1)\images\small\c3\c311c9e5.jpg,Microwave,Appliances,129.99,A high-quality microwave — appliances product with excellent build quality and modern design.,/abo-images-small (1)/images/small/c3/c311c9e5.jpg
D:\FYP Project\fypapp\abo-images-small (1)\images\small\19\19162345.jpg,Ultrabook,Laptops,899.99,A high-quality ultrabook — laptops product with excellent build quality and modern design.,/abo-images-small (1)/images/small/19/19162345.jpg
D:\FYP Project\fypapp\abo-images-small (1)\images\small\e6\e6d4b165.jpg,Denim Pants,Jeans,69.99,A high-quality denim pants — jeans product with excellent build quality and modern design.,/abo-images-small (1)/images/small/e6/e6d4b165.jpg
D:\FYP Project\fypapp\abo-images-small (1)\images\small\e1\e1dd1c40.jpg,Smartphone,Smartphones,699.99,A high-quality smartphone — smartphones product with excellent build quality and modern design.,/abo-images-small (1)/images/small/e1/e1dd1c40.jpg
D:\FYP Project\fypapp\abo-images-small (1)\images\small\c5\c5a9491d.jpg,Non-Stick Pan,Cookware,89.99,A high-quality non-stick pan — cookware product with excellent build quality and modern design.,/abo-images-small (1)/images/small/c5/c5a9491d.jpg
D:\FYP Project\fypapp\abo-images-small (1)\images\small\0c\0ce1ca12.jpg,Casual Shoes,Shoes,89.99,A high-quality casual shoes — shoes product with excellent build quality and modern design.,/abo-images-small (1)/images/small/0c/0ce1ca12.jpg
D:\FYP Project\fypapp\abo-images-small (1)\images\small\13\136495d5.jpg,Coffee Maker,Appliances,129.99,A high-quality coffee maker — appliances product with excellent build quality and modern design.,/abo-images-small (1)/images/small/13/136495d5.jpg
D:\FYP Project\fypapp\abo-images-small (1)\images\small\7f\7f37822e.jpg,Headphones,Headphones,149.99,A high-quality headphones — headphones product with excellent build quality and modern design.,/abo-images-small (1)/images/small/7f/7f37822e.jpg
D:\FYP Project\fypapp\abo-images-small (1)\images\small\63\63a7500a.jpg,Running Shoes,Shoes,89.99,A high-quality running shoes — shoes product with excellent build quality and modern design.,/abo-images-small (1)/images/small/63/63a7500a.jpg
D:\FYP Project\fypapp\abo-images-small (1)\images\small\1a\1a150eab.jpg,Android Phone,Smartphones,699.99,A high-quality android phone — smartphones product with excellent build quality and modern design.,/abo-images-small (1)/images/small/1a/1a150eab.jpg
D:\FYP Project\fypapp\abo-images-small (1)\images\small\ca\ca4af4e1.jpg,Coffee Maker,Appliances,129.99,A high-quality coffee maker — appliances product with excellent build quality and modern design.,/abo-images-small (1)/images/small/ca/ca4af4e1.jpg
D:\FYP Project\fypapp\abo-images-small (1)\images\small\b0\b0fb23b4.jpg,Smartphone,Smartphones,699.99,A high-quality smartphone — smartphones product with excellent build quality and modern design.,/abo-images-small (1)/images/small/b0/b0fb23b4.jpg
D:\FYP Project\fypapp\abo-images-small (1)\images\small\86\8604cbc4.jpg,Couch,Sofas,799.99,A high-quality couch — sofas product with excellent build quality and modern design.,/abo-images-small (1)/images/small/86/8604cbc4.jpg
D:\FYP Project\fypapp\abo-images-small (1)\images\small\a0\a0e93af3.jpg,Blender,Appliances,129.99,A high-quality blender — appliances product with excellent build quality and modern design.,/abo-images-small (1)/images/small/a0/a0e93af3.jpg
D:\FYP Project\fypapp\abo-images-small (1)\images\small\df\dfb9728c.jpg,iPhone,Smartphones,699.99,A high-quality iphone — smartphones product with excellent build quality and modern design.,/abo-images-small (1)/images/small/df/dfb9728c.jpg
D:\FYP Project\fypapp\abo-images-small (1)\images\small\9c\9cb5d21f.jpg,Tablet,Tablets,449.99,A high-quality tablet — tablets product with excellent build quality and modern design.,/abo-images-small (1)/images/small/9c/9cb5d21f.jpg
D:\FYP Project\fypapp\abo-images-small (1)\images\small\41\41fa1b19.jpg,Mountain Bike,Bicycles,399.99,A high-quality mountain bike — bicycles product with excellent build quality and modern design.,/abo-images-small (1)/images/small/41/41fa1b19.jpg
D:\FYP Project\fypapp\abo-images-small (1)\images\small\6e\6e761120.jpg,Casual Shoes,Shoes,89.99,A high-quality casual shoes — shoes product with excellent build quality and modern design.,/abo-images-small (1)/images/small/6e/6e761120.jpg
D:\FYP Project\fypapp\abo-images-small (1)\images\small\af\af424935.jpg,Sneakers,Shoes,89.99,A high-quality sneakers — shoes product with excellent build quality and modern design.,/abo-images-small (1)/images/small/af/af424935.jpg
D:\FYP Project\fypapp\abo-images-small (1)\images\small\e3\e3ead517.jpg,Resistance Bands,Sports,34.99,A high-quality resistance bands — sports product with excellent build quality and modern design.,/abo-images-small (1)/images/small/e3/e3ead517.jpg
D:\FYP Project\fypapp\abo-images-small (1)\images\small\14\14f15093.jpg,Over-Ear Headphones,Headphones,149.99,A high-quality over-ear headphones — headphones product with excellent build quality and modern design.,/abo-images-small (1)/images/small/14/14f15093.jpg
D:\FYP Project\fypapp\abo-images-small (1)\images\small\d6\d6ea0a78.jpg,Skillet,Cookware,89.99,A high-quality skillet — cookware product with excellent build quality and modern design.,/abo-images-small (1)/images/small/d6/d6ea0a78.jpg
D:\FYP Project\fypapp\abo-images-small (1)\images\small\22\221a46a2.jpg,Jacket,Jackets,119.99,A high-quality jacket — jackets product with excellent build quality and modern design.,/abo-images-small (1)/images/small/22/221a46a2.jpg
D:\FYP Project\fypapp\abo-images-small (1)\images\small\76\76be87ed.jpg,Running Shoes,Shoes,89.99,A high-quality running shoes — shoes product with excellent build quality and modern design.,/abo-images-small (1)/images/small/76/76be87ed.jpg
D:\FYP Project\fypapp\abo-images-small (1)\images\small\1c\1cb9f3bd.jpg,Side Table,Tables,299.99,A high-quality side table — tables product with excellent build quality and modern design.,/abo-images-small (1)/images/small/1c/1cb9f3bd.jpg
D:\FYP Project\fypapp\abo-images-small (1)\images\small\b0\b05559de.jpg,iPhone,Smartphones,699.99,A high-quality iphone — smartphones product with excellent build quality and modern design.,/abo-images-small (1)/images/small/b0/b05559de.jpg
D:\FYP Project\fypapp\abo-images-small (1)\images\small\3b\3bbd492d.jpg,Jacket,Jackets,119.99,A high-quality jacket — jackets product with excellent build quality and modern design.,/abo-images-small (1)/images/small/3b/3bbd492d.jpg
D:\FYP Project\fypapp\abo-images-small (1)\images\small\0d\0d8c1d07.jpg,Microwave,Appliances,129.99,A high-quality microwave — appliances product with excellent build quality and modern design.,/abo-images-small (1)/images/small/0d/0d8c1d07.jpg
D:\FYP Project\fypapp\abo-images-small (1)\images\small\d5\d5de5e1b.jpg,Boots,Shoes,89.99,A high-quality boots — shoes product with excellent build quality and modern design.,/abo-images-small (1)/images/small/d5/d5de5e1b.jpg
D:\FYP Project\fypapp\abo-images-small (1)\images\small\98\98d30a08.jpg,Smartphone,Smartphones,699.99,A high-quality smartphone — smartphones product with excellent build quality and modern design.,/abo-images-small (1)/images/small/98/98d30a08.jpg
D:\FYP Project\fypapp\abo-images-small (1)\images\small\b6\b67ae9a8.jpg,Running Shoes,Shoes,89.99,A high-quality running shoes — shoes product with excellent build quality and modern design.,/abo-images-small (1)/images/small/b6/b67ae9a8.jpg
D:\FYP Project\fypapp\abo-images-small (1)\images\small\f1\f10be94e.jpg,Android Phone,Smartphones,699.99,A high-quality android phone — smartphones product with excellent build quality and modern design.,/abo-images-small (1)/images/small/f1/f10be94e.jpg
D:\FYP Project\fypapp\abo-images-small (1)\images\small\37\3774239a.jpg,iPhone,Smartphones,699.99,A high-quality iphone — smartphones product with excellent build quality and modern design.,/abo-images-small (1)/images/small/37/3774239a.jpg
D:\FYP Project\fypapp\abo-images-small (1)\images\small\81\8108c87a.jpg,Coffee Table,Tables,299.99,A high-quality coffee table — tables product with excellent build quality and modern design.,/abo-images-small (1)/images/small/81/8108c87a.jpg
D:\FYP Project\fypapp\abo-images-small (1)\images\small\d1\d1dc911c.jpg,Outdoor Equipment,Outdoors,149.99,A high-quality outdoor equipment — outdoors product with excellent build quality and modern design.,/abo-images-small (1)/images/small/d1/d1dc911c.jpg
D:\FYP Project\fypapp\abo-images-small (1)\images\small\86\86bab19f.jpg,iPhone,Smartphones,699.99,A high-quality iphone — smartphones product with excellent build quality and modern design.,/abo-images-small (1)/images/small/86/86bab19f.jpg
D:\FYP Project\fypapp\abo-images-small (1)\images\small\8e\8e9032a8.jpg,Headphones,Headphones,149.99,A high-quality headphones — headphones product with excellent build quality and modern design.,/abo-images-small (1)/images/small/8e/8e9032a8.jpg
D:\FYP Project\fypapp\abo-images-small (1)\images\small\75\750bdef3.jpg,Mobile Phone,Smartphones,699.99,A high-quality mobile phone — smartphones product with excellent build quality and modern design.,/abo-images-small (1)/images/small/75/750bdef3.jpg
D:\FYP Project\fypapp\abo-images-small (1)\images\small\72\72a2172a.jpg,Platform Bed,Beds,499.99,A high-quality platform bed — beds product with excellent build quality and modern design.,/abo-images-small (1)/images/small/72/72a2172a.jpg
D:\FYP Project\fypapp\abo-images-small (1)\images\small\16\163b0e93.jpg,Smartphone,Smartphones,699.99,A high-quality smartphone — smartphones product with excellent build quality and modern design.,/abo-images-small (1)/images/small/16/163b0e93.jpg
D:\FYP Project\fypapp\abo-images-small (1)\images\small\c3\c35f3ce7.jpg,Dining Chair,Chairs,199.99,A high-quality dining chair — chairs product with excellent build quality and modern design.,/abo-images-small (1)/images/small/c3/c35f3ce7.jpg
D:\FYP Project\fypapp\abo-images-small (1)\images\small\1f\1f637f45.jpg,Android Phone,Smartphones,699.99,A high-quality android phone — smartphones product with excellent build quality and modern design.,/abo-images-small (1)/images/small/1f/1f637f45.jpg
D:\FYP Project\fypapp\abo-images-small (1)\images\small\86\86960e13.jpg,Boots,Shoes,89.99,A high-quality boots — shoes product with excellent build quality and modern design.,/abo-images-small (1)/images/small/86/86960e13.jpg
D:\FYP Project\fypapp\abo-images-small (1)\images\small\62\629df0c7.jpg,Jacket,Jackets,119.99,A high-quality jacket — jackets product with excellent build quality and modern design.,/abo-images-small (1)/images/small/62/629df0c7.jpg
D:\FYP Project\fypapp\abo-images-small (1)\images\small\58\581c2dcb.jpg,Non-Stick Pan,Cookware,89.99,A high-quality non-stick pan — cookware product with excellent build quality and modern design.,/abo-images-small (1)/images/small/58/581c2dcb.jpg
D:\FYP Project\fypapp\abo-images-small (1)\images\small\32\328ae8a0.jpg,Over-Ear Headphones,Headphones,149.99,A high-quality over-ear headphones — headphones product with excellent build quality and modern design.,/abo-images-small (1)/images/small/32/328ae8a0.jpg
D:\FYP Project\fypapp\abo-images-small (1)\images\small\e6\e64b8421.jpg,iPhone,Smartphones,699.99,A high-quality iphone — smartphones product with excellent build quality and modern design.,/abo-images-small (1)/images/small/e6/e64b8421.jpg
D:\FYP Project\fypapp\abo-images-small (1)\images\small\2f\2fa45d82.jpg,Ceramic Plates,Dinnerware,49.99,A high-quality ceramic plates — dinnerware product with excellent build quality and modern design.,/abo-images-small (1)/images/small/2f/2fa45d82.jpg
D:\FYP Project\fypapp\abo-images-small (1)\images\small\79\79474cea.jpg,Casual Shoes,Shoes,89.99,A high-quality casual shoes — shoes product with excellent build quality and modern design.,/abo-images-small (1)/images/small/79/79474cea.jpg
D:\FYP Project\fypapp\abo-images-small (1)\images\small\88\8887b079.jpg,Yoga Mat,Sports,34.99,A high-quality yoga mat — sports product with excellent build quality and modern design.,/abo-images-small (1)/images/small/88/8887b079.jpg
D:\FYP Project\fypapp\abo-images-small (1)\images\small\e7\e70adbc6.jpg,Over-Ear Headphones,Headphones,149.99,A high-quality over-ear headphones — headphones product with excellent build quality and modern design.,/abo-images-small (1)/images/small/e7/e70adbc6.jpg
D:\FYP Project\fypapp\abo-images-small (1)\images\small\6b\6b21483e.jpg,Exercise Gear,Sports,34.99,A high-quality exercise gear — sports product with excellent build quality and modern design.,/abo-images-small (1)/images/small/6b/6b21483e.jpg
D:\FYP Project\fypapp\abo-images-small (1)\images\small\70\70dad64a.jpg,Non-Stick Pan,Cookware,89.99,A high-quality non-stick pan — cookware product with excellent build quality and modern design.,/abo-images-small (1)/images/small/70/70dad64a.jpg
D:\FYP Project\fypapp\abo-images-small (1)\images\small\2a\2a8cc164.jpg,Fitness Equipment,Sports,34.99,A high-quality fitness equipment — sports product with excellent build quality and modern design.,/abo-images-small (1)/images/small/2a/2a8cc164.jpg
D:\FYP Project\fypapp\abo-images-small (1)\images\small\b7\b73690e4.jpg,iPhone,Smartphones,699.99,A high-quality iphone — smartphones product with excellent build quality and modern design.,/abo-images-small (1)/images/small/b7/b73690e4.jpg
D:\FYP Project\fypapp\abo-images-small (1)\images\small\e6\e6ee59a7.jpg,Tablet,Tablets,449.99,A high-quality tablet — tablets product with excellent build quality and modern design.,/abo-images-small (1)/images/small/e6/e6ee59a7.jpg
D:\FYP Project\fypapp\abo-images-small (1)\images\small\b1\b196a465.jpg,Blender,Appliances,129.99,A high-quality blender — appliances product with excellent build quality and modern design.,/abo-images-small (1)/images/small/b1/b196a465.jpg
D:\FYP Project\fypapp\abo-images-small (1)\images\small\be\be9f5906.jpg,iPhone,Smartphones,699.99,A high-quality iphone — smartphones product with excellent build quality and modern design.,/abo-images-small (1)/images/small/be/be9f5906.jpg
D:\FYP Project\fypapp\abo-images-small (1)\images\small\06\06c79e70.jpg,Jacket,Jackets,119.99,A high-quality jacket — jackets product with excellent build quality and modern design.,/abo-images-small (1)/images/small/06/06c79e70.jpg
D:\FYP Project\fypapp\abo-images-small (1)\images\small\7d\7d428c7e.jpg,Queen Bed,Beds,499.99,A high-quality queen bed — beds product with excellent build quality and modern design.,/abo-images-small (1)/images/small/7d/7d428c7e.jpg
D:\FYP Project\fypapp\abo-images-small (1)\images\small\4c\4c551370.jpg,Smartphone,Smartphones,699.99,A high-quality smartphone — smartphones product with excellent build quality and modern design.,/abo-images-small (1)/images/small/4c/4c551370.jpg
D:\FYP Project\fypapp\abo-images-small (1)\images\small\a9\a98d2361.jpg,Android Phone,Smartphones,699.99,A high-quality android phone — smartphones product with excellent build quality and modern design.,/abo-images-small (1)/images/small/a9/a98d2361.jpg
D:\FYP Project\fypapp\abo-images-small (1)\images\small\43\43252d22.jpg,Desk,Tables,299.99,A high-quality desk — tables product with excellent build quality and modern design.,/abo-images-small (1)/images/small/43/43252d22.jpg
D:\FYP Project\fypapp\abo-images-small (1)\images\small\50\50a88e50.jpg,Dining Table,Tables,299.99,A high-quality dining table — tables product with excellent build quality and modern design.,/abo-images-small (1)/images/small/50/50a88e50.jpg
D:\FYP Project\fypapp\abo-images-small (1)\images\small\36\365e8333.jpg,Fitness Equipment,Sports,34.99,A high-quality fitness equipment — sports product with excellent build quality and modern design.,/abo-images-small (1)/images/small/36/365e8333.jpg
D:\FYP Project\fypapp\abo-images-small (1)\images\small\1a\1a20ac5a.jpg,Boots,Shoes,89.99,A high-quality boots — shoes product with excellent build quality and modern design.,/abo-images-small (1)/images/small/1a/1a20ac5a.jpg
D:\FYP Project\fypapp\abo-images-small (1)\images\small\cc\cc8677d5.jpg,Smartphone,Smartphones,699.99,A high-quality smartphone — smartphones product with excellent build quality and modern design.,/abo-images-small (1)/images/small/cc/cc8677d5.jpg
D:\FYP Project\fypapp\abo-images-small (1)\images\small\21\216d3e9c.jpg,Mobile Phone,Smartphones,699.99,A high-quality mobile phone — smartphones product with excellent build quality and modern design.,/abo-images-small (1)/images/small/21/216d3e9c.jpg
D:\FYP Project\fypapp\abo-images-small (1)\images\small\f8\f8120725.jpg,Android Phone,Smartphones,699.99,A high-quality android phone — smartphones product with excellent build quality and modern design.,/abo-images-small (1)/images/small/f8/f8120725.jpg
D:\FYP Project\fypapp\abo-images-small (1)\images\small\b7\b7542656.jpg,Android Tablet,Tablets,449.99,A high-quality android tablet — tablets product with excellent build quality and modern design.,/abo-images-small (1)/images/small/b7/b7542656.jpg
D:\FYP Project\fypapp\abo-images-small (1)\images\small\74\74676f7b.jpg,Dining Chair,Chairs,199.99,A high-quality dining chair — chairs product with excellent build quality and modern design.,/abo-images-small (1)/images/small/74/74676f7b.jpg
D:\FYP Project\fypapp\abo-images-small (1)\images\small\e0\e0ab44bc.jpg,Straight Jeans,Jeans,69.99,A high-quality straight jeans — jeans product with excellent build quality and modern design.,/abo-images-small (1)/images/small/e0/e0ab44bc.jpg
D:\FYP Project\fypapp\abo-images-small (1)\images\small\82\82a3bb45.jpg,Desk,Tables,299.99,A high-quality desk — tables product with excellent build quality and modern design.,/abo-images-small (1)/images/small/82/82a3bb45.jpg
D:\FYP Project\fypapp\abo-images-small (1)\images\small\38\389219ea.jpg,iPad,Tablets,449.99,A high-quality ipad — tablets product with excellent build quality and modern design.,/abo-images-small (1)/images/small/38/389219ea.jpg
D:\FYP Project\fypapp\abo-images-small (1)\images\small\39\39945689.jpg,Desk,Tables,299.99,A high-quality desk — tables product with excellent build quality and modern design.,/abo-images-small (1)/images/small/39/39945689.jpg
D:\FYP Project\fypapp\abo-images-small (1)\images\small\98\9858caeb.jpg,Sofa,Sofas,799.99,A high-quality sofa — sofas product with excellent build quality and modern design.,/abo-images-small (1)/images/small/98/9858caeb.jpg
D:\FYP Project\fypapp\abo-images-small (1)\images\small\d2\d22a6d6a.jpg,iPad,Tablets,449.99,A high-quality ipad — tablets product with excellent build quality and modern design.,/abo-images-small (1)/images/small/d2/d22a6d6a.jpg
D:\FYP Project\fypapp\abo-images-small (1)\images\small\f9\f9fcf145.jpg,Android Phone,Smartphones,699.99,A high-quality android phone — smartphones product with excellent build quality and modern design.,/abo-images-small (1)/images/small/f9/f9fcf145.jpg
D:\FYP Project\fypapp\abo-images-small (1)\images\small\54\5419bd11.jpg,Recliner,Chairs,199.99,A high-quality recliner — chairs product with excellent build quality and modern design.,/abo-images-small (1)/images/small/54/5419bd11.jpg
D:\FYP Project\fypapp\abo-images-small (1)\images\small\9a\9adf37bb.jpg,Sneakers,Shoes,89.99,A high-quality sneakers — shoes product with excellent build quality and modern design.,/abo-images-small (1)/images/small/9a/9adf37bb.jpg
D:\FYP Project\fypapp\abo-images-small (1)\images\small\ef\effadc07.jpg,Running Shoes,Shoes,89.99,A high-quality running shoes — shoes product with excellent build quality and modern design.,/abo-images-small (1)/images/small/ef/effadc07.jpg
D:\FYP Project\fypapp\abo-images-small (1)\images\small\d1\d14a3d97.jpg,Outdoor Equipment,Outdoors,149.99,A high-quality outdoor equipment — outdoors product with excellent build quality and modern design.,/abo-images-small (1)/images/small/d1/d14a3d97.jpg
D:\FYP Project\fypapp\abo-images-small (1)\images\small\53\5326bc83.jpg,Backpack,Outdoors,149.99,A high-quality backpack — outdoors product with excellent build quality and modern design.,/abo-images-small (1)/images/small/53/5326bc83.jpg
D:\FYP Project\fypapp\abo-images-small (1)\images\small\6b\6b1c3ad0.jpg,Running Shoes,Shoes,89.99,A high-quality running shoes — shoes product with excellent build quality and modern design.,/abo-images-small (1)/images/small/6b/6b1c3ad0.jpg
D:\FYP Project\fypapp\abo-images-small (1)\images\small\a2\a2dec399.jpg,Straight Jeans,Jeans,69.99,A high-quality straight jeans — jeans product with excellent build quality and modern design.,/abo-images-small (1)/images/small/a2/a2dec399.jpg
D:\FYP Project\fypapp\abo-images-small (1)\images\small\7e\7efba3dc.jpg,Smartphone,Smartphones,699.99,A high-quality smartphone — smartphones product with excellent build quality and modern design.,/abo-images-small (1)/images/small/7e/7efba3dc.jpg
D:\FYP Project\fypapp\abo-images-small (1)\images\small\99\99411f44.jpg,Mobile Phone,Smartphones,699.99,A high-quality mobile phone — smartphones product with excellent build quality and modern design.,/abo-images-small (1)/images/small/99/99411f44.jpg
D:\FYP Project\fypapp\abo-images-small (1)\images\small\bc\bc33ff5a.jpg,Casual Shoes,Shoes,89.99,A high-quality casual shoes — shoes product with excellent build quality and modern design.,/abo-images-small (1)/images/small/bc/bc33ff5a.jpg
D:\FYP Project\fypapp\abo-images-small (1)\images\small\ef\ef671b74.jpg,Boots,Shoes,89.99,A high-quality boots — shoes product with excellent build quality and modern design.,/abo-images-small (1)/images/small/ef/ef671b74.jpg
D:\FYP Project\fypapp\abo-images-small (1)\images\small\84\84cfcae1.jpg,Bed Frame,Beds,499.99,A high-quality bed frame — beds product with excellent build quality and modern design.,/abo-images-small (1)/images/small/84/84cfcae1.jpg
D:\FYP Project\fypapp\abo-images-small (1)\images\small\f1\f1d66830.jpg,Resistance Bands,Sports,34.99,A high-quality resistance bands — sports product with excellent build quality and modern design.,/abo-images-small (1)/images/small/f1/f1d66830.jpg
D:\FYP Project\fypapp\abo-images-small (1)\images\small\b7\b7bb4500.jpg,Android Phone,Smartphones,699.99,A high-quality android phone — smartphones product with excellent build quality and modern design.,/abo-images-small (1)/images/small/b7/b7bb4500.jpg
D:\FYP Project\fypapp\abo-images-small (1)\images\small\92\922d50b5.jpg,Boots,Shoes,89.99,A high-quality boots — shoes product with excellent build quality and modern design.,/abo-images-small (1)/images/small/92/922d50b5.jpg
D:\FYP Project\fypapp\abo-images-small (1)\images\small\38\388ca220.jpg,Tablet,Tablets,449.99,A high-quality tablet — tablets product with excellent build quality and modern design.,/abo-images-small (1)/images/small/38/388ca220.jpg
D:\FYP Project\fypapp\abo-images-small (1)\images\small\45\45e8ca8b.jpg,Maxi Dress,Dresses,59.99,A high-quality maxi dress — dresses product with excellent build quality and modern design.,/abo-images-small (1)/images/small/45/45e8ca8b.jpg
D:\FYP Project\fypapp\abo-images-small (1)\images\small\e7\e7f8f213.jpg,Cooking Pot,Cookware,89.99,A high-quality cooking pot — cookware product with excellent build quality and modern design.,/abo-images-small (1)/images/small/e7/e7f8f213.jpg
D:\FYP Project\fypapp\abo-images-small (1)\images\small\fe\fea59d26.jpg,iPhone,Smartphones,699.99,A high-quality iphone — smartphones product with excellent build quality and modern design.,/abo-images-small (1)/images/small/fe/fea59d26.jpg
D:\FYP Project\fypapp\abo-images-small (1)\images\small\11\11d022af.jpg,Smartphone,Smartphones,699.99,A high-quality smartphone — smartphones product with excellent build quality and modern design.,/abo-images-small (1)/images/small/11/11d022af.jpg
D:\FYP Project\fypapp\abo-images-small (1)\images\small\a7\a7655b27.jpg,Mobile Phone,Smartphones,699.99,A high-quality mobile phone — smartphones product with excellent build quality and modern design.,/abo-images-small (1)/images/small/a7/a7655b27.jpg
D:\FYP Project\fypapp\abo-images-small (1)\images\small\80\80248500.jpg,Outdoor Equipment,Outdoors,149.99,A high-quality outdoor equipment — outdoors product with excellent build quality and modern design.,/abo-images-small (1)/images/small/80/80248500.jpg
D:\FYP Project\fypapp\abo-images-small (1)\images\small\d9\d94719cd.jpg,iPhone,Smartphones,699.99,A high-quality iphone — smartphones product with excellent build quality and modern design.,/abo-images-small (1)/images/small/d9/d94719cd.jpg
D:\FYP Project\fypapp\abo-images-small (1)\images\small\29\29841170.jpg,Running Shoes,Shoes,89.99,A high-quality running shoes — shoes product with excellent build quality and modern design.,/abo-images-small (1)/images/small/29/29841170.jpg
D:\FYP Project\fypapp\abo-images-small (1)\images\small\63\63133fce.jpg,Fitness Equipment,Sports,34.99,A high-quality fitness equipment — sports product with excellent build quality and modern design.,/abo-images-small (1)/images/small/63/63133fce.jpg
D:\FYP Project\fypapp\abo-images-small (1)\images\small\e2\e204cf39.jpg,iPhone,Smartphones,699.99,A high-quality iphone — smartphones product with excellent build quality and modern design.,/abo-images-small (1)/images/small/e2/e204cf39.jpg
D:\FYP Project\fypapp\abo-images-small (1)\images\small\37\37ee765a.jpg,Yoga Mat,Sports,34.99,A high-quality yoga mat — sports product with excellent build quality and modern design.,/abo-images-small (1)/images/small/37/37ee765a.jpg
D:\FYP Project\fypapp\abo-images-small (1)\images\small\5f\5f1c3953.jpg,Running Shoes,Shoes,89.99,A high-quality running shoes — shoes product with excellent build quality and modern design.,/abo-images-small (1)/images/small/5f/5f1c3953.jpg
D:\FYP Project\fypapp\abo-images-small (1)\images\small\9c\9c9c27a4.jpg,Accent Chair,Chairs,199.99,A high-quality accent chair — chairs product with excellent build quality and modern design.,/abo-images-small (1)/images/small/9c/9c9c27a4.jpg
D:\FYP Project\fypapp\abo-images-small (1)\images\small\e6\e6b53260.jpg,Dining Table,Tables,299.99,A high-quality dining table — tables product with excellent build quality and modern design.,/abo-images-small (1)/images/small/e6/e6b53260.jpg
D:\FYP Project\fypapp\abo-images-small (1)\images\small\c1\c1db9068.jpg,Digital Tablet,Tablets,449.99,A high-quality digital tablet — tablets product with excellent build quality and modern design.,/abo-images-small (1)/images/small/c1/c1db9068.jpg
D:\FYP Project\fypapp\abo-images-small (1)\images\small\4f\4f1933ab.jpg,Desk,Tables,299.99,A high-quality desk — tables product with excellent build quality and modern design.,/abo-images-small (1)/images/small/4f/4f1933ab.jpg
D:\FYP Project\fypapp\abo-images-small (1)\images\small\9c\9cfc1535.jpg,Headphones,Headphones,149.99,A high-quality headphones — headphones product with excellent build quality and modern design.,/abo-images-small (1)/images/small/9c/9cfc1535.jpg
D:\FYP Project\fypapp\abo-images-small (1)\images\small\09\098d83ba.jpg,Android Phone,Smartphones,699.99,A high-quality android phone — smartphones product with excellent build quality and modern design.,/abo-images-small (1)/images/small/09/098d83ba.jpg
D:\FYP Project\fypapp\abo-images-small (1)\images\small\c7\c7e7d0aa.jpg,Recliner,Chairs,199.99,A high-quality recliner — chairs product with excellent build quality and modern design.,/abo-images-small (1)/images/small/c7/c7e7d0aa.jpg
D:\FYP Project\fypapp\abo-images-small (1)\images\small\12\122ef676.jpg,Cookware Set,Cookware,89.99,A high-quality cookware set — cookware product with excellent build quality and modern design.,/abo-images-small (1)/images/small/12/122ef676.jpg
D:\FYP Project\fypapp\abo-images-small (1)\images\small\89\89e86bd2.jpg,Mobile Phone,Smartphones,699.99,A high-quality mobile phone — smartphones product with excellent build quality and modern design.,/abo-images-small (1)/images/small/89/89e86bd2.jpg
D:\FYP Project\fypapp\abo-images-small (1)\images\small\af\af740b19.jpg,Blender,Appliances,129.99,A high-quality blender — appliances product with excellent build quality and modern design.,/abo-images-small (1)/images/small/af/af740b19.jpg
D:\FYP Project\fypapp\abo-images-small (1)\images\small\86\86673bf7.jpg,Yoga Mat,Sports,34.99,A high-quality yoga mat — sports product with excellent build quality and modern design.,/abo-images-small (1)/images/small/86/86673bf7.jpg
D:\FYP Project\fypapp\abo-images-small (1)\images\small\c0\c0f2c5f3.jpg,Microwave,Appliances,129.99,A high-quality microwave — appliances product with excellent build quality and modern design.,/abo-images-small (1)/images/small/c0/c0f2c5f3.jpg
D:\FYP Project\fypapp\abo-images-small (1)\images\small\82\820c51de.jpg,Fitness Equipment,Sports,34.99,A high-quality fitness equipment — sports product with excellent build quality and modern design.,/abo-images-small (1)/images/small/82/820c51de.jpg
D:\FYP Project\fypapp\abo-images-small (1)\images\small\50\5032aba7.jpg,Recliner,Chairs,199.99,A high-quality recliner — chairs product with excellent build quality and modern design.,/abo-images-small (1)/images/small/50/5032aba7.jpg
D:\FYP Project\fypapp\abo-images-small (1)\images\small\0a\0a331995.jpg,Headphones,Headphones,149.99,A high-quality headphones — headphones product with excellent build quality and modern design.,/abo-images-small (1)/images/small/0a/0a331995.jpg
D:\FYP Project\fypapp\abo-images-small (1)\images\small\6d\6dcf5191.jpg,Resistance Bands,Sports,34.99,A high-quality resistance bands — sports product with excellent build quality and modern design.,/abo-images-small (1)/images/small/6d/6dcf5191.jpg
D:\FYP Project\fypapp\abo-images-small (1)\images\small\d8\d8957638.jpg,Polo Shirt,Shirts,39.99,A high-quality polo shirt — shirts product with excellent build quality and modern design.,/abo-images-small (1)/images/small/d8/d8957638.jpg
D:\FYP Project\fypapp\abo-images-small (1)\images\small\72\72c58c9e.jpg,Boots,Shoes,89.99,A high-quality boots — shoes product with excellent build quality and modern design.,/abo-images-small (1)/images/small/72/72c58c9e.jpg
D:\FYP Project\fypapp\abo-images-small (1)\images\small\31\31652409.jpg,Dining Table,Tables,299.99,A high-quality dining table — tables product with excellent build quality and modern design.,/abo-images-small (1)/images/small/31/31652409.jpg
D:\FYP Project\fypapp\abo-images-small (1)\images\small\2e\2ea181c2.jpg,Mobile Phone,Smartphones,699.99,A high-quality mobile phone — smartphones product with excellent build quality and modern design.,/abo-images-small (1)/images/small/2e/2ea181c2.jpg
D:\FYP Project\fypapp\abo-images-small (1)\images\small\e9\e9af9be6.jpg,Side Table,Tables,299.99,A high-quality side table — tables product with excellent build quality and modern design.,/abo-images-small (1)/images/small/e9/e9af9be6.jpg
D:\FYP Project\fypapp\abo-images-small (1)\images\small\e7\e793b33a.jpg,iPhone,Smartphones,699.99,A high-quality iphone — smartphones product with excellent build quality and modern design.,/abo-images-small (1)/images/small/e7/e793b33a.jpg
D:\FYP Project\fypapp\abo-images-small (1)\images\small\2e\2efa3f4d.jpg,Mobile Phone,Smartphones,699.99,A high-quality mobile phone — smartphones product with excellent build quality and modern design.,/abo-images-small (1)/images/small/2e/2efa3f4d.jpg
D:\FYP Project\fypapp\abo-images-small (1)\images\small\b8\b86f6c6f.jpg,Polo Shirt,Shirts,39.99,A high-quality polo shirt — shirts product with excellent build quality and modern design.,/abo-images-small (1)/images/small/b8/b86f6c6f.jpg
D:\FYP Project\fypapp\abo-images-small (1)\images\small\1b\1b38ab6c.jpg,Mobile Phone,Smartphones,699.99,A high-quality mobile phone — smartphones product with excellent build quality and modern design.,/abo-images-small (1)/images/small/1b/1b38ab6c.jpg
D:\FYP Project\fypapp\abo-images-small (1)\images\small\06\06ecc687.jpg,Casual Shoes,Shoes,89.99,A high-quality casual shoes — shoes product with excellent build quality and modern design.,/abo-images-small (1)/images/small/06/06ecc687.jpg
D:\FYP Project\fypapp\abo-images-small (1)\images\small\bd\bd8d53c3.jpg,Skillet,Cookware,89.99,A high-quality skillet — cookware product with excellent build quality and modern design.,/abo-images-small (1)/images/small/bd/bd8d53c3.jpg
D:\FYP Project\fypapp\abo-images-small (1)\images\small\4d\4d02e387.jpg,Cookware Set,Cookware,89.99,A high-quality cookware set — cookware product with excellent build quality and modern design.,/abo-images-small (1)/images/small/4d/4d02e387.jpg
D:\FYP Project\fypapp\abo-images-small (1)\images\small\32\3244bed0.jpg,Running Shoes,Shoes,89.99,A high-quality running shoes — shoes product with excellent build quality and modern design.,/abo-images-small (1)/images/small/32/3244bed0.jpg
D:\FYP Project\fypapp\abo-images-small (1)\images\small\93\936c621f.jpg,Digital Tablet,Tablets,449.99,A high-quality digital tablet — tablets product with excellent build quality and modern design.,/abo-images-small (1)/images/small/93/936c621f.jpg
D:\FYP Project\fypapp\abo-images-small (1)\images\small\24\24e21d8e.jpg,Mug Set,Dinnerware,49.99,A high-quality mug set — dinnerware product with excellent build quality and modern design.,/abo-images-small (1)/images/small/24/24e21d8e.jpg
D:\FYP Project\fypapp\abo-images-small (1)\images\small\54\54225bfa.jpg,DSLR Camera,Cameras,549.99,A high-quality dslr camera — cameras product with excellent build quality and modern design.,/abo-images-small (1)/images/small/54/54225bfa.jpg
D:\FYP Project\fypapp\abo-images-small (1)\images\small\68\68a993c6.jpg,Casual Shoes,Shoes,89.99,A high-quality casual shoes — shoes product with excellent build quality and modern design.,/abo-images-small (1)/images/small/68/68a993c6.jpg
D:\FYP Project\fypapp\abo-images-small (1)\images\small\28\28bd4904.jpg,Android Tablet,Tablets,449.99,A high-quality android tablet — tablets product with excellent build quality and modern design.,/abo-images-small (1)/images/small/28/28bd4904.jpg
D:\FYP Project\fypapp\abo-images-small (1)\images\small\10\1016313b.jpg,Yoga Mat,Sports,34.99,A high-quality yoga mat — sports product with excellent build quality and modern design.,/abo-images-small (1)/images/small/10/1016313b.jpg
D:\FYP Project\fypapp\abo-images-small (1)\images\small\54\5453a5f7.jpg,Running Shoes,Shoes,89.99,A high-quality running shoes — shoes product with excellent build quality and modern design.,/abo-images-small (1)/images/small/54/5453a5f7.jpg
D:\FYP Project\fypapp\abo-images-small (1)\images\small\c3\c36898a8.jpg,Over-Ear Headphones,Headphones,149.99,A high-quality over-ear headphones — headphones product with excellent build quality and modern design.,/abo-images-small (1)/images/small/c3/c36898a8.jpg
D:\FYP Project\fypapp\abo-images-small (1)\images\small\15\1524a96b.jpg,Smartphone,Smartphones,699.99,A high-quality smartphone — smartphones product with excellent build quality and modern design.,/abo-images-small (1)/images/small/15/1524a96b.jpg
D:\FYP Project\fypapp\abo-images-small (1)\images\small\ef\ef9530e9.jpg,Maxi Dress,Dresses,59.99,A high-quality maxi dress — dresses product with excellent build quality and modern design.,/abo-images-small (1)/images/small/ef/ef9530e9.jpg
D:\FYP Project\fypapp\abo-images-small (1)\images\small\06\0616d2e4.jpg,Exercise Gear,Sports,34.99,A high-quality exercise gear — sports product with excellent build quality and modern design.,/abo-images-small (1)/images/small/06/0616d2e4.jpg
D:\FYP Project\fypapp\abo-images-small (1)\images\small\b4\b41b3966.jpg,Smartphone,Smartphones,699.99,A high-quality smartphone — smartphones product with excellent build quality and modern design.,/abo-images-small (1)/images/small/b4/b41b3966.jpg
D:\FYP Project\fypapp\abo-images-small (1)\images\small\55\557013db.jpg,Resistance Bands,Sports,34.99,A high-quality resistance bands — sports product with excellent build quality and modern design.,/abo-images-small (1)/images/small/55/557013db.jpg
D:\FYP Project\fypapp\abo-images-small (1)\images\small\30\308800db.jpg,Sectional Sofa,Sofas,799.99,A high-quality sectional sofa — sofas product with excellent build quality and modern design.,/abo-images-small (1)/images/small/30/308800db.jpg
D:\FYP Project\fypapp\abo-images-small (1)\images\small\65\656b8a8f.jpg,Boots,Shoes,89.99,A high-quality boots — shoes product with excellent build quality and modern design.,/abo-images-small (1)/images/small/65/656b8a8f.jpg
D:\FYP Project\fypapp\abo-images-small (1)\images\small\be\bee664be.jpg,Yoga Mat,Sports,34.99,A high-quality yoga mat — sports product with excellent build quality and modern design.,/abo-images-small (1)/images/small/be/bee664be.jpg
D:\FYP Project\fypapp\abo-images-small (1)\images\small\00\00847c7d.jpg,Mobile Phone,Smartphones,699.99,A high-quality mobile phone — smartphones product with excellent build quality and modern design.,/abo-images-small (1)/images/small/00/00847c7d.jpg
D:\FYP Project\fypapp\abo-images-small (1)\images\small\7a\7a4a5c5e.jpg,Summer Dress,Dresses,59.99,A high-quality summer dress — dresses product with excellent build quality and modern design.,/abo-images-small (1)/images/small/7a/7a4a5c5e.jpg
D:\FYP Project\fypapp\abo-images-small (1)\images\small\54\54fe6a03.jpg,Mug Set,Dinnerware,49.99,A high-quality mug set — dinnerware product with excellent build quality and modern design.,/abo-images-small (1)/images/small/54/54fe6a03.jpg
D:\FYP Project\fypapp\abo-images-small (1)\images\small\91\91200189.jpg,Jacket,Jackets,119.99,A high-quality jacket — jackets product with excellent build quality and modern design.,/abo-images-small (1)/images/small/91/91200189.jpg
D:\FYP Project\fypapp\abo-images-small (1)\images\small\41\418e401d.jpg,Mobile Phone,Smartphones,699.99,A high-quality mobile phone — smartphones product with excellent build quality and modern design.,/abo-images-small (1)/images/small/41/418e401d.jpg
D:\FYP Project\fypapp\abo-images-small (1)\images\small\dc\dc36ceab.jpg,Casual Shoes,Shoes,89.99,A high-quality casual shoes — shoes product with excellent build quality and modern design.,/abo-images-small (1)/images/small/dc/dc36ceab.jpg
D:\FYP Project\fypapp\abo-images-small (1)\images\small\7c\7c912fb0.jpg,Casual Top,Shirts,39.99,A high-quality casual top — shirts product with excellent build quality and modern design.,/abo-images-small (1)/images/small/7c/7c912fb0.jpg
D:\FYP Project\fypapp\abo-images-small (1)\images\small\17\170a5b79.jpg,Dining Table,Tables,299.99,A high-quality dining table — tables product with excellent build quality and modern design.,/abo-images-small (1)/images/small/17/170a5b79.jpg
D:\FYP Project\fypapp\abo-images-small (1)\images\small\bc\bc59dd37.jpg,Couch,Sofas,799.99,A high-quality couch — sofas product with excellent build quality and modern design.,/abo-images-small (1)/images/small/bc/bc59dd37.jpg
D:\FYP Project\fypapp\abo-images-small (1)\images\small\b9\b9127a91.jpg,Android Phone,Smartphones,699.99,A high-quality android phone — smartphones product with excellent build quality and modern design.,/abo-images-small (1)/images/small/b9/b9127a91.jpg
D:\FYP Project\fypapp\abo-images-small (1)\images\small\e1\e1184ab2.jpg,Skillet,Cookware,89.99,A high-quality skillet — cookware product with excellent build quality and modern design.,/abo-images-small (1)/images/small/e1/e1184ab2.jpg
D:\FYP Project\fypapp\abo-images-small (1)\images\small\f2\f28ef7e5.jpg,Smartphone,Smartphones,699.99,A high-quality smartphone — smartphones product with excellent build quality and modern design.,/abo-images-small (1)/images/small/f2/f28ef7e5.jpg
D:\FYP Project\fypapp\abo-images-small (1)\images\small\a4\a40ec778.jpg,Mobile Phone,Smartphones,699.99,A high-quality mobile phone — smartphones product with excellent build quality and modern design.,/abo-images-small (1)/images/small/a4/a40ec778.jpg
D:\FYP Project\fypapp\abo-images-small (1)\images\small\0e\0ea62117.jpg,Android Phone,Smartphones,699.99,A high-quality android phone — smartphones product with excellent build quality and modern design.,/abo-images-small (1)/images/small/0e/0ea62117.jpg
D:\FYP Project\fypapp\abo-images-small (1)\images\small\86\86a31fdb.jpg,iPhone,Smartphones,699.99,A high-quality iphone — smartphones product with excellent build quality and modern design.,/abo-images-small (1)/images/small/86/86a31fdb.jpg
D:\FYP Project\fypapp\abo-images-small (1)\images\small\58\58818e22.jpg,Resistance Bands,Sports,34.99,A high-quality resistance bands — sports product with excellent build quality and modern design.,/abo-images-small (1)/images/small/58/58818e22.jpg
D:\FYP Project\fypapp\abo-images-small (1)\images\small\06\06165688.jpg,Cooking Pot,Cookware,89.99,A high-quality cooking pot — cookware product with excellent build quality and modern design.,/abo-images-small (1)/images/small/06/06165688.jpg
D:\FYP Project\fypapp\abo-images-small (1)\images\small\7b\7b62d648.jpg,Exercise Gear,Sports,34.99,A high-quality exercise gear — sports product with excellent build quality and modern design.,/abo-images-small (1)/images/small/7b/7b62d648.jpg
D:\FYP Project\fypapp\abo-images-small (1)\images\small\17\1709fab2.jpg,Smartphone,Smartphones,699.99,A high-quality smartphone — smartphones product with excellent build quality and modern design.,/abo-images-small (1)/images/small/17/1709fab2.jpg
D:\FYP Project\fypapp\abo-images-small (1)\images\small\77\772d0670.jpg,Microwave,Appliances,129.99,A high-quality microwave — appliances product with excellent build quality and modern design.,/abo-images-small (1)/images/small/77/772d0670.jpg
D:\FYP Project\fypapp\abo-images-small (1)\images\small\55\554b7275.jpg,Side Table,Tables,299.99,A high-quality side table — tables product with excellent build quality and modern design.,/abo-images-small (1)/images/small/55/554b7275.jpg
D:\FYP Project\fypapp\abo-images-small (1)\images\small\22\2232839f.jpg,iPhone,Smartphones,699.99,A high-quality iphone — smartphones product with excellent build quality and modern design.,/abo-images-small (1)/images/small/22/2232839f.jpg
D:\FYP Project\fypapp\abo-images-small (1)\images\small\d1\d14d4c27.jpg,Dinnerware Set,Dinnerware,49.99,A high-quality dinnerware set — dinnerware product with excellent build quality and modern design.,/abo-images-small (1)/images/small/d1/d14d4c27.jpg
D:\FYP Project\fypapp\abo-images-small (1)\images\small\e5\e5336020.jpg,Mobile Phone,Smartphones,699.99,A high-quality mobile phone — smartphones product with excellent build quality and modern design.,/abo-images-small (1)/images/small/e5/e5336020.jpg
D:\FYP Project\fypapp\abo-images-small (1)\images\small\cb\cbfe5576.jpg,Skillet,Cookware,89.99,A high-quality skillet — cookware product with excellent build quality and modern design.,/abo-images-small (1)/images/small/cb/cbfe5576.jpg
D:\FYP Project\fypapp\abo-images-small (1)\images\small\cf\cfe77d86.jpg,Yoga Mat,Sports,34.99,A high-quality yoga mat — sports product with excellent build quality and modern design.,/abo-images-small (1)/images/small/cf/cfe77d86.jpg
D:\FYP Project\fypapp\abo-images-small (1)\images\small\e0\e03173ef.jpg,Mobile Phone,Smartphones,699.99,A high-quality mobile phone — smartphones product with excellent build quality and modern design.,/abo-images-small (1)/images/small/e0/e03173ef.jpg
D:\FYP Project\fypapp\abo-images-small (1)\images\small\dd\dd1c0cab.jpg,Android Phone,Smartphones,699.99,A high-quality android phone — smartphones product with excellent build quality and modern design.,/abo-images-small (1)/images/small/dd/dd1c0cab.jpg
D:\FYP Project\fypapp\abo-images-small (1)\images\small\a6\a6995aaf.jpg,Exercise Gear,Sports,34.99,A high-quality exercise gear — sports product with excellent build quality and modern design.,/abo-images-small (1)/images/small/a6/a6995aaf.jpg
D:\FYP Project\fypapp\abo-images-small (1)\images\small\3e\3ee251a3.jpg,Smartphone,Smartphones,699.99,A high-quality smartphone — smartphones product with excellent build quality and modern design.,/abo-images-small (1)/images/small/3e/3ee251a3.jpg
D:\FYP Project\fypapp\abo-images-small (1)\images\small\2d\2d94a271.jpg,Mobile Phone,Smartphones,699.99,A high-quality mobile phone — smartphones product with excellent build quality and modern design.,/abo-images-small (1)/images/small/2d/2d94a271.jpg
D:\FYP Project\fypapp\abo-images-small (1)\images\small\15\15370cb3.jpg,Side Table,Tables,299.99,A high-quality side table — tables product with excellent build quality and modern design.,/abo-images-small (1)/images/small/15/15370cb3.jpg
D:\FYP Project\fypapp\abo-images-small (1)\images\small\9e\9eb35192.jpg,Coffee Maker,Appliances,129.99,A high-quality coffee maker — appliances product with excellent build quality and modern design.,/abo-images-small (1)/images/small/9e/9eb35192.jpg
D:\FYP Project\fypapp\abo-images-small (1)\images\small\0c\0c99eace.jpg,Tablet,Tablets,449.99,A high-quality tablet — tablets product with excellent build quality and modern design.,/abo-images-small (1)/images/small/0c/0c99eace.jpg
D:\FYP Project\fypapp\abo-images-small (1)\images\small\cf\cf0667e3.jpg,Couch,Sofas,799.99,A high-quality couch — sofas product with excellent build quality and modern design.,/abo-images-small (1)/images/small/cf/cf0667e3.jpg
D:\FYP Project\fypapp\abo-images-small (1)\images\small\47\47889847.jpg,King Bed,Beds,499.99,A high-quality king bed — beds product with excellent build quality and modern design.,/abo-images-small (1)/images/small/47/47889847.jpg
D:\FYP Project\fypapp\abo-images-small (1)\images\small\0e\0eb31b21.jpg,Platform Bed,Beds,499.99,A high-quality platform bed — beds product with excellent build quality and modern design.,/abo-images-small (1)/images/small/0e/0eb31b21.jpg
D:\FYP Project\fypapp\abo-images-small (1)\images\small\eb\ebe99602.jpg,Dining Table,Tables,299.99,A high-quality dining table — tables product with excellent build quality and modern design.,/abo-images-small (1)/images/small/eb/ebe99602.jpg
D:\FYP Project\fypapp\abo-images-small (1)\images\small\0e\0e3faa61.jpg,iPad,Tablets,449.99,A high-quality ipad — tablets product with excellent build quality and modern design.,/abo-images-small (1)/images/small/0e/0e3faa61.jpg
D:\FYP Project\fypapp\abo-images-small (1)\images\small\6d\6d055a33.jpg,Android Phone,Smartphones,699.99,A high-quality android phone — smartphones product with excellent build quality and modern design.,/abo-images-small (1)/images/small/6d/6d055a33.jpg
D:\FYP Project\fypapp\abo-images-small (1)\images\small\6b\6b2daac6.jpg,Desk,Tables,299.99,A high-quality desk — tables product with excellent build quality and modern design.,/abo-images-small (1)/images/small/6b/6b2daac6.jpg
D:\FYP Project\fypapp\abo-images-small (1)\images\small\8a\8a726b4c.jpg,Sofa,Sofas,799.99,A high-quality sofa — sofas product with excellent build quality and modern design.,/abo-images-small (1)/images/small/8a/8a726b4c.jpg
D:\FYP Project\fypapp\abo-images-small (1)\images\small\a5\a5341885.jpg,Running Shoes,Shoes,89.99,A high-quality running shoes — shoes product with excellent build quality and modern design.,/abo-images-small (1)/images/small/a5/a5341885.jpg
D:\FYP Project\fypapp\abo-images-small (1)\images\small\58\587ce8bd.jpg,Straight Jeans,Jeans,69.99,A high-quality straight jeans — jeans product with excellent build quality and modern design.,/abo-images-small (1)/images/small/58/587ce8bd.jpg
D:\FYP Project\fypapp\abo-images-small (1)\images\small\0c\0c7fd595.jpg,Coffee Maker,Appliances,129.99,A high-quality coffee maker — appliances product with excellent build quality and modern design.,/abo-images-small (1)/images/small/0c/0c7fd595.jpg
D:\FYP Project\fypapp\abo-images-small (1)\images\small\dc\dc61f90c.jpg,Tablet,Tablets,449.99,A high-quality tablet — tablets product with excellent build quality and modern design.,/abo-images-small (1)/images/small/dc/dc61f90c.jpg
D:\FYP Project\fypapp\abo-images-small (1)\images\small\63\6363a107.jpg,Running Shoes,Shoes,89.99,A high-quality running shoes — shoes product with excellent build quality and modern design.,/abo-images-small (1)/images/small/63/6363a107.jpg
D:\FYP Project\fypapp\abo-images-small (1)\images\small\7b\7b61a1de.jpg,Bowl Set,Dinnerware,49.99,A high-quality bowl set — dinnerware product with excellent build quality and modern design.,/abo-images-small (1)/images/small/7b/7b61a1de.jpg
D:\FYP Project\fypapp\abo-images-small (1)\images\small\e4\e4958021.jpg,Android Tablet,Tablets,449.99,A high-quality android tablet — tablets product with excellent build quality and modern design.,/abo-images-small (1)/images/small/e4/e4958021.jpg
D:\FYP Project\fypapp\abo-images-small (1)\images\small\d5\d5bd4bb1.jpg,Office Chair,Chairs,199.99,A high-quality office chair — chairs product with excellent build quality and modern design.,/abo-images-small (1)/images/small/d5/d5bd4bb1.jpg
D:\FYP Project\fypapp\abo-images-small (1)\images\small\c2\c23ae926.jpg,Ceramic Plates,Dinnerware,49.99,A high-quality ceramic plates — dinnerware product with excellent build quality and modern design.,/abo-images-small (1)/images/small/c2/c23ae926.jpg
D:\FYP Project\fypapp\abo-images-small (1)\images\small\29\2969b618.jpg,Android Phone,Smartphones,699.99,A high-quality android phone — smartphones product with excellent build quality and modern design.,/abo-images-small (1)/images/small/29/2969b618.jpg
D:\FYP Project\fypapp\abo-images-small (1)\images\small\7f\7f003ace.jpg,Boots,Shoes,89.99,A high-quality boots — shoes product with excellent build quality and modern design.,/abo-images-small (1)/images/small/7f/7f003ace.jpg
D:\FYP Project\fypapp\abo-images-small (1)\images\small\98\981aceef.jpg,Tablet,Tablets,449.99,A high-quality tablet — tablets product with excellent build quality and modern design.,/abo-images-small (1)/images/small/98/981aceef.jpg
D:\FYP Project\fypapp\abo-images-small (1)\images\small\8b\8b5f6234.jpg,Mobile Phone,Smartphones,699.99,A high-quality mobile phone — smartphones product with excellent build quality and modern design.,/abo-images-small (1)/images/small/8b/8b5f6234.jpg
D:\FYP Project\fypapp\abo-images-small (1)\images\small\bc\bcc50936.jpg,Android Phone,Smartphones,699.99,A high-quality android phone — smartphones product with excellent build quality and modern design.,/abo-images-small (1)/images/small/bc/bcc50936.jpg
D:\FYP Project\fypapp\abo-images-small (1)\images\small\86\869c052e.jpg,Windbreaker,Jackets,119.99,A high-quality windbreaker — jackets product with excellent build quality and modern design.,/abo-images-small (1)/images/small/86/869c052e.jpg
D:\FYP Project\fypapp\abo-images-small (1)\images\small\75\75468b49.jpg,Yoga Mat,Sports,34.99,A high-quality yoga mat — sports product with excellent build quality and modern design.,/abo-images-small (1)/images/small/75/75468b49.jpg
D:\FYP Project\fypapp\abo-images-small (1)\images\small\ad\ad908d5d.jpg,Android Phone,Smartphones,699.99,A high-quality android phone — smartphones product with excellent build quality and modern design.,/abo-images-small (1)/images/small/ad/ad908d5d.jpg
D:\FYP Project\fypapp\abo-images-small (1)\images\small\ad\adf266ba.jpg,iPhone,Smartphones,699.99,A high-quality iphone — smartphones product with excellent build quality and modern design.,/abo-images-small (1)/images/small/ad/adf266ba.jpg
D:\FYP Project\fypapp\abo-images-small (1)\images\small\c7\c7377726.jpg,Smartphone,Smartphones,699.99,A high-quality smartphone — smartphones product with excellent build quality and modern design.,/abo-images-small (1)/images/small/c7/c7377726.jpg
D:\FYP Project\fypapp\abo-images-small (1)\images\small\5c\5cc5ab71.jpg,Coffee Table,Tables,299.99,A high-quality coffee table — tables product with excellent build quality and modern design.,/abo-images-small (1)/images/small/5c/5cc5ab71.jpg
D:\FYP Project\fypapp\abo-images-small (1)\images\small\1c\1c30d48e.jpg,Digital Tablet,Tablets,449.99,A high-quality digital tablet — tablets product with excellent build quality and modern design.,/abo-images-small (1)/images/small/1c/1c30d48e.jpg
D:\FYP Project\fypapp\abo-images-small (1)\images\small\93\93f93632.jpg,Desk,Tables,299.99,A high-quality desk — tables product with excellent build quality and modern design.,/abo-images-small (1)/images/small/93/93f93632.jpg
D:\FYP Project\fypapp\abo-images-small (1)\images\small\ce\ce6a60fd.jpg,Yoga Mat,Sports,34.99,A high-quality yoga mat — sports product with excellent build quality and modern design.,/abo-images-small (1)/images/small/ce/ce6a60fd.jpg
D:\FYP Project\fypapp\abo-images-small (1)\images\small\3e\3e396716.jpg,Android Phone,Smartphones,699.99,A high-quality android phone — smartphones product with excellent build quality and modern design.,/abo-images-small (1)/images/small/3e/3e396716.jpg
D:\FYP Project\fypapp\abo-images-small (1)\images\small\66\6635ff27.jpg,Android Tablet,Tablets,449.99,A high-quality android tablet — tablets product with excellent build quality and modern design.,/abo-images-small (1)/images/small/66/6635ff27.jpg
D:\FYP Project\fypapp\abo-images-small (1)\images\small\6e\6e593eaa.jpg,Kitchen Appliance,Appliances,129.99,A high-quality kitchen appliance — appliances product with excellent build quality and modern design.,/abo-images-small (1)/images/small/6e/6e593eaa.jpg
D:\FYP Project\fypapp\abo-images-small (1)\images\small\b8\b83b3bc0.jpg,Mobile Phone,Smartphones,699.99,A high-quality mobile phone — smartphones product with excellent build quality and modern design.,/abo-images-small (1)/images/small/b8/b83b3bc0.jpg
D:\FYP Project\fypapp\abo-images-small (1)\images\small\70\70b26967.jpg,Boots,Shoes,89.99,A high-quality boots — shoes product with excellent build quality and modern design.,/abo-images-small (1)/images/small/70/70b26967.jpg
D:\FYP Project\fypapp\abo-images-small (1)\images\small\6a\6a25b4ae.jpg,Coffee Table,Tables,299.99,A high-quality coffee table — tables product with excellent build quality and modern design.,/abo-images-small (1)/images/small/6a/6a25b4ae.jpg
D:\FYP Project\fypapp\abo-images-small (1)\images\small\f1\f1376a66.jpg,Casual Shoes,Shoes,89.99,A high-quality casual shoes — shoes product with excellent build quality and modern design.,/abo-images-small (1)/images/small/f1/f1376a66.jpg
D:\FYP Project\fypapp\abo-images-small (1)\images\small\94\94c434e4.jpg,iPhone,Smartphones,699.99,A high-quality iphone — smartphones product with excellent build quality and modern design.,/abo-images-small (1)/images/small/94/94c434e4.jpg
D:\FYP Project\fypapp\abo-images-small (1)\images\small\3a\3a082d9d.jpg,Smartphone,Smartphones,699.99,A high-quality smartphone — smartphones product with excellent build quality and modern design.,/abo-images-small (1)/images/small/3a/3a082d9d.jpg
D:\FYP Project\fypapp\abo-images-small (1)\images\small\9a\9ad914a1.jpg,Ceramic Plates,Dinnerware,49.99,A high-quality ceramic plates — dinnerware product with excellent build quality and modern design.,/abo-images-small (1)/images/small/9a/9ad914a1.jpg
D:\FYP Project\fypapp\abo-images-small (1)\images\small\79\79fd4e50.jpg,Puffer Jacket,Jackets,119.99,A high-quality puffer jacket — jackets product with excellent build quality and modern design.,/abo-images-small (1)/images/small/79/79fd4e50.jpg
D:\FYP Project\fypapp\abo-images-small (1)\images\small\9b\9b8b4d1c.jpg,Loveseat,Sofas,799.99,A high-quality loveseat — sofas product with excellent build quality and modern design.,/abo-images-small (1)/images/small/9b/9b8b4d1c.jpg
D:\FYP Project\fypapp\abo-images-small (1)\images\small\bf\bf377cf7.jpg,Yoga Mat,Sports,34.99,A high-quality yoga mat — sports product with excellent build quality and modern design.,/abo-images-small (1)/images/small/bf/bf377cf7.jpg
D:\FYP Project\fypapp\abo-images-small (1)\images\small\97\978c87b1.jpg,Fitness Equipment,Sports,34.99,A high-quality fitness equipment — sports product with excellent build quality and modern design.,/abo-images-small (1)/images/small/97/978c87b1.jpg
D:\FYP Project\fypapp\abo-images-small (1)\images\small\e4\e468719d.jpg,Boots,Shoes,89.99,A high-quality boots — shoes product with excellent build quality and modern design.,/abo-images-small (1)/images/small/e4/e468719d.jpg
D:\FYP Project\fypapp\abo-images-small (1)\images\small\13\1381b6b1.jpg,Cookware Set,Cookware,89.99,A high-quality cookware set — cookware product with excellent build quality and modern design.,/abo-images-small (1)/images/small/13/1381b6b1.jpg
D:\FYP Project\fypapp\abo-images-small (1)\images\small\d7\d70cd9f6.jpg,Mobile Phone,Smartphones,699.99,A high-quality mobile phone — smartphones product with excellent build quality and modern design.,/abo-images-small (1)/images/small/d7/d70cd9f6.jpg
D:\FYP Project\fypapp\abo-images-small (1)\images\small\7d\7dc10b0d.jpg,Backpack,Outdoors,149.99,A high-quality backpack — outdoors product with excellent build quality and modern design.,/abo-images-small (1)/images/small/7d/7dc10b0d.jpg
D:\FYP Project\fypapp\abo-images-small (1)\images\small\f9\f99f7ec7.jpg,Laptop,Laptops,899.99,A high-quality laptop — laptops product with excellent build quality and modern design.,/abo-images-small (1)/images/small/f9/f99f7ec7.jpg
D:\FYP Project\fypapp\abo-images-small (1)\images\small\c5\c55f2041.jpg,Hiking Gear,Outdoors,149.99,A high-quality hiking gear — outdoors product with excellent build quality and modern design.,/abo-images-small (1)/images/small/c5/c55f2041.jpg
D:\FYP Project\fypapp\abo-images-small (1)\images\small\30\303b9a50.jpg,Casual Shoes,Shoes,89.99,A high-quality casual shoes — shoes product with excellent build quality and modern design.,/abo-images-small (1)/images/small/30/303b9a50.jpg
D:\FYP Project\fypapp\abo-images-small (1)\images\small\d3\d33c3d9c.jpg,Backpack,Outdoors,149.99,A high-quality backpack — outdoors product with excellent build quality and modern design.,/abo-images-small (1)/images/small/d3/d33c3d9c.jpg
D:\FYP Project\fypapp\abo-images-small (1)\images\small\0c\0c157c18.jpg,Dining Table,Tables,299.99,A high-quality dining table — tables product with excellent build quality and modern design.,/abo-images-small (1)/images/small/0c/0c157c18.jpg
D:\FYP Project\fypapp\abo-images-small (1)\images\small\d0\d099e643.jpg,Non-Stick Pan,Cookware,89.99,A high-quality non-stick pan — cookware product with excellent build quality and modern design.,/abo-images-small (1)/images/small/d0/d099e643.jpg
D:\FYP Project\fypapp\abo-images-small (1)\images\small\16\16db1584.jpg,Fitness Equipment,Sports,34.99,A high-quality fitness equipment — sports product with excellent build quality and modern design.,/abo-images-small (1)/images/small/16/16db1584.jpg
D:\FYP Project\fypapp\abo-images-small (1)\images\small\53\53b164dd.jpg,Casual Top,Shirts,39.99,A high-quality casual top — shirts product with excellent build quality and modern design.,/abo-images-small (1)/images/small/53/53b164dd.jpg
D:\FYP Project\fypapp\abo-images-small (1)\images\small\7c\7cfa58ee.jpg,Non-Stick Pan,Cookware,89.99,A high-quality non-stick pan — cookware product with excellent build quality and modern design.,/abo-images-small (1)/images/small/7c/7cfa58ee.jpg
D:\FYP Project\fypapp\abo-images-small (1)\images\small\85\8545866b.jpg,Fitness Equipment,Sports,34.99,A high-quality fitness equipment — sports product with excellent build quality and modern design.,/abo-images-small (1)/images/small/85/8545866b.jpg
D:\FYP Project\fypapp\abo-images-small (1)\images\small\0b\0b8de0cc.jpg,Windbreaker,Jackets,119.99,A high-quality windbreaker — jackets product with excellent build quality and modern design.,/abo-images-small (1)/images/small/0b/0b8de0cc.jpg
D:\FYP Project\fypapp\abo-images-small (1)\images\small\34\34affd12.jpg,Office Chair,Chairs,199.99,A high-quality office chair — chairs product with excellent build quality and modern design.,/abo-images-small (1)/images/small/34/34affd12.jpg
D:\FYP Project\fypapp\abo-images-small (1)\images\small\9c\9cbe0496.jpg,Mobile Phone,Smartphones,699.99,A high-quality mobile phone — smartphones product with excellent build quality and modern design.,/abo-images-small (1)/images/small/9c/9cbe0496.jpg
D:\FYP Project\fypapp\abo-images-small (1)\images\small\80\8019c884.jpg,Over-Ear Headphones,Headphones,149.99,A high-quality over-ear headphones — headphones product with excellent build quality and modern design.,/abo-images-small (1)/images/small/80/8019c884.jpg
D:\FYP Project\fypapp\abo-images-small (1)\images\small\80\808e68d9.jpg,iPhone,Smartphones,699.99,A high-quality iphone — smartphones product with excellent build quality and modern design.,/abo-images-small (1)/images/small/80/808e68d9.jpg
D:\FYP Project\fypapp\abo-images-small (1)\images\small\ff\ffb0d7c3.jpg,Smartphone,Smartphones,699.99,A high-quality smartphone — smartphones product with excellent build quality and modern design.,/abo-images-small (1)/images/small/ff/ffb0d7c3.jpg
D:\FYP Project\fypapp\abo-images-small (1)\images\small\1a\1a16a00c.jpg,Mobile Phone,Smartphones,699.99,A high-quality mobile phone — smartphones product with excellent build quality and modern design.,/abo-images-small (1)/images/small/1a/1a16a00c.jpg
D:\FYP Project\fypapp\abo-images-small (1)\images\small\b6\b6577e49.jpg,Android Phone,Smartphones,699.99,A high-quality android phone — smartphones product with excellent build quality and modern design.,/abo-images-small (1)/images/small/b6/b6577e49.jpg
D:\FYP Project\fypapp\abo-images-small (1)\images\small\7e\7ec53f06.jpg,Boots,Shoes,89.99,A high-quality boots — shoes product with excellent build quality and modern design.,/abo-images-small (1)/images/small/7e/7ec53f06.jpg
D:\FYP Project\fypapp\abo-images-small (1)\images\small\6c\6c975b66.jpg,Slim Jeans,Jeans,69.99,A high-quality slim jeans — jeans product with excellent build quality and modern design.,/abo-images-small (1)/images/small/6c/6c975b66.jpg
D:\FYP Project\fypapp\abo-images-small (1)\images\small\61\613c268c.jpg,Fitness Equipment,Sports,34.99,A high-quality fitness equipment — sports product with excellent build quality and modern design.,/abo-images-small (1)/images/small/61/613c268c.jpg
D:\FYP Project\fypapp\abo-images-small (1)\images\small\ed\edd46b44.jpg,iPhone,Smartphones,699.99,A high-quality iphone — smartphones product with excellent build quality and modern design.,/abo-images-small (1)/images/small/ed/edd46b44.jpg
D:\FYP Project\fypapp\abo-images-small (1)\images\small\d2\d2d64553.jpg,Smartphone,Smartphones,699.99,A high-quality smartphone — smartphones product with excellent build quality and modern design.,/abo-images-small (1)/images/small/d2/d2d64553.jpg
D:\FYP Project\fypapp\abo-images-small (1)\images\small\09\09568be9.jpg,Mobile Phone,Smartphones,699.99,A high-quality mobile phone — smartphones product with excellent build quality and modern design.,/abo-images-small (1)/images/small/09/09568be9.jpg
D:\FYP Project\fypapp\abo-images-small (1)\images\small\41\4151bc9e.jpg,Android Phone,Smartphones,699.99,A high-quality android phone — smartphones product with excellent build quality and modern design.,/abo-images-small (1)/images/small/41/4151bc9e.jpg
D:\FYP Project\fypapp\abo-images-small (1)\images\small\ae\ae45d453.jpg,Mug Set,Dinnerware,49.99,A high-quality mug set — dinnerware product with excellent build quality and modern design.,/abo-images-small (1)/images/small/ae/ae45d453.jpg
D:\FYP Project\fypapp\abo-images-small (1)\images\small\86\86a813d9.jpg,Office Chair,Chairs,199.99,A high-quality office chair — chairs product with excellent build quality and modern design.,/abo-images-small (1)/images/small/86/86a813d9.jpg
D:\FYP Project\fypapp\abo-images-small (1)\images\small\27\275c886b.jpg,Queen Bed,Beds,499.99,A high-quality queen bed — beds product with excellent build quality and modern design.,/abo-images-small (1)/images/small/27/275c886b.jpg
D:\FYP Project\fypapp\abo-images-small (1)\images\small\5a\5afe5136.jpg,Bowl Set,Dinnerware,49.99,A high-quality bowl set — dinnerware product with excellent build quality and modern design.,/abo-images-small (1)/images/small/5a/5afe5136.jpg
D:\FYP Project\fypapp\abo-images-small (1)\images\small\4c\4c7c9ae7.jpg,Running Shoes,Shoes,89.99,A high-quality running shoes — shoes product with excellent build quality and modern design.,/abo-images-small (1)/images/small/4c/4c7c9ae7.jpg
D:\FYP Project\fypapp\abo-images-small (1)\images\small\63\63407246.jpg,Android Phone,Smartphones,699.99,A high-quality android phone — smartphones product with excellent build quality and modern design.,/abo-images-small (1)/images/small/63/63407246.jpg
D:\FYP Project\fypapp\abo-images-small (1)\images\small\ab\ab80204c.jpg,Desk,Tables,299.99,A high-quality desk — tables product with excellent build quality and modern design.,/abo-images-small (1)/images/small/ab/ab80204c.jpg
D:\FYP Project\fypapp\abo-images-small (1)\images\small\47\47055ccb.jpg,Yoga Mat,Sports,34.99,A high-quality yoga mat — sports product with excellent build quality and modern design.,/abo-images-small (1)/images/small/47/47055ccb.jpg
D:\FYP Project\fypapp\abo-images-small (1)\images\small\c8\c893cac7.jpg,Cooking Pot,Cookware,89.99,A high-quality cooking pot — cookware product with excellent build quality and modern design.,/abo-images-small (1)/images/small/c8/c893cac7.jpg
D:\FYP Project\fypapp\abo-images-small (1)\images\small\d8\d898e72c.jpg,Android Tablet,Tablets,449.99,A high-quality android tablet — tablets product with excellent build quality and modern design.,/abo-images-small (1)/images/small/d8/d898e72c.jpg
D:\FYP Project\fypapp\abo-images-small (1)\images\small\9d\9d375242.jpg,Smartphone,Smartphones,699.99,A high-quality smartphone — smartphones product with excellent build quality and modern design.,/abo-images-small (1)/images/small/9d/9d375242.jpg
D:\FYP Project\fypapp\abo-images-small (1)\images\small\3b\3bc234de.jpg,Mobile Phone,Smartphones,699.99,A high-quality mobile phone — smartphones product with excellent build quality and modern design.,/abo-images-small (1)/images/small/3b/3bc234de.jpg
D:\FYP Project\fypapp\abo-images-small (1)\images\small\1d\1dad4abe.jpg,Earphones,Headphones,149.99,A high-quality earphones — headphones product with excellent build quality and modern design.,/abo-images-small (1)/images/small/1d/1dad4abe.jpg
D:\FYP Project\fypapp\abo-images-small (1)\images\small\6e\6e073477.jpg,Office Chair,Chairs,199.99,A high-quality office chair — chairs product with excellent build quality and modern design.,/abo-images-small (1)/images/small/6e/6e073477.jpg
D:\FYP Project\fypapp\abo-images-small (1)\images\small\78\780ffe5f.jpg,Mobile Phone,Smartphones,699.99,A high-quality mobile phone — smartphones product with excellent build quality and modern design.,/abo-images-small (1)/images/small/78/780ffe5f.jpg
D:\FYP Project\fypapp\abo-images-small (1)\images\small\15\15d9809a.jpg,Android Phone,Smartphones,699.99,A high-quality android phone — smartphones product with excellent build quality and modern design.,/abo-images-small (1)/images/small/15/15d9809a.jpg
D:\FYP Project\fypapp\abo-images-small (1)\images\small\f0\f07cf696.jpg,Sofa,Sofas,799.99,A high-quality sofa — sofas product with excellent build quality and modern design.,/abo-images-small (1)/images/small/f0/f07cf696.jpg
D:\FYP Project\fypapp\abo-images-small (1)\images\small\37\3719c73e.jpg,Mobile Phone,Smartphones,699.99,A high-quality mobile phone — smartphones product with excellent build quality and modern design.,/abo-images-small (1)/images/small/37/3719c73e.jpg
D:\FYP Project\fypapp\abo-images-small (1)\images\small\3c\3c2613ed.jpg,Puffer Jacket,Jackets,119.99,A high-quality puffer jacket — jackets product with excellent build quality and modern design.,/abo-images-small (1)/images/small/3c/3c2613ed.jpg
D:\FYP Project\fypapp\abo-images-small (1)\images\small\7c\7cc99db8.jpg,Backpack,Outdoors,149.99,A high-quality backpack — outdoors product with excellent build quality and modern design.,/abo-images-small (1)/images/small/7c/7cc99db8.jpg
D:\FYP Project\fypapp\abo-images-small (1)\images\small\e1\e13de6bc.jpg,Office Chair,Chairs,199.99,A high-quality office chair — chairs product with excellent build quality and modern design.,/abo-images-small (1)/images/small/e1/e13de6bc.jpg
D:\FYP Project\fypapp\abo-images-small (1)\images\small\d3\d3204c3d.jpg,Mobile Phone,Smartphones,699.99,A high-quality mobile phone — smartphones product with excellent build quality and modern design.,/abo-images-small (1)/images/small/d3/d3204c3d.jpg
D:\FYP Project\fypapp\abo-images-small (1)\images\small\47\475b8623.jpg,Casual Shoes,Shoes,89.99,A high-quality casual shoes — shoes product with excellent build quality and modern design.,/abo-images-small (1)/images/small/47/475b8623.jpg
D:\FYP Project\fypapp\abo-images-small (1)\images\small\2e\2efc3660.jpg,Desk,Tables,299.99,A high-quality desk — tables product with excellent build quality and modern design.,/abo-images-small (1)/images/small/2e/2efc3660.jpg
D:\FYP Project\fypapp\abo-images-small (1)\images\small\ed\ed85a24c.jpg,Smartphone,Smartphones,699.99,A high-quality smartphone — smartphones product with excellent build quality and modern design.,/abo-images-small (1)/images/small/ed/ed85a24c.jpg
D:\FYP Project\fypapp\abo-images-small (1)\images\small\bd\bd106086.jpg,Hiking Gear,Outdoors,149.99,A high-quality hiking gear — outdoors product with excellent build quality and modern design.,/abo-images-small (1)/images/small/bd/bd106086.jpg
D:\FYP Project\fypapp\abo-images-small (1)\images\small\d9\d9f4e3fa.jpg,Desk,Tables,299.99,A high-quality desk — tables product with excellent build quality and modern design.,/abo-images-small (1)/images/small/d9/d9f4e3fa.jpg
D:\FYP Project\fypapp\abo-images-small (1)\images\small\7f\7f4fc91b.jpg,Headphones,Headphones,149.99,A high-quality headphones — headphones product with excellent build quality and modern design.,/abo-images-small (1)/images/small/7f/7f4fc91b.jpg
D:\FYP Project\fypapp\abo-images-small (1)\images\small\2b\2b539c79.jpg,Straight Jeans,Jeans,69.99,A high-quality straight jeans — jeans product with excellent build quality and modern design.,/abo-images-small (1)/images/small/2b/2b539c79.jpg
D:\FYP Project\fypapp\abo-images-small (1)\images\small\1d\1d34ccdb.jpg,Skillet,Cookware,89.99,A high-quality skillet — cookware product with excellent build quality and modern design.,/abo-images-small (1)/images/small/1d/1d34ccdb.jpg
D:\FYP Project\fypapp\abo-images-small (1)\images\small\c4\c4e70935.jpg,Smartphone,Smartphones,699.99,A high-quality smartphone — smartphones product with excellent build quality and modern design.,/abo-images-small (1)/images/small/c4/c4e70935.jpg
D:\FYP Project\fypapp\abo-images-small (1)\images\small\e8\e8a91c4c.jpg,Couch,Sofas,799.99,A high-quality couch — sofas product with excellent build quality and modern design.,/abo-images-small (1)/images/small/e8/e8a91c4c.jpg
D:\FYP Project\fypapp\abo-images-small (1)\images\small\c7\c72e6958.jpg,Android Phone,Smartphones,699.99,A high-quality android phone — smartphones product with excellent build quality and modern design.,/abo-images-small (1)/images/small/c7/c72e6958.jpg
D:\FYP Project\fypapp\abo-images-small (1)\images\small\d9\d9271c69.jpg,iPhone,Smartphones,699.99,A high-quality iphone — smartphones product with excellent build quality and modern design.,/abo-images-small (1)/images/small/d9/d9271c69.jpg
D:\FYP Project\fypapp\abo-images-small (1)\images\small\bd\bdf0a64f.jpg,Yoga Mat,Sports,34.99,A high-quality yoga mat — sports product with excellent build quality and modern design.,/abo-images-small (1)/images/small/bd/bdf0a64f.jpg
D:\FYP Project\fypapp\abo-images-small (1)\images\small\8e\8e9fc38e.jpg,Slim Jeans,Jeans,69.99,A high-quality slim jeans — jeans product with excellent build quality and modern design.,/abo-images-small (1)/images/small/8e/8e9fc38e.jpg
D:\FYP Project\fypapp\abo-images-small (1)\images\small\18\18fcc369.jpg,Android Phone,Smartphones,699.99,A high-quality android phone — smartphones product with excellent build quality and modern design.,/abo-images-small (1)/images/small/18/18fcc369.jpg
D:\FYP Project\fypapp\abo-images-small (1)\images\small\29\29be059d.jpg,Android Tablet,Tablets,449.99,A high-quality android tablet — tablets product with excellent build quality and modern design.,/abo-images-small (1)/images/small/29/29be059d.jpg
D:\FYP Project\fypapp\abo-images-small (1)\images\small\a9\a9836291.jpg,Sneakers,Shoes,89.99,A high-quality sneakers — shoes product with excellent build quality and modern design.,/abo-images-small (1)/images/small/a9/a9836291.jpg
D:\FYP Project\fypapp\abo-images-small (1)\images\small\37\375ad58f.jpg,Non-Stick Pan,Cookware,89.99,A high-quality non-stick pan — cookware product with excellent build quality and modern design.,/abo-images-small (1)/images/small/37/375ad58f.jpg
D:\FYP Project\fypapp\abo-images-small (1)\images\small\b2\b2b193cc.jpg,Android Phone,Smartphones,699.99,A high-quality android phone — smartphones product with excellent build quality and modern design.,/abo-images-small (1)/images/small/b2/b2b193cc.jpg
D:\FYP Project\fypapp\abo-images-small (1)\images\small\d0\d0a788d0.jpg,iPhone,Smartphones,699.99,A high-quality iphone — smartphones product with excellent build quality and modern design.,/abo-images-small (1)/images/small/d0/d0a788d0.jpg
D:\FYP Project\fypapp\abo-images-small (1)\images\small\75\75951ea4.jpg,Blender,Appliances,129.99,A high-quality blender — appliances product with excellent build quality and modern design.,/abo-images-small (1)/images/small/75/75951ea4.jpg
D:\FYP Project\fypapp\abo-images-small (1)\images\small\5a\5a35c394.jpg,Android Tablet,Tablets,449.99,A high-quality android tablet — tablets product with excellent build quality and modern design.,/abo-images-small (1)/images/small/5a/5a35c394.jpg
D:\FYP Project\fypapp\abo-images-small (1)\images\small\3b\3bb6ee64.jpg,Jacket,Jackets,119.99,A high-quality jacket — jackets product with excellent build quality and modern design.,/abo-images-small (1)/images/small/3b/3bb6ee64.jpg
D:\FYP Project\fypapp\abo-images-small (1)\images\small\15\15b9e857.jpg,Mobile Phone,Smartphones,699.99,A high-quality mobile phone — smartphones product with excellent build quality and modern design.,/abo-images-small (1)/images/small/15/15b9e857.jpg
D:\FYP Project\fypapp\abo-images-small (1)\images\small\98\98a169b8.jpg,Digital Tablet,Tablets,449.99,A high-quality digital tablet — tablets product with excellent build quality and modern design.,/abo-images-small (1)/images/small/98/98a169b8.jpg
D:\FYP Project\fypapp\abo-images-small (1)\images\small\60\60409fdb.jpg,Mobile Phone,Smartphones,699.99,A high-quality mobile phone — smartphones product with excellent build quality and modern design.,/abo-images-small (1)/images/small/60/60409fdb.jpg
D:\FYP Project\fypapp\abo-images-small (1)\images\small\66\663b147f.jpg,iPhone,Smartphones,699.99,A high-quality iphone — smartphones product with excellent build quality and modern design.,/abo-images-small (1)/images/small/66/663b147f.jpg
D:\FYP Project\fypapp\abo-images-small (1)\images\small\1e\1e88fc09.jpg,Smartphone,Smartphones,699.99,A high-quality smartphone — smartphones product with excellent build quality and modern design.,/abo-images-small (1)/images/small/1e/1e88fc09.jpg
D:\FYP Project\fypapp\abo-images-small (1)\images\small\85\85baf24a.jpg,iPad,Tablets,449.99,A high-quality ipad — tablets product with excellent build quality and modern design.,/abo-images-small (1)/images/small/85/85baf24a.jpg
D:\FYP Project\fypapp\abo-images-small (1)\images\small\a8\a8777adf.jpg,King Bed,Beds,499.99,A high-quality king bed — beds product with excellent build quality and modern design.,/abo-images-small (1)/images/small/a8/a8777adf.jpg
D:\FYP Project\fypapp\abo-images-small (1)\images\small\15\15c28e7b.jpg,iPhone,Smartphones,699.99,A high-quality iphone — smartphones product with excellent build quality and modern design.,/abo-images-small (1)/images/small/15/15c28e7b.jpg
D:\FYP Project\fypapp\abo-images-small (1)\images\small\da\dab25427.jpg,Smartphone,Smartphones,699.99,A high-quality smartphone — smartphones product with excellent build quality and modern design.,/abo-images-small (1)/images/small/da/dab25427.jpg
D:\FYP Project\fypapp\abo-images-small (1)\images\small\da\daf5ff49.jpg,Coffee Table,Tables,299.99,A high-quality coffee table — tables product with excellent build quality and modern design.,/abo-images-small (1)/images/small/da/daf5ff49.jpg
D:\FYP Project\fypapp\abo-images-small (1)\images\small\df\dfd7b762.jpg,Over-Ear Headphones,Headphones,149.99,A high-quality over-ear headphones — headphones product with excellent build quality and modern design.,/abo-images-small (1)/images/small/df/dfd7b762.jpg
D:\FYP Project\fypapp\abo-images-small (1)\images\small\97\975b0683.jpg,iPhone,Smartphones,699.99,A high-quality iphone — smartphones product with excellent build quality and modern design.,/abo-images-small (1)/images/small/97/975b0683.jpg
D:\FYP Project\fypapp\abo-images-small (1)\images\small\eb\eb139dc2.jpg,Tablet,Tablets,449.99,A high-quality tablet — tablets product with excellent build quality and modern design.,/abo-images-small (1)/images/small/eb/eb139dc2.jpg
D:\FYP Project\fypapp\abo-images-small (1)\images\small\90\90c5ecbc.jpg,Mobile Phone,Smartphones,699.99,A high-quality mobile phone — smartphones product with excellent build quality and modern design.,/abo-images-small (1)/images/small/90/90c5ecbc.jpg
D:\FYP Project\fypapp\abo-images-small (1)\images\small\14\14fc39bb.jpg,Bowl Set,Dinnerware,49.99,A high-quality bowl set — dinnerware product with excellent build quality and modern design.,/abo-images-small (1)/images/small/14/14fc39bb.jpg
D:\FYP Project\fypapp\abo-images-small (1)\images\small\5a\5a3c0d7c.jpg,Platform Bed,Beds,499.99,A high-quality platform bed — beds product with excellent build quality and modern design.,/abo-images-small (1)/images/small/5a/5a3c0d7c.jpg
D:\FYP Project\fypapp\abo-images-small (1)\images\small\19\19fd2f42.jpg,Smartphone,Smartphones,699.99,A high-quality smartphone — smartphones product with excellent build quality and modern design.,/abo-images-small (1)/images/small/19/19fd2f42.jpg
D:\FYP Project\fypapp\abo-images-small (1)\images\small\34\341c879d.jpg,Mobile Phone,Smartphones,699.99,A high-quality mobile phone — smartphones product with excellent build quality and modern design.,/abo-images-small (1)/images/small/34/341c879d.jpg
D:\FYP Project\fypapp\abo-images-small (1)\images\small\1c\1c1b858f.jpg,Android Phone,Smartphones,699.99,A high-quality android phone — smartphones product with excellent build quality and modern design.,/abo-images-small (1)/images/small/1c/1c1b858f.jpg
D:\FYP Project\fypapp\abo-images-small (1)\images\small\1b\1b81ea09.jpg,iPhone,Smartphones,699.99,A high-quality iphone — smartphones product with excellent build quality and modern design.,/abo-images-small (1)/images/small/1b/1b81ea09.jpg
D:\FYP Project\fypapp\abo-images-small (1)\images\small\38\384d2eea.jpg,Digital Camera,Cameras,549.99,A high-quality digital camera — cameras product with excellent build quality and modern design.,/abo-images-small (1)/images/small/38/384d2eea.jpg
D:\FYP Project\fypapp\abo-images-small (1)\images\small\af\af3e6ca8.jpg,Mobile Phone,Smartphones,699.99,A high-quality mobile phone — smartphones product with excellent build quality and modern design.,/abo-images-small (1)/images/small/af/af3e6ca8.jpg
D:\FYP Project\fypapp\abo-images-small (1)\images\small\7a\7abc44bf.jpg,Side Table,Tables,299.99,A high-quality side table — tables product with excellent build quality and modern design.,/abo-images-small (1)/images/small/7a/7abc44bf.jpg
D:\FYP Project\fypapp\abo-images-small (1)\images\small\25\25598297.jpg,Backpack,Outdoors,149.99,A high-quality backpack — outdoors product with excellent build quality and modern design.,/abo-images-small (1)/images/small/25/25598297.jpg
D:\FYP Project\fypapp\abo-images-small (1)\images\small\a4\a430225b.jpg,Android Phone,Smartphones,699.99,A high-quality android phone — smartphones product with excellent build quality and modern design.,/abo-images-small (1)/images/small/a4/a430225b.jpg
D:\FYP Project\fypapp\abo-images-small (1)\images\small\5a\5a4c4470.jpg,Denim Pants,Jeans,69.99,A high-quality denim pants — jeans product with excellent build quality and modern design.,/abo-images-small (1)/images/small/5a/5a4c4470.jpg
D:\FYP Project\fypapp\abo-images-small (1)\images\small\9b\9bd25e4e.jpg,Smartphone,Smartphones,699.99,A high-quality smartphone — smartphones product with excellent build quality and modern design.,/abo-images-small (1)/images/small/9b/9bd25e4e.jpg
D:\FYP Project\fypapp\abo-images-small (1)\images\small\2f\2ff5e4f9.jpg,Resistance Bands,Sports,34.99,A high-quality resistance bands — sports product with excellent build quality and modern design.,/abo-images-small (1)/images/small/2f/2ff5e4f9.jpg
D:\FYP Project\fypapp\abo-images-small (1)\images\small\c3\c33f8225.jpg,Cooking Pot,Cookware,89.99,A high-quality cooking pot — cookware product with excellent build quality and modern design.,/abo-images-small (1)/images/small/c3/c33f8225.jpg
D:\FYP Project\fypapp\abo-images-small (1)\images\small\0d\0d9bc127.jpg,Exercise Gear,Sports,34.99,A high-quality exercise gear — sports product with excellent build quality and modern design.,/abo-images-small (1)/images/small/0d/0d9bc127.jpg
D:\FYP Project\fypapp\abo-images-small (1)\images\small\20\208b52d3.jpg,iPad,Tablets,449.99,A high-quality ipad — tablets product with excellent build quality and modern design.,/abo-images-small (1)/images/small/20/208b52d3.jpg
D:\FYP Project\fypapp\abo-images-small (1)\images\small\6d\6d8c0f0f.jpg,Bowl Set,Dinnerware,49.99,A high-quality bowl set — dinnerware product with excellent build quality and modern design.,/abo-images-small (1)/images/small/6d/6d8c0f0f.jpg
D:\FYP Project\fypapp\abo-images-small (1)\images\small\a6\a66648f4.jpg,iPhone,Smartphones,699.99,A high-quality iphone — smartphones product with excellent build quality and modern design.,/abo-images-small (1)/images/small/a6/a66648f4.jpg
D:\FYP Project\fypapp\abo-images-small (1)\images\small\60\602119e3.jpg,Smartphone,Smartphones,699.99,A high-quality smartphone — smartphones product with excellent build quality and modern design.,/abo-images-small (1)/images/small/60/602119e3.jpg
D:\FYP Project\fypapp\abo-images-small (1)\images\small\ee\eea0bd4f.jpg,Coffee Table,Tables,299.99,A high-quality coffee table — tables product with excellent build quality and modern design.,/abo-images-small (1)/images/small/ee/eea0bd4f.jpg
D:\FYP Project\fypapp\abo-images-small (1)\images\small\15\1515dc59.jpg,Android Phone,Smartphones,699.99,A high-quality android phone — smartphones product with excellent build quality and modern design.,/abo-images-small (1)/images/small/15/1515dc59.jpg
D:\FYP Project\fypapp\abo-images-small (1)\images\small\c4\c4068acc.jpg,iPhone,Smartphones,699.99,A high-quality iphone — smartphones product with excellent build quality and modern design.,/abo-images-small (1)/images/small/c4/c4068acc.jpg
D:\FYP Project\fypapp\abo-images-small (1)\images\small\32\32f8538f.jpg,Smartphone,Smartphones,699.99,A high-quality smartphone — smartphones product with excellent build quality and modern design.,/abo-images-small (1)/images/small/32/32f8538f.jpg
D:\FYP Project\fypapp\abo-images-small (1)\images\small\6a\6a7b542c.jpg,iPad,Tablets,449.99,A high-quality ipad — tablets product with excellent build quality and modern design.,/abo-images-small (1)/images/small/6a/6a7b542c.jpg
D:\FYP Project\fypapp\abo-images-small (1)\images\small\ed\ed1abdbc.jpg,Sectional Sofa,Sofas,799.99,A high-quality sectional sofa — sofas product with excellent build quality and modern design.,/abo-images-small (1)/images/small/ed/ed1abdbc.jpg
D:\FYP Project\fypapp\abo-images-small (1)\images\small\0f\0fa5cf05.jpg,Platform Bed,Beds,499.99,A high-quality platform bed — beds product with excellent build quality and modern design.,/abo-images-small (1)/images/small/0f/0fa5cf05.jpg
D:\FYP Project\fypapp\abo-images-small (1)\images\small\6e\6e463efa.jpg,Hiking Gear,Outdoors,149.99,A high-quality hiking gear — outdoors product with excellent build quality and modern design.,/abo-images-small (1)/images/small/6e/6e463efa.jpg
D:\FYP Project\fypapp\abo-images-small (1)\images\small\bb\bb42879c.jpg,Accent Chair,Chairs,199.99,A high-quality accent chair — chairs product with excellent build quality and modern design.,/abo-images-small (1)/images/small/bb/bb42879c.jpg
D:\FYP Project\fypapp\abo-images-small (1)\images\small\66\66d30f28.jpg,iPhone,Smartphones,699.99,A high-quality iphone — smartphones product with excellent build quality and modern design.,/abo-images-small (1)/images/small/66/66d30f28.jpg
D:\FYP Project\fypapp\abo-images-small (1)\images\small\a4\a452b875.jpg,Sneakers,Shoes,89.99,A high-quality sneakers — shoes product with excellent build quality and modern design.,/abo-images-small (1)/images/small/a4/a452b875.jpg
D:\FYP Project\fypapp\abo-images-small (1)\images\small\b8\b83d2b20.jpg,Mobile Phone,Smartphones,699.99,A high-quality mobile phone — smartphones product with excellent build quality and modern design.,/abo-images-small (1)/images/small/b8/b83d2b20.jpg
D:\FYP Project\fypapp\abo-images-small (1)\images\small\1a\1a1f5bbf.jpg,Sectional Sofa,Sofas,799.99,A high-quality sectional sofa — sofas product with excellent build quality and modern design.,/abo-images-small (1)/images/small/1a/1a1f5bbf.jpg
D:\FYP Project\fypapp\abo-images-small (1)\images\small\71\710d2ad9.jpg,Jacket,Jackets,119.99,A high-quality jacket — jackets product with excellent build quality and modern design.,/abo-images-small (1)/images/small/71/710d2ad9.jpg
D:\FYP Project\fypapp\abo-images-small (1)\images\small\7c\7c79bb42.jpg,Android Phone,Smartphones,699.99,A high-quality android phone — smartphones product with excellent build quality and modern design.,/abo-images-small (1)/images/small/7c/7c79bb42.jpg
D:\FYP Project\fypapp\abo-images-small (1)\images\small\9c\9cf78113.jpg,Boots,Shoes,89.99,A high-quality boots — shoes product with excellent build quality and modern design.,/abo-images-small (1)/images/small/9c/9cf78113.jpg
D:\FYP Project\fypapp\abo-images-small (1)\images\small\ef\efdba8a6.jpg,Sofa,Sofas,799.99,A high-quality sofa — sofas product with excellent build quality and modern design.,/abo-images-small (1)/images/small/ef/efdba8a6.jpg
D:\FYP Project\fypapp\abo-images-small (1)\images\small\92\92cea5e8.jpg,Digital Tablet,Tablets,449.99,A high-quality digital tablet — tablets product with excellent build quality and modern design.,/abo-images-small (1)/images/small/92/92cea5e8.jpg
D:\FYP Project\fypapp\abo-images-small (1)\images\small\d4\d42620c5.jpg,Desk,Tables,299.99,A high-quality desk — tables product with excellent build quality and modern design.,/abo-images-small (1)/images/small/d4/d42620c5.jpg
D:\FYP Project\fypapp\abo-images-small (1)\images\small\b8\b8605605.jpg,Sneakers,Shoes,89.99,A high-quality sneakers — shoes product with excellent build quality and modern design.,/abo-images-small (1)/images/small/b8/b8605605.jpg
D:\FYP Project\fypapp\abo-images-small (1)\images\small\07\07c580b0.jpg,Mobile Phone,Smartphones,699.99,A high-quality mobile phone — smartphones product with excellent build quality and modern design.,/abo-images-small (1)/images/small/07/07c580b0.jpg
D:\FYP Project\fypapp\abo-images-small (1)\images\small\8f\8fa37623.jpg,Accent Chair,Chairs,199.99,A high-quality accent chair — chairs product with excellent build quality and modern design.,/abo-images-small (1)/images/small/8f/8fa37623.jpg
D:\FYP Project\fypapp\abo-images-small (1)\images\small\96\9640ff45.jpg,Exercise Gear,Sports,34.99,A high-quality exercise gear — sports product with excellent build quality and modern design.,/abo-images-small (1)/images/small/96/9640ff45.jpg
D:\FYP Project\fypapp\abo-images-small (1)\images\small\05\056aa38d.jpg,Smartphone,Smartphones,699.99,A high-quality smartphone — smartphones product with excellent build quality and modern design.,/abo-images-small (1)/images/small/05/056aa38d.jpg
D:\FYP Project\fypapp\abo-images-small (1)\images\small\0d\0de4f15c.jpg,Mobile Phone,Smartphones,699.99,A high-quality mobile phone — smartphones product with excellent build quality and modern design.,/abo-images-small (1)/images/small/0d/0de4f15c.jpg
D:\FYP Project\fypapp\abo-images-small (1)\images\small\08\086f5c0d.jpg,Blender,Appliances,129.99,A high-quality blender — appliances product with excellent build quality and modern design.,/abo-images-small (1)/images/small/08/086f5c0d.jpg
D:\FYP Project\fypapp\abo-images-small (1)\images\small\f0\f046187a.jpg,iPhone,Smartphones,699.99,A high-quality iphone — smartphones product with excellent build quality and modern design.,/abo-images-small (1)/images/small/f0/f046187a.jpg
D:\FYP Project\fypapp\abo-images-small (1)\images\small\86\864e3875.jpg,Maxi Dress,Dresses,59.99,A high-quality maxi dress — dresses product with excellent build quality and modern design.,/abo-images-small (1)/images/small/86/864e3875.jpg
D:\FYP Project\fypapp\abo-images-small (1)\images\small\64\6430daf7.jpg,Digital Tablet,Tablets,449.99,A high-quality digital tablet — tablets product with excellent build quality and modern design.,/abo-images-small (1)/images/small/64/6430daf7.jpg
D:\FYP Project\fypapp\abo-images-small (1)\images\small\6f\6fe2c73b.jpg,Yoga Mat,Sports,34.99,A high-quality yoga mat — sports product with excellent build quality and modern design.,/abo-images-small (1)/images/small/6f/6fe2c73b.jpg
D:\FYP Project\fypapp\abo-images-small (1)\images\small\22\229aa49c.jpg,Mobile Phone,Smartphones,699.99,A high-quality mobile phone — smartphones product with excellent build quality and modern design.,/abo-images-small (1)/images/small/22/229aa49c.jpg
D:\FYP Project\fypapp\abo-images-small (1)\images\small\85\8599a08b.jpg,Casual Shoes,Shoes,89.99,A high-quality casual shoes — shoes product with excellent build quality and modern design.,/abo-images-small (1)/images/small/85/8599a08b.jpg
D:\FYP Project\fypapp\abo-images-small (1)\images\small\b3\b3a2e9d9.jpg,Android Tablet,Tablets,449.99,A high-quality android tablet — tablets product with excellent build quality and modern design.,/abo-images-small (1)/images/small/b3/b3a2e9d9.jpg
D:\FYP Project\fypapp\abo-images-small (1)\images\small\4a\4a9df08b.jpg,Sneakers,Shoes,89.99,A high-quality sneakers — shoes product with excellent build quality and modern design.,/abo-images-small (1)/images/small/4a/4a9df08b.jpg
D:\FYP Project\fypapp\abo-images-small (1)\images\small\d8\d81f7093.jpg,Mobile Phone,Smartphones,699.99,A high-quality mobile phone — smartphones product with excellent build quality and modern design.,/abo-images-small (1)/images/small/d8/d81f7093.jpg
D:\FYP Project\fypapp\abo-images-small (1)\images\small\6d\6df6db28.jpg,Road Bike,Bicycles,399.99,A high-quality road bike — bicycles product with excellent build quality and modern design.,/abo-images-small (1)/images/small/6d/6df6db28.jpg
D:\FYP Project\fypapp\abo-images-small (1)\images\small\05\05cee667.jpg,Desk,Tables,299.99,A high-quality desk — tables product with excellent build quality and modern design.,/abo-images-small (1)/images/small/05/05cee667.jpg
D:\FYP Project\fypapp\abo-images-small (1)\images\small\57\57383714.jpg,Bed Frame,Beds,499.99,A high-quality bed frame — beds product with excellent build quality and modern design.,/abo-images-small (1)/images/small/57/57383714.jpg
D:\FYP Project\fypapp\abo-images-small (1)\images\small\6c\6c56a427.jpg,Side Table,Tables,299.99,A high-quality side table — tables product with excellent build quality and modern design.,/abo-images-small (1)/images/small/6c/6c56a427.jpg
