image_path,product_name,category,price,description,image_url
D:\FYP Project\fypapp\abo-images-small (1)\images\small\df\df36f4c1.jpg,Smartphone,Smartphones,699.99,A high-quality smartphone — smartphones product with excellent build quality and modern design.,/abo-images-small (1)/images/small/df/df36f4c1.jpg
D:\FYP Project\fypapp\abo-images-small (1)\images\small\24\24f54a86.jpg,Mobile Phone,Smartphones,699.99,A high-quality mobile phone — smartphones product with excellent build quality and modern design.,/abo-images-small (1)/images/small/24/24f54a86.jpg
D:\FYP Project\fypapp\abo-images-small (1)\images\small\09\091cf55c.jpg,Android Phone,Smartphones,699.99,A high-quality android phone — smartphones product with excellent build quality and modern design.,/abo-images-small (1)/images/small/09/091cf55c.jpg
D:\FYP Project\fypapp\abo-images-small (1)\images\small\5f\5fe180f5.jpg,Android Tablet,Tablets,449.99,A high-quality android tablet — tablets product with excellent build quality and modern design.,/abo-images-small (1)/images/small/5f/5fe180f5.jpg
D:\FYP Project\fypapp\abo-images-small (1)\images\small\56\56415cbc.jpg,Smartphone,Smartphones,699.99,A high-quality smartphone — smartphones product with excellent build quality and modern design.,/abo-images-small (1)/images/small/56/56415cbc.jpg
D:\FYP Project\fypapp\abo-images-small (1)\images\small\4f\4fd5687f.jpg,Mobile Phone,Smartphones,699.99,A high-quality mobile phone — smartphones product with excellent build quality and modern design.,/abo-images-small (1)/images/small/4f/4fd5687f.jpg
D:\FYP Project\fypapp\abo-images-small (1)\images\small\2f\2f33b656.jpg,Bowl Set,Dinnerware,49.99,A high-quality bowl set — dinnerware product with excellent build quality and modern design.,/abo-images-small (1)/images/small/2f/2f33b656.jpg
D:\FYP Project\fypapp\abo-images-small (1)\images\small\21\21d01a36.jpg,iPhone,Smartphones,699.99,A high-quality iphone — smartphones product with excellent build quality and modern design.,/abo-images-small (1)/images/small/21/21d01a36.jpg
D:\FYP Project\fypapp\abo-images-small (1)\images\small\ed\ed5f9432.jpg,Bed Frame,Beds,499.99,A high-quality bed frame — beds product with excellent build quality and modern design.,/abo-images-small (1)/images/small/ed/ed5f9432.jpg
D:\FYP Project\fypapp\abo-images-small (1)\images\small\bd\bde9f018.jpg,Dining Chair,Chairs,199.99,A high-quality dining chair — chairs product with excellent build quality and modern design.,/abo-images-small (1)/images/small/bd/bde9f018.jpg
D:\FYP Project\fypapp\abo-images-small (1)\images\small\1d\1d66c740.jpg,Outdoor Equipment,Outdoors,149.99,A high-quality outdoor equipment — outdoors product with excellent build quality and modern design.,/abo-images-small (1)/images/small/1d/1d66c740.jpg
D:\FYP Project\fypapp\abo-images-small (1)\images\small\ce\ce09f28b.jpg,Mug Set,Dinnerware,49.99,A high-quality mug set — dinnerware product with excellent build quality and modern design.,/abo-images-small (1)/images/small/ce/ce09f28b.jpg
D:\FYP Project\fypapp\abo-images-small (1)\images\small\92\92e0cc1c.jpg,Bed Frame,Beds,499.99,A high-quality bed frame — beds product with excellent build quality and modern design.,/abo-images-small (1)/images/small/92/92e0cc1c.jpg
D:\FYP Project\fypapp\abo-images-small (1)\images\small\0b\0b74f7f2.jpg,Couch,Sofas,799.99,A high-quality couch — sofas product with excellent build quality and modern design.,/abo-images-small (1)/images/small/0b/0b74f7f2.jpg
D:\FYP Project\fypapp\abo-images-small (1)\images\small\0a\0ab00df2.jpg,Side Table,Tables,299.99,A high-quality side table — tables product with excellent build quality and modern design.,/abo-images-small (1)/images/small/0a/0ab00df2.jpg
D:\FYP Project\fypapp\abo-images-small (1)\images\small\1f\1f262bc7.jpg,Earphones,Headphones,149.99,A high-quality earphones — headphones product with excellent build quality and modern design.,/abo-images-small (1)/images/small/1f/1f262bc7.jpg
D:\FYP Project\fypapp\abo-images-small (1)\images\small\4d\4df3fa6c.jpg,Tablet,Tablets,449.99,A high-quality tablet — tablets product with excellent build quality and modern design.,/abo-images-small (1)/images/small/4d/4df3fa6c.jpg
D:\FYP Project\fypapp\abo-images-small (1)\images\small\52\529ebfd8.jpg,Non-Stick Pan,Cookware,89.99,A high-quality non-stick pan — cookware product with excellent build quality and modern design.,/abo-images-small (1)/images/small/52/529ebfd8.jpg
D:\FYP Project\fypapp\abo-images-small (1)\images\small\b0\b07d37ba.jpg,Over-Ear Headphones,Headphones,149.99,A high-quality over-ear headphones — headphones product with excellent build quality and modern design.,/abo-images-small (1)/images/small/b0/b07d37ba.jpg
D:\FYP Project\fypapp\abo-images-small (1)\images\small\d1\d1d81a76.jpg,Casual Top,Shirts,39.99,A high-quality casual top — shirts product with excellent build quality and modern design.,/abo-images-small (1)/images/small/d1/d1d81a76.jpg
D:\FYP Project\fypapp\abo-images-small (1)\images\small\09\09791d46.jpg,Smartphone,Smartphones,699.99,A high-quality smartphone — smartphones product with excellent build quality and modern design.,/abo-images-small (1)/images/small/09/09791d46.jpg
D:\FYP Project\fypapp\abo-images-small (1)\images\small\c3\c34799b2.jpg,iPad,Tablets,449.99,A high-quality ipad — tablets product with excellent build quality and modern design.,/abo-images-small (1)/images/small/c3/c34799b2.jpg
D:\FYP Project\fypapp\abo-images-small (1)\images\small\45\459e5a61.jpg,Sectional Sofa,Sofas,799.99,A high-quality sectional sofa — sofas product with excellent build quality and modern design.,/abo-images-small (1)/images/small/45/459e5a61.jpg
D:\FYP Project\fypapp\abo-images-small (1)\images\small\f9\f9b8f97e.jpg,Coffee Maker,Appliances,129.99,A high-quality coffee maker — appliances product with excellent build quality and modern design.,/abo-images-small (1)/images/small/f9/f9b8f97e.jpg
D:\FYP Project\fypapp\abo-images-small (1)\images\small\e2\e24d4ea1.jpg,Smartphone,Smartphones,699.99,A high-quality smartphone — smartphones product with excellent build quality and modern design.,/abo-images-small (1)/images/small/e2/e24d4ea1.jpg
D:\FYP Project\fypapp\abo-images-small (1)\images\small\f5\f5430dda.jpg,Couch,Sofas,799.99,A high-quality couch — sofas product with excellent build quality and modern design.,/abo-images-small (1)/images/small/f5/f5430dda.jpg
D:\FYP Project\fypapp\abo-images-small (1)\images\small\bd\bdd37511.jpg,Puffer Jacket,Jackets,119.99,A high-quality puffer jacket — jackets product with excellent build quality and modern design.,/abo-images-small (1)/images/small/bd/bdd37511.jpg
D:\FYP Project\fypapp\abo-images-small (1)\images\small\92\925de9fb.jpg,Boots,Shoes,89.99,A high-quality boots — shoes product with excellent build quality and modern design.,/abo-images-small (1)/images/small/92/925de9fb.jpg
D:\FYP Project\fypapp\abo-images-small (1)\images\small\4e\4e722d0d.jpg,Office Chair,Chairs,199.99,A high-quality office chair — chairs product with excellent build quality and modern design.,/abo-images-small (1)/images/small/4e/4e722d0d.jpg
D:\FYP Project\fypapp\abo-images-small (1)\images\small\9c\9c81a7cf.jpg,Coffee Table,Tables,299.99,A high-quality coffee table — tables product with excellent build quality and modern design.,/abo-images-small (1)/images/small/9c/9c81a7cf.jpg
D:\FYP Project\fypapp\abo-images-small (1)\images\small\cd\cd2e7334.jpg,Bowl Set,Dinnerware,49.99,A high-quality bowl set — dinnerware product with excellent build quality and modern design.,/abo-images-small (1)/images/small/cd/cd2e7334.jpg
D:\FYP Project\fypapp\abo-images-small (1)\images\small\60\60ff9e88.jpg,Windbreaker,Jackets,119.99,A high-quality windbreaker — jackets product with excellent build quality and modern design.,/abo-images-small (1)/images/small/60/60ff9e88.jpg
D:\FYP Project\fypapp\abo-images-small (1)\images\small\02\02693459.jpg,Dining Table,Tables,299.99,A high-quality dining table — tables product with excellent build quality and modern design.,/abo-images-small (1)/images/small/02/02693459.jpg
D:\FYP Project\fypapp\abo-images-small (1)\images\small\37\37b176ab.jpg,Microwave,Appliances,129.99,A high-quality microwave — appliances product with excellent build quality and modern design.,/abo-images-small (1)/images/small/37/37b176ab.jpg
D:\FYP Project\fypapp\abo-images-small (1)\images\small\f3\f3d11c17.jpg,Cooking Pot,Cookware,89.99,A high-quality cooking pot — cookware product with excellent build quality and modern design.,/abo-images-small (1)/images/small/f3/f3d11c17.jpg
D:\FYP Project\fypapp\abo-images-small (1)\images\small\93\934d2e24.jpg,Loveseat,Sofas,799.99,A high-quality loveseat — sofas product with excellent build quality and modern design.,/abo-images-small (1)/images/small/93/934d2e24.jpg
D:\FYP Project\fypapp\abo-images-small (1)\images\small\75\75a1d08f.jpg,Headphones,Headphones,149.99,A high-quality headphones — headphones product with excellent build quality and modern design.,/abo-images-small (1)/images/small/75/75a1d08f.jpg
D:\FYP Project\fypapp\abo-images-small (1)\images\small\60\60fc4638.jpg,Wireless Earbuds,Headphones,149.99,A high-quality wireless earbuds — headphones product with excellent build quality and modern design.,/abo-images-small (1)/images/small/60/60fc4638.jpg
D:\FYP Project\fypapp\abo-images-small (1)\images\small\36\367d7804.jpg,Fitness Equipment,Sports,34.99,A high-quality fitness equipment — sports product with excellent build quality and modern design.,/abo-images-small (1)/images/small/36/367d7804.jpg
D:\FYP Project\fypapp\abo-images-small (1)\images\small\4c\4cd99f8d.jpg,Windbreaker,Jackets,119.99,A high-quality windbreaker — jackets product with excellent build quality and modern design.,/abo-images-small (1)/images/small/4c/4cd99f8d.jpg
D:\FYP Project\fypapp\abo-images-small (1)\images\small\74\7465e425.jpg,Sneakers,Shoes,89.99,A high-quality sneakers — shoes product with excellent build quality and modern design.,/abo-images-small (1)/images/small/74/7465e425.jpg
D:\FYP Project\fypapp\abo-images-small (1)\images\small\21\21c61f37.jpg,Running Shoes,Shoes,89.99,A high-quality running shoes — shoes product with excellent build quality and modern design.,/abo-images-small (1)/images/small/21/21c61f37.jpg
D:\FYP Project\fypapp\abo-images-small (1)\images\small\1e\1ed67865.jpg,Android Phone,Smartphones,699.99,A high-quality android phone — smartphones product with excellent build quality and modern design.,/abo-images-small (1)/images/small/1e/1ed67865.jpg
D:\FYP Project\fypapp\abo-images-small (1)\images\small\83\83e82fdb.jpg,iPhone,Smartphones,699.99,A high-quality iphone — smartphones product with excellent build quality and modern design.,/abo-images-small (1)/images/small/83/83e82fdb.jpg
D:\FYP Project\fypapp\abo-images-small (1)\images\small\20\2025951f.jpg,Headphones,Headphones,149.99,A high-quality headphones — headphones product with excellent build quality and modern design.,/abo-images-small (1)/images/small/20/2025951f.jpg
D:\FYP Project\fypapp\abo-images-small (1)\images\small\7c\7c1c5ac3.jpg,Mobile Phone,Smartphones,699.99,A high-quality mobile phone — smartphones product with excellent build quality and modern design.,/abo-images-small (1)/images/small/7c/7c1c5ac3.jpg
D:\FYP Project\fypapp\abo-images-small (1)\images\small\76\76ea2c44.jpg,Cooking Pot,Cookware,89.99,A high-quality cooking pot — cookware product with excellent build quality and modern design.,/abo-images-small (1)/images/small/76/76ea2c44.jpg
D:\FYP Project\fypapp\abo-images-small (1)\images\small\d2\d22eb1a2.jpg,Skillet,Cookware,89.99,A high-quality skillet — cookware product with excellent build quality and modern design.,/abo-images-small (1)/images/small/d2/d22eb1a2.jpg
D:\FYP Project\fypapp\abo-images-small (1)\images\small\5c\5c0ebc3e.jpg,Dining Table,Tables,299.99,A high-quality dining table — tables product with excellent build quality and modern design.,/abo-images-small (1)/images/small/5c/5c0ebc3e.jpg
D:\FYP Project\fypapp\abo-images-small (1)\images\small\0e\0e9d4438.jpg,Running Shoes,Shoes,89.99,A high-quality running shoes — shoes product with excellent build quality and modern design.,/abo-images-small (1)/images/small/0e/0e9d4438.jpg
D:\FYP Project\fypapp\abo-images-small (1)\images\small\9f\9f422abf.jpg,Casual Shoes,Shoes,89.99,A high-quality casual shoes — shoes product with excellent build quality and modern design.,/abo-images-small (1)/images/small/9f/9f422abf.jpg
D:\FYP Project\fypapp\abo-images-small (1)\images\small\ba\ba43e424.jpg,Android Tablet,Tablets,449.99,A high-quality android tablet — tablets product with excellent build quality and modern design.,/abo-images-small (1)/images/small/ba/ba43e424.jpg
D:\FYP Project\fypapp\abo-images-small (1)\images\small\29\2989c18e.jpg,Sneakers,Shoes,89.99,A high-quality sneakers — shoes product with excellent build quality and modern design.,/abo-images-small (1)/images/small/29/2989c18e.jpg
D:\FYP Project\fypapp\abo-images-small (1)\images\small\83\834bb8cd.jpg,Queen Bed,Beds,499.99,A high-quality queen bed — beds product with excellent build quality and modern design.,/abo-images-small (1)/images/small/83/834bb8cd.jpg
D:\FYP Project\fypapp\abo-images-small (1)\images\small\1a\1ae4abca.jpg,Sectional Sofa,Sofas,799.99,A high-quality sectional sofa — sofas product with excellent build quality and modern design.,/abo-images-small (1)/images/small/1a/1ae4abca.jpg
D:\FYP Project\fypapp\abo-images-small (1)\images\small\c0\c0325ff8.jpg,Platform Bed,Beds,499.99,A high-quality platform bed — beds product with excellent build quality and modern design.,/abo-images-small (1)/images/small/c0/c0325ff8.jpg
D:\FYP Project\fypapp\abo-images-small (1)\images\small\66\6601c5b0.jpg,Smartphone,Smartphones,699.99,A high-quality smartphone — smartphones product with excellent build quality and modern design.,/abo-images-small (1)/images/small/66/6601c5b0.jpg
D:\FYP Project\fypapp\abo-images-small (1)\images\small\da\da667ae8.jpg,Mobile Phone,Smartphones,699.99,A high-quality mobile phone — smartphones product with excellent build quality and modern design.,/abo-images-small (1)/images/small/da/da667ae8.jpg
D:\FYP Project\fypapp\abo-images-small (1)\images\small\d6\d6b5563d.jpg,Digital Tablet,Tablets,449.99,A high-quality digital tablet — tablets product with excellent build quality and modern design.,/abo-images-small (1)/images/small/d6/d6b5563d.jpg
D:\FYP Project\fypapp\abo-images-small (1)\images\small\7c\7cd81f39.jpg,Exercise Gear,Sports,34.99,A high-quality exercise gear — sports product with excellent build quality and modern design.,/abo-images-small (1)/images/small/7c/7cd81f39.jpg
D:\FYP Project\fypapp\abo-images-small (1)\images\small\c8\c828133b.jpg,Smartphone,Smartphones,699.99,A high-quality smartphone — smartphones product with excellent build quality and modern design.,/abo-images-small (1)/images/small/c8/c828133b.jpg
D:\FYP Project\fypapp\abo-images-small (1)\images\small\43\4351c8af.jpg,Non-Stick Pan,Cookware,89.99,A high-quality non-stick pan — cookware product with excellent build quality and modern design.,/abo-images-small (1)/images/small/43/4351c8af.jpg
D:\FYP Project\fypapp\abo-images-small (1)\images\small\f6\f61a344d.jpg,Puffer Jacket,Jackets,119.99,A high-quality puffer jacket — jackets product with excellent build quality and modern design.,/abo-images-small (1)/images/small/f6/f61a344d.jpg
D:\FYP Project\fypapp\abo-images-small (1)\images\small\17\17681bd0.jpg,iPhone,Smartphones,699.99,A high-quality iphone — smartphones product with excellent build quality and modern design.,/abo-images-small (1)/images/small/17/17681bd0.jpg
D:\FYP Project\fypapp\abo-images-small (1)\images\small\0f\0f88aaad.jpg,T-Shirt,Shirts,39.99,A high-quality t-shirt — shirts product with excellent build quality and modern design.,/abo-images-small (1)/images/small/0f/0f88aaad.jpg
D:\FYP Project\fypapp\abo-images-small (1)\images\small\e6\e613b9eb.jpg,Coffee Table,Tables,299.99,A high-quality coffee table — tables product with excellent build quality and modern design.,/abo-images-small (1)/images/small/e6/e613b9eb.jpg
D:\FYP Project\fypapp\abo-images-small (1)\images\small\51\511bb3ec.jpg,Blender,Appliances,129.99,A high-quality blender — appliances product with excellent build quality and modern design.,/abo-images-small (1)/images/small/51/511bb3ec.jpg
D:\FYP Project\fypapp\abo-images-small (1)\images\small\64\64930df0.jpg,iPhone,Smartphones,699.99,A high-quality iphone — smartphones product with excellent build quality and modern design.,/abo-images-small (1)/images/small/64/64930df0.jpg
D:\FYP Project\fypapp\abo-images-small (1)\images\small\1b\1b51f9a0.jpg,Smartphone,Smartphones,699.99,A high-quality smartphone — smartphones product with excellent build quality and modern design.,/abo-images-small (1)/images/small/1b/1b51f9a0.jpg
D:\FYP Project\fypapp\abo-images-small (1)\images\small\52\52a3f07d.jpg,iPad,Tablets,449.99,A high-quality ipad — tablets product with excellent build quality and modern design.,/abo-images-small (1)/images/small/52/52a3f07d.jpg
D:\FYP Project\fypapp\abo-images-small (1)\images\small\21\215f2981.jpg,Android Phone,Smartphones,699.99,A high-quality android phone — smartphones product with excellent build quality and modern design.,/abo-images-small (1)/images/small/21/215f2981.jpg
D:\FYP Project\fypapp\abo-images-small (1)\images\small\83\83e8d68f.jpg,iPhone,Smartphones,699.99,A high-quality iphone — smartphones product with excellent build quality and modern design.,/abo-images-small (1)/images/small/83/83e8d68f.jpg
D:\FYP Project\fypapp\abo-images-small (1)\images\small\60\60ff3ed0.jpg,Sneakers,Shoes,89.99,A high-quality sneakers — shoes product with excellent build quality and modern design.,/abo-images-small (1)/images/small/60/60ff3ed0.jpg
D:\FYP Project\fypapp\abo-images-small (1)\images\small\9d\9d831870.jpg,Resistance Bands,Sports,34.99,A high-quality resistance bands — sports product with excellent build quality and modern design.,/abo-images-small (1)/images/small/9d/9d831870.jpg
D:\FYP Project\fypapp\abo-images-small (1)\images\small\dc\dcd52abb.jpg,Android Phone,Smartphones,699.99,A high-quality android phone — smartphones product with excellent build quality and modern design.,/abo-images-small (1)/images/small/dc/dcd52abb.jpg
D:\FYP Project\fypapp\abo-images-small (1)\images\small\7e\7e0adae5.jpg,Boots,Shoes,89.99,A high-quality boots — shoes product with excellent build quality and modern design.,/abo-images-small (1)/images/small/7e/7e0adae5.jpg
D:\FYP Project\fypapp\abo-images-small (1)\images\small\38\38a71108.jpg,Kitchen Appliance,Appliances,129.99,A high-quality kitchen appliance — appliances product with excellent build quality and modern design.,/abo-images-small (1)/images/small/38/38a71108.jpg
D:\FYP Project\fypapp\abo-images-small (1)\images\small\7f\7fbc9061.jpg,Running Shoes,Shoes,89.99,A high-quality running shoes — shoes product with excellent build quality and modern design.,/abo-images-small (1)/images/small/7f/7fbc9061.jpg
D:\FYP Project\fypapp\abo-images-small (1)\images\small\7a\7ae24c9d.jpg,King Bed,Beds,499.99,A high-quality king bed — beds product with excellent build quality and modern design.,/abo-images-small (1)/images/small/7a/7ae24c9d.jpg
D:\FYP Project\fypapp\abo-images-small (1)\images\small\4a\4adfbe65.jpg,Desk,Tables,299.99,A high-quality desk — tables product with excellent build quality and modern design.,/abo-images-small (1)/images/small/4a/4adfbe65.jpg
D:\FYP Project\fypapp\abo-images-small (1)\images\small\e9\e91d5ae2.jpg,Sneakers,Shoes,89.99,A high-quality sneakers — shoes product with excellent build quality and modern design.,/abo-images-small (1)/images/small/e9/e91d5ae2.jpg
D:\FYP Project\fypapp\abo-images-small (1)\images\small\5c\5cdddd04.jpg,Resistance Bands,Sports,34.99,A high-quality resistance bands — sports product with excellent build quality and modern design.,/abo-images-small (1)/images/small/5c/5cdddd04.jpg
D:\FYP Project\fypapp\abo-images-small (1)\images\small\f5\f56c1f45.jpg,Accent Chair,Chairs,199.99,A high-quality accent chair — chairs product with excellent build quality and modern design.,/abo-images-small (1)/images/small/f5/f56c1f45.jpg
D:\FYP Project\fypapp\abo-images-small (1)\images\small\ef\ef913b41.jpg,Coffee Maker,Appliances,129.99,A high-quality coffee maker — appliances product with excellent build quality and modern design.,/abo-images-small (1)/images/small/ef/ef913b41.jpg
D:\FYP Project\fypapp\abo-images-small (1)\images\small\e1\e1d9d216.jpg,Headphones,Headphones,149.99,A high-quality headphones — headphones product with excellent build quality and modern design.,/abo-images-small (1)/images/small/e1/e1d9d216.jpg
D:\FYP Project\fypapp\abo-images-small (1)\images\small\18\185b0162.jpg,Winter Coat,Jackets,119.99,A high-quality winter coat — jackets product with excellent build quality and modern design.,/abo-images-small (1)/images/small/18/185b0162.jpg
D:\FYP Project\fypapp\abo-images-small (1)\images\small\d4\d42a583e.jpg,Side Table,Tables,299.99,A high-quality side table — tables product with excellent build quality and modern design.,/abo-images-small (1)/images/small/d4/d42a583e.jpg
D:\FYP Project\fypapp\abo-images-small (1)\images\small\dc\dcb32630.jpg,Android Tablet,Tablets,449.99,A high-quality android tablet — tablets product with excellent build quality and modern design.,/abo-images-small (1)/images/small/dc/dcb32630.jpg
D:\FYP Project\fypapp\abo-images-small (1)\images\small\3b\3b3edf2a.jpg,Smartphone,Smartphones,699.99,A high-quality smartphone — smartphones product with excellent build quality and modern design.,/abo-images-small (1)/images/small/3b/3b3edf2a.jpg
D:\FYP Project\fypapp\abo-images-small (1)\images\small\b9\b9aaa61d.jpg,Mobile Phone,Smartphones,699.99,A high-quality mobile phone — smartphones product with excellent build quality and modern design.,/abo-images-small (1)/images/small/b9/b9aaa61d.jpg
D:\FYP Project\fypapp\abo-images-small (1)\images\small\56\56377851.jpg,Android Phone,Smartphones,699.99,A high-quality android phone — smartphones product with excellent build quality and modern design.,/abo-images-small (1)/images/small/56/56377851.jpg
D:\FYP Project\fypapp\abo-images-small (1)\images\small\38\38c7eb7d.jpg,iPhone,Smartphones,699.99,A high-quality iphone — smartphones product with excellent build quality and modern design.,/abo-images-small (1)/images/small/38/38c7eb7d.jpg
D:\FYP Project\fypapp\abo-images-small (1)\images\small\a0\a07e750c.jpg,Smartphone,Smartphones,699.99,A high-quality smartphone — smartphones product with excellent build quality and modern design.,/abo-images-small (1)/images/small/a0/a07e750c.jpg
D:\FYP Project\fypapp\abo-images-small (1)\images\small\83\83d76bb5.jpg,Running Shoes,Shoes,89.99,A high-quality running shoes — shoes product with excellent build quality and modern design.,/abo-images-small (1)/images/small/83/83d76bb5.jpg
D:\FYP Project\fypapp\abo-images-small (1)\images\small\5e\5e214a14.jpg,Android Phone,Smartphones,699.99,A high-quality android phone — smartphones product with excellent build quality and modern design.,/abo-images-small (1)/images/small/5e/5e214a14.jpg
D:\FYP Project\fypapp\abo-images-small (1)\images\small\df\df4738d9.jpg,Action Camera,Cameras,549.99,A high-quality action camera — cameras product with excellent build quality and modern design.,/abo-images-small (1)/images/small/df/df4738d9.jpg
D:\FYP Project\fypapp\abo-images-small (1)\images\small\f0\f0783f8c.jpg,Kitchen Appliance,Appliances,129.99,A high-quality kitchen appliance — appliances product with excellent build quality and modern design.,/abo-images-small (1)/images/small/f0/f0783f8c.jpg
D:\FYP Project\fypapp\abo-images-small (1)\images\small\c1\c1df565d.jpg,Queen Bed,Beds,499.99,A high-quality queen bed — beds product with excellent build quality and modern design.,/abo-images-small (1)/images/small/c1/c1df565d.jpg
D:\FYP Project\fypapp\abo-images-small (1)\images\small\4e\4e45bcfe.jpg,King Bed,Beds,499.99,A high-quality king bed — beds product with excellent build quality and modern design.,/abo-images-small (1)/images/small/4e/4e45bcfe.jpg
D:\FYP Project\fypapp\abo-images-small (1)\images\small\ef\efc4bb3c.jpg,Exercise Gear,Sports,34.99,A high-quality exercise gear — sports product with excellent build quality and modern design.,/abo-images-small (1)/images/small/ef/efc4bb3c.jpg
D:\FYP Project\fypapp\abo-images-small (1)\images\small\6f\6f74b0fb.jpg,Office Chair,Chairs,199.99,A high-quality office chair — chairs product with excellent build quality and modern design.,/abo-images-small (1)/images/small/6f/6f74b0fb.jpg
D:\FYP Project\fypapp\abo-images-small (1)\images\small\12\12f92f74.jpg,Running Shoes,Shoes,89.99,A high-quality running shoes — shoes product with excellent build quality and modern design.,/abo-images-small (1)/images/small/12/12f92f74.jpg
D:\FYP Project\fypapp\abo-images-small (1)\images\small\51\516a12d7.jpg,Straight Jeans,Jeans,69.99,A high-quality straight jeans — jeans product with excellent build quality and modern design.,/abo-images-small (1)/images/small/51/516a12d7.jpg
D:\FYP Project\fypapp\abo-images-small (1)\images\small\0b\0b7f5900.jpg,Platform Bed,Beds,499.99,A high-quality platform bed — beds product with excellent build quality and modern design.,/abo-images-small (1)/images/small/0b/0b7f5900.jpg
D:\FYP Project\fypapp\abo-images-small (1)\images\small\6d\6d00dc87.jpg,Smartphone,Smartphones,699.99,A high-quality smartphone — smartphones product with excellent build quality and modern design.,/abo-images-small (1)/images/small/6d/6d00dc87.jpg
D:\FYP Project\fypapp\abo-images-small (1)\images\small\8b\8bc9acb6.jpg,Mobile Phone,Smartphones,699.99,A high-quality mobile phone — smartphones product with excellent build quality and modern design.,/abo-images-small (1)/images/small/8b/8bc9acb6.jpg
D:\FYP Project\fypapp\abo-images-small (1)\images\small\5d\5d0f6676.jpg,Android Phone,Smartphones,699.99,A high-quality android phone — smartphones product with excellent build quality and modern design.,/abo-images-small (1)/images/small/5d/5d0f6676.jpg
D:\FYP Project\fypapp\abo-images-small (1)\images\small\16\16472ef2.jpg,iPhone,Smartphones,699.99,A high-quality iphone — smartphones product with excellent build quality and modern design.,/abo-images-small (1)/images/small/16/16472ef2.jpg
D:\FYP Project\fypapp\abo-images-small (1)\images\small\4b\4b5e8c39.jpg,Yoga Mat,Sports,34.99,A high-quality yoga mat — sports product with excellent build quality and modern design.,/abo-images-small (1)/images/small/4b/4b5e8c39.jpg
D:\FYP Project\fypapp\abo-images-small (1)\images\small\c5\c5283949.jpg,Queen Bed,Beds,499.99,A high-quality queen bed — beds product with excellent build quality and modern design.,/abo-images-small (1)/images/small/c5/c5283949.jpg
D:\FYP Project\fypapp\abo-images-small (1)\images\small\fa\fa1e9e7c.jpg,Android Phone,Smartphones,699.99,A high-quality android phone — smartphones product with excellent build quality and modern design.,/abo-images-small (1)/images/small/fa/fa1e9e7c.jpg
D:\FYP Project\fypapp\abo-images-small (1)\images\small\6c\6cd58e78.jpg,Boots,Shoes,89.99,A high-quality boots — shoes product with excellent build quality and modern design.,/abo-images-small (1)/images/small/6c/6cd58e78.jpg
D:\FYP Project\fypapp\abo-images-small (1)\images\small\4b\4bcac3b7.jpg,Smartphone,Smartphones,699.99,A high-quality smartphone — smartphones product with excellent build quality and modern design.,/abo-images-small (1)/images/small/4b/4bcac3b7.jpg
D:\FYP Project\fypapp\abo-images-small (1)\images\small\e4\e41dfc5b.jpg,Couch,Sofas,799.99,A high-quality couch — sofas product with excellent build quality and modern design.,/abo-images-small (1)/images/small/e4/e41dfc5b.jpg
D:\FYP Project\fypapp\abo-images-small (1)\images\small\ae\ae473d7f.jpg,Sectional Sofa,Sofas,799.99,A high-quality sectional sofa — sofas product with excellent build quality and modern design.,/abo-images-small (1)/images/small/ae/ae473d7f.jpg
D:\FYP Project\fypapp\abo-images-small (1)\images\small\89\898e77a8.jpg,Android Tablet,Tablets,449.99,A high-quality android tablet — tablets product with excellent build quality and modern design.,/abo-images-small (1)/images/small/89/898e77a8.jpg
D:\FYP Project\fypapp\abo-images-small (1)\images\small\e0\e081555a.jpg,Sneakers,Shoes,89.99,A high-quality sneakers — shoes product with excellent build quality and modern design.,/abo-images-small (1)/images/small/e0/e081555a.jpg
D:\FYP Project\fypapp\abo-images-small (1)\images\small\9f\9f1dfaf8.jpg,Mobile Phone,Smartphones,699.99,A high-quality mobile phone — smartphones product with excellent build quality and modern design.,/abo-images-small (1)/images/small/9f/9f1dfaf8.jpg
D:\FYP Project\fypapp\abo-images-small (1)\images\small\30\304b8361.jpg,Android Phone,Smartphones,699.99,A high-quality android phone — smartphones product with excellent build quality and modern design.,/abo-images-small (1)/images/small/30/304b8361.jpg
D:\FYP Project\fypapp\abo-images-small (1)\images\small\5c\5c277ecc.jpg,Denim Pants,Jeans,69.99,A high-quality denim pants — jeans product with excellent build quality and modern design.,/abo-images-small (1)/images/small/5c/5c277ecc.jpg
D:\FYP Project\fypapp\abo-images-small (1)\images\small\ff\ffc1b19f.jpg,Bed Frame,Beds,499.99,A high-quality bed frame — beds product with excellent build quality and modern design.,/abo-images-small (1)/images/small/ff/ffc1b19f.jpg
D:\FYP Project\fypapp\abo-images-small (1)\images\small\56\569e130f.jpg,iPad,Tablets,449.99,A high-quality ipad — tablets product with excellent build quality and modern design.,/abo-images-small (1)/images/small/56/569e130f.jpg
D:\FYP Project\fypapp\abo-images-small (1)\images\small\c3\c34bee53.jpg,Blender,Appliances,129.99,A high-quality blender — appliances product with excellent build quality and modern design.,/abo-images-small (1)/images/small/c3/c34bee53.jpg
D:\FYP Project\fypapp\abo-images-small (1)\images\small\bb\bb4ec5cd.jpg,Exercise Gear,Sports,34.99,A high-quality exercise gear — sports product with excellent build quality and modern design.,/abo-images-small (1)/images/small/bb/bb4ec5cd.jpg
D:\FYP Project\fypapp\abo-images-small (1)\images\small\5b\5b5fc4f7.jpg,Smartphone,Smartphones,699.99,A high-quality smartphone — smartphones product with excellent build quality and modern design.,/abo-images-small (1)/images/small/5b/5b5fc4f7.jpg
D:\FYP Project\fypapp\abo-images-small (1)\images\small\cb\cb00344e.jpg,Non-Stick Pan,Cookware,89.99,A high-quality non-stick pan — cookware product with excellent build quality and modern design.,/abo-images-small (1)/images/small/cb/cb00344e.jpg
D:\FYP Project\fypapp\abo-images-small (1)\images\small\95\957a8f7b.jpg,King Bed,Beds,499.99,A high-quality king bed — beds product with excellent build quality and modern design.,/abo-images-small (1)/images/small/95/957a8f7b.jpg
D:\FYP Project\fypapp\abo-images-small (1)\images\small\ca\caa6e30f.jpg,Exercise Gear,Sports,34.99,A high-quality exercise gear — sports product with excellent build quality and modern design.,/abo-images-small (1)/images/small/ca/caa6e30f.jpg
D:\FYP Project\fypapp\abo-images-small (1)\images\small\8b\8b08adaa.jpg,Smartphone,Smartphones,699.99,A high-quality smartphone — smartphones product with excellent build quality and modern design.,/abo-images-small (1)/images/small/8b/8b08adaa.jpg
D:\FYP Project\fypapp\abo-images-small (1)\images\small\7c\7cf333f5.jpg,Mobile Phone,Smartphones,699.99,A high-quality mobile phone — smartphones product with excellent build quality and modern design.,/abo-images-small (1)/images/small/7c/7cf333f5.jpg
D:\FYP Project\fypapp\abo-images-small (1)\images\small\4e\4e19cdd2.jpg,Digital Tablet,Tablets,449.99,A high-quality digital tablet — tablets product with excellent build quality and modern design.,/abo-images-small (1)/images/small/4e/4e19cdd2.jpg
D:\FYP Project\fypapp\abo-images-small (1)\images\small\2e\2eed0c77.jpg,Action Camera,Cameras,549.99,A high-quality action camera — cameras product with excellent build quality and modern design.,/abo-images-small (1)/images/small/2e/2eed0c77.jpg
D:\FYP Project\fypapp\abo-images-small (1)\images\small\b2\b21665fc.jpg,Smartphone,Smartphones,699.99,A high-quality smartphone — smartphones product with excellent build quality and modern design.,/abo-images-small (1)/images/small/b2/b21665fc.jpg
D:\FYP Project\fypapp\abo-images-small (1)\images\small\ac\ac73bddb.jpg,Dining Chair,Chairs,199.99,A high-quality dining chair — chairs product with excellent build quality and modern design.,/abo-images-small (1)/images/small/ac/ac73bddb.jpg
D:\FYP Project\fypapp\abo-images-small (1)\images\small\1e\1e808f03.jpg,King Bed,Beds,499.99,A high-quality king bed — beds product with excellent build quality and modern design.,/abo-images-small (1)/images/small/1e/1e808f03.jpg
D:\FYP Project\fypapp\abo-images-small (1)\images\small\0f\0fc52bcb.jpg,iPhone,Smartphones,699.99,A high-quality iphone — smartphones product with excellent build quality and modern design.,/abo-images-small (1)/images/small/0f/0fc52bcb.jpg
D:\FYP Project\fypapp\abo-images-small (1)\images\small\24\242d1b1b.jpg,Sofa,Sofas,799.99,A high-quality sofa — sofas product with excellent build quality and modern design.,/abo-images-small (1)/images/small/24/242d1b1b.jpg
D:\FYP Project\fypapp\abo-images-small (1)\images\small\34\3460874b.jpg,Couch,Sofas,799.99,A high-quality couch — sofas product with excellent build quality and modern design.,/abo-images-small (1)/images/small/34/3460874b.jpg
D:\FYP Project\fypapp\abo-images-small (1)\images\small\d9\d9c27cf2.jpg,Side Table,Tables,299.99,A high-quality side table — tables product with excellent build quality and modern design.,/abo-images-small (1)/images/small/d9/d9c27cf2.jpg
D:\FYP Project\fypapp\abo-images-small (1)\images\small\37\37d2c4ce.jpg,Floral Dress,Dresses,59.99,A high-quality floral dress — dresses product with excellent build quality and modern design.,/abo-images-small (1)/images/small/37/37d2c4ce.jpg
D:\FYP Project\fypapp\abo-images-small (1)\images\small\ee\ee9c4544.jpg,Kitchen Appliance,Appliances,129.99,A high-quality kitchen appliance — appliances product with excellent build quality and modern design.,/abo-images-small (1)/images/small/ee/ee9c4544.jpg
D:\FYP Project\fypapp\abo-images-small (1)\images\small\93\9317cf95.jpg,DSLR Camera,Cameras,549.99,A high-quality dslr camera — cameras product with excellent build quality and modern design.,/abo-images-small (1)/images/small/93/9317cf95.jpg
D:\FYP Project\fypapp\abo-images-small (1)\images\small\cf\cfe2e752.jpg,Fitness Equipment,Sports,34.99,A high-quality fitness equipment — sports product with excellent build quality and modern design.,/abo-images-small (1)/images/small/cf/cfe2e752.jpg
D:\FYP Project\fypapp\abo-images-small (1)\images\small\15\15782887.jpg,iPhone,Smartphones,699.99,A high-quality iphone — smartphones product with excellent build quality and modern design.,/abo-images-small (1)/images/small/15/15782887.jpg
D:\FYP Project\fypapp\abo-images-small (1)\images\small\86\862031db.jpg,Kitchen Appliance,Appliances,129.99,A high-quality kitchen appliance — appliances product with excellent build quality and modern design.,/abo-images-small (1)/images/small/86/862031db.jpg
D:\FYP Project\fypapp\abo-images-small (1)\images\small\84\84c2f269.jpg,Mobile Phone,Smartphones,699.99,A high-quality mobile phone — smartphones product with excellent build quality and modern design.,/abo-images-small (1)/images/small/84/84c2f269.jpg
D:\FYP Project\fypapp\abo-images-small (1)\images\small\cf\cfbe4df4.jpg,Sectional Sofa,Sofas,799.99,A high-quality sectional sofa — sofas product with excellent build quality and modern design.,/abo-images-small (1)/images/small/cf/cfbe4df4.jpg
D:\FYP Project\fypapp\abo-images-small (1)\images\small\a2\a29056c0.jpg,Mug Set,Dinnerware,49.99,A high-quality mug set — dinnerware product with excellent build quality and modern design.,/abo-images-small (1)/images/small/a2/a29056c0.jpg
D:\FYP Project\fypapp\abo-images-small (1)\images\small\b8\b861a622.jpg,Smartphone,Smartphones,699.99,A high-quality smartphone — smartphones product with excellent build quality and modern design.,/abo-images-small (1)/images/small/b8/b861a622.jpg
D:\FYP Project\fypapp\abo-images-small (1)\images\small\57\57f60d61.jpg,iPad,Tablets,449.99,A high-quality ipad — tablets product with excellent build quality and modern design.,/abo-images-small (1)/images/small/57/57f60d61.jpg
D:\FYP Project\fypapp\abo-images-small (1)\images\small\c0\c07e58e9.jpg,Fitness Equipment,Sports,34.99,A high-quality fitness equipment — sports product with excellent build quality and modern design.,/abo-images-small (1)/images/small/c0/c07e58e9.jpg
D:\FYP Project\fypapp\abo-images-small (1)\images\small\04\0440ad6f.jpg,iPhone,Smartphones,699.99,A high-quality iphone — smartphones product with excellent build quality and modern design.,/abo-images-small (1)/images/small/04/0440ad6f.jpg
D:\FYP Project\fypapp\abo-images-small (1)\images\small\ee\ee908a15.jpg,Smartphone,Smartphones,699.99,A high-quality smartphone — smartphones product with excellent build quality and modern design.,/abo-images-small (1)/images/small/ee/ee908a15.jpg
D:\FYP Project\fypapp\abo-images-small (1)\images\small\26\2620e55e.jpg,iPad,Tablets,449.99,A high-quality ipad — tablets product with excellent build quality and modern design.,/abo-images-small (1)/images/small/26/2620e55e.jpg
D:\FYP Project\fypapp\abo-images-small (1)\images\small\ef\ef0032ab.jpg,Casual Shoes,Shoes,89.99,A high-quality casual shoes — shoes product with excellent build quality and modern design.,/abo-images-small (1)/images/small/ef/ef0032ab.jpg
D:\FYP Project\fypapp\abo-images-small (1)\images\small\ba\ba9872cd.jpg,Desk,Tables,299.99,A high-quality desk — tables product with excellent build quality and modern design.,/abo-images-small (1)/images/small/ba/ba9872cd.jpg
D:\FYP Project\fypapp\abo-images-small (1)\images\small\5c\5ccbdb3b.jpg,Sneakers,Shoes,89.99,A high-quality sneakers — shoes product with excellent build quality and modern design.,/abo-images-small (1)/images/small/5c/5ccbdb3b.jpg
D:\FYP Project\fypapp\abo-images-small (1)\images\small\df\dfce8c84.jpg,Dress Shirt,Shirts,39.99,A high-quality dress shirt — shirts product with excellent build quality and modern design.,/abo-images-small (1)/images/small/df/dfce8c84.jpg
D:\FYP Project\fypapp\abo-images-small (1)\images\small\75\75986949.jpg,Sectional Sofa,Sofas,799.99,A high-quality sectional sofa — sofas product with excellent build quality and modern design.,/abo-images-small (1)/images/small/75/75986949.jpg
D:\FYP Project\fypapp\abo-images-small (1)\images\small\25\2501c9f0.jpg,iPhone,Smartphones,699.99,A high-quality iphone — smartphones product with excellent build quality and modern design.,/abo-images-small (1)/images/small/25/2501c9f0.jpg
D:\FYP Project\fypapp\abo-images-small (1)\images\small\66\6620b14d.jpg,Dining Table,Tables,299.99,A high-quality dining table — tables product with excellent build quality and modern design.,/abo-images-small (1)/images/small/66/6620b14d.jpg
D:\FYP Project\fypapp\abo-images-small (1)\images\small\97\977ee002.jpg,Coffee Table,Tables,299.99,A high-quality coffee table — tables product with excellent build quality and modern design.,/abo-images-small (1)/images/small/97/977ee002.jpg
D:\FYP Project\fypapp\abo-images-small (1)\images\small\37\3736a50e.jpg,Straight Jeans,Jeans,69.99,A high-quality straight jeans — jeans product with excellent build quality and modern design.,/abo-images-small (1)/images/small/37/3736a50e.jpg
D:\FYP Project\fypapp\abo-images-small (1)\images\small\9d\9dab45b9.jpg,Skillet,Cookware,89.99,A high-quality skillet — cookware product with excellent build quality and modern design.,/abo-images-small (1)/images/small/9d/9dab45b9.jpg
D:\FYP Project\fypapp\abo-images-small (1)\images\small\01\01421337.jpg,Jacket,Jackets,119.99,A high-quality jacket — jackets product with excellent build quality and modern design.,/abo-images-small (1)/images/small/01/01421337.jpg
D:\FYP Project\fypapp\abo-images-small (1)\images\small\5b\5b9d1ff9.jpg,Dining Chair,Chairs,199.99,A high-quality dining chair — chairs product with excellent build quality and modern design.,/abo-images-small (1)/images/small/5b/5b9d1ff9.jpg
D:\FYP Project\fypapp\abo-images-small (1)\images\small\ae\aee2d653.jpg,Polo Shirt,Shirts,39.99,A high-quality polo shirt — shirts product with excellent build quality and modern design.,/abo-images-small (1)/images/small/ae/aee2d653.jpg
D:\FYP Project\fypapp\abo-images-small (1)\images\small\3d\3da190d7.jpg,Skillet,Cookware,89.99,A high-quality skillet — cookware product with excellent build quality and modern design.,/abo-images-small (1)/images/small/3d/3da190d7.jpg
D:\FYP Project\fypapp\abo-images-small (1)\images\small\b1\b1214080.jpg,Digital Camera,Cameras,549.99,A high-quality digital camera — cameras product with excellent build quality and modern design.,/abo-images-small (1)/images/small/b1/b1214080.jpg
D:\FYP Project\fypapp\abo-images-small (1)\images\small\22\22ee04d2.jpg,Resistance Bands,Sports,34.99,A high-quality resistance bands — sports product with excellent build quality and modern design.,/abo-images-small (1)/images/small/22/22ee04d2.jpg
D:\FYP Project\fypapp\abo-images-small (1)\images\small\d8\d8d76c9a.jpg,Puffer Jacket,Jackets,119.99,A high-quality puffer jacket — jackets product with excellent build quality and modern design.,/abo-images-small (1)/images/small/d8/d8d76c9a.jpg
D:\FYP Project\fypapp\abo-images-small (1)\images\small\67\679ad8c3.jpg,iPhone,Smartphones,699.99,A high-quality iphone — smartphones product with excellent build quality and modern design.,/abo-images-small (1)/images/small/67/679ad8c3.jpg
D:\FYP Project\fypapp\abo-images-small (1)\images\small\df\df124af2.jpg,Smartphone,Smartphones,699.99,A high-quality smartphone — smartphones product with excellent build quality and modern design.,/abo-images-small (1)/images/small/df/df124af2.jpg
D:\FYP Project\fypapp\abo-images-small (1)\images\small\f8\f842d2a5.jpg,Mobile Phone,Smartphones,699.99,A high-quality mobile phone — smartphones product with excellent build quality and modern design.,/abo-images-small (1)/images/small/f8/f842d2a5.jpg
D:\FYP Project\fypapp\abo-images-small (1)\images\small\d4\d4292bc0.jpg,Fitness Equipment,Sports,34.99,A high-quality fitness equipment — sports product with excellent build quality and modern design.,/abo-images-small (1)/images/small/d4/d4292bc0.jpg
D:\FYP Project\fypapp\abo-images-small (1)\images\small\45\45a54427.jpg,iPhone,Smartphones,699.99,A high-quality iphone — smartphones product with excellent build quality and modern design.,/abo-images-small (1)/images/small/45/45a54427.jpg
D:\FYP Project\fypapp\abo-images-small (1)\images\small\f9\f9b26c2e.jpg,Kitchen Appliance,Appliances,129.99,A high-quality kitchen appliance — appliances product with excellent build quality and modern design.,/abo-images-small (1)/images/small/f9/f9b26c2e.jpg
D:\FYP Project\fypapp\abo-images-small (1)\images\small\81\81979240.jpg,iPad,Tablets,449.99,A high-quality ipad — tablets product with excellent build quality and modern design.,/abo-images-small (1)/images/small/81/81979240.jpg
D:\FYP Project\fypapp\abo-images-small (1)\images\small\38\386ca445.jpg,Polo Shirt,Shirts,39.99,A high-quality polo shirt — shirts product with excellent build quality and modern design.,/abo-images-small (1)/images/small/38/386ca445.jpg
D:\FYP Project\fypapp\abo-images-small (1)\images\small\bb\bb6ed3b1.jpg,Skillet,Cookware,89.99,A high-quality skillet — cookware product with excellent build quality and modern design.,/abo-images-small (1)/images/small/bb/bb6ed3b1.jpg
D:\FYP Project\fypapp\abo-images-small (1)\images\small\b8\b8aef90e.jpg,Smartphone,Smartphones,699.99,A high-quality smartphone — smartphones product with excellent build quality and modern design.,/abo-images-small (1)/images/small/b8/b8aef90e.jpg
D:\FYP Project\fypapp\abo-images-small (1)\images\small\00\0034f9e9.jpg,Non-Stick Pan,Cookware,89.99,A high-quality non-stick pan — cookware product with excellent build quality and modern design.,/abo-images-small (1)/images/small/00/0034f9e9.jpg
D:\FYP Project\fypapp\abo-images-small (1)\images\small\d0\d0e2a473.jpg,Fitness Equipment,Sports,34.99,A high-quality fitness equipment — sports product with excellent build quality and modern design.,/abo-images-small (1)/images/small/d0/d0e2a473.jpg
D:\FYP Project\fypapp\abo-images-small (1)\images\small\6f\6f622ce2.jpg,Windbreaker,Jackets,119.99,A high-quality windbreaker — jackets product with excellent build quality and modern design.,/abo-images-small (1)/images/small/6f/6f622ce2.jpg
D:\FYP Project\fypapp\abo-images-small (1)\images\small\aa\aa84c610.jpg,Smartphone,Smartphones,699.99,A high-quality smartphone — smartphones product with excellent build quality and modern design.,/abo-images-small (1)/images/small/aa/aa84c610.jpg
D:\FYP Project\fypapp\abo-images-small (1)\images\small\07\072c5751.jpg,Coffee Table,Tables,299.99,A high-quality coffee table — tables product with excellent build quality and modern design.,/abo-images-small (1)/images/small/07/072c5751.jpg
D:\FYP Project\fypapp\abo-images-small (1)\images\small\25\2523f374.jpg,Cooking Pot,Cookware,89.99,A high-quality cooking pot — cookware product with excellent build quality and modern design.,/abo-images-small (1)/images/small/25/2523f374.jpg
D:\FYP Project\fypapp\abo-images-small (1)\images\small\7d\7d709958.jpg,Skillet,Cookware,89.99,A high-quality skillet — cookware product with excellent build quality and modern design.,/abo-images-small (1)/images/small/7d/7d709958.jpg
D:\FYP Project\fypapp\abo-images-small (1)\images\small\6a\6aa396a8.jpg,Bed Frame,Beds,499.99,A high-quality bed frame — beds product with excellent build quality and modern design.,/abo-images-small (1)/images/small/6a/6aa396a8.jpg
D:\FYP Project\fypapp\abo-images-small (1)\images\small\54\54c62871.jpg,Mobile Phone,Smartphones,699.99,A high-quality mobile phone — smartphones product with excellent build quality and modern design.,/abo-images-small (1)/images/small/54/54c62871.jpg
D:\FYP Project\fypapp\abo-images-small (1)\images\small\13\13ce3f61.jpg,Sectional Sofa,Sofas,799.99,A high-quality sectional sofa — sofas product with excellent build quality and modern design.,/abo-images-small (1)/images/small/13/13ce3f61.jpg
D:\FYP Project\fypapp\abo-images-small (1)\images\small\55\55148cb3.jpg,Boots,Shoes,89.99,A high-quality boots — shoes product with excellent build quality and modern design.,/abo-images-small (1)/images/small/55/55148cb3.jpg
D:\FYP Project\fypapp\abo-images-small (1)\images\small\c5\c52d34f9.jpg,Kitchen Appliance,Appliances,129.99,A high-quality kitchen appliance — appliances product with excellent build quality and modern design.,/abo-images-small (1)/images/small/c5/c52d34f9.jpg
D:\FYP Project\fypapp\abo-images-small (1)\images\small\fc\fc4a810b.jpg,Mobile Phone,Smartphones,699.99,A high-quality mobile phone — smartphones product with excellent build quality and modern design.,/abo-images-small (1)/images/small/fc/fc4a810b.jpg
D:\FYP Project\fypapp\abo-images-small (1)\images\small\1d\1d183bf7.jpg,Blender,Appliances,129.99,A high-quality blender — appliances product with excellent build quality and modern design.,/abo-images-small (1)/images/small/1d/1d183bf7.jpg
D:\FYP Project\fypapp\abo-images-small (1)\images\small\a9\a9692673.jpg,Skillet,Cookware,89.99,A high-quality skillet — cookware product with excellent build quality and modern design.,/abo-images-small (1)/images/small/a9/a9692673.jpg
D:\FYP Project\fypapp\abo-images-small (1)\images\small\17\1764750c.jpg,Cookware Set,Cookware,89.99,A high-quality cookware set — cookware product with excellent build quality and modern design.,/abo-images-small (1)/images/small/17/1764750c.jpg
D:\FYP Project\fypapp\abo-images-small (1)\images\small\b9\b921bd94.jpg,Mobile Phone,Smartphones,699.99,A high-quality mobile phone — smartphones product with excellent build quality and modern design.,/abo-images-small (1)/images/small/b9/b921bd94.jpg
D:\FYP Project\fypapp\abo-images-small (1)\images\small\29\29dd4362.jpg,Android Phone,Smartphones,699.99,A high-quality android phone — smartphones product with excellent build quality and modern design.,/abo-images-small (1)/images/small/29/29dd4362.jpg
D:\FYP Project\fypapp\abo-images-small (1)\images\small\2a\2adf4b0e.jpg,Recliner,Chairs,199.99,A high-quality recliner — chairs product with excellent build quality and modern design.,/abo-images-small (1)/images/small/2a/2adf4b0e.jpg
D:\FYP Project\fypapp\abo-images-small (1)\images\small\e5\e5a1b509.jpg,Smartphone,Smartphones,699.99,A high-quality smartphone — smartphones product with excellent build quality and modern design.,/abo-images-small (1)/images/small/e5/e5a1b509.jpg
D:\FYP Project\fypapp\abo-images-small (1)\images\small\a5\a5a48423.jpg,Microwave,Appliances,129.99,A high-quality microwave — appliances product with excellent build quality and modern design.,/abo-images-small (1)/images/small/a5/a5a48423.jpg
D:\FYP Project\fypapp\abo-images-small (1)\images\small\bf\bf3eb9f7.jpg,Digital Tablet,Tablets,449.99,A high-quality digital tablet — tablets product with excellent build quality and modern design.,/abo-images-small (1)/images/small/bf/bf3eb9f7.jpg
D:\FYP Project\fypapp\abo-images-small (1)\images\small\39\39690bd8.jpg,iPhone,Smartphones,699.99,A high-quality iphone — smartphones product with excellent build quality and modern design.,/abo-images-small (1)/images/small/39/39690bd8.jpg
D:\FYP Project\fypapp\abo-images-small (1)\images\small\5c\5c393547.jpg,Jacket,Jackets,119.99,A high-quality jacket — jackets product with excellent build quality and modern design.,/abo-images-small (1)/images/small/5c/5c393547.jpg
D:\FYP Project\fypapp\abo-images-small (1)\images\small\b7\b7d230b2.jpg,Couch,Sofas,799.99,A high-quality couch — sofas product with excellent build quality and modern design.,/abo-images-small (1)/images/small/b7/b7d230b2.jpg
D:\FYP Project\fypapp\abo-images-small (1)\images\small\d3\d318623d.jpg,Outdoor Equipment,Outdoors,149.99,A high-quality outdoor equipment — outdoors product with excellent build quality and modern design.,/abo-images-small (1)/images/small/d3/d318623d.jpg
D:\FYP Project\fypapp\abo-images-small (1)\images\small\93\9361a0cf.jpg,Casual Top,Shirts,39.99,A high-quality casual top — shirts product with excellent build quality and modern design.,/abo-images-small (1)/images/small/93/9361a0cf.jpg
D:\FYP Project\fypapp\abo-images-small (1)\images\small\4b\4b892814.jpg,Dinnerware Set,Dinnerware,49.99,A high-quality dinnerware set — dinnerware product with excellent build quality and modern design.,/abo-images-small (1)/images/small/4b/4b892814.jpg
D:\FYP Project\fypapp\abo-images-small (1)\images\small\bb\bb5dc2da.jpg,Non-Stick Pan,Cookware,89.99,A high-quality non-stick pan — cookware product with excellent build quality and modern design.,/abo-images-small (1)/images/small/bb/bb5dc2da.jpg
D:\FYP Project\fypapp\abo-images-small (1)\images\small\f1\f132d646.jpg,Android Phone,Smartphones,699.99,A high-quality android phone — smartphones product with excellent build quality and modern design.,/abo-images-small (1)/images/small/f1/f132d646.jpg
D:\FYP Project\fypapp\abo-images-small (1)\images\small\47\475d0675.jpg,Exercise Gear,Sports,34.99,A high-quality exercise gear — sports product with excellent build quality and modern design.,/abo-images-small (1)/images/small/47/475d0675.jpg
D:\FYP Project\fypapp\abo-images-small (1)\images\small\6b\6bb3c0ee.jpg,Smartphone,Smartphones,699.99,A high-quality smartphone — smartphones product with excellent build quality and modern design.,/abo-images-small (1)/images/small/6b/6bb3c0ee.jpg
D:\FYP Project\fypapp\abo-images-small (1)\images\small\8a\8ac9d2e4.jpg,Winter Coat,Jackets,119.99,A high-quality winter coat — jackets product with excellent build quality and modern design.,/abo-images-small (1)/images/small/8a/8ac9d2e4.jpg
D:\FYP Project\fypapp\abo-images-small (1)\images\small\e9\e99fd1f9.jpg,Straight Jeans,Jeans,69.99,A high-quality straight jeans — jeans product with excellent build quality and modern design.,/abo-images-small (1)/images/small/e9/e99fd1f9.jpg
D:\FYP Project\fypapp\abo-images-small (1)\images\small\fe\fef84a47.jpg,iPhone,Smartphones,699.99,A high-quality iphone — smartphones product with excellent build quality and modern design.,/abo-images-small (1)/images/small/fe/fef84a47.jpg
D:\FYP Project\fypapp\abo-images-small (1)\images\small\81\81430710.jpg,Bed Frame,Beds,499.99,A high-quality bed frame — beds product with excellent build quality and modern design.,/abo-images-small (1)/images/small/81/81430710.jpg
D:\FYP Project\fypapp\abo-images-small (1)\images\small\98\98726ef7.jpg,Queen Bed,Beds,499.99,A high-quality queen bed — beds product with excellent build quality and modern design.,/abo-images-small (1)/images/small/98/98726ef7.jpg
D:\FYP Project\fypapp\abo-images-small (1)\images\small\b4\b4ab6b37.jpg,Android Phone,Smartphones,699.99,A high-quality android phone — smartphones product with excellent build quality and modern design.,/abo-images-small (1)/images/small/b4/b4ab6b37.jpg
D:\FYP Project\fypapp\abo-images-small (1)\images\small\9d\9d24d4c2.jpg,Denim Pants,Jeans,69.99,A high-quality denim pants — jeans product with excellent build quality and modern design.,/abo-images-small (1)/images/small/9d/9d24d4c2.jpg
D:\FYP Project\fypapp\abo-images-small (1)\images\small\28\2879a4f6.jpg,Smartphone,Smartphones,699.99,A high-quality smartphone — smartphones product with excellent build quality and modern design.,/abo-images-small (1)/images/small/28/2879a4f6.jpg
D:\FYP Project\fypapp\abo-images-small (1)\images\small\56\56ef2de7.jpg,Queen Bed,Beds,499.99,A high-quality queen bed — beds product with excellent build quality and modern design.,/abo-images-small (1)/images/small/56/56ef2de7.jpg
D:\FYP Project\fypapp\abo-images-small (1)\images\small\50\5032eb3b.jpg,Android Phone,Smartphones,699.99,A high-quality android phone — smartphones product with excellent build quality and modern design.,/abo-images-small (1)/images/small/50/5032eb3b.jpg
D:\FYP Project\fypapp\abo-images-small (1)\images\small\15\15b24983.jpg,Platform Bed,Beds,499.99,A high-quality platform bed — beds product with excellent build quality and modern design.,/abo-images-small (1)/images/small/15/15b24983.jpg
D:\FYP Project\fypapp\abo-images-small (1)\images\small\75\750700b9.jpg,Sneakers,Shoes,89.99,A high-quality sneakers — shoes product with excellent build quality and modern design.,/abo-images-small (1)/images/small/75/750700b9.jpg
D:\FYP Project\fypapp\abo-images-small (1)\images\small\07\07e94355.jpg,Hiking Gear,Outdoors,149.99,A high-quality hiking gear — outdoors product with excellent build quality and modern design.,/abo-images-small (1)/images/small/07/07e94355.jpg
D:\FYP Project\fypapp\abo-images-small (1)\images\small\cc\ccdf28b7.jpg,Android Phone,Smartphones,699.99,A high-quality android phone — smartphones product with excellent build quality and modern design.,/abo-images-small (1)/images/small/cc/ccdf28b7.jpg
D:\FYP Project\fypapp\abo-images-small (1)\images\small\c0\c0a2417b.jpg,Android Tablet,Tablets,449.99,A high-quality android tablet — tablets product with excellent build quality and modern design.,/abo-images-small (1)/images/small/c0/c0a2417b.jpg
D:\FYP Project\fypapp\abo-images-small (1)\images\small\51\51e55ebb.jpg,Sneakers,Shoes,89.99,A high-quality sneakers — shoes product with excellent build quality and modern design.,/abo-images-small (1)/images/small/51/51e55ebb.jpg
D:\FYP Project\fypapp\abo-images-small (1)\images\small\cc\ccfa9078.jpg,Microwave,Appliances,129.99,A high-quality microwave — appliances product with excellent build quality and modern design.,/abo-images-small (1)/images/small/cc/ccfa9078.jpg
D:\FYP Project\fypapp\abo-images-small (1)\images\small\4e\4e616302.jpg,Summer Dress,Dresses,59.99,A high-quality summer dress — dresses product with excellent build quality and modern design.,/abo-images-small (1)/images/small/4e/4e616302.jpg
D:\FYP Project\fypapp\abo-images-small (1)\images\small\02\02994f09.jpg,Coffee Maker,Appliances,129.99,A high-quality coffee maker — appliances product with excellent build quality and modern design.,/abo-images-small (1)/images/small/02/02994f09.jpg
D:\FYP Project\fypapp\abo-images-small (1)\images\small\18\18430fc1.jpg,Dining Table,Tables,299.99,A high-quality dining table — tables product with excellent build quality and modern design.,/abo-images-small (1)/images/small/18/18430fc1.jpg
D:\FYP Project\fypapp\abo-images-small (1)\images\small\db\db345eb8.jpg,Mobile Phone,Smartphones,699.99,A high-quality mobile phone — smartphones product with excellent build quality and modern design.,/abo-images-small (1)/images/small/db/db345eb8.jpg
D:\FYP Project\fypapp\abo-images-small (1)\images\small\14\1400a04a.jpg,Summer Dress,Dresses,59.99,A high-quality summer dress — dresses product with excellent build quality and modern design.,/abo-images-small (1)/images/small/14/1400a04a.jpg
D:\FYP Project\fypapp\abo-images-small (1)\images\small\51\5166367e.jpg,iPhone,Smartphones,699.99,A high-quality iphone — smartphones product with excellent build quality and modern design.,/abo-images-small (1)/images/small/51/5166367e.jpg
D:\FYP Project\fypapp\abo-images-small (1)\images\small\16\16fefe66.jpg,Dining Table,Tables,299.99,A high-quality dining table — tables product with excellent build quality and modern design.,/abo-images-small (1)/images/small/16/16fefe66.jpg
D:\FYP Project\fypapp\abo-images-small (1)\images\small\0b\0b6b2ec3.jpg,Microwave,Appliances,129.99,A high-quality microwave — appliances product with excellent build quality and modern design.,/abo-images-small (1)/images/small/0b/0b6b2ec3.jpg
D:\FYP Project\fypapp\abo-images-small (1)\images\small\71\717875c7.jpg,Blender,Appliances,129.99,A high-quality blender — appliances product with excellent build quality and modern design.,/abo-images-small (1)/images/small/71/717875c7.jpg
D:\FYP Project\fypapp\abo-images-small (1)\images\small\18\18182e54.jpg,Backpack,Outdoors,149.99,A high-quality backpack — outdoors product with excellent build quality and modern design.,/abo-images-small (1)/images/small/18/18182e54.jpg
D:\FYP Project\fypapp\abo-images-small (1)\images\small\b3\b3b4a581.jpg,Sneakers,Shoes,89.99,A high-quality sneakers — shoes product with excellent build quality and modern design.,/abo-images-small (1)/images/small/b3/b3b4a581.jpg
D:\FYP Project\fypapp\abo-images-small (1)\images\small\54\542f04ca.jpg,Maxi Dress,Dresses,59.99,A high-quality maxi dress — dresses product with excellent build quality and modern design.,/abo-images-small (1)/images/small/54/542f04ca.jpg
D:\FYP Project\fypapp\abo-images-small (1)\images\small\61\6137c6ff.jpg,Cooking Pot,Cookware,89.99,A high-quality cooking pot — cookware product with excellent build quality and modern design.,/abo-images-small (1)/images/small/61/6137c6ff.jpg
D:\FYP Project\fypapp\abo-images-small (1)\images\small\e8\e8d4eb97.jpg,Windbreaker,Jackets,119.99,A high-quality windbreaker — jackets product with excellent build quality and modern design.,/abo-images-small (1)/images/small/e8/e8d4eb97.jpg
D:\FYP Project\fypapp\abo-images-small (1)\images\small\a9\a945120c.jpg,Dinnerware Set,Dinnerware,49.99,A high-quality dinnerware set — dinnerware product with excellent build quality and modern design.,/abo-images-small (1)/images/small/a9/a945120c.jpg
D:\FYP Project\fypapp\abo-images-small (1)\images\small\4c\4c707c41.jpg,Mobile Phone,Smartphones,699.99,A high-quality mobile phone — smartphones product with excellent build quality and modern design.,/abo-images-small (1)/images/small/4c/4c707c41.jpg
D:\FYP Project\fypapp\abo-images-small (1)\images\small\f6\f69bf233.jpg,Android Phone,Smartphones,699.99,A high-quality android phone — smartphones product with excellent build quality and modern design.,/abo-images-small (1)/images/small/f6/f69bf233.jpg
D:\FYP Project\fypapp\abo-images-small (1)\images\small\2c\2c7e6806.jpg,Gaming Laptop,Laptops,899.99,A high-quality gaming laptop — laptops product with excellent build quality and modern design.,/abo-images-small (1)/images/small/2c/2c7e6806.jpg
D:\FYP Project\fypapp\abo-images-small (1)\images\small\c6\c632b376.jpg,Smartphone,Smartphones,699.99,A high-quality smartphone — smartphones product with excellent build quality and modern design.,/abo-images-small (1)/images/small/c6/c632b376.jpg
D:\FYP Project\fypapp\abo-images-small (1)\images\small\c7\c77f5688.jpg,Non-Stick Pan,Cookware,89.99,A high-quality non-stick pan — cookware product with excellent build quality and modern design.,/abo-images-small (1)/images/small/c7/c77f5688.jpg
D:\FYP Project\fypapp\abo-images-small (1)\images\small\a5\a5047b9f.jpg,Android Phone,Smartphones,699.99,A high-quality android phone — smartphones product with excellent build quality and modern design.,/abo-images-small (1)/images/small/a5/a5047b9f.jpg
D:\FYP Project\fypapp\abo-images-small (1)\images\small\55\55c3f98c.jpg,Desk,Tables,299.99,A high-quality desk — tables product with excellent build quality and modern design.,/abo-images-small (1)/images/small/55/55c3f98c.jpg
D:\FYP Project\fypapp\abo-images-small (1)\images\small\a5\a50c091f.jpg,Cookware Set,Cookware,89.99,A high-quality cookware set — cookware product with excellent build quality and modern design.,/abo-images-small (1)/images/small/a5/a50c091f.jpg
D:\FYP Project\fypapp\abo-images-small (1)\images\small\8d\8dec2a10.jpg,Coffee Table,Tables,299.99,A high-quality coffee table — tables product with excellent build quality and modern design.,/abo-images-small (1)/images/small/8d/8dec2a10.jpg
D:\FYP Project\fypapp\abo-images-small (1)\images\small\42\42a875e3.jpg,Android Phone,Smartphones,699.99,A high-quality android phone — smartphones product with excellent build quality and modern design.,/abo-images-small (1)/images/small/42/42a875e3.jpg
D:\FYP Project\fypapp\abo-images-small (1)\images\small\1f\1f4fb7a3.jpg,iPhone,Smartphones,699.99,A high-quality iphone — smartphones product with excellent build quality and modern design.,/abo-images-small (1)/images/small/1f/1f4fb7a3.jpg
D:\FYP Project\fypapp\abo-images-small (1)\images\small\20\2039607e.jpg,Dining Table,Tables,299.99,A high-quality dining table — tables product with excellent build quality and modern design.,/abo-images-small (1)/images/small/20/2039607e.jpg
D:\FYP Project\fypapp\abo-images-small (1)\images\small\e5\e56e240a.jpg,Mobile Phone,Smartphones,699.99,A high-quality mobile phone — smartphones product with excellent build quality and modern design.,/abo-images-small (1)/images/small/e5/e56e240a.jpg
D:\FYP Project\fypapp\abo-images-small (1)\images\small\96\961310af.jpg,Android Phone,Smartphones,699.99,A high-quality android phone — smartphones product with excellent build quality and modern design.,/abo-images-small (1)/images/small/96/961310af.jpg
D:\FYP Project\fypapp\abo-images-small (1)\images\small\7a\7aa789a6.jpg,Skillet,Cookware,89.99,A high-quality skillet — cookware product with excellent build quality and modern design.,/abo-images-small (1)/images/small/7a/7aa789a6.jpg
D:\FYP Project\fypapp\abo-images-small (1)\images\small\93\93815f0d.jpg,Laptop,Laptops,899.99,A high-quality laptop — laptops product with excellent build quality and modern design.,/abo-images-small (1)/images/small/93/93815f0d.jpg
D:\FYP Project\fypapp\abo-images-small (1)\images\small\8f\8f113e06.jpg,Non-Stick Pan,Cookware,89.99,A high-quality non-stick pan — cookware product with excellent build quality and modern design.,/abo-images-small (1)/images/small/8f/8f113e06.jpg
D:\FYP Project\fypapp\abo-images-small (1)\images\small\a2\a226cacf.jpg,Digital Tablet,Tablets,449.99,A high-quality digital tablet — tablets product with excellent build quality and modern design.,/abo-images-small (1)/images/small/a2/a226cacf.jpg
D:\FYP Project\fypapp\abo-images-small (1)\images\small\12\1269cc51.jpg,Windbreaker,Jackets,119.99,A high-quality windbreaker — jackets product with excellent build quality and modern design.,/abo-images-small (1)/images/small/12/1269cc51.jpg
D:\FYP Project\fypapp\abo-images-small (1)\images\small\eb\eb98262a.jpg,Dining Table,Tables,299.99,A high-quality dining table — tables product with excellent build quality and modern design.,/abo-images-small (1)/images/small/eb/eb98262a.jpg
D:\FYP Project\fypapp\abo-images-small (1)\images\small\e3\e3bc5316.jpg,Mobile Phone,Smartphones,699.99,A high-quality mobile phone — smartphones product with excellent build quality and modern design.,/abo-images-small (1)/images/small/e3/e3bc5316.jpg
D:\FYP Project\fypapp\abo-images-small (1)\images\small\e1\e17ed2ed.jpg,Accent Chair,Chairs,199.99,A high-quality accent chair — chairs product with excellent build quality and modern design.,/abo-images-small (1)/images/small/e1/e17ed2ed.jpg
D:\FYP Project\fypapp\abo-images-small (1)\images\small\20\208e35dd.jpg,Platform Bed,Beds,499.99,A high-quality platform bed — beds product with excellent build quality and modern design.,/abo-images-small (1)/images/small/20/208e35dd.jpg
D:\FYP Project\fypapp\abo-images-small (1)\images\small\14\1470f18a.jpg,Digital Camera,Cameras,549.99,A high-quality digital camera — cameras product with excellent build quality and modern design.,/abo-images-small (1)/images/small/14/1470f18a.jpg
D:\FYP Project\fypapp\abo-images-small (1)\images\small\8c\8c661b2d.jpg,Maxi Dress,Dresses,59.99,A high-quality maxi dress — dresses product with excellent build quality and modern design.,/abo-images-small (1)/images/small/8c/8c661b2d.jpg
D:\FYP Project\fypapp\abo-images-small (1)\images\small\75\754fb60d.jpg,Android Phone,Smartphones,699.99,A high-quality android phone — smartphones product with excellent build quality and modern design.,/abo-images-small (1)/images/small/75/754fb60d.jpg
D:\FYP Project\fypapp\abo-images-small (1)\images\small\23\23fa69d6.jpg,iPhone,Smartphones,699.99,A high-quality iphone — smartphones product with excellent build quality and modern design.,/abo-images-small (1)/images/small/23/23fa69d6.jpg
D:\FYP Project\fypapp\abo-images-small (1)\images\small\57\571ec3b8.jpg,Sneakers,Shoes,89.99,A high-quality sneakers — shoes product with excellent build quality and modern design.,/abo-images-small (1)/images/small/57/571ec3b8.jpg
D:\FYP Project\fypapp\abo-images-small (1)\images\small\43\4318c2c5.jpg,Running Shoes,Shoes,89.99,A high-quality running shoes — shoes product with excellent build quality and modern design.,/abo-images-small (1)/images/small/43/4318c2c5.jpg
D:\FYP Project\fypapp\abo-images-small (1)\images\small\42\42a1e7ef.jpg,Summer Dress,Dresses,59.99,A high-quality summer dress — dresses product with excellent build quality and modern design.,/abo-images-small (1)/images/small/42/42a1e7ef.jpg
D:\FYP Project\fypapp\abo-images-small (1)\images\small\ba\ba48f9fb.jpg,iPhone,Smartphones,699.99,A high-quality iphone — smartphones product with excellent build quality and modern design.,/abo-images-small (1)/images/small/ba/ba48f9fb.jpg
D:\FYP Project\fypapp\abo-images-small (1)\images\small\9c\9c4f8722.jpg,Smartphone,Smartphones,699.99,A high-quality smartphone — smartphones product with excellent build quality and modern design.,/abo-images-small (1)/images/small/9c/9c4f8722.jpg
D:\FYP Project\fypapp\abo-images-small (1)\images\small\2f\2f60fa9b.jpg,Notebook PC,Laptops,899.99,A high-quality notebook pc — laptops product with excellent build quality and modern design.,/abo-images-small (1)/images/small/2f/2f60fa9b.jpg
D:\FYP Project\fypapp\abo-images-small (1)\images\small\ff\ff81dabb.jpg,Mirrorless Camera,Cameras,549.99,A high-quality mirrorless camera — cameras product with excellent build quality and modern design.,/abo-images-small (1)/images/small/ff/ff81dabb.jpg
D:\FYP Project\fypapp\abo-images-small (1)\images\small\3f\3f57f7da.jpg,Desk,Tables,299.99,A high-quality desk — tables product with excellent build quality and modern design.,/abo-images-small (1)/images/small/3f/3f57f7da.jpg
D:\FYP Project\fypapp\abo-images-small (1)\images\small\f5\f59c8cd4.jpg,Smartphone,Smartphones,699.99,A high-quality smartphone — smartphones product with excellent build quality and modern design.,/abo-images-small (1)/images/small/f5/f59c8cd4.jpg
D:\FYP Project\fypapp\abo-images-small (1)\images\small\a0\a0dcbdf1.jpg,iPad,Tablets,449.99,A high-quality ipad — tablets product with excellent build quality and modern design.,/abo-images-small (1)/images/small/a0/a0dcbdf1.jpg
D:\FYP Project\fypapp\abo-images-small (1)\images\small\57\577d65b2.jpg,Android Phone,Smartphones,699.99,A high-quality android phone — smartphones product with excellent build quality and modern design.,/abo-images-small (1)/images/small/57/577d65b2.jpg
D:\FYP Project\fypapp\abo-images-small (1)\images\small\19\19a14d1b.jpg,iPhone,Smartphones,699.99,A high-quality iphone — smartphones product with excellent build quality and modern design.,/abo-images-small (1)/images/small/19/19a14d1b.jpg
D:\FYP Project\fypapp\abo-images-small (1)\images\small\9a\9a4330d1.jpg,Dinnerware Set,Dinnerware,49.99,A high-quality dinnerware set — dinnerware product with excellent build quality and modern design.,/abo-images-small (1)/images/small/9a/9a4330d1.jpg
D:\FYP Project\fypapp\abo-images-small (1)\images\small\bf\bf74cbee.jpg,Mobile Phone,Smartphones,699.99,A high-quality mobile phone — smartphones product with excellent build quality and modern design.,/abo-images-small (1)/images/small/bf/bf74cbee.jpg
D:\FYP Project\fypapp\abo-images-small (1)\images\small\20\2079c371.jpg,Android Phone,Smartphones,699.99,A high-quality android phone — smartphones product with excellent build quality and modern design.,/abo-images-small (1)/images/small/20/2079c371.jpg
D:\FYP Project\fypapp\abo-images-small (1)\images\small\11\1123f429.jpg,Coffee Maker,Appliances,129.99,A high-quality coffee maker — appliances product with excellent build quality and modern design.,/abo-images-small (1)/images/small/11/1123f429.jpg
D:\FYP Project\fypapp\abo-images-small (1)\images\small\e3\e317f6c2.jpg,Sneakers,Shoes,89.99,A high-quality sneakers — shoes product with excellent build quality and modern design.,/abo-images-small (1)/images/small/e3/e317f6c2.jpg
D:\FYP Project\fypapp\abo-images-small (1)\images\small\bb\bbe96412.jpg,Resistance Bands,Sports,34.99,A high-quality resistance bands — sports product with excellent build quality and modern design.,/abo-images-small (1)/images/small/bb/bbe96412.jpg
D:\FYP Project\fypapp\abo-images-small (1)\images\small\05\0597501a.jpg,Straight Jeans,Jeans,69.99,A high-quality straight jeans — jeans product with excellent build quality and modern design.,/abo-images-small (1)/images/small/05/0597501a.jpg
D:\FYP Project\fypapp\abo-images-small (1)\images\small\1f\1f09a73e.jpg,iPhone,Smartphones,699.99,A high-quality iphone — smartphones product with excellent build quality and modern design.,/abo-images-small (1)/images/small/1f/1f09a73e.jpg
D:\FYP Project\fypapp\abo-images-small (1)\images\small\53\53ccae54.jpg,Office Chair,Chairs,199.99,A high-quality office chair — chairs product with excellent build quality and modern design.,/abo-images-small (1)/images/small/53/53ccae54.jpg
D:\FYP Project\fypapp\abo-images-small (1)\images\small\39\39edfdf6.jpg,Running Shoes,Shoes,89.99,A high-quality running shoes — shoes product with excellent build quality and modern design.,/abo-images-small (1)/images/small/39/39edfdf6.jpg
D:\FYP Project\fypapp\abo-images-small (1)\images\small\8d\8d9b6847.jpg,Outdoor Equipment,Outdoors,149.99,A high-quality outdoor equipment — outdoors product with excellent build quality and modern design.,/abo-images-small (1)/images/small/8d/8d9b6847.jpg
D:\FYP Project\fypapp\abo-images-small (1)\images\small\a9\a963a670.jpg,Windbreaker,Jackets,119.99,A high-quality windbreaker — jackets product with excellent build quality and modern design.,/abo-images-small (1)/images/small/a9/a963a670.jpg
D:\FYP Project\fypapp\abo-images-small (1)\images\small\a7\a7bd1915.jpg,Office Chair,Chairs,199.99,A high-quality office chair — chairs product with excellent build quality and modern design.,/abo-images-small (1)/images/small/a7/a7bd1915.jpg
D:\FYP Project\fypapp\abo-images-small (1)\images\small\4c\4c5216a9.jpg,Mobile Phone,Smartphones,699.99,A high-quality mobile phone — smartphones product with excellent build quality and modern design.,/abo-images-small (1)/images/small/4c/4c5216a9.jpg
D:\FYP Project\fypapp\abo-images-small (1)\images\small\8b\8bc4d270.jpg,Android Phone,Smartphones,699.99,A high-quality android phone — smartphones product with excellent build quality and modern design.,/abo-images-small (1)/images/small/8b/8bc4d270.jpg
D:\FYP Project\fypapp\abo-images-small (1)\images\small\13\13e601da.jpg,Coffee Maker,Appliances,129.99,A high-quality coffee maker — appliances product with excellent build quality and modern design.,/abo-images-small (1)/images/small/13/13e601da.jpg
D:\FYP Project\fypapp\abo-images-small (1)\images\small\39\391412d2.jpg,Sneakers,Shoes,89.99,A high-quality sneakers — shoes product with excellent build quality and modern design.,/abo-images-small (1)/images/small/39/391412d2.jpg
D:\FYP Project\fypapp\abo-images-small (1)\images\small\83\839e068d.jpg,Coffee Table,Tables,299.99,A high-quality coffee table — tables product with excellent build quality and modern design.,/abo-images-small (1)/images/small/83/839e068d.jpg
D:\FYP Project\fypapp\abo-images-small (1)\images\small\00\00a6949a.jpg,Accent Chair,Chairs,199.99,A high-quality accent chair — chairs product with excellent build quality and modern design.,/abo-images-small (1)/images/small/00/00a6949a.jpg
D:\FYP Project\fypapp\abo-images-small (1)\images\small\87\87f57d16.jpg,iPhone,Smartphones,699.99,A high-quality iphone — smartphones product with excellent build quality and modern design.,/abo-images-small (1)/images/small/87/87f57d16.jpg
D:\FYP Project\fypapp\abo-images-small (1)\images\small\5c\5c41d034.jpg,Dining Table,Tables,299.99,A high-quality dining table — tables product with excellent build quality and modern design.,/abo-images-small (1)/images/small/5c/5c41d034.jpg
D:\FYP Project\fypapp\abo-images-small (1)\images\small\9e\9e167f9f.jpg,Non-Stick Pan,Cookware,89.99,A high-quality non-stick pan — cookware product with excellent build quality and modern design.,/abo-images-small (1)/images/small/9e/9e167f9f.jpg
D:\FYP Project\fypapp\abo-images-small (1)\images\small\63\6315cff8.jpg,Sectional Sofa,Sofas,799.99,A high-quality sectional sofa — sofas product with excellent build quality and modern design.,/abo-images-small (1)/images/small/63/6315cff8.jpg
D:\FYP Project\fypapp\abo-images-small (1)\images\small\93\93556fa5.jpg,Denim Pants,Jeans,69.99,A high-quality denim pants — jeans product with excellent build quality and modern design.,/abo-images-small (1)/images/small/93/93556fa5.jpg
D:\FYP Project\fypapp\abo-images-small (1)\images\small\c1\c16282a6.jpg,Yoga Mat,Sports,34.99,A high-quality yoga mat — sports product with excellent build quality and modern design.,/abo-images-small (1)/images/small/c1/c16282a6.jpg
D:\FYP Project\fypapp\abo-images-small (1)\images\small\e6\e65f973c.jpg,DSLR Camera,Cameras,549.99,A high-quality dslr camera — cameras product with excellent build quality and modern design.,/abo-images-small (1)/images/small/e6/e65f973c.jpg
D:\FYP Project\fypapp\abo-images-small (1)\images\small\a9\a9b1e441.jpg,Android Phone,Smartphones,699.99,A high-quality android phone — smartphones product with excellent build quality and modern design.,/abo-images-small (1)/images/small/a9/a9b1e441.jpg
D:\FYP Project\fypapp\abo-images-small (1)\images\small\36\3647ebbd.jpg,Android Tablet,Tablets,449.99,A high-quality android tablet — tablets product with excellent build quality and modern design.,/abo-images-small (1)/images/small/36/3647ebbd.jpg
D:\FYP Project\fypapp\abo-images-small (1)\images\small\42\428c0ee2.jpg,Smartphone,Smartphones,699.99,A high-quality smartphone — smartphones product with excellent build quality and modern design.,/abo-images-small (1)/images/small/42/428c0ee2.jpg
D:\FYP Project\fypapp\abo-images-small (1)\images\small\67\670446e1.jpg,Coffee Table,Tables,299.99,A high-quality coffee table — tables product with excellent build quality and modern design.,/abo-images-small (1)/images/small/67/670446e1.jpg
D:\FYP Project\fypapp\abo-images-small (1)\images\small\4d\4da10437.jpg,Summer Dress,Dresses,59.99,A high-quality summer dress — dresses product with excellent build quality and modern design.,/abo-images-small (1)/images/small/4d/4da10437.jpg
D:\FYP Project\fypapp\abo-images-small (1)\images\small\13\13e54515.jpg,Skillet,Cookware,89.99,A high-quality skillet — cookware product with excellent build quality and modern design.,/abo-images-small (1)/images/small/13/13e54515.jpg
D:\FYP Project\fypapp\abo-images-small (1)\images\small\c9\c9409cf7.jpg,Dress,Dresses,59.99,A high-quality dress — dresses product with excellent build quality and modern design.,/abo-images-small (1)/images/small/c9/c9409cf7.jpg
D:\FYP Project\fypapp\abo-images-small (1)\images\small\bc\bc7612d6.jpg,Resistance Bands,Sports,34.99,A high-quality resistance bands — sports product with excellent build quality and modern design.,/abo-images-small (1)/images/small/bc/bc7612d6.jpg
D:\FYP Project\fypapp\abo-images-small (1)\images\small\14\147ed4f4.jpg,Blender,Appliances,129.99,A high-quality blender — appliances product with excellent build quality and modern design.,/abo-images-small (1)/images/small/14/147ed4f4.jpg
D:\FYP Project\fypapp\abo-images-small (1)\images\small\6c\6c58c960.jpg,Platform Bed,Beds,499.99,A high-quality platform bed — beds product with excellent build quality and modern design.,/abo-images-small (1)/images/small/6c/6c58c960.jpg
D:\FYP Project\fypapp\abo-images-small (1)\images\small\13\137f05fb.jpg,Bed Frame,Beds,499.99,A high-quality bed frame — beds product with excellent build quality and modern design.,/abo-images-small (1)/images/small/13/137f05fb.jpg
D:\FYP Project\fypapp\abo-images-small (1)\images\small\10\10ab9327.jpg,Queen Bed,Beds,499.99,A high-quality queen bed — beds product with excellent build quality and modern design.,/abo-images-small (1)/images/small/10/10ab9327.jpg
D:\FYP Project\fypapp\abo-images-small (1)\images\small\ca\caee6867.jpg,Android Phone,Smartphones,699.99,A high-quality android phone — smartphones product with excellent build quality and modern design.,/abo-images-small (1)/images/small/ca/caee6867.jpg
D:\FYP Project\fypapp\abo-images-small (1)\images\small\a5\a5ffce21.jpg,Floral Dress,Dresses,59.99,A high-quality floral dress — dresses product with excellent build quality and modern design.,/abo-images-small (1)/images/small/a5/a5ffce21.jpg
D:\FYP Project\fypapp\abo-images-small (1)\images\small\af\afb226db.jpg,Smartphone,Smartphones,699.99,A high-quality smartphone — smartphones product with excellent build quality and modern design.,/abo-images-small (1)/images/small/af/afb226db.jpg
D:\FYP Project\fypapp\abo-images-small (1)\images\small\b8\b8cb1d41.jpg,Couch,Sofas,799.99,A high-quality couch — sofas product with excellent build quality and modern design.,/abo-images-small (1)/images/small/b8/b8cb1d41.jpg
D:\FYP Project\fypapp\abo-images-small (1)\images\small\37\3711eca6.jpg,Summer Dress,Dresses,59.99,A high-quality summer dress — dresses product with excellent build quality and modern design.,/abo-images-small (1)/images/small/37/3711eca6.jpg
D:\FYP Project\fypapp\abo-images-small (1)\images\small\13\135cebe6.jpg,Exercise Gear,Sports,34.99,A high-quality exercise gear — sports product with excellent build quality and modern design.,/abo-images-small (1)/images/small/13/135cebe6.jpg
D:\FYP Project\fypapp\abo-images-small (1)\images\small\b1\b1733941.jpg,Dining Table,Tables,299.99,A high-quality dining table — tables product with excellent build quality and modern design.,/abo-images-small (1)/images/small/b1/b1733941.jpg
D:\FYP Project\fypapp\abo-images-small (1)\images\small\1b\1b6c01ef.jpg,Mobile Phone,Smartphones,699.99,A high-quality mobile phone — smartphones product with excellent build quality and modern design.,/abo-images-small (1)/images/small/1b/1b6c01ef.jpg
D:\FYP Project\fypapp\abo-images-small (1)\images\small\41\4125901c.jpg,King Bed,Beds,499.99,A high-quality king bed — beds product with excellent build quality and modern design.,/abo-images-small (1)/images/small/41/4125901c.jpg
D:\FYP Project\fypapp\abo-images-small (1)\images\small\17\174cde9d.jpg,Mug Set,Dinnerware,49.99,A high-quality mug set — dinnerware product with excellent build quality and modern design.,/abo-images-small (1)/images/small/17/174cde9d.jpg
D:\FYP Project\fypapp\abo-images-small (1)\images\small\cf\cf8b191d.jpg,Smartphone,Smartphones,699.99,A high-quality smartphone — smartphones product with excellent build quality and modern design.,/abo-images-small (1)/images/small/cf/cf8b191d.jpg
D:\FYP Project\fypapp\abo-images-small (1)\images\small\17\17182882.jpg,Winter Coat,Jackets,119.99,A high-quality winter coat — jackets product with excellent build quality and modern design.,/abo-images-small (1)/images/small/17/17182882.jpg
D:\FYP Project\fypapp\abo-images-small (1)\images\small\eb\ebf42693.jpg,Accent Chair,Chairs,199.99,A high-quality accent chair — chairs product with excellent build quality and modern design.,/abo-images-small (1)/images/small/eb/ebf42693.jpg
D:\FYP Project\fypapp\abo-images-small (1)\images\small\53\53697d74.jpg,Boots,Shoes,89.99,A high-quality boots — shoes product with excellent build quality and modern design.,/abo-images-small (1)/images/small/53/53697d74.jpg
D:\FYP Project\fypapp\abo-images-small (1)\images\small\8c\8cc04cd9.jpg,Cookware Set,Cookware,89.99,A high-quality cookware set — cookware product with excellent build quality and modern design.,/abo-images-small (1)/images/small/8c/8cc04cd9.jpg
D:\FYP Project\fypapp\abo-images-small (1)\images\small\28\28273a57.jpg,Couch,Sofas,799.99,A high-quality couch — sofas product with excellent build quality and modern design.,/abo-images-small (1)/images/small/28/28273a57.jpg
D:\FYP Project\fypapp\abo-images-small (1)\images\small\c5\c5c69fc4.jpg,Straight Jeans,Jeans,69.99,A high-quality straight jeans — jeans product with excellent build quality and modern design.,/abo-images-small (1)/images/small/c5/c5c69fc4.jpg
D:\FYP Project\fypapp\abo-images-small (1)\images\small\56\5689f367.jpg,iPhone,Smartphones,699.99,A high-quality iphone — smartphones product with excellent build quality and modern design.,/abo-images-small (1)/images/small/56/5689f367.jpg
D:\FYP Project\fypapp\abo-images-small (1)\images\small\c9\c9379fc5.jpg,Smartphone,Smartphones,699.99,A high-quality smartphone — smartphones product with excellent build quality and modern design.,/abo-images-small (1)/images/small/c9/c9379fc5.jpg
D:\FYP Project\fypapp\abo-images-small (1)\images\small\cf\cf4dfaf4.jpg,Mobile Phone,Smartphones,699.99,A high-quality mobile phone — smartphones product with excellent build quality and modern design.,/abo-images-small (1)/images/small/cf/cf4dfaf4.jpg
D:\FYP Project\fypapp\abo-images-small (1)\images\small\0d\0d9eefb8.jpg,Casual Shoes,Shoes,89.99,A high-quality casual shoes — shoes product with excellent build quality and modern design.,/abo-images-small (1)/images/small/0d/0d9eefb8.jpg
D:\FYP Project\fypapp\abo-images-small (1)\images\small\d6\d6dc7a43.jpg,Recliner,Chairs,199.99,A high-quality recliner — chairs product with excellent build quality and modern design.,/abo-images-small (1)/images/small/d6/d6dc7a43.jpg
D:\FYP Project\fypapp\abo-images-small (1)\images\small\1b\1bf298e1.jpg,Sneakers,Shoes,89.99,A high-quality sneakers — shoes product with excellent build quality and modern design.,/abo-images-small (1)/images/small/1b/1bf298e1.jpg
D:\FYP Project\fypapp\abo-images-small (1)\images\small\92\923c3d5e.jpg,Mobile Phone,Smartphones,699.99,A high-quality mobile phone — smartphones product with excellent build quality and modern design.,/abo-images-small (1)/images/small/92/923c3d5e.jpg
D:\FYP Project\fypapp\abo-images-small (1)\images\small\e4\e4daaa96.jpg,Sectional Sofa,Sofas,799.99,A high-quality sectional sofa — sofas product with excellent build quality and modern design.,/abo-images-small (1)/images/small/e4/e4daaa96.jpg
D:\FYP Project\fypapp\abo-images-small (1)\images\small\ca\caa9a4a4.jpg,Earphones,Headphones,149.99,A high-quality earphones — headphones product with excellent build quality and modern design.,/abo-images-small (1)/images/small/ca/caa9a4a4.jpg
D:\FYP Project\fypapp\abo-images-small (1)\images\small\c4\c475a541.jpg,Tablet,Tablets,449.99,A high-quality tablet — tablets product with excellent build quality and modern design.,/abo-images-small (1)/images/small/c4/c475a541.jpg
D:\FYP Project\fypapp\abo-images-small (1)\images\small\b6\b611e0e2.jpg,Coffee Table,Tables,299.99,A high-quality coffee table — tables product with excellent build quality and modern design.,/abo-images-small (1)/images/small/b6/b611e0e2.jpg
D:\FYP Project\fypapp\abo-images-small (1)\images\small\6d\6d41d98f.jpg,Sectional Sofa,Sofas,799.99,A high-quality sectional sofa — sofas product with excellent build quality and modern design.,/abo-images-small (1)/images/small/6d/6d41d98f.jpg
D:\FYP Project\fypapp\abo-images-small (1)\images\small\5a\5ac5acad.jpg,iPhone,Smartphones,699.99,A high-quality iphone — smartphones product with excellent build quality and modern design.,/abo-images-small (1)/images/small/5a/5ac5acad.jpg
D:\FYP Project\fypapp\abo-images-small (1)\images\small\48\48ecd466.jpg,Cookware Set,Cookware,89.99,A high-quality cookware set — cookware product with excellent build quality and modern design.,/abo-images-small (1)/images/small/48/48ecd466.jpg
D:\FYP Project\fypapp\abo-images-small (1)\images\small\e8\e8f312c6.jpg,Mobile Phone,Smartphones,699.99,A high-quality mobile phone — smartphones product with excellent build quality and modern design.,/abo-images-small (1)/images/small/e8/e8f312c6.jpg
D:\FYP Project\fypapp\abo-images-small (1)\images\small\6c\6c799ae6.jpg,Over-Ear Headphones,Headphones,149.99,A high-quality over-ear headphones — headphones product with excellent build quality and modern design.,/abo-images-small (1)/images/small/6c/6c799ae6.jpg
D:\FYP Project\fypapp\abo-images-small (1)\images\small\54\546b4744.jpg,Coffee Maker,Appliances,129.99,A high-quality coffee maker — appliances product with excellent build quality and modern design.,/abo-images-small (1)/images/small/54/546b4744.jpg
D:\FYP Project\fypapp\abo-images-small (1)\images\small\5c\5c5d1f89.jpg,Smartphone,Smartphones,699.99,A high-quality smartphone — smartphones product with excellent build quality and modern design.,/abo-images-small (1)/images/small/5c/5c5d1f89.jpg
D:\FYP Project\fypapp\abo-images-small (1)\images\small\89\89a2ff4d.jpg,iPad,Tablets,449.99,A high-quality ipad — tablets product with excellent build quality and modern design.,/abo-images-small (1)/images/small/89/89a2ff4d.jpg
D:\FYP Project\fypapp\abo-images-small (1)\images\small\2b\2be50895.jpg,Casual Shoes,Shoes,89.99,A high-quality casual shoes — shoes product with excellent build quality and modern design.,/abo-images-small (1)/images/small/2b/2be50895.jpg
D:\FYP Project\fypapp\abo-images-small (1)\images\small\f6\f66c61fb.jpg,Recliner,Chairs,199.99,A high-quality recliner — chairs product with excellent build quality and modern design.,/abo-images-small (1)/images/small/f6/f66c61fb.jpg
D:\FYP Project\fypapp\abo-images-small (1)\images\small\e1\e139a881.jpg,Smartphone,Smartphones,699.99,A high-quality smartphone — smartphones product with excellent build quality and modern design.,/abo-images-small (1)/images/small/e1/e139a881.jpg
D:\FYP Project\fypapp\abo-images-small (1)\images\small\68\685b94dd.jpg,iPad,Tablets,449.99,A high-quality ipad — tablets product with excellent build quality and modern design.,/abo-images-small (1)/images/small/68/685b94dd.jpg
D:\FYP Project\fypapp\abo-images-small (1)\images\small\9e\9e8125f6.jpg,Sectional Sofa,Sofas,799.99,A high-quality sectional sofa — sofas product with excellent build quality and modern design.,/abo-images-small (1)/images/small/9e/9e8125f6.jpg
D:\FYP Project\fypapp\abo-images-small (1)\images\small\6d\6d41946a.jpg,iPhone,Smartphones,699.99,A high-quality iphone — smartphones product with excellent build quality and modern design.,/abo-images-small (1)/images/small/6d/6d41946a.jpg
D:\FYP Project\fypapp\abo-images-small (1)\images\small\18\1899bb25.jpg,Sneakers,Shoes,89.99,A high-quality sneakers — shoes product with excellent build quality and modern design.,/abo-images-small (1)/images/small/18/1899bb25.jpg
D:\FYP Project\fypapp\abo-images-small (1)\images\small\03\0372ccbc.jpg,Mobile Phone,Smartphones,699.99,A high-quality mobile phone — smartphones product with excellent build quality and modern design.,/abo-images-small (1)/images/small/03/0372ccbc.jpg
D:\FYP Project\fypapp\abo-images-small (1)\images\small\9e\9ee28f30.jpg,Android Phone,Smartphones,699.99,A high-quality android phone — smartphones product with excellent build quality and modern design.,/abo-images-small (1)/images/small/9e/9ee28f30.jpg
D:\FYP Project\fypapp\abo-images-small (1)\images\small\d7\d7734f76.jpg,Denim Pants,Jeans,69.99,A high-quality denim pants — jeans product with excellent build quality and modern design.,/abo-images-small (1)/images/small/d7/d7734f76.jpg
D:\FYP Project\fypapp\abo-images-small (1)\images\small\c3\c3ea1db4.jpg,Bed Frame,Beds,499.99,A high-quality bed frame — beds product with excellent build quality and modern design.,/abo-images-small (1)/images/small/c3/c3ea1db4.jpg
D:\FYP Project\fypapp\abo-images-small (1)\images\small\20\20e4a148.jpg,Running Shoes,Shoes,89.99,A high-quality running shoes — shoes product with excellent build quality and modern design.,/abo-images-small (1)/images/small/20/20e4a148.jpg
D:\FYP Project\fypapp\abo-images-small (1)\images\small\18\18d5c154.jpg,Android Phone,Smartphones,699.99,A high-quality android phone — smartphones product with excellent build quality and modern design.,/abo-images-small (1)/images/small/18/18d5c154.jpg
D:\FYP Project\fypapp\abo-images-small (1)\images\small\ba\bada0db2.jpg,Gaming Laptop,Laptops,899.99,A high-quality gaming laptop — laptops product with excellent build quality and modern design.,/abo-images-small (1)/images/small/ba/bada0db2.jpg
D:\FYP Project\fypapp\abo-images-small (1)\images\small\4c\4c05c408.jpg,Yoga Mat,Sports,34.99,A high-quality yoga mat — sports product with excellent build quality and modern design.,/abo-images-small (1)/images/small/4c/4c05c408.jpg
D:\FYP Project\fypapp\abo-images-small (1)\images\small\b0\b0a4b68f.jpg,Mobile Phone,Smartphones,699.99,A high-quality mobile phone — smartphones product with excellent build quality and modern design.,/abo-images-small (1)/images/small/b0/b0a4b68f.jpg
D:\FYP Project\fypapp\abo-images-small (1)\images\small\f2\f28db2c6.jpg,Straight Jeans,Jeans,69.99,A high-quality straight jeans — jeans product with excellent build quality and modern design.,/abo-images-small (1)/images/small/f2/f28db2c6.jpg
D:\FYP Project\fypapp\abo-images-small (1)\images\small\2c\2c867679.jpg,Earphones,Headphones,149.99,A high-quality earphones — headphones product with excellent build quality and modern design.,/abo-images-small (1)/images/small/2c/2c867679.jpg
D:\FYP Project\fypapp\abo-images-small (1)\images\small\78\78872fe9.jpg,Dining Table,Tables,299.99,A high-quality dining table — tables product with excellent build quality and modern design.,/abo-images-small (1)/images/small/78/78872fe9.jpg
D:\FYP Project\fypapp\abo-images-small (1)\images\small\17\17565343.jpg,iPad,Tablets,449.99,A high-quality ipad — tablets product with excellent build quality and modern design.,/abo-images-small (1)/images/small/17/17565343.jpg
D:\FYP Project\fypapp\abo-images-small (1)\images\small\56\5628eacb.jpg,King Bed,Beds,499.99,A high-quality king bed — beds product with excellent build quality and modern design.,/abo-images-small (1)/images/small/56/5628eacb.jpg
D:\FYP Project\fypapp\abo-images-small (1)\images\small\7f\7f8b53e9.jpg,Platform Bed,Beds,499.99,A high-quality platform bed — beds product with excellent build quality and modern design.,/abo-images-small (1)/images/small/7f/7f8b53e9.jpg
D:\FYP Project\fypapp\abo-images-small (1)\images\small\63\630147f0.jpg,Tablet,Tablets,449.99,A high-quality tablet — tablets product with excellent build quality and modern design.,/abo-images-small (1)/images/small/63/630147f0.jpg
D:\FYP Project\fypapp\abo-images-small (1)\images\small\37\372f710c.jpg,Running Shoes,Shoes,89.99,A high-quality running shoes — shoes product with excellent build quality and modern design.,/abo-images-small (1)/images/small/37/372f710c.jpg
D:\FYP Project\fypapp\abo-images-small (1)\images\small\98\98737a46.jpg,Android Phone,Smartphones,699.99,A high-quality android phone — smartphones product with excellent build quality and modern design.,/abo-images-small (1)/images/small/98/98737a46.jpg
D:\FYP Project\fypapp\abo-images-small (1)\images\small\bd\bd014906.jpg,iPhone,Smartphones,699.99,A high-quality iphone — smartphones product with excellent build quality and modern design.,/abo-images-small (1)/images/small/bd/bd014906.jpg
D:\FYP Project\fypapp\abo-images-small (1)\images\small\69\692ef6ed.jpg,Kitchen Appliance,Appliances,129.99,A high-quality kitchen appliance — appliances product with excellent build quality and modern design.,/abo-images-small (1)/images/small/69/692ef6ed.jpg
D:\FYP Project\fypapp\abo-images-small (1)\images\small\d5\d520ae02.jpg,Microwave,Appliances,129.99,A high-quality microwave — appliances product with excellent build quality and modern design.,/abo-images-small (1)/images/small/d5/d520ae02.jpg
D:\FYP Project\fypapp\abo-images-small (1)\images\small\e3\e3d5041f.jpg,Accent Chair,Chairs,199.99,A high-quality accent chair — chairs product with excellent build quality and modern design.,/abo-images-small (1)/images/small/e3/e3d5041f.jpg
D:\FYP Project\fypapp\abo-images-small (1)\images\small\b8\b8609cb6.jpg,Android Tablet,Tablets,449.99,A high-quality android tablet — tablets product with excellent build quality and modern design.,/abo-images-small (1)/images/small/b8/b8609cb6.jpg
D:\FYP Project\fypapp\abo-images-small (1)\images\small\02\02dea136.jpg,Tablet,Tablets,449.99,A high-quality tablet — tablets product with excellent build quality and modern design.,/abo-images-small (1)/images/small/02/02dea136.jpg
D:\FYP Project\fypapp\abo-images-small (1)\images\small\e8\e89f3b11.jpg,Mobile Phone,Smartphones,699.99,A high-quality mobile phone — smartphones product with excellent build quality and modern design.,/abo-images-small (1)/images/small/e8/e89f3b11.jpg
D:\FYP Project\fypapp\abo-images-small (1)\images\small\c0\c0eec1d4.jpg,Puffer Jacket,Jackets,119.99,A high-quality puffer jacket — jackets product with excellent build quality and modern design.,/abo-images-small (1)/images/small/c0/c0eec1d4.jpg
D:\FYP Project\fypapp\abo-images-small (1)\images\small\68\68260ca4.jpg,Boots,Shoes,89.99,A high-quality boots — shoes product with excellent build quality and modern design.,/abo-images-small (1)/images/small/68/68260ca4.jpg
D:\FYP Project\fypapp\abo-images-small (1)\images\small\e6\e6f4e7f0.jpg,Dining Table,Tables,299.99,A high-quality dining table — tables product with excellent build quality and modern design.,/abo-images-small (1)/images/small/e6/e6f4e7f0.jpg
D:\FYP Project\fypapp\abo-images-small (1)\images\small\22\2223bf8f.jpg,iPad,Tablets,449.99,A high-quality ipad — tablets product with excellent build quality and modern design.,/abo-images-small (1)/images/small/22/2223bf8f.jpg
D:\FYP Project\fypapp\abo-images-small (1)\images\small\2d\2d729a17.jpg,Blender,Appliances,129.99,A high-quality blender — appliances product with excellent build quality and modern design.,/abo-images-small (1)/images/small/2d/2d729a17.jpg
D:\FYP Project\fypapp\abo-images-small (1)\images\small\fc\fc7b8081.jpg,Desk,Tables,299.99,A high-quality desk — tables product with excellent build quality and modern design.,/abo-images-small (1)/images/small/fc/fc7b8081.jpg
D:\FYP Project\fypapp\abo-images-small (1)\images\small\26\2676ac33.jpg,Smartphone,Smartphones,699.99,A high-quality smartphone — smartphones product with excellent build quality and modern design.,/abo-images-small (1)/images/small/26/2676ac33.jpg
D:\FYP Project\fypapp\abo-images-small (1)\images\small\23\23320592.jpg,Dining Chair,Chairs,199.99,A high-quality dining chair — chairs product with excellent build quality and modern design.,/abo-images-small (1)/images/small/23/23320592.jpg
D:\FYP Project\fypapp\abo-images-small (1)\images\small\f9\f92a16ae.jpg,Side Table,Tables,299.99,A high-quality side table — tables product with excellent build quality and modern design.,/abo-images-small (1)/images/small/f9/f92a16ae.jpg
D:\FYP Project\fypapp\abo-images-small (1)\images\small\fe\fe51de3b.jpg,Windbreaker,Jackets,119.99,A high-quality windbreaker — jackets product with excellent build quality and modern design.,/abo-images-small (1)/images/small/fe/fe51de3b.jpg
D:\FYP Project\fypapp\abo-images-small (1)\images\small\5f\5f173ec0.jpg,Sneakers,Shoes,89.99,A high-quality sneakers — shoes product with excellent build quality and modern design.,/abo-images-small (1)/images/small/5f/5f173ec0.jpg
D:\FYP Project\fypapp\abo-images-small (1)\images\small\61\61f87da2.jpg,Maxi Dress,Dresses,59.99,A high-quality maxi dress — dresses product with excellent build quality and modern design.,/abo-images-small (1)/images/small/61/61f87da2.jpg
D:\FYP Project\fypapp\abo-images-small (1)\images\small\d2\d2abcdba.jpg,Summer Dress,Dresses,59.99,A high-quality summer dress — dresses product with excellent build quality and modern design.,/abo-images-small (1)/images/small/d2/d2abcdba.jpg
D:\FYP Project\fypapp\abo-images-small (1)\images\small\4b\4b46939c.jpg,iPhone,Smartphones,699.99,A high-quality iphone — smartphones product with excellent build quality and modern design.,/abo-images-small (1)/images/small/4b/4b46939c.jpg
D:\FYP Project\fypapp\abo-images-small (1)\images\small\76\76916a35.jpg,Smartphone,Smartphones,699.99,A high-quality smartphone — smartphones product with excellent build quality and modern design.,/abo-images-small (1)/images/small/76/76916a35.jpg
D:\FYP Project\fypapp\abo-images-small (1)\images\small\48\48818dee.jpg,Hiking Gear,Outdoors,149.99,A high-quality hiking gear — outdoors product with excellent build quality and modern design.,/abo-images-small (1)/images/small/48/48818dee.jpg
D:\FYP Project\fypapp\abo-images-small (1)\images\small\dc\dc660cd7.jpg,Android Phone,Smartphones,699.99,A high-quality android phone — smartphones product with excellent build quality and modern design.,/abo-images-small (1)/images/small/dc/dc660cd7.jpg
D:\FYP Project\fypapp\abo-images-small (1)\images\small\5b\5bd655a9.jpg,iPhone,Smartphones,699.99,A high-quality iphone — smartphones product with excellent build quality and modern design.,/abo-images-small (1)/images/small/5b/5bd655a9.jpg
D:\FYP Project\fypapp\abo-images-small (1)\images\small\b0\b0817bc3.jpg,Dinnerware Set,Dinnerware,49.99,A high-quality dinnerware set — dinnerware product with excellent build quality and modern design.,/abo-images-small (1)/images/small/b0/b0817bc3.jpg
D:\FYP Project\fypapp\abo-images-small (1)\images\small\f7\f7cefa49.jpg,Non-Stick Pan,Cookware,89.99,A high-quality non-stick pan — cookware product with excellent build quality and modern design.,/abo-images-small (1)/images/small/f7/f7cefa49.jpg
D:\FYP Project\fypapp\abo-images-small (1)\images\small\57\57edbb85.jpg,Blender,Appliances,129.99,A high-quality blender — appliances product with excellent build quality and modern design.,/abo-images-small (1)/images/small/57/57edbb85.jpg
D:\FYP Project\fypapp\abo-images-small (1)\images\small\11\115e2db0.jpg,iPhone,Smartphones,699.99,A high-quality iphone — smartphones product with excellent build quality and modern design.,/abo-images-small (1)/images/small/11/115e2db0.jpg
D:\FYP Project\fypapp\abo-images-small (1)\images\small\1e\1ec0f958.jpg,Dress,Dresses,59.99,A high-quality dress — dresses product with excellent build quality and modern design.,/abo-images-small (1)/images/small/1e/1ec0f958.jpg
D:\FYP Project\fypapp\abo-images-small (1)\images\small\dc\dc6fa025.jpg,Running Shoes,Shoes,89.99,A high-quality running shoes — shoes product with excellent build quality and modern design.,/abo-images-small (1)/images/small/dc/dc6fa025.jpg
D:\FYP Project\fypapp\abo-images-small (1)\images\small\f5\f50fe8c3.jpg,Over-Ear Headphones,Headphones,149.99,A high-quality over-ear headphones — headphones product with excellent build quality and modern design.,/abo-images-small (1)/images/small/f5/f50fe8c3.jpg
D:\FYP Project\fypapp\abo-images-small (1)\images\small\60\6071cd01.jpg,iPhone,Smartphones,699.99,A high-quality iphone — smartphones product with excellent build quality and modern design.,/abo-images-small (1)/images/small/60/6071cd01.jpg
D:\FYP Project\fypapp\abo-images-small (1)\images\small\0e\0ec66b3f.jpg,Bicycle,Bicycles,399.99,A high-quality bicycle — bicycles product with excellent build quality and modern design.,/abo-images-small (1)/images/small/0e/0ec66b3f.jpg
D:\FYP Project\fypapp\abo-images-small (1)\images\small\01\01573b33.jpg,Dress Shirt,Shirts,39.99,A high-quality dress shirt — shirts product with excellent build quality and modern design.,/abo-images-small (1)/images/small/01/01573b33.jpg
D:\FYP Project\fypapp\abo-images-small (1)\images\small\72\72770305.jpg,Android Phone,Smartphones,699.99,A high-quality android phone — smartphones product with excellent build quality and modern design.,/abo-images-small (1)/images/small/72/72770305.jpg
D:\FYP Project\fypapp\abo-images-small (1)\images\small\2b\2be39846.jpg,iPhone,Smartphones,699.99,A high-quality iphone — smartphones product with excellent build quality and modern design.,/abo-images-small (1)/images/small/2b/2be39846.jpg
D:\FYP Project\fypapp\abo-images-small (1)\images\small\dd\dd6f8928.jpg,Bed Frame,Beds,499.99,A high-quality bed frame — beds product with excellent build quality and modern design.,/abo-images-small (1)/images/small/dd/dd6f8928.jpg
D:\FYP Project\fypapp\abo-images-small (1)\images\small\5a\5aff44e8.jpg,Wireless Earbuds,Headphones,149.99,A high-quality wireless earbuds — headphones product with excellent build quality and modern design.,/abo-images-small (1)/images/small/5a/5aff44e8.jpg
D:\FYP Project\fypapp\abo-images-small (1)\images\small\f7\f7f16703.jpg,Android Phone,Smartphones,699.99,A high-quality android phone — smartphones product with excellent build quality and modern design.,/abo-images-small (1)/images/small/f7/f7f16703.jpg
D:\FYP Project\fypapp\abo-images-small (1)\images\small\99\99a701a2.jpg,Exercise Gear,Sports,34.99,A high-quality exercise gear — sports product with excellent build quality and modern design.,/abo-images-small (1)/images/small/99/99a701a2.jpg
D:\FYP Project\fypapp\abo-images-small (1)\images\small\c0\c0185cd7.jpg,Smartphone,Smartphones,699.99,A high-quality smartphone — smartphones product with excellent build quality and modern design.,/abo-images-small (1)/images/small/c0/c0185cd7.jpg
D:\FYP Project\fypapp\abo-images-small (1)\images\small\95\9531129c.jpg,Queen Bed,Beds,499.99,A high-quality queen bed — beds product with excellent build quality and modern design.,/abo-images-small (1)/images/small/95/9531129c.jpg
D:\FYP Project\fypapp\abo-images-small (1)\images\small\c3\c32910ca.jpg,Side Table,Tables,299.99,A high-quality side table — tables product with excellent build quality and modern design.,/abo-images-small (1)/images/small/c3/c32910ca.jpg
D:\FYP Project\fypapp\abo-images-small (1)\images\small\03\03bdd841.jpg,Skillet,Cookware,89.99,A high-quality skillet — cookware product with excellent build quality and modern design.,/abo-images-small (1)/images/small/03/03bdd841.jpg
D:\FYP Project\fypapp\abo-images-small (1)\images\small\f7\f7c7e27e.jpg,Smartphone,Smartphones,699.99,A high-quality smartphone — smartphones product with excellent build quality and modern design.,/abo-images-small (1)/images/small/f7/f7c7e27e.jpg
D:\FYP Project\fypapp\abo-images-small (1)\images\small\19\199a7ab6.jpg,Hiking Gear,Outdoors,149.99,A high-quality hiking gear — outdoors product with excellent build quality and modern design.,/abo-images-small (1)/images/small/19/199a7ab6.jpg
D:\FYP Project\fypapp\abo-images-small (1)\images\small\32\3238a5a8.jpg,King Bed,Beds,499.99,A high-quality king bed — beds product with excellent build quality and modern design.,/abo-images-small (1)/images/small/32/3238a5a8.jpg
D:\FYP Project\fypapp\abo-images-small (1)\images\small\bd\bdf3296a.jpg,iPhone,Smartphones,699.99,A high-quality iphone — smartphones product with excellent build quality and modern design.,/abo-images-small (1)/images/small/bd/bdf3296a.jpg
D:\FYP Project\fypapp\abo-images-small (1)\images\small\0c\0c6c80d6.jpg,Smartphone,Smartphones,699.99,A high-quality smartphone — smartphones product with excellent build quality and modern design.,/abo-images-small (1)/images/small/0c/0c6c80d6.jpg
D:\FYP Project\fypapp\abo-images-small (1)\images\small\7f\7f59c92e.jpg,Mobile Phone,Smartphones,699.99,A high-quality mobile phone — smartphones product with excellent build quality and modern design.,/abo-images-small (1)/images/small/7f/7f59c92e.jpg
D:\FYP Project\fypapp\abo-images-small (1)\images\small\ca\ca59bd53.jpg,Digital Tablet,Tablets,449.99,A high-quality digital tablet — tablets product with excellent build quality and modern design.,/abo-images-small (1)/images/small/ca/ca59bd53.jpg
D:\FYP Project\fypapp\abo-images-small (1)\images\small\c0\c05e1243.jpg,Exercise Gear,Sports,34.99,A high-quality exercise gear — sports product with excellent build quality and modern design.,/abo-images-small (1)/images/small/c0/c05e1243.jpg
D:\FYP Project\fypapp\abo-images-small (1)\images\small\31\31e26c48.jpg,Cookware Set,Cookware,89.99,A high-quality cookware set — cookware product with excellent build quality and modern design.,/abo-images-small (1)/images/small/31/31e26c48.jpg
D:\FYP Project\fypapp\abo-images-small (1)\images\small\95\95d36ce8.jpg,Resistance Bands,Sports,34.99,A high-quality resistance bands — sports product with excellent build quality and modern design.,/abo-images-small (1)/images/small/95/95d36ce8.jpg
D:\FYP Project\fypapp\abo-images-small (1)\images\small\2a\2a817339.jpg,Android Phone,Smartphones,699.99,A high-quality android phone — smartphones product with excellent build quality and modern design.,/abo-images-small (1)/images/small/2a/2a817339.jpg
D:\FYP Project\fypapp\abo-images-small (1)\images\small\0e\0e2a4793.jpg,iPhone,Smartphones,699.99,A high-quality iphone — smartphones product with excellent build quality and modern design.,/abo-images-small (1)/images/small/0e/0e2a4793.jpg
D:\FYP Project\fypapp\abo-images-small (1)\images\small\6a\6acf3e70.jpg,Office Chair,Chairs,199.99,A high-quality office chair — chairs product with excellent build quality and modern design.,/abo-images-small (1)/images/small/6a/6acf3e70.jpg
D:\FYP Project\fypapp\abo-images-small (1)\images\small\7e\7e0180ad.jpg,Mobile Phone,Smartphones,699.99,A high-quality mobile phone — smartphones product with excellent build quality and modern design.,/abo-images-small (1)/images/small/7e/7e0180ad.jpg
D:\FYP Project\fypapp\abo-images-small (1)\images\small\0d\0d9f354d.jpg,Android Phone,Smartphones,699.99,A high-quality android phone — smartphones product with excellent build quality and modern design.,/abo-images-small (1)/images/small/0d/0d9f354d.jpg
D:\FYP Project\fypapp\abo-images-small (1)\images\small\7b\7ba00334.jpg,Windbreaker,Jackets,119.99,A high-quality windbreaker — jackets product with excellent build quality and modern design.,/abo-images-small (1)/images/small/7b/7ba00334.jpg
D:\FYP Project\fypapp\abo-images-small (1)\images\small\4b\4b023adf.jpg,Cookware Set,Cookware,89.99,A high-quality cookware set — cookware product with excellent build quality and modern design.,/abo-images-small (1)/images/small/4b/4b023adf.jpg
D:\FYP Project\fypapp\abo-images-small (1)\images\small\57\57641532.jpg,Mobile Phone,Smartphones,699.99,A high-quality mobile phone — smartphones product with excellent build quality and modern design.,/abo-images-small (1)/images/small/57/57641532.jpg
D:\FYP Project\fypapp\abo-images-small (1)\images\small\e8\e80cf57e.jpg,Android Phone,Smartphones,699.99,A high-quality android phone — smartphones product with excellent build quality and modern design.,/abo-images-small (1)/images/small/e8/e80cf57e.jpg
D:\FYP Project\fypapp\abo-images-small (1)\images\small\21\21f0bda6.jpg,Earphones,Headphones,149.99,A high-quality earphones — headphones product with excellent build quality and modern design.,/abo-images-small (1)/images/small/21/21f0bda6.jpg
D:\FYP Project\fypapp\abo-images-small (1)\images\small\7a\7a887d3c.jpg,Camping Tent,Outdoors,149.99,A high-quality camping tent — outdoors product with excellent build quality and modern design.,/abo-images-small (1)/images/small/7a/7a887d3c.jpg
D:\FYP Project\fypapp\abo-images-small (1)\images\small\c2\c2f05f0b.jpg,Queen Bed,Beds,499.99,A high-quality queen bed — beds product with excellent build quality and modern design.,/abo-images-small (1)/images/small/c2/c2f05f0b.jpg
D:\FYP Project\fypapp\abo-images-small (1)\images\small\f3\f340e582.jpg,Blender,Appliances,129.99,A high-quality blender — appliances product with excellent build quality and modern design.,/abo-images-small (1)/images/small/f3/f340e582.jpg
D:\FYP Project\fypapp\abo-images-small (1)\images\small\d7\d760f5e4.jpg,iPhone,Smartphones,699.99,A high-quality iphone — smartphones product with excellent build quality and modern design.,/abo-images-small (1)/images/small/d7/d760f5e4.jpg
D:\FYP Project\fypapp\abo-images-small (1)\images\small\36\363b4d1a.jpg,Smartphone,Smartphones,699.99,A high-quality smartphone — smartphones product with excellent build quality and modern design.,/abo-images-small (1)/images/small/36/363b4d1a.jpg
D:\FYP Project\fypapp\abo-images-small (1)\images\small\53\53e6f55a.jpg,Non-Stick Pan,Cookware,89.99,A high-quality non-stick pan — cookware product with excellent build quality and modern design.,/abo-images-small (1)/images/small/53/53e6f55a.jpg
D:\FYP Project\fypapp\abo-images-small (1)\images\small\38\389b22c4.jpg,Android Phone,Smartphones,699.99,A high-quality android phone — smartphones product with excellent build quality and modern design.,/abo-images-small (1)/images/small/38/389b22c4.jpg
D:\FYP Project\fypapp\abo-images-small (1)\images\small\3d\3d1a4c77.jpg,Coffee Maker,Appliances,129.99,A high-quality coffee maker — appliances product with excellent build quality and modern design.,/abo-images-small (1)/images/small/3d/3d1a4c77.jpg
D:\FYP Project\fypapp\abo-images-small (1)\images\small\8f\8f96da0a.jpg,Smartphone,Smartphones,699.99,A high-quality smartphone — smartphones product with excellent build quality and modern design.,/abo-images-small (1)/images/small/8f/8f96da0a.jpg
D:\FYP Project\fypapp\abo-images-small (1)\images\small\09\091c0d4f.jpg,Microwave,Appliances,129.99,A high-quality microwave — appliances product with excellent build quality and modern design.,/abo-images-small (1)/images/small/09/091c0d4f.jpg
D:\FYP Project\fypapp\abo-images-small (1)\images\small\3d\3de41ae9.jpg,Fitness Equipment,Sports,34.99,A high-quality fitness equipment — sports product with excellent build quality and modern design.,/abo-images-small (1)/images/small/3d/3de41ae9.jpg
D:\FYP Project\fypapp\abo-images-small (1)\images\small\72\7218e17a.jpg,Android Tablet,Tablets,449.99,A high-quality android tablet — tablets product with excellent build quality and modern design.,/abo-images-small (1)/images/small/72/7218e17a.jpg
D:\FYP Project\fypapp\abo-images-small (1)\images\small\8f\8f5dd927.jpg,Bed Frame,Beds,499.99,A high-quality bed frame — beds product with excellent build quality and modern design.,/abo-images-small (1)/images/small/8f/8f5dd927.jpg
D:\FYP Project\fypapp\abo-images-small (1)\images\small\e9\e9012bd9.jpg,Mobile Phone,Smartphones,699.99,A high-quality mobile phone — smartphones product with excellent build quality and modern design.,/abo-images-small (1)/images/small/e9/e9012bd9.jpg
D:\FYP Project\fypapp\abo-images-small (1)\images\small\56\56fa7789.jpg,Side Table,Tables,299.99,A high-quality side table — tables product with excellent build quality and modern design.,/abo-images-small (1)/images/small/56/56fa7789.jpg
D:\FYP Project\fypapp\abo-images-small (1)\images\small\f8\f8f91301.jpg,Desk,Tables,299.99,A high-quality desk — tables product with excellent build quality and modern design.,/abo-images-small (1)/images/small/f8/f8f91301.jpg
D:\FYP Project\fypapp\abo-images-small (1)\images\small\37\378b6121.jpg,Jacket,Jackets,119.99,A high-quality jacket — jackets product with excellent build quality and modern design.,/abo-images-small (1)/images/small/37/378b6121.jpg
D:\FYP Project\fypapp\abo-images-small (1)\images\small\23\23bbd47e.jpg,Running Shoes,Shoes,89.99,A high-quality running shoes — shoes product with excellent build quality and modern design.,/abo-images-small (1)/images/small/23/23bbd47e.jpg
D:\FYP Project\fypapp\abo-images-small (1)\images\small\85\851796a7.jpg,Android Phone,Smartphones,699.99,A high-quality android phone — smartphones product with excellent build quality and modern design.,/abo-images-small (1)/images/small/85/851796a7.jpg
D:\FYP Project\fypapp\abo-images-small (1)\images\small\0d\0d39d36b.jpg,Exercise Gear,Sports,34.99,A high-quality exercise gear — sports product with excellent build quality and modern design.,/abo-images-small (1)/images/small/0d/0d39d36b.jpg
D:\FYP Project\fypapp\abo-images-small (1)\images\small\a4\a43b87f5.jpg,Dinnerware Set,Dinnerware,49.99,A high-quality dinnerware set — dinnerware product with excellent build quality and modern design.,/abo-images-small (1)/images/small/a4/a43b87f5.jpg
D:\FYP Project\fypapp\abo-images-small (1)\images\small\4f\4f56848d.jpg,Mobile Phone,Smartphones,699.99,A high-quality mobile phone — smartphones product with excellent build quality and modern design.,/abo-images-small (1)/images/small/4f/4f56848d.jpg
D:\FYP Project\fypapp\abo-images-small (1)\images\small\45\45e0aad4.jpg,Summer Dress,Dresses,59.99,A high-quality summer dress — dresses product with excellent build quality and modern design.,/abo-images-small (1)/images/small/45/45e0aad4.jpg
D:\FYP Project\fypapp\abo-images-small (1)\images\small\9f\9f81a375.jpg,Mug Set,Dinnerware,49.99,A high-quality mug set — dinnerware product with excellent build quality and modern design.,/abo-images-small (1)/images/small/9f/9f81a375.jpg
D:\FYP Project\fypapp\abo-images-small (1)\images\small\79\793c9077.jpg,Smartphone,Smartphones,699.99,A high-quality smartphone — smartphones product with excellent build quality and modern design.,/abo-images-small (1)/images/small/79/793c9077.jpg
D:\FYP Project\fypapp\abo-images-small (1)\images\small\69\69d925e6.jpg,Dining Chair,Chairs,199.99,A high-quality dining chair — chairs product with excellent build quality and modern design.,/abo-images-small (1)/images/small/69/69d925e6.jpg
D:\FYP Project\fypapp\abo-images-small (1)\images\small\51\51124ec8.jpg,King Bed,Beds,499.99,A high-quality king bed — beds product with excellent build quality and modern design.,/abo-images-small (1)/images/small/51/51124ec8.jpg
D:\FYP Project\fypapp\abo-images-small (1)\images\small\4f\4fa61b52.jpg,Mug Set,Dinnerware,49.99,A high-quality mug set — dinnerware product with excellent build quality and modern design.,/abo-images-small (1)/images/small/4f/4fa61b52.jpg
D:\FYP Project\fypapp\abo-images-small (1)\images\small\08\08a89a11.jpg,Smartphone,Smartphones,699.99,A high-quality smartphone — smartphones product with excellent build quality and modern design.,/abo-images-small (1)/images/small/08/08a89a11.jpg
D:\FYP Project\fypapp\abo-images-small (1)\images\small\e5\e5b575d9.jpg,Mobile Phone,Smartphones,699.99,A high-quality mobile phone — smartphones product with excellent build quality and modern design.,/abo-images-small (1)/images/small/e5/e5b575d9.jpg
D:\FYP Project\fypapp\abo-images-small (1)\images\small\43\43ad9ada.jpg,Digital Tablet,Tablets,449.99,A high-quality digital tablet — tablets product with excellent build quality and modern design.,/abo-images-small (1)/images/small/43/43ad9ada.jpg
D:\FYP Project\fypapp\abo-images-small (1)\images\small\8a\8aa05667.jpg,iPhone,Smartphones,699.99,A high-quality iphone — smartphones product with excellent build quality and modern design.,/abo-images-small (1)/images/small/8a/8aa05667.jpg
D:\FYP Project\fypapp\abo-images-small (1)\images\small\70\70cf11c8.jpg,Smartphone,Smartphones,699.99,A high-quality smartphone — smartphones product with excellent build quality and modern design.,/abo-images-small (1)/images/small/70/70cf11c8.jpg
D:\FYP Project\fypapp\abo-images-small (1)\images\small\61\613b353a.jpg,Mobile Phone,Smartphones,699.99,A high-quality mobile phone — smartphones product with excellent build quality and modern design.,/abo-images-small (1)/images/small/61/613b353a.jpg
D:\FYP Project\fypapp\abo-images-small (1)\images\small\17\1766daf2.jpg,Bowl Set,Dinnerware,49.99,A high-quality bowl set — dinnerware product with excellent build quality and modern design.,/abo-images-small (1)/images/small/17/1766daf2.jpg
D:\FYP Project\fypapp\abo-images-small (1)\images\small\61\6150848e.jpg,iPhone,Smartphones,699.99,A high-quality iphone — smartphones product with excellent build quality and modern design.,/abo-images-small (1)/images/small/61/6150848e.jpg
D:\FYP Project\fypapp\abo-images-small (1)\images\small\79\79c033f0.jpg,Bed Frame,Beds,499.99,A high-quality bed frame — beds product with excellent build quality and modern design.,/abo-images-small (1)/images/small/79/79c033f0.jpg
D:\FYP Project\fypapp\abo-images-small (1)\images\small\e0\e02d942f.jpg,Mobile Phone,Smartphones,699.99,A high-quality mobile phone — smartphones product with excellent build quality and modern design.,/abo-images-small (1)/images/small/e0/e02d942f.jpg
D:\FYP Project\fypapp\abo-images-small (1)\images\small\b2\b211a832.jpg,Digital Tablet,Tablets,449.99,A high-quality digital tablet — tablets product with excellent build quality and modern design.,/abo-images-small (1)/images/small/b2/b211a832.jpg
D:\FYP Project\fypapp\abo-images-small (1)\images\small\8b\8b4a5ea7.jpg,Windbreaker,Jackets,119.99,A high-quality windbreaker — jackets product with excellent build quality and modern design.,/abo-images-small (1)/images/small/8b/8b4a5ea7.jpg
D:\FYP Project\fypapp\abo-images-small (1)\images\small\fc\fc5941f4.jpg,Dinnerware Set,Dinnerware,49.99,A high-quality dinnerware set — dinnerware product with excellent build quality and modern design.,/abo-images-small (1)/images/small/fc/fc5941f4.jpg
D:\FYP Project\fypapp\abo-images-small (1)\images\small\71\71f1c995.jpg,Running Shoes,Shoes,89.99,A high-quality running shoes — shoes product with excellent build quality and modern design.,/abo-images-small (1)/images/small/71/71f1c995.jpg
D:\FYP Project\fypapp\abo-images-small (1)\images\small\0a\0a0dcc32.jpg,Casual Shoes,Shoes,89.99,A high-quality casual shoes — shoes product with excellent build quality and modern design.,/abo-images-small (1)/images/small/0a/0a0dcc32.jpg
D:\FYP Project\fypapp\abo-images-small (1)\images\small\26\26681a13.jpg,iPhone,Smartphones,699.99,A high-quality iphone — smartphones product with excellent build quality and modern design.,/abo-images-small (1)/images/small/26/26681a13.jpg
D:\FYP Project\fypapp\abo-images-small (1)\images\small\5a\5ace70a6.jpg,Smartphone,Smartphones,699.99,A high-quality smartphone — smartphones product with excellent build quality and modern design.,/abo-images-small (1)/images/small/5a/5ace70a6.jpg
D:\FYP Project\fypapp\abo-images-small (1)\images\small\3d\3d90d116.jpg,DSLR Camera,Cameras,549.99,A high-quality dslr camera — cameras product with excellent build quality and modern design.,/abo-images-small (1)/images/small/3d/3d90d116.jpg
D:\FYP Project\fypapp\abo-images-small (1)\images\small\c9\c9fd22ac.jpg,Outdoor Equipment,Outdoors,149.99,A high-quality outdoor equipment — outdoors product with excellent build quality and modern design.,/abo-images-small (1)/images/small/c9/c9fd22ac.jpg
D:\FYP Project\fypapp\abo-images-small (1)\images\small\5c\5c5a03ba.jpg,Floral Dress,Dresses,59.99,A high-quality floral dress — dresses product with excellent build quality and modern design.,/abo-images-small (1)/images/small/5c/5c5a03ba.jpg
D:\FYP Project\fypapp\abo-images-small (1)\images\small\0d\0d004262.jpg,Jeans,Jeans,69.99,A high-quality jeans — jeans product with excellent build quality and modern design.,/abo-images-small (1)/images/small/0d/0d004262.jpg
D:\FYP Project\fypapp\abo-images-small (1)\images\small\23\23c74b39.jpg,iPad,Tablets,449.99,A high-quality ipad — tablets product with excellent build quality and modern design.,/abo-images-small (1)/images/small/23/23c74b39.jpg
D:\FYP Project\fypapp\abo-images-small (1)\images\small\cf\cfe85359.jpg,Casual Shoes,Shoes,89.99,A high-quality casual shoes — shoes product with excellent build quality and modern design.,/abo-images-small (1)/images/small/cf/cfe85359.jpg
D:\FYP Project\fypapp\abo-images-small (1)\images\small\97\97770a0b.jpg,Earphones,Headphones,149.99,A high-quality earphones — headphones product with excellent build quality and modern design.,/abo-images-small (1)/images/small/97/97770a0b.jpg
D:\FYP Project\fypapp\abo-images-small (1)\images\small\77\77635fe9.jpg,Tablet,Tablets,449.99,A high-quality tablet — tablets product with excellent build quality and modern design.,/abo-images-small (1)/images/small/77/77635fe9.jpg
D:\FYP Project\fypapp\abo-images-small (1)\images\small\f2\f22f7ea8.jpg,Microwave,Appliances,129.99,A high-quality microwave — appliances product with excellent build quality and modern design.,/abo-images-small (1)/images/small/f2/f22f7ea8.jpg
D:\FYP Project\fypapp\abo-images-small (1)\images\small\97\97e739bb.jpg,Android Phone,Smartphones,699.99,A high-quality android phone — smartphones product with excellent build quality and modern design.,/abo-images-small (1)/images/small/97/97e739bb.jpg
D:\FYP Project\fypapp\abo-images-small (1)\images\small\d3\d304a9de.jpg,Exercise Gear,Sports,34.99,A high-quality exercise gear — sports product with excellent build quality and modern design.,/abo-images-small (1)/images/small/d3/d304a9de.jpg
D:\FYP Project\fypapp\abo-images-small (1)\images\small\b2\b2d46518.jpg,Yoga Mat,Sports,34.99,A high-quality yoga mat — sports product with excellent build quality and modern design.,/abo-images-small (1)/images/small/b2/b2d46518.jpg
D:\FYP Project\fypapp\abo-images-small (1)\images\small\26\26928e1d.jpg,Microwave,Appliances,129.99,A high-quality microwave — appliances product with excellent build quality and modern design.,/abo-images-small (1)/images/small/26/26928e1d.jpg
D:\FYP Project\fypapp\abo-images-small (1)\images\small\86\862da01b.jpg,Blender,Appliances,129.99,A high-quality blender — appliances product with excellent build quality and modern design.,/abo-images-small (1)/images/small/86/862da01b.jpg
D:\FYP Project\fypapp\abo-images-small (1)\images\small\c7\c7a85f47.jpg,Platform Bed,Beds,499.99,A high-quality platform bed — beds product with excellent build quality and modern design.,/abo-images-small (1)/images/small/c7/c7a85f47.jpg
D:\FYP Project\fypapp\abo-images-small (1)\images\small\42\429e9308.jpg,Dinnerware Set,Dinnerware,49.99,A high-quality dinnerware set — dinnerware product with excellent build quality and modern design.,/abo-images-small (1)/images/small/42/429e9308.jpg
D:\FYP Project\fypapp\abo-images-small (1)\images\small\58\58dcc65f.jpg,Running Shoes,Shoes,89.99,A high-quality running shoes — shoes product with excellent build quality and modern design.,/abo-images-small (1)/images/small/58/58dcc65f.jpg
D:\FYP Project\fypapp\abo-images-small (1)\images\small\0e\0ef99c40.jpg,Android Phone,Smartphones,699.99,A high-quality android phone — smartphones product with excellent build quality and modern design.,/abo-images-small (1)/images/small/0e/0ef99c40.jpg
D:\FYP Project\fypapp\abo-images-small (1)\images\small\97\97cb46d4.jpg,Floral Dress,Dresses,59.99,A high-quality floral dress — dresses product with excellent build quality and modern design.,/abo-images-small (1)/images/small/97/97cb46d4.jpg
D:\FYP Project\fypapp\abo-images-small (1)\images\small\00\0091489b.jpg,Office Chair,Chairs,199.99,A high-quality office chair — chairs product with excellent build quality and modern design.,/abo-images-small (1)/images/small/00/0091489b.jpg
D:\FYP Project\fypapp\abo-images-small (1)\images\small\b5\b57a0b32.jpg,Dining Chair,Chairs,199.99,A high-quality dining chair — chairs product with excellent build quality and modern design.,/abo-images-small (1)/images/small/b5/b57a0b32.jpg
D:\FYP Project\fypapp\abo-images-small (1)\images\small\bb\bb2fe77f.jpg,Android Phone,Smartphones,699.99,A high-quality android phone — smartphones product with excellent build quality and modern design.,/abo-images-small (1)/images/small/bb/bb2fe77f.jpg
D:\FYP Project\fypapp\abo-images-small (1)\images\small\45\450e1198.jpg,iPhone,Smartphones,699.99,A high-quality iphone — smartphones product with excellent build quality and modern design.,/abo-images-small (1)/images/small/45/450e1198.jpg
D:\FYP Project\fypapp\abo-images-small (1)\images\small\7d\7df64115.jpg,Smartphone,Smartphones,699.99,A high-quality smartphone — smartphones product with excellent build quality and modern design.,/abo-images-small (1)/images/small/7d/7df64115.jpg
D:\FYP Project\fypapp\abo-images-small (1)\images\small\96\96187598.jpg,iPad,Tablets,449.99,A high-quality ipad — tablets product with excellent build quality and modern design.,/abo-images-small (1)/images/small/96/96187598.jpg
D:\FYP Project\fypapp\abo-images-small (1)\images\small\17\17aa846f.jpg,Android Phone,Smartphones,699.99,A high-quality android phone — smartphones product with excellent build quality and modern design.,/abo-images-small (1)/images/small/17/17aa846f.jpg
D:\FYP Project\fypapp\abo-images-small (1)\images\small\e7\e7262091.jpg,iPhone,Smartphones,699.99,A high-quality iphone — smartphones product with excellent build quality and modern design.,/abo-images-small (1)/images/small/e7/e7262091.jpg
D:\FYP Project\fypapp\abo-images-small (1)\images\small\71\714790c0.jpg,Sneakers,Shoes,89.99,A high-quality sneakers — shoes product with excellent build quality and modern design.,/abo-images-small (1)/images/small/71/714790c0.jpg
D:\FYP Project\fypapp\abo-images-small (1)\images\small\d8\d81f1480.jpg,Slim Jeans,Jeans,69.99,A high-quality slim jeans — jeans product with excellent build quality and modern design.,/abo-images-small (1)/images/small/d8/d81f1480.jpg
D:\FYP Project\fypapp\abo-images-small (1)\images\small\6c\6c68215f.jpg,Fitness Equipment,Sports,34.99,A high-quality fitness equipment — sports product with excellent build quality and modern design.,/abo-images-small (1)/images/small/6c/6c68215f.jpg
D:\FYP Project\fypapp\abo-images-small (1)\images\small\ef\efbd4118.jpg,iPhone,Smartphones,699.99,A high-quality iphone — smartphones product with excellent build quality and modern design.,/abo-images-small (1)/images/small/ef/efbd4118.jpg
D:\FYP Project\fypapp\abo-images-small (1)\images\small\29\297baaea.jpg,T-Shirt,Shirts,39.99,A high-quality t-shirt — shirts product with excellent build quality and modern design.,/abo-images-small (1)/images/small/29/297baaea.jpg
D:\FYP Project\fypapp\abo-images-small (1)\images\small\68\68692445.jpg,Microwave,Appliances,129.99,A high-quality microwave — appliances product with excellent build quality and modern design.,/abo-images-small (1)/images/small/68/68692445.jpg
D:\FYP Project\fypapp\abo-images-small (1)\images\small\b1\b105fdb4.jpg,Digital Tablet,Tablets,449.99,A high-quality digital tablet — tablets product with excellent build quality and modern design.,/abo-images-small (1)/images/small/b1/b105fdb4.jpg
D:\FYP Project\fypapp\abo-images-small (1)\images\small\6b\6b0be8e2.jpg,Earphones,Headphones,149.99,A high-quality earphones — headphones product with excellent build quality and modern design.,/abo-images-small (1)/images/small/6b/6b0be8e2.jpg
D:\FYP Project\fypapp\abo-images-small (1)\images\small\ed\edbc6630.jpg,Smartphone,Smartphones,699.99,A high-quality smartphone — smartphones product with excellent build quality and modern design.,/abo-images-small (1)/images/small/ed/edbc6630.jpg
D:\FYP Project\fypapp\abo-images-small (1)\images\small\8e\8e7e3fbf.jpg,Mobile Phone,Smartphones,699.99,A high-quality mobile phone — smartphones product with excellent build quality and modern design.,/abo-images-small (1)/images/small/8e/8e7e3fbf.jpg
D:\FYP Project\fypapp\abo-images-small (1)\images\small\6f\6ffb6266.jpg,Android Phone,Smartphones,699.99,A high-quality android phone — smartphones product with excellent build quality and modern design.,/abo-images-small (1)/images/small/6f/6ffb6266.jpg
D:\FYP Project\fypapp\abo-images-small (1)\images\small\8c\8c52bf8e.jpg,Platform Bed,Beds,499.99,A high-quality platform bed — beds product with excellent build quality and modern design.,/abo-images-small (1)/images/small/8c/8c52bf8e.jpg
D:\FYP Project\fypapp\abo-images-small (1)\images\small\66\66c4aa53.jpg,Smartphone,Smartphones,699.99,A high-quality smartphone — smartphones product with excellent build quality and modern design.,/abo-images-small (1)/images/small/66/66c4aa53.jpg
D:\FYP Project\fypapp\abo-images-small (1)\images\small\c0\c0e150e6.jpg,Mobile Phone,Smartphones,699.99,A high-quality mobile phone — smartphones product with excellent build quality and modern design.,/abo-images-small (1)/images/small/c0/c0e150e6.jpg
D:\FYP Project\fypapp\abo-images-small (1)\images\small\2a\2a6b3745.jpg,Android Phone,Smartphones,699.99,A high-quality android phone — smartphones product with excellent build quality and modern design.,/abo-images-small (1)/images/small/2a/2a6b3745.jpg
D:\FYP Project\fypapp\abo-images-small (1)\images\small\43\431c02b1.jpg,Recliner,Chairs,199.99,A high-quality recliner — chairs product with excellent build quality and modern design.,/abo-images-small (1)/images/small/43/431c02b1.jpg
D:\FYP Project\fypapp\abo-images-small (1)\images\small\92\928beb4d.jpg,Sneakers,Shoes,89.99,A high-quality sneakers — shoes product with excellent build quality and modern design.,/abo-images-small (1)/images/small/92/928beb4d.jpg
D:\FYP Project\fypapp\abo-images-small (1)\images\small\e7\e775291a.jpg,iPad,Tablets,449.99,A high-quality ipad — tablets product with excellent build quality and modern design.,/abo-images-small (1)/images/small/e7/e775291a.jpg
D:\FYP Project\fypapp\abo-images-small (1)\images\small\83\83af94c6.jpg,Summer Dress,Dresses,59.99,A high-quality summer dress — dresses product with excellent build quality and modern design.,/abo-images-small (1)/images/small/83/83af94c6.jpg
D:\FYP Project\fypapp\abo-images-small (1)\images\small\3c\3c2141bb.jpg,Boots,Shoes,89.99,A high-quality boots — shoes product with excellent build quality and modern design.,/abo-images-small (1)/images/small/3c/3c2141bb.jpg
D:\FYP Project\fypapp\abo-images-small (1)\images\small\d6\d6032eb5.jpg,Kitchen Appliance,Appliances,129.99,A high-quality kitchen appliance — appliances product with excellent build quality and modern design.,/abo-images-small (1)/images/small/d6/d6032eb5.jpg
D:\FYP Project\fypapp\abo-images-small (1)\images\small\c5\c5b10524.jpg,Coffee Table,Tables,299.99,A high-quality coffee table — tables product with excellent build quality and modern design.,/abo-images-small (1)/images/small/c5/c5b10524.jpg
D:\FYP Project\fypapp\abo-images-small (1)\images\small\68\689c28e6.jpg,Android Phone,Smartphones,699.99,A high-quality android phone — smartphones product with excellent build quality and modern design.,/abo-images-small (1)/images/small/68/689c28e6.jpg
D:\FYP Project\fypapp\abo-images-small (1)\images\small\8d\8d885e2b.jpg,iPhone,Smartphones,699.99,A high-quality iphone — smartphones product with excellent build quality and modern design.,/abo-images-small (1)/images/small/8d/8d885e2b.jpg
D:\FYP Project\fypapp\abo-images-small (1)\images\small\be\bea9efde.jpg,Smartphone,Smartphones,699.99,A high-quality smartphone — smartphones product with excellent build quality and modern design.,/abo-images-small (1)/images/small/be/bea9efde.jpg
D:\FYP Project\fypapp\abo-images-small (1)\images\small\00\002e98af.jpg,Queen Bed,Beds,499.99,A high-quality queen bed — beds product with excellent build quality and modern design.,/abo-images-small (1)/images/small/00/002e98af.jpg
D:\FYP Project\fypapp\abo-images-small (1)\images\small\69\698ff80d.jpg,Android Phone,Smartphones,699.99,A high-quality android phone — smartphones product with excellent build quality and modern design.,/abo-images-small (1)/images/small/69/698ff80d.jpg
D:\FYP Project\fypapp\abo-images-small (1)\images\small\63\63a453bf.jpg,Boots,Shoes,89.99,A high-quality boots — shoes product with excellent build quality and modern design.,/abo-images-small (1)/images/small/63/63a453bf.jpg
D:\FYP Project\fypapp\abo-images-small (1)\images\small\4b\4b031ce1.jpg,Smartphone,Smartphones,699.99,A high-quality smartphone — smartphones product with excellent build quality and modern design.,/abo-images-small (1)/images/small/4b/4b031ce1.jpg
D:\FYP Project\fypapp\abo-images-small (1)\images\small\95\95d52eb6.jpg,Notebook PC,Laptops,899.99,A high-quality notebook pc — laptops product with excellent build quality and modern design.,/abo-images-small (1)/images/small/95/95d52eb6.jpg
D:\FYP Project\fypapp\abo-images-small (1)\images\small\c9\c9b67fe0.jpg,King Bed,Beds,499.99,A high-quality king bed — beds product with excellent build quality and modern design.,/abo-images-small (1)/images/small/c9/c9b67fe0.jpg
D:\FYP Project\fypapp\abo-images-small (1)\images\small\f6\f6c340a6.jpg,Boots,Shoes,89.99,A high-quality boots — shoes product with excellent build quality and modern design.,/abo-images-small (1)/images/small/f6/f6c340a6.jpg
D:\FYP Project\fypapp\abo-images-small (1)\images\small\e3\e3ec52e5.jpg,Camping Tent,Outdoors,149.99,A high-quality camping tent — outdoors product with excellent build quality and modern design.,/abo-images-small (1)/images/small/e3/e3ec52e5.jpg
D:\FYP Project\fypapp\abo-images-small (1)\images\small\6e\6eb809f8.jpg,Microwave,Appliances,129.99,A high-quality microwave — appliances product with excellent build quality and modern design.,/abo-images-small (1)/images/small/6e/6eb809f8.jpg
D:\FYP Project\fypapp\abo-images-small (1)\images\small\a1\a19d9b39.jpg,Polo Shirt,Shirts,39.99,A high-quality polo shirt — shirts product with excellent build quality and modern design.,/abo-images-small (1)/images/small/a1/a19d9b39.jpg
D:\FYP Project\fypapp\abo-images-small (1)\images\small\ee\eea19869.jpg,Casual Top,Shirts,39.99,A high-quality casual top — shirts product with excellent build quality and modern design.,/abo-images-small (1)/images/small/ee/eea19869.jpg
D:\FYP Project\fypapp\abo-images-small (1)\images\small\99\99c838fb.jpg,Smartphone,Smartphones,699.99,A high-quality smartphone — smartphones product with excellent build quality and modern design.,/abo-images-small (1)/images/small/99/99c838fb.jpg
D:\FYP Project\fypapp\abo-images-small (1)\images\small\4c\4c427d5c.jpg,Mobile Phone,Smartphones,699.99,A high-quality mobile phone — smartphones product with excellent build quality and modern design.,/abo-images-small (1)/images/small/4c/4c427d5c.jpg
D:\FYP Project\fypapp\abo-images-small (1)\images\small\b2\b2bc6cf1.jpg,Puffer Jacket,Jackets,119.99,A high-quality puffer jacket — jackets product with excellent build quality and modern design.,/abo-images-small (1)/images/small/b2/b2bc6cf1.jpg
D:\FYP Project\fypapp\abo-images-small (1)\images\small\a5\a5227b4f.jpg,Coffee Maker,Appliances,129.99,A high-quality coffee maker — appliances product with excellent build quality and modern design.,/abo-images-small (1)/images/small/a5/a5227b4f.jpg
D:\FYP Project\fypapp\abo-images-small (1)\images\small\3a\3aecb45a.jpg,Jeans,Jeans,69.99,A high-quality jeans — jeans product with excellent build quality and modern design.,/abo-images-small (1)/images/small/3a/3aecb45a.jpg
D:\FYP Project\fypapp\abo-images-small (1)\images\small\e5\e562362a.jpg,Queen Bed,Beds,499.99,A high-quality queen bed — beds product with excellent build quality and modern design.,/abo-images-small (1)/images/small/e5/e562362a.jpg
D:\FYP Project\fypapp\abo-images-small (1)\images\small\1c\1ceab8b1.jpg,Android Phone,Smartphones,699.99,A high-quality android phone — smartphones product with excellent build quality and modern design.,/abo-images-small (1)/images/small/1c/1ceab8b1.jpg
D:\FYP Project\fypapp\abo-images-small (1)\images\small\62\628d86ff.jpg,Coffee Maker,Appliances,129.99,A high-quality coffee maker — appliances product with excellent build quality and modern design.,/abo-images-small (1)/images/small/62/628d86ff.jpg
D:\FYP Project\fypapp\abo-images-small (1)\images\small\b4\b41fd18a.jpg,Jacket,Jackets,119.99,A high-quality jacket — jackets product with excellent build quality and modern design.,/abo-images-small (1)/images/small/b4/b41fd18a.jpg
D:\FYP Project\fypapp\abo-images-small (1)\images\small\db\dbbd552b.jpg,Running Shoes,Shoes,89.99,A high-quality running shoes — shoes product with excellent build quality and modern design.,/abo-images-small (1)/images/small/db/dbbd552b.jpg
D:\FYP Project\fypapp\abo-images-small (1)\images\small\d6\d6d07a25.jpg,Fitness Equipment,Sports,34.99,A high-quality fitness equipment — sports product with excellent build quality and modern design.,/abo-images-small (1)/images/small/d6/d6d07a25.jpg
D:\FYP Project\fypapp\abo-images-small (1)\images\small\72\72c3da46.jpg,Loveseat,Sofas,799.99,A high-quality loveseat — sofas product with excellent build quality and modern design.,/abo-images-small (1)/images/small/72/72c3da46.jpg
D:\FYP Project\fypapp\abo-images-small (1)\images\small\1f\1f1ad492.jpg,Kitchen Appliance,Appliances,129.99,A high-quality kitchen appliance — appliances product with excellent build quality and modern design.,/abo-images-small (1)/images/small/1f/1f1ad492.jpg
D:\FYP Project\fypapp\abo-images-small (1)\images\small\53\5363d7e7.jpg,Running Shoes,Shoes,89.99,A high-quality running shoes — shoes product with excellent build quality and modern design.,/abo-images-small (1)/images/small/53/5363d7e7.jpg
D:\FYP Project\fypapp\abo-images-small (1)\images\small\6b\6b343af6.jpg,Android Phone,Smartphones,699.99,A high-quality android phone — smartphones product with excellent build quality and modern design.,/abo-images-small (1)/images/small/6b/6b343af6.jpg
D:\FYP Project\fypapp\abo-images-small (1)\images\small\f6\f63e2b81.jpg,Boots,Shoes,89.99,A high-quality boots — shoes product with excellent build quality and modern design.,/abo-images-small (1)/images/small/f6/f63e2b81.jpg
D:\FYP Project\fypapp\abo-images-small (1)\images\small\45\45ac54c9.jpg,Kitchen Appliance,Appliances,129.99,A high-quality kitchen appliance — appliances product with excellent build quality and modern design.,/abo-images-small (1)/images/small/45/45ac54c9.jpg
D:\FYP Project\fypapp\abo-images-small (1)\images\small\31\31b4ce92.jpg,Mobile Phone,Smartphones,699.99,A high-quality mobile phone — smartphones product with excellent build quality and modern design.,/abo-images-small (1)/images/small/31/31b4ce92.jpg
D:\FYP Project\fypapp\abo-images-small (1)\images\small\09\0909f557.jpg,Android Phone,Smartphones,699.99,A high-quality android phone — smartphones product with excellent build quality and modern design.,/abo-images-small (1)/images/small/09/0909f557.jpg
D:\FYP Project\fypapp\abo-images-small (1)\images\small\0f\0f943a43.jpg,Exercise Gear,Sports,34.99,A high-quality exercise gear — sports product with excellent build quality and modern design.,/abo-images-small (1)/images/small/0f/0f943a43.jpg
D:\FYP Project\fypapp\abo-images-small (1)\images\small\fb\fb0b3d9c.jpg,Jacket,Jackets,119.99,A high-quality jacket — jackets product with excellent build quality and modern design.,/abo-images-small (1)/images/small/fb/fb0b3d9c.jpg
D:\FYP Project\fypapp\abo-images-small (1)\images\small\a5\a5a3de60.jpg,Mobile Phone,Smartphones,699.99,A high-quality mobile phone — smartphones product with excellent build quality and modern design.,/abo-images-small (1)/images/small/a5/a5a3de60.jpg
D:\FYP Project\fypapp\abo-images-small (1)\images\small\d4\d4f5e25e.jpg,Straight Jeans,Jeans,69.99,A high-quality straight jeans — jeans product with excellent build quality and modern design.,/abo-images-small (1)/images/small/d4/d4f5e25e.jpg
D:\FYP Project\fypapp\abo-images-small (1)\images\small\18\18b4b307.jpg,Desk,Tables,299.99,A high-quality desk — tables product with excellent build quality and modern design.,/abo-images-small (1)/images/small/18/18b4b307.jpg
D:\FYP Project\fypapp\abo-images-small (1)\images\small\9e\9e1b2fbe.jpg,Sofa,Sofas,799.99,A high-quality sofa — sofas product with excellent build quality and modern design.,/abo-images-small (1)/images/small/9e/9e1b2fbe.jpg
D:\FYP Project\fypapp\abo-images-small (1)\images\small\90\904148de.jpg,Mobile Phone,Smartphones,699.99,A high-quality mobile phone — smartphones product with excellent build quality and modern design.,/abo-images-small (1)/images/small/90/904148de.jpg
D:\FYP Project\fypapp\abo-images-small (1)\images\small\da\dad594b9.jpg,King Bed,Beds,499.99,A high-quality king bed — beds product with excellent build quality and modern design.,/abo-images-small (1)/images/small/da/dad594b9.jpg
D:\FYP Project\fypapp\abo-images-small (1)\images\small\c7\c73eaa34.jpg,Android Tablet,Tablets,449.99,A high-quality android tablet — tablets product with excellent build quality and modern design.,/abo-images-small (1)/images/small/c7/c73eaa34.jpg
D:\FYP Project\fypapp\abo-images-small (1)\images\small\44\44005b3f.jpg,Camping Tent,Outdoors,149.99,A high-quality camping tent — outdoors product with excellent build quality and modern design.,/abo-images-small (1)/images/small/44/44005b3f.jpg
D:\FYP Project\fypapp\abo-images-small (1)\images\small\85\85bfcdcb.jpg,Mobile Phone,Smartphones,699.99,A high-quality mobile phone — smartphones product with excellent build quality and modern design.,/abo-images-small (1)/images/small/85/85bfcdcb.jpg
D:\FYP Project\fypapp\abo-images-small (1)\images\small\ac\ace81b07.jpg,Android Phone,Smartphones,699.99,A high-quality android phone — smartphones product with excellent build quality and modern design.,/abo-images-small (1)/images/small/ac/ace81b07.jpg
D:\FYP Project\fypapp\abo-images-small (1)\images\small\8b\8b4024d3.jpg,Boots,Shoes,89.99,A high-quality boots — shoes product with excellent build quality and modern design.,/abo-images-small (1)/images/small/8b/8b4024d3.jpg
D:\FYP Project\fypapp\abo-images-small (1)\images\small\56\5615065a.jpg,Camping Tent,Outdoors,149.99,A high-quality camping tent — outdoors product with excellent build quality and modern design.,/abo-images-small (1)/images/small/56/5615065a.jpg
D:\FYP Project\fypapp\abo-images-small (1)\images\small\31\31baa380.jpg,Running Shoes,Shoes,89.99,A high-quality running shoes — shoes product with excellent build quality and modern design.,/abo-images-small (1)/images/small/31/31baa380.jpg
D:\FYP Project\fypapp\abo-images-small (1)\images\small\e4\e46e7b32.jpg,Polo Shirt,Shirts,39.99,A high-quality polo shirt — shirts product with excellent build quality and modern design.,/abo-images-small (1)/images/small/e4/e46e7b32.jpg
D:\FYP Project\fypapp\abo-images-small (1)\images\small\02\02149e1b.jpg,iPhone,Smartphones,699.99,A high-quality iphone — smartphones product with excellent build quality and modern design.,/abo-images-small (1)/images/small/02/02149e1b.jpg
D:\FYP Project\fypapp\abo-images-small (1)\images\small\23\230da91b.jpg,Sneakers,Shoes,89.99,A high-quality sneakers — shoes product with excellent build quality and modern design.,/abo-images-small (1)/images/small/23/230da91b.jpg
D:\FYP Project\fypapp\abo-images-small (1)\images\small\94\944e7999.jpg,Slim Jeans,Jeans,69.99,A high-quality slim jeans — jeans product with excellent build quality and modern design.,/abo-images-small (1)/images/small/94/944e7999.jpg
D:\FYP Project\fypapp\abo-images-small (1)\images\small\4d\4df5efed.jpg,Accent Chair,Chairs,199.99,A high-quality accent chair — chairs product with excellent build quality and modern design.,/abo-images-small (1)/images/small/4d/4df5efed.jpg
D:\FYP Project\fypapp\abo-images-small (1)\images\small\3c\3ca9e34c.jpg,Desk,Tables,299.99,A high-quality desk — tables product with excellent build quality and modern design.,/abo-images-small (1)/images/small/3c/3ca9e34c.jpg
D:\FYP Project\fypapp\abo-images-small (1)\images\small\b4\b4bfd93c.jpg,Smartphone,Smartphones,699.99,A high-quality smartphone — smartphones product with excellent build quality and modern design.,/abo-images-small (1)/images/small/b4/b4bfd93c.jpg
D:\FYP Project\fypapp\abo-images-small (1)\images\small\a1\a187aa0d.jpg,Queen Bed,Beds,499.99,A high-quality queen bed — beds product with excellent build quality and modern design.,/abo-images-small (1)/images/small/a1/a187aa0d.jpg
D:\FYP Project\fypapp\abo-images-small (1)\images\small\10\10bd1200.jpg,Side Table,Tables,299.99,A high-quality side table — tables product with excellent build quality and modern design.,/abo-images-small (1)/images/small/10/10bd1200.jpg
D:\FYP Project\fypapp\abo-images-small (1)\images\small\c2\c21c6d29.jpg,iPhone,Smartphones,699.99,A high-quality iphone — smartphones product with excellent build quality and modern design.,/abo-images-small (1)/images/small/c2/c21c6d29.jpg
D:\FYP Project\fypapp\abo-images-small (1)\images\small\57\57490dad.jpg,Sneakers,Shoes,89.99,A high-quality sneakers — shoes product with excellent build quality and modern design.,/abo-images-small (1)/images/small/57/57490dad.jpg
D:\FYP Project\fypapp\abo-images-small (1)\images\small\28\288a879f.jpg,Couch,Sofas,799.99,A high-quality couch — sofas product with excellent build quality and modern design.,/abo-images-small (1)/images/small/28/288a879f.jpg
D:\FYP Project\fypapp\abo-images-small (1)\images\small\9e\9e6f06af.jpg,Polo Shirt,Shirts,39.99,A high-quality polo shirt — shirts product with excellent build quality and modern design.,/abo-images-small (1)/images/small/9e/9e6f06af.jpg
D:\FYP Project\fypapp\abo-images-small (1)\images\small\2c\2cfc316b.jpg,iPhone,Smartphones,699.99,A high-quality iphone — smartphones product with excellent build quality and modern design.,/abo-images-small (1)/images/small/2c/2cfc316b.jpg
D:\FYP Project\fypapp\abo-images-small (1)\images\small\a1\a188bf5d.jpg,Smartphone,Smartphones,699.99,A high-quality smartphone — smartphones product with excellent build quality and modern design.,/abo-images-small (1)/images/small/a1/a188bf5d.jpg
D:\FYP Project\fypapp\abo-images-small (1)\images\small\b8\b8da1c22.jpg,DSLR Camera,Cameras,549.99,A high-quality dslr camera — cameras product with excellent build quality and modern design.,/abo-images-small (1)/images/small/b8/b8da1c22.jpg
D:\FYP Project\fypapp\abo-images-small (1)\images\small\c2\c2a19626.jpg,Fitness Equipment,Sports,34.99,A high-quality fitness equipment — sports product with excellent build quality and modern design.,/abo-images-small (1)/images/small/c2/c2a19626.jpg
D:\FYP Project\fypapp\abo-images-small (1)\images\small\cf\cf9d1ed0.jpg,Action Camera,Cameras,549.99,A high-quality action camera — cameras product with excellent build quality and modern design.,/abo-images-small (1)/images/small/cf/cf9d1ed0.jpg
D:\FYP Project\fypapp\abo-images-small (1)\images\small\6d\6d702631.jpg,Tablet,Tablets,449.99,A high-quality tablet — tablets product with excellent build quality and modern design.,/abo-images-small (1)/images/small/6d/6d702631.jpg
D:\FYP Project\fypapp\abo-images-small (1)\images\small\99\99f702ab.jpg,Mobile Phone,Smartphones,699.99,A high-quality mobile phone — smartphones product with excellent build quality and modern design.,/abo-images-small (1)/images/small/99/99f702ab.jpg
D:\FYP Project\fypapp\abo-images-small (1)\images\small\d5\d5484fc9.jpg,Cooking Pot,Cookware,89.99,A high-quality cooking pot — cookware product with excellent build quality and modern design.,/abo-images-small (1)/images/small/d5/d5484fc9.jpg
D:\FYP Project\fypapp\abo-images-small (1)\images\small\b0\b060d721.jpg,Floral Dress,Dresses,59.99,A high-quality floral dress — dresses product with excellent build quality and modern design.,/abo-images-small (1)/images/small/b0/b060d721.jpg
D:\FYP Project\fypapp\abo-images-small (1)\images\small\95\9501a917.jpg,Sneakers,Shoes,89.99,A high-quality sneakers — shoes product with excellent build quality and modern design.,/abo-images-small (1)/images/small/95/9501a917.jpg
D:\FYP Project\fypapp\abo-images-small (1)\images\small\e7\e7a5d0c6.jpg,Dress Shirt,Shirts,39.99,A high-quality dress shirt — shirts product with excellent build quality and modern design.,/abo-images-small (1)/images/small/e7/e7a5d0c6.jpg
D:\FYP Project\fypapp\abo-images-small (1)\images\small\9b\9b3d1cb8.jpg,Android Phone,Smartphones,699.99,A high-quality android phone — smartphones product with excellent build quality and modern design.,/abo-images-small (1)/images/small/9b/9b3d1cb8.jpg
D:\FYP Project\fypapp\abo-images-small (1)\images\small\37\3789c04a.jpg,Android Tablet,Tablets,449.99,A high-quality android tablet — tablets product with excellent build quality and modern design.,/abo-images-small (1)/images/small/37/3789c04a.jpg
D:\FYP Project\fypapp\abo-images-small (1)\images\small\a5\a57a3a18.jpg,Sneakers,Shoes,89.99,A high-quality sneakers — shoes product with excellent build quality and modern design.,/abo-images-small (1)/images/small/a5/a57a3a18.jpg
D:\FYP Project\fypapp\abo-images-small (1)\images\small\9c\9cbe5aad.jpg,Mobile Phone,Smartphones,699.99,A high-quality mobile phone — smartphones product with excellent build quality and modern design.,/abo-images-small (1)/images/small/9c/9cbe5aad.jpg
D:\FYP Project\fypapp\abo-images-small (1)\images\small\5a\5a3d0bec.jpg,Casual Shoes,Shoes,89.99,A high-quality casual shoes — shoes product with excellent build quality and modern design.,/abo-images-small (1)/images/small/5a/5a3d0bec.jpg
D:\FYP Project\fypapp\abo-images-small (1)\images\small\56\56bfa230.jpg,Exercise Gear,Sports,34.99,A high-quality exercise gear — sports product with excellent build quality and modern design.,/abo-images-small (1)/images/small/56/56bfa230.jpg
D:\FYP Project\fypapp\abo-images-small (1)\images\small\dd\dd8b9575.jpg,Dining Table,Tables,299.99,A high-quality dining table — tables product with excellent build quality and modern design.,/abo-images-small (1)/images/small/dd/dd8b9575.jpg
D:\FYP Project\fypapp\abo-images-small (1)\images\small\60\60c59a25.jpg,Microwave,Appliances,129.99,A high-quality microwave — appliances product with excellent build quality and modern design.,/abo-images-small (1)/images/small/60/60c59a25.jpg
D:\FYP Project\fypapp\abo-images-small (1)\images\small\b5\b5e4c377.jpg,Android Phone,Smartphones,699.99,A high-quality android phone — smartphones product with excellent build quality and modern design.,/abo-images-small (1)/images/small/b5/b5e4c377.jpg
D:\FYP Project\fypapp\abo-images-small (1)\images\small\a8\a8e3ff4d.jpg,Skillet,Cookware,89.99,A high-quality skillet — cookware product with excellent build quality and modern design.,/abo-images-small (1)/images/small/a8/a8e3ff4d.jpg
D:\FYP Project\fypapp\abo-images-small (1)\images\small\d9\d96ca81a.jpg,Yoga Mat,Sports,34.99,A high-quality yoga mat — sports product with excellent build quality and modern design.,/abo-images-small (1)/images/small/d9/d96ca81a.jpg
D:\FYP Project\fypapp\abo-images-small (1)\images\small\54\54b034c6.jpg,Slim Jeans,Jeans,69.99,A high-quality slim jeans — jeans product with excellent build quality and modern design.,/abo-images-small (1)/images/small/54/54b034c6.jpg
D:\FYP Project\fypapp\abo-images-small (1)\images\small\5f\5fbd168a.jpg,Cooking Pot,Cookware,89.99,A high-quality cooking pot — cookware product with excellent build quality and modern design.,/abo-images-small (1)/images/small/5f/5fbd168a.jpg
D:\FYP Project\fypapp\abo-images-small (1)\images\small\98\98fdec08.jpg,Coffee Maker,Appliances,129.99,A high-quality coffee maker — appliances product with excellent build quality and modern design.,/abo-images-small (1)/images/small/98/98fdec08.jpg
D:\FYP Project\fypapp\abo-images-small (1)\images\small\1a\1a35f7ab.jpg,Smartphone,Smartphones,699.99,A high-quality smartphone — smartphones product with excellent build quality and modern design.,/abo-images-small (1)/images/small/1a/1a35f7ab.jpg
D:\FYP Project\fypapp\abo-images-small (1)\images\small\63\63491a14.jpg,Hiking Gear,Outdoors,149.99,A high-quality hiking gear — outdoors product with excellent build quality and modern design.,/abo-images-small (1)/images/small/63/63491a14.jpg
D:\FYP Project\fypapp\abo-images-small (1)\images\small\53\5350016e.jpg,Casual Shoes,Shoes,89.99,A high-quality casual shoes — shoes product with excellent build quality and modern design.,/abo-images-small (1)/images/small/53/5350016e.jpg
D:\FYP Project\fypapp\abo-images-small (1)\images\small\5e\5ecb9148.jpg,Boots,Shoes,89.99,A high-quality boots — shoes product with excellent build quality and modern design.,/abo-images-small (1)/images/small/5e/5ecb9148.jpg
D:\FYP Project\fypapp\abo-images-small (1)\images\small\72\72ea94f0.jpg,Cookware Set,Cookware,89.99,A high-quality cookware set — cookware product with excellent build quality and modern design.,/abo-images-small (1)/images/small/72/72ea94f0.jpg
D:\FYP Project\fypapp\abo-images-small (1)\images\small\6e\6e18956c.jpg,Mobile Phone,Smartphones,699.99,A high-quality mobile phone — smartphones product with excellent build quality and modern design.,/abo-images-small (1)/images/small/6e/6e18956c.jpg
D:\FYP Project\fypapp\abo-images-small (1)\images\small\bb\bbe3388a.jpg,Accent Chair,Chairs,199.99,A high-quality accent chair — chairs product with excellent build quality and modern design.,/abo-images-small (1)/images/small/bb/bbe3388a.jpg
D:\FYP Project\fypapp\abo-images-small (1)\images\small\1b\1b777594.jpg,Skillet,Cookware,89.99,A high-quality skillet — cookware product with excellent build quality and modern design.,/abo-images-small (1)/images/small/1b/1b777594.jpg
D:\FYP Project\fypapp\abo-images-small (1)\images\small\f9\f9cc4cec.jpg,Smartphone,Smartphones,699.99,A high-quality smartphone — smartphones product with excellent build quality and modern design.,/abo-images-small (1)/images/small/f9/f9cc4cec.jpg
D:\FYP Project\fypapp\abo-images-small (1)\images\small\32\32b4861b.jpg,Mobile Phone,Smartphones,699.99,A high-quality mobile phone — smartphones product with excellent build quality and modern design.,/abo-images-small (1)/images/small/32/32b4861b.jpg
D:\FYP Project\fypapp\abo-images-small (1)\images\small\52\523e0634.jpg,Android Phone,Smartphones,699.99,A high-quality android phone — smartphones product with excellent build quality and modern design.,/abo-images-small (1)/images/small/52/523e0634.jpg
D:\FYP Project\fypapp\abo-images-small (1)\images\small\85\854e0b5d.jpg,Desk,Tables,299.99,A high-quality desk — tables product with excellent build quality and modern design.,/abo-images-small (1)/images/small/85/854e0b5d.jpg
D:\FYP Project\fypapp\abo-images-small (1)\images\small\34\34602854.jpg,Bed Frame,Beds,499.99,A high-quality bed frame — beds product with excellent build quality and modern design.,/abo-images-small (1)/images/small/34/34602854.jpg
D:\FYP Project\fypapp\abo-images-small (1)\images\small\4c\4c539ed8.jpg,Mobile Phone,Smartphones,699.99,A high-quality mobile phone — smartphones product with excellent build quality and modern design.,/abo-images-small (1)/images/small/4c/4c539ed8.jpg
D:\FYP Project\fypapp\abo-images-small (1)\images\small\15\15bcf7c0.jpg,Android Phone,Smartphones,699.99,A high-quality android phone — smartphones product with excellent build quality and modern design.,/abo-images-small (1)/images/small/15/15bcf7c0.jpg
D:\FYP Project\fypapp\abo-images-small (1)\images\small\90\907ab1ef.jpg,iPhone,Smartphones,699.99,A high-quality iphone — smartphones product with excellent build quality and modern design.,/abo-images-small (1)/images/small/90/907ab1ef.jpg
D:\FYP Project\fypapp\abo-images-small (1)\images\small\8e\8e0f157c.jpg,Bed Frame,Beds,499.99,A high-quality bed frame — beds product with excellent build quality and modern design.,/abo-images-small (1)/images/small/8e/8e0f157c.jpg
D:\FYP Project\fypapp\abo-images-small (1)\images\small\71\71c7d9ba.jpg,Mobile Phone,Smartphones,699.99,A high-quality mobile phone — smartphones product with excellent build quality and modern design.,/abo-images-small (1)/images/small/71/71c7d9ba.jpg
D:\FYP Project\fypapp\abo-images-small (1)\images\small\bc\bc9641fe.jpg,Casual Shoes,Shoes,89.99,A high-quality casual shoes — shoes product with excellent build quality and modern design.,/abo-images-small (1)/images/small/bc/bc9641fe.jpg
D:\FYP Project\fypapp\abo-images-small (1)\images\small\a1\a1d03740.jpg,iPhone,Smartphones,699.99,A high-quality iphone — smartphones product with excellent build quality and modern design.,/abo-images-small (1)/images/small/a1/a1d03740.jpg
D:\FYP Project\fypapp\abo-images-small (1)\images\small\90\90e0cf4c.jpg,Cookware Set,Cookware,89.99,A high-quality cookware set — cookware product with excellent build quality and modern design.,/abo-images-small (1)/images/small/90/90e0cf4c.jpg
D:\FYP Project\fypapp\abo-images-small (1)\images\small\15\150333b5.jpg,Mobile Phone,Smartphones,699.99,A high-quality mobile phone — smartphones product with excellent build quality and modern design.,/abo-images-small (1)/images/small/15/150333b5.jpg
D:\FYP Project\fypapp\abo-images-small (1)\images\small\49\49c68487.jpg,Digital Tablet,Tablets,449.99,A high-quality digital tablet — tablets product with excellent build quality and modern design.,/abo-images-small (1)/images/small/49/49c68487.jpg
D:\FYP Project\fypapp\abo-images-small (1)\images\small\92\927fcf89.jpg,Android Tablet,Tablets,449.99,A high-quality android tablet — tablets product with excellent build quality and modern design.,/abo-images-small (1)/images/small/92/927fcf89.jpg
D:\FYP Project\fypapp\abo-images-small (1)\images\small\87\8762949b.jpg,Dinnerware Set,Dinnerware,49.99,A high-quality dinnerware set — dinnerware product with excellent build quality and modern design.,/abo-images-small (1)/images/small/87/8762949b.jpg
D:\FYP Project\fypapp\abo-images-small (1)\images\small\ca\caebdb6d.jpg,Hiking Gear,Outdoors,149.99,A high-quality hiking gear — outdoors product with excellent build quality and modern design.,/abo-images-small (1)/images/small/ca/caebdb6d.jpg
D:\FYP Project\fypapp\abo-images-small (1)\images\small\07\073701d4.jpg,Android Phone,Smartphones,699.99,A high-quality android phone — smartphones product with excellent build quality and modern design.,/abo-images-small (1)/images/small/07/073701d4.jpg
D:\FYP Project\fypapp\abo-images-small (1)\images\small\c7\c74cdce8.jpg,Recliner,Chairs,199.99,A high-quality recliner — chairs product with excellent build quality and modern design.,/abo-images-small (1)/images/small/c7/c74cdce8.jpg
D:\FYP Project\fypapp\abo-images-small (1)\images\small\84\841ee958.jpg,Sofa,Sofas,799.99,A high-quality sofa — sofas product with excellent build quality and modern design.,/abo-images-small (1)/images/small/84/841ee958.jpg
D:\FYP Project\fypapp\abo-images-small (1)\images\small\a6\a60da2b7.jpg,Queen Bed,Beds,499.99,A high-quality queen bed — beds product with excellent build quality and modern design.,/abo-images-small (1)/images/small/a6/a60da2b7.jpg
D:\FYP Project\fypapp\abo-images-small (1)\images\small\02\022ed4a7.jpg,Cooking Pot,Cookware,89.99,A high-quality cooking pot — cookware product with excellent build quality and modern design.,/abo-images-small (1)/images/small/02/022ed4a7.jpg
D:\FYP Project\fypapp\abo-images-small (1)\images\small\7a\7a09d3ed.jpg,Desk,Tables,299.99,A high-quality desk — tables product with excellent build quality and modern design.,/abo-images-small (1)/images/small/7a/7a09d3ed.jpg
D:\FYP Project\fypapp\abo-images-small (1)\images\small\67\67b07489.jpg,Jacket,Jackets,119.99,A high-quality jacket — jackets product with excellent build quality and modern design.,/abo-images-small (1)/images/small/67/67b07489.jpg
D:\FYP Project\fypapp\abo-images-small (1)\images\small\87\87b50cac.jpg,Microwave,Appliances,129.99,A high-quality microwave — appliances product with excellent build quality and modern design.,/abo-images-small (1)/images/small/87/87b50cac.jpg
D:\FYP Project\fypapp\abo-images-small (1)\images\small\92\923419ac.jpg,Puffer Jacket,Jackets,119.99,A high-quality puffer jacket — jackets product with excellent build quality and modern design.,/abo-images-small (1)/images/small/92/923419ac.jpg
D:\FYP Project\fypapp\abo-images-small (1)\images\small\bb\bb2dc3d5.jpg,iPhone,Smartphones,699.99,A high-quality iphone — smartphones product with excellent build quality and modern design.,/abo-images-small (1)/images/small/bb/bb2dc3d5.jpg
D:\FYP Project\fypapp\abo-images-small (1)\images\small\be\be38e594.jpg,Sneakers,Shoes,89.99,A high-quality sneakers — shoes product with excellent build quality and modern design.,/abo-images-small (1)/images/small/be/be38e594.jpg
D:\FYP Project\fypapp\abo-images-small (1)\images\small\d2\d21857f7.jpg,Mobile Phone,Smartphones,699.99,A high-quality mobile phone — smartphones product with excellent build quality and modern design.,/abo-images-small (1)/images/small/d2/d21857f7.jpg
D:\FYP Project\fypapp\abo-images-small (1)\images\small\4e\4e7a2de9.jpg,Over-Ear Headphones,Headphones,149.99,A high-quality over-ear headphones — headphones product with excellent build quality and modern design.,/abo-images-small (1)/images/small/4e/4e7a2de9.jpg
D:\FYP Project\fypapp\abo-images-small (1)\images\small\aa\aa7217b0.jpg,iPhone,Smartphones,699.99,A high-quality iphone — smartphones product with excellent build quality and modern design.,/abo-images-small (1)/images/small/aa/aa7217b0.jpg
D:\FYP Project\fypapp\abo-images-small (1)\images\small\4e\4e258c59.jpg,Yoga Mat,Sports,34.99,A high-quality yoga mat — sports product with excellent build quality and modern design.,/abo-images-small (1)/images/small/4e/4e258c59.jpg
D:\FYP Project\fypapp\abo-images-small (1)\images\small\5f\5f201403.jpg,Mobile Phone,Smartphones,699.99,A high-quality mobile phone — smartphones product with excellent build quality and modern design.,/abo-images-small (1)/images/small/5f/5f201403.jpg
D:\FYP Project\fypapp\abo-images-small (1)\images\small\97\97b31e1c.jpg,Cooking Pot,Cookware,89.99,A high-quality cooking pot — cookware product with excellent build quality and modern design.,/abo-images-small (1)/images/small/97/97b31e1c.jpg
D:\FYP Project\fypapp\abo-images-small (1)\images\small\f3\f31a9d41.jpg,Skillet,Cookware,89.99,A high-quality skillet — cookware product with excellent build quality and modern design.,/abo-images-small (1)/images/small/f3/f31a9d41.jpg
D:\FYP Project\fypapp\abo-images-small (1)\images\small\0a\0a65ea65.jpg,Kitchen Appliance,Appliances,129.99,A high-quality kitchen appliance — appliances product with excellent build quality and modern design.,/abo-images-small (1)/images/small/0a/0a65ea65.jpg
D:\FYP Project\fypapp\abo-images-small (1)\images\small\87\874c7ab5.jpg,Maxi Dress,Dresses,59.99,A high-quality maxi dress — dresses product with excellent build quality and modern design.,/abo-images-small (1)/images/small/87/874c7ab5.jpg
D:\FYP Project\fypapp\abo-images-small (1)\images\small\74\7433bacd.jpg,King Bed,Beds,499.99,A high-quality king bed — beds product with excellent build quality and modern design.,/abo-images-small (1)/images/small/74/7433bacd.jpg
D:\FYP Project\fypapp\abo-images-small (1)\images\small\8c\8cf18b00.jpg,Desk,Tables,299.99,A high-quality desk — tables product with excellent build quality and modern design.,/abo-images-small (1)/images/small/8c/8cf18b00.jpg
D:\FYP Project\fypapp\abo-images-small (1)\images\small\f6\f6f44421.jpg,Smartphone,Smartphones,699.99,A high-quality smartphone — smartphones product with excellent build quality and modern design.,/abo-images-small (1)/images/small/f6/f6f44421.jpg
D:\FYP Project\fypapp\abo-images-small (1)\images\small\a2\a249571d.jpg,Dining Chair,Chairs,199.99,A high-quality dining chair — chairs product with excellent build quality and modern design.,/abo-images-small (1)/images/small/a2/a249571d.jpg
D:\FYP Project\fypapp\abo-images-small (1)\images\small\2a\2a860b12.jpg,Blender,Appliances,129.99,A high-quality blender — appliances product with excellent build quality and modern design.,/abo-images-small (1)/images/small/2a/2a860b12.jpg
D:\FYP Project\fypapp\abo-images-small (1)\images\small\d8\d804e27b.jpg,Boots,Shoes,89.99,A high-quality boots — shoes product with excellent build quality and modern design.,/abo-images-small (1)/images/small/d8/d804e27b.jpg
D:\FYP Project\fypapp\abo-images-small (1)\images\small\fb\fb164ff4.jpg,Tablet,Tablets,449.99,A high-quality tablet — tablets product with excellent build quality and modern design.,/abo-images-small (1)/images/small/fb/fb164ff4.jpg
D:\FYP Project\fypapp\abo-images-small (1)\images\small\09\099b9552.jpg,Hiking Gear,Outdoors,149.99,A high-quality hiking gear — outdoors product with excellent build quality and modern design.,/abo-images-small (1)/images/small/09/099b9552.jpg
D:\FYP Project\fypapp\abo-images-small (1)\images\small\89\89158d3d.jpg,Blender,Appliances,129.99,A high-quality blender — appliances product with excellent build quality and modern design.,/abo-images-small (1)/images/small/89/89158d3d.jpg
D:\FYP Project\fypapp\abo-images-small (1)\images\small\ce\ce638d58.jpg,Skillet,Cookware,89.99,A high-quality skillet — cookware product with excellent build quality and modern design.,/abo-images-small (1)/images/small/ce/ce638d58.jpg
D:\FYP Project\fypapp\abo-images-small (1)\images\small\c4\c4390d2f.jpg,Kitchen Appliance,Appliances,129.99,A high-quality kitchen appliance — appliances product with excellent build quality and modern design.,/abo-images-small (1)/images/small/c4/c4390d2f.jpg
D:\FYP Project\fypapp\abo-images-small (1)\images\small\09\09d48f0c.jpg,Mobile Phone,Smartphones,699.99,A high-quality mobile phone — smartphones product with excellent build quality and modern design.,/abo-images-small (1)/images/small/09/09d48f0c.jpg
D:\FYP Project\fypapp\abo-images-small (1)\images\small\1c\1c82bf24.jpg,Android Phone,Smartphones,699.99,A high-quality android phone — smartphones product with excellent build quality and modern design.,/abo-images-small (1)/images/small/1c/1c82bf24.jpg
D:\FYP Project\fypapp\abo-images-small (1)\images\small\e0\e07f01a8.jpg,Exercise Gear,Sports,34.99,A high-quality exercise gear — sports product with excellent build quality and modern design.,/abo-images-small (1)/images/small/e0/e07f01a8.jpg
D:\FYP Project\fypapp\abo-images-small (1)\images\small\95\959478eb.jpg,Kitchen Appliance,Appliances,129.99,A high-quality kitchen appliance — appliances product with excellent build quality and modern design.,/abo-images-small (1)/images/small/95/959478eb.jpg
D:\FYP Project\fypapp\abo-images-small (1)\images\small\2d\2def3166.jpg,Coffee Table,Tables,299.99,A high-quality coffee table — tables product with excellent build quality and modern design.,/abo-images-small (1)/images/small/2d/2def3166.jpg
D:\FYP Project\fypapp\abo-images-small (1)\images\small\a0\a044558b.jpg,Android Phone,Smartphones,699.99,A high-quality android phone — smartphones product with excellent build quality and modern design.,/abo-images-small (1)/images/small/a0/a044558b.jpg
D:\FYP Project\fypapp\abo-images-small (1)\images\small\3e\3ea079b0.jpg,Backpack,Outdoors,149.99,A high-quality backpack — outdoors product with excellent build quality and modern design.,/abo-images-small (1)/images/small/3e/3ea079b0.jpg
D:\FYP Project\fypapp\abo-images-small (1)\images\small\e5\e5815f07.jpg,Camping Tent,Outdoors,149.99,A high-quality camping tent — outdoors product with excellent build quality and modern design.,/abo-images-small (1)/images/small/e5/e5815f07.jpg
D:\FYP Project\fypapp\abo-images-small (1)\images\small\5a\5a700880.jpg,Running Shoes,Shoes,89.99,A high-quality running shoes — shoes product with excellent build quality and modern design.,/abo-images-small (1)/images/small/5a/5a700880.jpg
D:\FYP Project\fypapp\abo-images-small (1)\images\small\e7\e7f129d8.jpg,Outdoor Equipment,Outdoors,149.99,A high-quality outdoor equipment — outdoors product with excellent build quality and modern design.,/abo-images-small (1)/images/small/e7/e7f129d8.jpg
D:\FYP Project\fypapp\abo-images-small (1)\images\small\70\706fa0c1.jpg,iPhone,Smartphones,699.99,A high-quality iphone — smartphones product with excellent build quality and modern design.,/abo-images-small (1)/images/small/70/706fa0c1.jpg
D:\FYP Project\fypapp\abo-images-small (1)\images\small\4b\4b78465e.jpg,Sneakers,Shoes,89.99,A high-quality sneakers — shoes product with excellent build quality and modern design.,/abo-images-small (1)/images/small/4b/4b78465e.jpg
D:\FYP Project\fypapp\abo-images-small (1)\images\small\9e\9e0b5103.jpg,Mobile Phone,Smartphones,699.99,A high-quality mobile phone — smartphones product with excellent build quality and modern design.,/abo-images-small (1)/images/small/9e/9e0b5103.jpg
D:\FYP Project\fypapp\abo-images-small (1)\images\small\70\705a2c36.jpg,Casual Shoes,Shoes,89.99,A high-quality casual shoes — shoes product with excellent build quality and modern design.,/abo-images-small (1)/images/small/70/705a2c36.jpg
D:\FYP Project\fypapp\abo-images-small (1)\images\small\74\74d0901a.jpg,Android Tablet,Tablets,449.99,A high-quality android tablet — tablets product with excellent build quality and modern design.,/abo-images-small (1)/images/small/74/74d0901a.jpg
D:\FYP Project\fypapp\abo-images-small (1)\images\small\e1\e1cfd286.jpg,Bed Frame,Beds,499.99,A high-quality bed frame — beds product with excellent build quality and modern design.,/abo-images-small (1)/images/small/e1/e1cfd286.jpg
D:\FYP Project\fypapp\abo-images-small (1)\images\small\61\6112704e.jpg,Running Shoes,Shoes,89.99,A high-quality running shoes — shoes product with excellent build quality and modern design.,/abo-images-small (1)/images/small/61/6112704e.jpg
D:\FYP Project\fypapp\abo-images-small (1)\images\small\92\92d26268.jpg,Puffer Jacket,Jackets,119.99,A high-quality puffer jacket — jackets product with excellent build quality and modern design.,/abo-images-small (1)/images/small/92/92d26268.jpg
D:\FYP Project\fypapp\abo-images-small (1)\images\small\58\582ac592.jpg,Recliner,Chairs,199.99,A high-quality recliner — chairs product with excellent build quality and modern design.,/abo-images-small (1)/images/small/58/582ac592.jpg
D:\FYP Project\fypapp\abo-images-small (1)\images\small\1b\1bf12d36.jpg,Sneakers,Shoes,89.99,A high-quality sneakers — shoes product with excellent build quality and modern design.,/abo-images-small (1)/images/small/1b/1bf12d36.jpg
D:\FYP Project\fypapp\abo-images-small (1)\images\small\a4\a40f5a56.jpg,Mobile Phone,Smartphones,699.99,A high-quality mobile phone — smartphones product with excellent build quality and modern design.,/abo-images-small (1)/images/small/a4/a40f5a56.jpg
D:\FYP Project\fypapp\abo-images-small (1)\images\small\07\072b8c91.jpg,Accent Chair,Chairs,199.99,A high-quality accent chair — chairs product with excellent build quality and modern design.,/abo-images-small (1)/images/small/07/072b8c91.jpg
D:\FYP Project\fypapp\abo-images-small (1)\images\small\f7\f7eb1006.jpg,iPhone,Smartphones,699.99,A high-quality iphone — smartphones product with excellent build quality and modern design.,/abo-images-small (1)/images/small/f7/f7eb1006.jpg
D:\FYP Project\fypapp\abo-images-small (1)\images\small\11\11ca1388.jpg,Sofa,Sofas,799.99,A high-quality sofa — sofas product with excellent build quality and modern design.,/abo-images-small (1)/images/small/11/11ca1388.jpg
D:\FYP Project\fypapp\abo-images-small (1)\images\small\79\79482f82.jpg,iPad,Tablets,449.99,A high-quality ipad — tablets product with excellent build quality and modern design.,/abo-images-small (1)/images/small/79/79482f82.jpg
D:\FYP Project\fypapp\abo-images-small (1)\images\small\50\50169d96.jpg,Side Table,Tables,299.99,A high-quality side table — tables product with excellent build quality and modern design.,/abo-images-small (1)/images/small/50/50169d96.jpg
D:\FYP Project\fypapp\abo-images-small (1)\images\small\17\174de609.jpg,iPhone,Smartphones,699.99,A high-quality iphone — smartphones product with excellent build quality and modern design.,/abo-images-small (1)/images/small/17/174de609.jpg
D:\FYP Project\fypapp\abo-images-small (1)\images\small\0d\0dc18cb0.jpg,Digital Camera,Cameras,549.99,A high-quality digital camera — cameras product with excellent build quality and modern design.,/abo-images-small (1)/images/small/0d/0dc18cb0.jpg
D:\FYP Project\fypapp\abo-images-small (1)\images\small\0b\0b5e1807.jpg,Coffee Table,Tables,299.99,A high-quality coffee table — tables product with excellent build quality and modern design.,/abo-images-small (1)/images/small/0b/0b5e1807.jpg
D:\FYP Project\fypapp\abo-images-small (1)\images\small\e4\e49a8d43.jpg,Android Phone,Smartphones,699.99,A high-quality android phone — smartphones product with excellent build quality and modern design.,/abo-images-small (1)/images/small/e4/e49a8d43.jpg
D:\FYP Project\fypapp\abo-images-small (1)\images\small\45\45bb86ff.jpg,iPhone,Smartphones,699.99,A high-quality iphone — smartphones product with excellent build quality and modern design.,/abo-images-small (1)/images/small/45/45bb86ff.jpg
D:\FYP Project\fypapp\abo-images-small (1)\images\small\07\0794fc96.jpg,Sneakers,Shoes,89.99,A high-quality sneakers — shoes product with excellent build quality and modern design.,/abo-images-small (1)/images/small/07/0794fc96.jpg
D:\FYP Project\fypapp\abo-images-small (1)\images\small\d7\d77e8e08.jpg,Queen Bed,Beds,499.99,A high-quality queen bed — beds product with excellent build quality and modern design.,/abo-images-small (1)/images/small/d7/d77e8e08.jpg
D:\FYP Project\fypapp\abo-images-small (1)\images\small\34\3447b5d2.jpg,Accent Chair,Chairs,199.99,A high-quality accent chair — chairs product with excellent build quality and modern design.,/abo-images-small (1)/images/small/34/3447b5d2.jpg
D:\FYP Project\fypapp\abo-images-small (1)\images\small\54\545f8e53.jpg,Skillet,Cookware,89.99,A high-quality skillet — cookware product with excellent build quality and modern design.,/abo-images-small (1)/images/small/54/545f8e53.jpg
D:\FYP Project\fypapp\abo-images-small (1)\images\small\2a\2a0a5462.jpg,Smartphone,Smartphones,699.99,A high-quality smartphone — smartphones product with excellent build quality and modern design.,/abo-images-small (1)/images/small/2a/2a0a5462.jpg
D:\FYP Project\fypapp\abo-images-small (1)\images\small\a5\a547e09b.jpg,Mobile Phone,Smartphones,699.99,A high-quality mobile phone — smartphones product with excellent build quality and modern design.,/abo-images-small (1)/images/small/a5/a547e09b.jpg
D:\FYP Project\fypapp\abo-images-small (1)\images\small\26\26025a6b.jpg,Polo Shirt,Shirts,39.99,A high-quality polo shirt — shirts product with excellent build quality and modern design.,/abo-images-small (1)/images/small/26/26025a6b.jpg
D:\FYP Project\fypapp\abo-images-small (1)\images\small\c4\c4246522.jpg,Android Tablet,Tablets,449.99,A high-quality android tablet — tablets product with excellent build quality and modern design.,/abo-images-small (1)/images/small/c4/c4246522.jpg
D:\FYP Project\fypapp\abo-images-small (1)\images\small\4d\4db3fdbd.jpg,Smartphone,Smartphones,699.99,A high-quality smartphone — smartphones product with excellent build quality and modern design.,/abo-images-small (1)/images/small/4d/4db3fdbd.jpg
D:\FYP Project\fypapp\abo-images-small (1)\images\small\e7\e757fb85.jpg,Maxi Dress,Dresses,59.99,A high-quality maxi dress — dresses product with excellent build quality and modern design.,/abo-images-small (1)/images/small/e7/e757fb85.jpg
D:\FYP Project\fypapp\abo-images-small (1)\images\small\59\599c439e.jpg,King Bed,Beds,499.99,A high-quality king bed — beds product with excellent build quality and modern design.,/abo-images-small (1)/images/small/59/599c439e.jpg
D:\FYP Project\fypapp\abo-images-small (1)\images\small\7f\7f4bb627.jpg,iPhone,Smartphones,699.99,A high-quality iphone — smartphones product with excellent build quality and modern design.,/abo-images-small (1)/images/small/7f/7f4bb627.jpg
D:\FYP Project\fypapp\abo-images-small (1)\images\small\3a\3a49b66d.jpg,Dress,Dresses,59.99,A high-quality dress — dresses product with excellent build quality and modern design.,/abo-images-small (1)/images/small/3a/3a49b66d.jpg
D:\FYP Project\fypapp\abo-images-small (1)\images\small\d2\d2f667d3.jpg,Couch,Sofas,799.99,A high-quality couch — sofas product with excellent build quality and modern design.,/abo-images-small (1)/images/small/d2/d2f667d3.jpg
D:\FYP Project\fypapp\abo-images-small (1)\images\small\d3\d34ed17a.jpg,Sectional Sofa,Sofas,799.99,A high-quality sectional sofa — sofas product with excellent build quality and modern design.,/abo-images-small (1)/images/small/d3/d34ed17a.jpg
D:\FYP Project\fypapp\abo-images-small (1)\images\small\f9\f90d4071.jpg,Exercise Gear,Sports,34.99,A high-quality exercise gear — sports product with excellent build quality and modern design.,/abo-images-small (1)/images/small/f9/f90d4071.jpg
D:\FYP Project\fypapp\abo-images-small (1)\images\small\38\38dd7d52.jpg,Dinnerware Set,Dinnerware,49.99,A high-quality dinnerware set — dinnerware product with excellent build quality and modern design.,/abo-images-small (1)/images/small/38/38dd7d52.jpg
D:\FYP Project\fypapp\abo-images-small (1)\images\small\6b\6b7b0f84.jpg,Hiking Gear,Outdoors,149.99,A high-quality hiking gear — outdoors product with excellent build quality and modern design.,/abo-images-small (1)/images/small/6b/6b7b0f84.jpg
D:\FYP Project\fypapp\abo-images-small (1)\images\small\ed\ed005f02.jpg,Fitness Equipment,Sports,34.99,A high-quality fitness equipment — sports product with excellent build quality and modern design.,/abo-images-small (1)/images/small/ed/ed005f02.jpg
D:\FYP Project\fypapp\abo-images-small (1)\images\small\c9\c917ef0a.jpg,Backpack,Outdoors,149.99,A high-quality backpack — outdoors product with excellent build quality and modern design.,/abo-images-small (1)/images/small/c9/c917ef0a.jpg
D:\FYP Project\fypapp\abo-images-small (1)\images\small\09\0941e3df.jpg,Bed Frame,Beds,499.99,A high-quality bed frame — beds product with excellent build quality and modern design.,/abo-images-small (1)/images/small/09/0941e3df.jpg
D:\FYP Project\fypapp\abo-images-small (1)\images\small\6b\6be99d3b.jpg,Mobile Phone,Smartphones,699.99,A high-quality mobile phone — smartphones product with excellent build quality and modern design.,/abo-images-small (1)/images/small/6b/6be99d3b.jpg
D:\FYP Project\fypapp\abo-images-small (1)\images\small\e3\e328fcc0.jpg,Straight Jeans,Jeans,69.99,A high-quality straight jeans — jeans product with excellent build quality and modern design.,/abo-images-small (1)/images/small/e3/e328fcc0.jpg
D:\FYP Project\fypapp\abo-images-small (1)\images\small\82\82268853.jpg,Skillet,Cookware,89.99,A high-quality skillet — cookware product with excellent build quality and modern design.,/abo-images-small (1)/images/small/82/82268853.jpg
D:\FYP Project\fypapp\abo-images-small (1)\images\small\89\89eba300.jpg,Sofa,Sofas,799.99,A high-quality sofa — sofas product with excellent build quality and modern design.,/abo-images-small (1)/images/small/89/89eba300.jpg
D:\FYP Project\fypapp\abo-images-small (1)\images\small\45\45789d0e.jpg,Microwave,Appliances,129.99,A high-quality microwave — appliances product with excellent build quality and modern design.,/abo-images-small (1)/images/small/45/45789d0e.jpg
D:\FYP Project\fypapp\abo-images-small (1)\images\small\19\19d90066.jpg,Android Phone,Smartphones,699.99,A high-quality android phone — smartphones product with excellent build quality and modern design.,/abo-images-small (1)/images/small/19/19d90066.jpg
D:\FYP Project\fypapp\abo-images-small (1)\images\small\ce\ce73cd2a.jpg,iPhone,Smartphones,699.99,A high-quality iphone — smartphones product with excellent build quality and modern design.,/abo-images-small (1)/images/small/ce/ce73cd2a.jpg
D:\FYP Project\fypapp\abo-images-small (1)\images\small\d9\d99d8d59.jpg,Jacket,Jackets,119.99,A high-quality jacket — jackets product with excellent build quality and modern design.,/abo-images-small (1)/images/small/d9/d99d8d59.jpg
D:\FYP Project\fypapp\abo-images-small (1)\images\small\55\55b0e78a.jpg,iPad,Tablets,449.99,A high-quality ipad — tablets product with excellent build quality and modern design.,/abo-images-small (1)/images/small/55/55b0e78a.jpg
D:\FYP Project\fypapp\abo-images-small (1)\images\small\21\219c6bdb.jpg,Mirrorless Camera,Cameras,549.99,A high-quality mirrorless camera — cameras product with excellent build quality and modern design.,/abo-images-small (1)/images/small/21/219c6bdb.jpg
D:\FYP Project\fypapp\abo-images-small (1)\images\small\68\68cd471b.jpg,Platform Bed,Beds,499.99,A high-quality platform bed — beds product with excellent build quality and modern design.,/abo-images-small (1)/images/small/68/68cd471b.jpg
D:\FYP Project\fypapp\abo-images-small (1)\images\small\d1\d1448b4e.jpg,Dress,Dresses,59.99,A high-quality dress — dresses product with excellent build quality and modern design.,/abo-images-small (1)/images/small/d1/d1448b4e.jpg
D:\FYP Project\fypapp\abo-images-small (1)\images\small\f6\f64ad717.jpg,Coffee Table,Tables,299.99,A high-quality coffee table — tables product with excellent build quality and modern design.,/abo-images-small (1)/images/small/f6/f64ad717.jpg
D:\FYP Project\fypapp\abo-images-small (1)\images\small\c4\c49eec6f.jpg,Cooking Pot,Cookware,89.99,A high-quality cooking pot — cookware product with excellent build quality and modern design.,/abo-images-small (1)/images/small/c4/c49eec6f.jpg
D:\FYP Project\fypapp\abo-images-small (1)\images\small\0e\0e07c89c.jpg,Recliner,Chairs,199.99,A high-quality recliner — chairs product with excellent build quality and modern design.,/abo-images-small (1)/images/small/0e/0e07c89c.jpg
D:\FYP Project\fypapp\abo-images-small (1)\images\small\77\77cfacab.jpg,Headphones,Headphones,149.99,A high-quality headphones — headphones product with excellent build quality and modern design.,/abo-images-small (1)/images/small/77/77cfacab.jpg
D:\FYP Project\fypapp\abo-images-small (1)\images\small\b9\b9241d5f.jpg,Running Shoes,Shoes,89.99,A high-quality running shoes — shoes product with excellent build quality and modern design.,/abo-images-small (1)/images/small/b9/b9241d5f.jpg
D:\FYP Project\fypapp\abo-images-small (1)\images\small\f9\f9ed824c.jpg,Casual Shoes,Shoes,89.99,A high-quality casual shoes — shoes product with excellent build quality and modern design.,/abo-images-small (1)/images/small/f9/f9ed824c.jpg
D:\FYP Project\fypapp\abo-images-small (1)\images\small\7f\7fe2227a.jpg,Desk,Tables,299.99,A high-quality desk — tables product with excellent build quality and modern design.,/abo-images-small (1)/images/small/7f/7fe2227a.jpg
D:\FYP Project\fypapp\abo-images-small (1)\images\small\17\1758a326.jpg,Office Chair,Chairs,199.99,A high-quality office chair — chairs product with excellent build quality and modern design.,/abo-images-small (1)/images/small/17/1758a326.jpg
D:\FYP Project\fypapp\abo-images-small (1)\images\small\f0\f0280bc0.jpg,Microwave,Appliances,129.99,A high-quality microwave — appliances product with excellent build quality and modern design.,/abo-images-small (1)/images/small/f0/f0280bc0.jpg
D:\FYP Project\fypapp\abo-images-small (1)\images\small\75\75f7ae20.jpg,Digital Tablet,Tablets,449.99,A high-quality digital tablet — tablets product with excellent build quality and modern design.,/abo-images-small (1)/images/small/75/75f7ae20.jpg
D:\FYP Project\fypapp\abo-images-small (1)\images\small\04\04ed544b.jpg,iPhone,Smartphones,699.99,A high-quality iphone — smartphones product with excellent build quality and modern design.,/abo-images-small (1)/images/small/04/04ed544b.jpg
D:\FYP Project\fypapp\abo-images-small (1)\images\small\e3\e34a06a3.jpg,Cookware Set,Cookware,89.99,A high-quality cookware set — cookware product with excellent build quality and modern design.,/abo-images-small (1)/images/small/e3/e34a06a3.jpg
D:\FYP Project\fypapp\abo-images-small (1)\images\small\aa\aaf50df2.jpg,Microwave,Appliances,129.99,A high-quality microwave — appliances product with excellent build quality and modern design.,/abo-images-small (1)/images/small/aa/aaf50df2.jpg
D:\FYP Project\fypapp\abo-images-small (1)\images\small\22\22a32b31.jpg,Outdoor Equipment,Outdoors,149.99,A high-quality outdoor equipment — outdoors product with excellent build quality and modern design.,/abo-images-small (1)/images/small/22/22a32b31.jpg
D:\FYP Project\fypapp\abo-images-small (1)\images\small\96\96fa5cfe.jpg,Boots,Shoes,89.99,A high-quality boots — shoes product with excellent build quality and modern design.,/abo-images-small (1)/images/small/96/96fa5cfe.jpg
D:\FYP Project\fypapp\abo-images-small (1)\images\small\7d\7d1d19b5.jpg,Yoga Mat,Sports,34.99,A high-quality yoga mat — sports product with excellent build quality and modern design.,/abo-images-small (1)/images/small/7d/7d1d19b5.jpg
D:\FYP Project\fypapp\abo-images-small (1)\images\small\dc\dccfa28b.jpg,Wireless Earbuds,Headphones,149.99,A high-quality wireless earbuds — headphones product with excellent build quality and modern design.,/abo-images-small (1)/images/small/dc/dccfa28b.jpg
D:\FYP Project\fypapp\abo-images-small (1)\images\small\9f\9f5042de.jpg,Digital Tablet,Tablets,449.99,A high-quality digital tablet — tablets product with excellent build quality and modern design.,/abo-images-small (1)/images/small/9f/9f5042de.jpg
D:\FYP Project\fypapp\abo-images-small (1)\images\small\34\348ae118.jpg,Windbreaker,Jackets,119.99,A high-quality windbreaker — jackets product with excellent build quality and modern design.,/abo-images-small (1)/images/small/34/348ae118.jpg
D:\FYP Project\fypapp\abo-images-small (1)\images\small\97\979ef892.jpg,Sneakers,Shoes,89.99,A high-quality sneakers — shoes product with excellent build quality and modern design.,/abo-images-small (1)/images/small/97/979ef892.jpg
D:\FYP Project\fypapp\abo-images-small (1)\images\small\3c\3cc6a2d8.jpg,Non-Stick Pan,Cookware,89.99,A high-quality non-stick pan — cookware product with excellent build quality and modern design.,/abo-images-small (1)/images/small/3c/3cc6a2d8.jpg
D:\FYP Project\fypapp\abo-images-small (1)\images\small\b5\b5f075f7.jpg,Accent Chair,Chairs,199.99,A high-quality accent chair — chairs product with excellent build quality and modern design.,/abo-images-small (1)/images/small/b5/b5f075f7.jpg
D:\FYP Project\fypapp\abo-images-small (1)\images\small\5e\5e2ba678.jpg,iPhone,Smartphones,699.99,A high-quality iphone — smartphones product with excellent build quality and modern design.,/abo-images-small (1)/images/small/5e/5e2ba678.jpg
D:\FYP Project\fypapp\abo-images-small (1)\images\small\d6\d620e12c.jpg,Smartphone,Smartphones,699.99,A high-quality smartphone — smartphones product with excellent build quality and modern design.,/abo-images-small (1)/images/small/d6/d620e12c.jpg
D:\FYP Project\fypapp\abo-images-small (1)\images\small\ba\bafd4a34.jpg,Resistance Bands,Sports,34.99,A high-quality resistance bands — sports product with excellent build quality and modern design.,/abo-images-small (1)/images/small/ba/bafd4a34.jpg
D:\FYP Project\fypapp\abo-images-small (1)\images\small\a8\a88eb30e.jpg,Over-Ear Headphones,Headphones,149.99,A high-quality over-ear headphones — headphones product with excellent build quality and modern design.,/abo-images-small (1)/images/small/a8/a88eb30e.jpg
D:\FYP Project\fypapp\abo-images-small (1)\images\small\a1\a196a846.jpg,Platform Bed,Beds,499.99,A high-quality platform bed — beds product with excellent build quality and modern design.,/abo-images-small (1)/images/small/a1/a196a846.jpg
D:\FYP Project\fypapp\abo-images-small (1)\images\small\97\97a5c953.jpg,Cookware Set,Cookware,89.99,A high-quality cookware set — cookware product with excellent build quality and modern design.,/abo-images-small (1)/images/small/97/97a5c953.jpg
D:\FYP Project\fypapp\abo-images-small (1)\images\small\ce\ce9dccbd.jpg,Resistance Bands,Sports,34.99,A high-quality resistance bands — sports product with excellent build quality and modern design.,/abo-images-small (1)/images/small/ce/ce9dccbd.jpg
D:\FYP Project\fypapp\abo-images-small (1)\images\small\5d\5d571696.jpg,Sectional Sofa,Sofas,799.99,A high-quality sectional sofa — sofas product with excellent build quality and modern design.,/abo-images-small (1)/images/small/5d/5d571696.jpg
D:\FYP Project\fypapp\abo-images-small (1)\images\small\6e\6ec4b844.jpg,iPhone,Smartphones,699.99,A high-quality iphone — smartphones product with excellent build quality and modern design.,/abo-images-small (1)/images/small/6e/6ec4b844.jpg
D:\FYP Project\fypapp\abo-images-small (1)\images\small\56\567b28c9.jpg,Camping Tent,Outdoors,149.99,A high-quality camping tent — outdoors product with excellent build quality and modern design.,/abo-images-small (1)/images/small/56/567b28c9.jpg
D:\FYP Project\fypapp\abo-images-small (1)\images\small\1d\1d4eddbc.jpg,iPad,Tablets,449.99,A high-quality ipad — tablets product with excellent build quality and modern design.,/abo-images-small (1)/images/small/1d/1d4eddbc.jpg
D:\FYP Project\fypapp\abo-images-small (1)\images\small\61\614f25a7.jpg,Casual Shoes,Shoes,89.99,A high-quality casual shoes — shoes product with excellent build quality and modern design.,/abo-images-small (1)/images/small/61/614f25a7.jpg
D:\FYP Project\fypapp\abo-images-small (1)\images\small\9c\9cf24988.jpg,iPhone,Smartphones,699.99,A high-quality iphone — smartphones product with excellent build quality and modern design.,/abo-images-small (1)/images/small/9c/9cf24988.jpg
D:\FYP Project\fypapp\abo-images-small (1)\images\small\56\56133cb5.jpg,Sneakers,Shoes,89.99,A high-quality sneakers — shoes product with excellent build quality and modern design.,/abo-images-small (1)/images/small/56/56133cb5.jpg
D:\FYP Project\fypapp\abo-images-small (1)\images\small\e5\e5305fe5.jpg,Queen Bed,Beds,499.99,A high-quality queen bed — beds product with excellent build quality and modern design.,/abo-images-small (1)/images/small/e5/e5305fe5.jpg
D:\FYP Project\fypapp\abo-images-small (1)\images\small\c5\c5ddc428.jpg,Android Phone,Smartphones,699.99,A high-quality android phone — smartphones product with excellent build quality and modern design.,/abo-images-small (1)/images/small/c5/c5ddc428.jpg
D:\FYP Project\fypapp\abo-images-small (1)\images\small\d4\d48a824b.jpg,Gaming Laptop,Laptops,899.99,A high-quality gaming laptop — laptops product with excellent build quality and modern design.,/abo-images-small (1)/images/small/d4/d48a824b.jpg
D:\FYP Project\fypapp\abo-images-small (1)\images\small\f2\f29b1e62.jpg,Smartphone,Smartphones,699.99,A high-quality smartphone — smartphones product with excellent build quality and modern design.,/abo-images-small (1)/images/small/f2/f29b1e62.jpg
D:\FYP Project\fypapp\abo-images-small (1)\images\small\74\745304bf.jpg,Running Shoes,Shoes,89.99,A high-quality running shoes — shoes product with excellent build quality and modern design.,/abo-images-small (1)/images/small/74/745304bf.jpg
D:\FYP Project\fypapp\abo-images-small (1)\images\small\0a\0a4ee8ba.jpg,Digital Tablet,Tablets,449.99,A high-quality digital tablet — tablets product with excellent build quality and modern design.,/abo-images-small (1)/images/small/0a/0a4ee8ba.jpg
D:\FYP Project\fypapp\abo-images-small (1)\images\small\e5\e5dc5a39.jpg,Skillet,Cookware,89.99,A high-quality skillet — cookware product with excellent build quality and modern design.,/abo-images-small (1)/images/small/e5/e5dc5a39.jpg
D:\FYP Project\fypapp\abo-images-small (1)\images\small\6f\6f8d69cc.jpg,Smartphone,Smartphones,699.99,A high-quality smartphone — smartphones product with excellent build quality and modern design.,/abo-images-small (1)/images/small/6f/6f8d69cc.jpg
D:\FYP Project\fypapp\abo-images-small (1)\images\small\3e\3ea8f027.jpg,Coffee Table,Tables,299.99,A high-quality coffee table — tables product with excellent build quality and modern design.,/abo-images-small (1)/images/small/3e/3ea8f027.jpg
D:\FYP Project\fypapp\abo-images-small (1)\images\small\a9\a9d9dc65.jpg,Casual Shoes,Shoes,89.99,A high-quality casual shoes — shoes product with excellent build quality and modern design.,/abo-images-small (1)/images/small/a9/a9d9dc65.jpg
D:\FYP Project\fypapp\abo-images-small (1)\images\small\4b\4ba0c063.jpg,Coffee Maker,Appliances,129.99,A high-quality coffee maker — appliances product with excellent build quality and modern design.,/abo-images-small (1)/images/small/4b/4ba0c063.jpg
D:\FYP Project\fypapp\abo-images-small (1)\images\small\7a\7abec84c.jpg,Cookware Set,Cookware,89.99,A high-quality cookware set — cookware product with excellent build quality and modern design.,/abo-images-small (1)/images/small/7a/7abec84c.jpg
D:\FYP Project\fypapp\abo-images-small (1)\images\small\5a\5a23e59b.jpg,Running Shoes,Shoes,89.99,A high-quality running shoes — shoes product with excellent build quality and modern design.,/abo-images-small (1)/images/small/5a/5a23e59b.jpg
D:\FYP Project\fypapp\abo-images-small (1)\images\small\75\75b947a1.jpg,Puffer Jacket,Jackets,119.99,A high-quality puffer jacket — jackets product with excellent build quality and modern design.,/abo-images-small (1)/images/small/75/75b947a1.jpg
D:\FYP Project\fypapp\abo-images-small (1)\images\small\61\617b17a0.jpg,Exercise Gear,Sports,34.99,A high-quality exercise gear — sports product with excellent build quality and modern design.,/abo-images-small (1)/images/small/61/617b17a0.jpg
D:\FYP Project\fypapp\abo-images-small (1)\images\small\cf\cfd2bfb5.jpg,Yoga Mat,Sports,34.99,A high-quality yoga mat — sports product with excellent build quality and modern design.,/abo-images-small (1)/images/small/cf/cfd2bfb5.jpg
D:\FYP Project\fypapp\abo-images-small (1)\images\small\60\60525220.jpg,Coffee Table,Tables,299.99,A high-quality coffee table — tables product with excellent build quality and modern design.,/abo-images-small (1)/images/small/60/60525220.jpg
D:\FYP Project\fypapp\abo-images-small (1)\images\small\c1\c1631758.jpg,Puffer Jacket,Jackets,119.99,A high-quality puffer jacket — jackets product with excellent build quality and modern design.,/abo-images-small (1)/images/small/c1/c1631758.jpg
D:\FYP Project\fypapp\abo-images-small (1)\images\small\03\03c94e3f.jpg,Recliner,Chairs,199.99,A high-quality recliner — chairs product with excellent build quality and modern design.,/abo-images-small (1)/images/small/03/03c94e3f.jpg
D:\FYP Project\fypapp\abo-images-small (1)\images\small\b4\b4800f02.jpg,Yoga Mat,Sports,34.99,A high-quality yoga mat — sports product with excellent build quality and modern design.,/abo-images-small (1)/images/small/b4/b4800f02.jpg
D:\FYP Project\fypapp\abo-images-small (1)\images\small\42\42e5b8b5.jpg,Queen Bed,Beds,499.99,A high-quality queen bed — beds product with excellent build quality and modern design.,/abo-images-small (1)/images/small/42/42e5b8b5.jpg
D:\FYP Project\fypapp\abo-images-small (1)\images\small\f7\f76f08b6.jpg,Blender,Appliances,129.99,A high-quality blender — appliances product with excellent build quality and modern design.,/abo-images-small (1)/images/small/f7/f76f08b6.jpg
D:\FYP Project\fypapp\abo-images-small (1)\images\small\55\5558c928.jpg,Denim Pants,Jeans,69.99,A high-quality denim pants — jeans product with excellent build quality and modern design.,/abo-images-small (1)/images/small/55/5558c928.jpg
D:\FYP Project\fypapp\abo-images-small (1)\images\small\ed\eda285fc.jpg,Dining Table,Tables,299.99,A high-quality dining table — tables product with excellent build quality and modern design.,/abo-images-small (1)/images/small/ed/eda285fc.jpg
D:\FYP Project\fypapp\abo-images-small (1)\images\small\ef\ef3def1b.jpg,Slim Jeans,Jeans,69.99,A high-quality slim jeans — jeans product with excellent build quality and modern design.,/abo-images-small (1)/images/small/ef/ef3def1b.jpg
D:\FYP Project\fypapp\abo-images-small (1)\images\small\c1\c114d6fd.jpg,Side Table,Tables,299.99,A high-quality side table — tables product with excellent build quality and modern design.,/abo-images-small (1)/images/small/c1/c114d6fd.jpg
D:\FYP Project\fypapp\abo-images-small (1)\images\small\54\54facbe7.jpg,Exercise Gear,Sports,34.99,A high-quality exercise gear — sports product with excellent build quality and modern design.,/abo-images-small (1)/images/small/54/54facbe7.jpg
D:\FYP Project\fypapp\abo-images-small (1)\images\small\a5\a5e181cd.jpg,Tablet,Tablets,449.99,A high-quality tablet — tablets product with excellent build quality and modern design.,/abo-images-small (1)/images/small/a5/a5e181cd.jpg
D:\FYP Project\fypapp\abo-images-small (1)\images\small\ab\ab31df6f.jpg,Resistance Bands,Sports,34.99,A high-quality resistance bands — sports product with excellent build quality and modern design.,/abo-images-small (1)/images/small/ab/ab31df6f.jpg
D:\FYP Project\fypapp\abo-images-small (1)\images\small\9c\9c0de311.jpg,Summer Dress,Dresses,59.99,A high-quality summer dress — dresses product with excellent build quality and modern design.,/abo-images-small (1)/images/small/9c/9c0de311.jpg
D:\FYP Project\fypapp\abo-images-small (1)\images\small\06\065fe535.jpg,Boots,Shoes,89.99,A high-quality boots — shoes product with excellent build quality and modern design.,/abo-images-small (1)/images/small/06/065fe535.jpg
D:\FYP Project\fypapp\abo-images-small (1)\images\small\1e\1ef296f2.jpg,Sneakers,Shoes,89.99,A high-quality sneakers — shoes product with excellent build quality and modern design.,/abo-images-small (1)/images/small/1e/1ef296f2.jpg
D:\FYP Project\fypapp\abo-images-small (1)\images\small\66\664b595e.jpg,Coffee Table,Tables,299.99,A high-quality coffee table — tables product with excellent build quality and modern design.,/abo-images-small (1)/images/small/66/664b595e.jpg
D:\FYP Project\fypapp\abo-images-small (1)\images\small\4e\4ef1e3ff.jpg,Android Phone,Smartphones,699.99,A high-quality android phone — smartphones product with excellent build quality and modern design.,/abo-images-small (1)/images/small/4e/4ef1e3ff.jpg
D:\FYP Project\fypapp\abo-images-small (1)\images\small\e2\e261999c.jpg,iPhone,Smartphones,699.99,A high-quality iphone — smartphones product with excellent build quality and modern design.,/abo-images-small (1)/images/small/e2/e261999c.jpg
D:\FYP Project\fypapp\abo-images-small (1)\images\small\55\55defe68.jpg,Smartphone,Smartphones,699.99,A high-quality smartphone — smartphones product with excellent build quality and modern design.,/abo-images-small (1)/images/small/55/55defe68.jpg
D:\FYP Project\fypapp\abo-images-small (1)\images\small\6a\6a0fa590.jpg,Mobile Phone,Smartphones,699.99,A high-quality mobile phone — smartphones product with excellent build quality and modern design.,/abo-images-small (1)/images/small/6a/6a0fa590.jpg
D:\FYP Project\fypapp\abo-images-small (1)\images\small\ca\ca43a8f7.jpg,Outdoor Equipment,Outdoors,149.99,A high-quality outdoor equipment — outdoors product with excellent build quality and modern design.,/abo-images-small (1)/images/small/ca/ca43a8f7.jpg
D:\FYP Project\fypapp\abo-images-small (1)\images\small\7f\7f571766.jpg,Backpack,Outdoors,149.99,A high-quality backpack — outdoors product with excellent build quality and modern design.,/abo-images-small (1)/images/small/7f/7f571766.jpg
D:\FYP Project\fypapp\abo-images-small (1)\images\small\e7\e7207013.jpg,Smartphone,Smartphones,699.99,A high-quality smartphone — smartphones product with excellent build quality and modern design.,/abo-images-small (1)/images/small/e7/e7207013.jpg
D:\FYP Project\fypapp\abo-images-small (1)\images\small\c0\c08e71f3.jpg,Mobile Phone,Smartphones,699.99,A high-quality mobile phone — smartphones product with excellent build quality and modern design.,/abo-images-small (1)/images/small/c0/c08e71f3.jpg
D:\FYP Project\fypapp\abo-images-small (1)\images\small\b8\b8ca8fd1.jpg,Casual Shoes,Shoes,89.99,A high-quality casual shoes — shoes product with excellent build quality and modern design.,/abo-images-small (1)/images/small/b8/b8ca8fd1.jpg
D:\FYP Project\fypapp\abo-images-small (1)\images\small\76\76e06799.jpg,Mug Set,Dinnerware,49.99,A high-quality mug set — dinnerware product with excellent build quality and modern design.,/abo-images-small (1)/images/small/76/76e06799.jpg
D:\FYP Project\fypapp\abo-images-small (1)\images\small\94\9459743f.jpg,Tablet,Tablets,449.99,A high-quality tablet — tablets product with excellent build quality and modern design.,/abo-images-small (1)/images/small/94/9459743f.jpg
D:\FYP Project\fypapp\abo-images-small (1)\images\small\f3\f37538ad.jpg,Coffee Table,Tables,299.99,A high-quality coffee table — tables product with excellent build quality and modern design.,/abo-images-small (1)/images/small/f3/f37538ad.jpg
D:\FYP Project\fypapp\abo-images-small (1)\images\small\71\719e07d7.jpg,Ultrabook,Laptops,899.99,A high-quality ultrabook — laptops product with excellent build quality and modern design.,/abo-images-small (1)/images/small/71/719e07d7.jpg
D:\FYP Project\fypapp\abo-images-small (1)\images\small\7a\7a0a7304.jpg,Coffee Maker,Appliances,129.99,A high-quality coffee maker — appliances product with excellent build quality and modern design.,/abo-images-small (1)/images/small/7a/7a0a7304.jpg
D:\FYP Project\fypapp\abo-images-small (1)\images\small\9d\9dab9941.jpg,Sofa,Sofas,799.99,A high-quality sofa — sofas product with excellent build quality and modern design.,/abo-images-small (1)/images/small/9d/9dab9941.jpg
D:\FYP Project\fypapp\abo-images-small (1)\images\small\5e\5e86f4ca.jpg,Mobile Phone,Smartphones,699.99,A high-quality mobile phone — smartphones product with excellent build quality and modern design.,/abo-images-small (1)/images/small/5e/5e86f4ca.jpg
D:\FYP Project\fypapp\abo-images-small (1)\images\small\6a\6a31d9da.jpg,Android Phone,Smartphones,699.99,A high-quality android phone — smartphones product with excellent build quality and modern design.,/abo-images-small (1)/images/small/6a/6a31d9da.jpg
D:\FYP Project\fypapp\abo-images-small (1)\images\small\f9\f92ccd02.jpg,Action Camera,Cameras,549.99,A high-quality action camera — cameras product with excellent build quality and modern design.,/abo-images-small (1)/images/small/f9/f92ccd02.jpg
D:\FYP Project\fypapp\abo-images-small (1)\images\small\52\520aae5e.jpg,Dining Table,Tables,299.99,A high-quality dining table — tables product with excellent build quality and modern design.,/abo-images-small (1)/images/small/52/520aae5e.jpg
D:\FYP Project\fypapp\abo-images-small (1)\images\small\28\286490e7.jpg,Running Shoes,Shoes,89.99,A high-quality running shoes — shoes product with excellent build quality and modern design.,/abo-images-small (1)/images/small/28/286490e7.jpg
D:\FYP Project\fypapp\abo-images-small (1)\images\small\43\43728336.jpg,Blender,Appliances,129.99,A high-quality blender — appliances product with excellent build quality and modern design.,/abo-images-small (1)/images/small/43/43728336.jpg
D:\FYP Project\fypapp\abo-images-small (1)\images\small\fa\fab85b4e.jpg,iPhone,Smartphones,699.99,A high-quality iphone — smartphones product with excellent build quality and modern design.,/abo-images-small (1)/images/small/fa/fab85b4e.jpg
D:\FYP Project\fypapp\abo-images-small (1)\images\small\28\2817fbd8.jpg,Dining Table,Tables,299.99,A high-quality dining table — tables product with excellent build quality and modern design.,/abo-images-small (1)/images/small/28/2817fbd8.jpg
D:\FYP Project\fypapp\abo-images-small (1)\images\small\ba\ba260669.jpg,iPad,Tablets,449.99,A high-quality ipad — tablets product with excellent build quality and modern design.,/abo-images-small (1)/images/small/ba/ba260669.jpg
D:\FYP Project\fypapp\abo-images-small (1)\images\small\3f\3fe7c672.jpg,Android Phone,Smartphones,699.99,A high-quality android phone — smartphones product with excellent build quality and modern design.,/abo-images-small (1)/images/small/3f/3fe7c672.jpg
D:\FYP Project\fypapp\abo-images-small (1)\images\small\f4\f428f64b.jpg,iPhone,Smartphones,699.99,A high-quality iphone — smartphones product with excellent build quality and modern design.,/abo-images-small (1)/images/small/f4/f428f64b.jpg
D:\FYP Project\fypapp\abo-images-small (1)\images\small\4d\4d3f950b.jpg,Bed Frame,Beds,499.99,A high-quality bed frame — beds product with excellent build quality and modern design.,/abo-images-small (1)/images/small/4d/4d3f950b.jpg
D:\FYP Project\fypapp\abo-images-small (1)\images\small\a8\a8ab91b5.jpg,Wireless Earbuds,Headphones,149.99,A high-quality wireless earbuds — headphones product with excellent build quality and modern design.,/abo-images-small (1)/images/small/a8/a8ab91b5.jpg
D:\FYP Project\fypapp\abo-images-small (1)\images\small\60\60689f68.jpg,Blender,Appliances,129.99,A high-quality blender — appliances product with excellent build quality and modern design.,/abo-images-small (1)/images/small/60/60689f68.jpg
D:\FYP Project\fypapp\abo-images-small (1)\images\small\cd\cd5116d6.jpg,iPhone,Smartphones,699.99,A high-quality iphone — smartphones product with excellent build quality and modern design.,/abo-images-small (1)/images/small/cd/cd5116d6.jpg
D:\FYP Project\fypapp\abo-images-small (1)\images\small\b6\b68a2954.jpg,Yoga Mat,Sports,34.99,A high-quality yoga mat — sports product with excellent build quality and modern design.,/abo-images-small (1)/images/small/b6/b68a2954.jpg
D:\FYP Project\fypapp\abo-images-small (1)\images\small\cf\cffba78d.jpg,Mobile Phone,Smartphones,699.99,A high-quality mobile phone — smartphones product with excellent build quality and modern design.,/abo-images-small (1)/images/small/cf/cffba78d.jpg
D:\FYP Project\fypapp\abo-images-small (1)\images\small\62\626285e8.jpg,Side Table,Tables,299.99,A high-quality side table — tables product with excellent build quality and modern design.,/abo-images-small (1)/images/small/62/626285e8.jpg
D:\FYP Project\fypapp\abo-images-small (1)\images\small\21\212cce07.jpg,Boots,Shoes,89.99,A high-quality boots — shoes product with excellent build quality and modern design.,/abo-images-small (1)/images/small/21/212cce07.jpg
D:\FYP Project\fypapp\abo-images-small (1)\images\small\43\43e01562.jpg,Smartphone,Smartphones,699.99,A high-quality smartphone — smartphones product with excellent build quality and modern design.,/abo-images-small (1)/images/small/43/43e01562.jpg
D:\FYP Project\fypapp\abo-images-small (1)\images\small\66\66e515f1.jpg,Maxi Dress,Dresses,59.99,A high-quality maxi dress — dresses product with excellent build quality and modern design.,/abo-images-small (1)/images/small/66/66e515f1.jpg
D:\FYP Project\fypapp\abo-images-small (1)\images\small\51\5107c1b7.jpg,Mirrorless Camera,Cameras,549.99,A high-quality mirrorless camera — cameras product with excellent build quality and modern design.,/abo-images-small (1)/images/small/51/5107c1b7.jpg
D:\FYP Project\fypapp\abo-images-small (1)\images\small\7c\7ca7dfd3.jpg,iPhone,Smartphones,699.99,A high-quality iphone — smartphones product with excellent build quality and modern design.,/abo-images-small (1)/images/small/7c/7ca7dfd3.jpg
D:\FYP Project\fypapp\abo-images-small (1)\images\small\ed\ed45cc92.jpg,Dining Table,Tables,299.99,A high-quality dining table — tables product with excellent build quality and modern design.,/abo-images-small (1)/images/small/ed/ed45cc92.jpg
D:\FYP Project\fypapp\abo-images-small (1)\images\small\69\692c1e4a.jpg,Microwave,Appliances,129.99,A high-quality microwave — appliances product with excellent build quality and modern design.,/abo-images-small (1)/images/small/69/692c1e4a.jpg
D:\FYP Project\fypapp\abo-images-small (1)\images\small\05\0553173d.jpg,Casual Shoes,Shoes,89.99,A high-quality casual shoes — shoes product with excellent build quality and modern design.,/abo-images-small (1)/images/small/05/0553173d.jpg
D:\FYP Project\fypapp\abo-images-small (1)\images\small\e2\e23a5ffc.jpg,Skillet,Cookware,89.99,A high-quality skillet — cookware product with excellent build quality and modern design.,/abo-images-small (1)/images/small/e2/e23a5ffc.jpg
D:\FYP Project\fypapp\abo-images-small (1)\images\small\2a\2a18ebdc.jpg,Sofa,Sofas,799.99,A high-quality sofa — sofas product with excellent build quality and modern design.,/abo-images-small (1)/images/small/2a/2a18ebdc.jpg
D:\FYP Project\fypapp\abo-images-small (1)\images\small\5f\5fb66975.jpg,Resistance Bands,Sports,34.99,A high-quality resistance bands — sports product with excellent build quality and modern design.,/abo-images-small (1)/images/small/5f/5fb66975.jpg
D:\FYP Project\fypapp\abo-images-small (1)\images\small\0f\0f3cb99c.jpg,Android Phone,Smartphones,699.99,A high-quality android phone — smartphones product with excellent build quality and modern design.,/abo-images-small (1)/images/small/0f/0f3cb99c.jpg
D:\FYP Project\fypapp\abo-images-small (1)\images\small\12\126e6425.jpg,iPhone,Smartphones,699.99,A high-quality iphone — smartphones product with excellent build quality and modern design.,/abo-images-small (1)/images/small/12/126e6425.jpg
D:\FYP Project\fypapp\abo-images-small (1)\images\small\c0\c08347cf.jpg,Kitchen Appliance,Appliances,129.99,A high-quality kitchen appliance — appliances product with excellent build quality and modern design.,/abo-images-small (1)/images/small/c0/c08347cf.jpg
D:\FYP Project\fypapp\abo-images-small (1)\images\small\65\65a25db3.jpg,Microwave,Appliances,129.99,A high-quality microwave — appliances product with excellent build quality and modern design.,/abo-images-small (1)/images/small/65/65a25db3.jpg
D:\FYP Project\fypapp\abo-images-small (1)\images\small\e0\e0f9e63f.jpg,Casual Shoes,Shoes,89.99,A high-quality casual shoes — shoes product with excellent build quality and modern design.,/abo-images-small (1)/images/small/e0/e0f9e63f.jpg
D:\FYP Project\fypapp\abo-images-small (1)\images\small\ab\ab3fabe0.jpg,Recliner,Chairs,199.99,A high-quality recliner — chairs product with excellent build quality and modern design.,/abo-images-small (1)/images/small/ab/ab3fabe0.jpg
D:\FYP Project\fypapp\abo-images-small (1)\images\small\21\21d2e15a.jpg,Smartphone,Smartphones,699.99,A high-quality smartphone — smartphones product with excellent build quality and modern design.,/abo-images-small (1)/images/small/21/21d2e15a.jpg
D:\FYP Project\fypapp\abo-images-small (1)\images\small\04\04ccd2d4.jpg,Mobile Phone,Smartphones,699.99,A high-quality mobile phone — smartphones product with excellent build quality and modern design.,/abo-images-small (1)/images/small/04/04ccd2d4.jpg
D:\FYP Project\fypapp\abo-images-small (1)\images\small\c6\c6e350fd.jpg,King Bed,Beds,499.99,A high-quality king bed — beds product with excellent build quality and modern design.,/abo-images-small (1)/images/small/c6/c6e350fd.jpg
D:\FYP Project\fypapp\abo-images-small (1)\images\small\62\62cc7128.jpg,Coffee Maker,Appliances,129.99,A high-quality coffee maker — appliances product with excellent build quality and modern design.,/abo-images-small (1)/images/small/62/62cc7128.jpg
D:\FYP Project\fypapp\abo-images-small (1)\images\small\a2\a2eb8ba6.jpg,Smartphone,Smartphones,699.99,A high-quality smartphone — smartphones product with excellent build quality and modern design.,/abo-images-small (1)/images/small/a2/a2eb8ba6.jpg
D:\FYP Project\fypapp\abo-images-small (1)\images\small\a6\a69e8b44.jpg,Mobile Phone,Smartphones,699.99,A high-quality mobile phone — smartphones product with excellent build quality and modern design.,/abo-images-small (1)/images/small/a6/a69e8b44.jpg
D:\FYP Project\fypapp\abo-images-small (1)\images\small\99\99356515.jpg,Over-Ear Headphones,Headphones,149.99,A high-quality over-ear headphones — headphones product with excellent build quality and modern design.,/abo-images-small (1)/images/small/99/99356515.jpg
D:\FYP Project\fypapp\abo-images-small (1)\images\small\75\75c9b284.jpg,Boots,Shoes,89.99,A high-quality boots — shoes product with excellent build quality and modern design.,/abo-images-small (1)/images/small/75/75c9b284.jpg
D:\FYP Project\fypapp\abo-images-small (1)\images\small\3f\3f9a80e0.jpg,Sofa,Sofas,799.99,A high-quality sofa — sofas product with excellent build quality and modern design.,/abo-images-small (1)/images/small/3f/3f9a80e0.jpg
D:\FYP Project\fypapp\abo-images-small (1)\images\small\11\116d00eb.jpg,iPad,Tablets,449.99,A high-quality ipad — tablets product with excellent build quality and modern design.,/abo-images-small (1)/images/small/11/116d00eb.jpg
D:\FYP Project\fypapp\abo-images-small (1)\images\small\58\58401d49.jpg,Outdoor Equipment,Outdoors,149.99,A high-quality outdoor equipment — outdoors product with excellent build quality and modern design.,/abo-images-small (1)/images/small/58/58401d49.jpg
D:\FYP Project\fypapp\abo-images-small (1)\images\small\a6\a6522774.jpg,Platform Bed,Beds,499.99,A high-quality platform bed — beds product with excellent build quality and modern design.,/abo-images-small (1)/images/small/a6/a6522774.jpg
D:\FYP Project\fypapp\abo-images-small (1)\images\small\25\25dfeb16.jpg,Sofa,Sofas,799.99,A high-quality sofa — sofas product with excellent build quality and modern design.,/abo-images-small (1)/images/small/25/25dfeb16.jpg
D:\FYP Project\fypapp\abo-images-small (1)\images\small\16\160be9c0.jpg,iPad,Tablets,449.99,A high-quality ipad — tablets product with excellent build quality and modern design.,/abo-images-small (1)/images/small/16/160be9c0.jpg
D:\FYP Project\fypapp\abo-images-small (1)\images\small\8b\8b87799e.jpg,Blender,Appliances,129.99,A high-quality blender — appliances product with excellent build quality and modern design.,/abo-images-small (1)/images/small/8b/8b87799e.jpg
D:\FYP Project\fypapp\abo-images-small (1)\images\small\ab\aba527e0.jpg,Loveseat,Sofas,799.99,A high-quality loveseat — sofas product with excellent build quality and modern design.,/abo-images-small (1)/images/small/ab/aba527e0.jpg
D:\FYP Project\fypapp\abo-images-small (1)\images\small\19\1904aa7a.jpg,Jacket,Jackets,119.99,A high-quality jacket — jackets product with excellent build quality and modern design.,/abo-images-small (1)/images/small/19/1904aa7a.jpg
D:\FYP Project\fypapp\abo-images-small (1)\images\small\c7\c7d35b4e.jpg,Queen Bed,Beds,499.99,A high-quality queen bed — beds product with excellent build quality and modern design.,/abo-images-small (1)/images/small/c7/c7d35b4e.jpg
D:\FYP Project\fypapp\abo-images-small (1)\images\small\12\1245ca48.jpg,Side Table,Tables,299.99,A high-quality side table — tables product with excellent build quality and modern design.,/abo-images-small (1)/images/small/12/1245ca48.jpg
D:\FYP Project\fypapp\abo-images-small (1)\images\small\34\340a25bf.jpg,Boots,Shoes,89.99,A high-quality boots — shoes product with excellent build quality and modern design.,/abo-images-small (1)/images/small/34/340a25bf.jpg
D:\FYP Project\fypapp\abo-images-small (1)\images\small\32\323b3fec.jpg,Dining Table,Tables,299.99,A high-quality dining table — tables product with excellent build quality and modern design.,/abo-images-small (1)/images/small/32/323b3fec.jpg
D:\FYP Project\fypapp\abo-images-small (1)\images\small\c3\c3be89f8.jpg,Slim Jeans,Jeans,69.99,A high-quality slim jeans — jeans product with excellent build quality and modern design.,/abo-images-small (1)/images/small/c3/c3be89f8.jpg
D:\FYP Project\fypapp\abo-images-small (1)\images\small\e7\e798025d.jpg,Straight Jeans,Jeans,69.99,A high-quality straight jeans — jeans product with excellent build quality and modern design.,/abo-images-small (1)/images/small/e7/e798025d.jpg
D:\FYP Project\fypapp\abo-images-small (1)\images\small\1d\1d0243ba.jpg,Skillet,Cookware,89.99,A high-quality skillet — cookware product with excellent build quality and modern design.,/abo-images-small (1)/images/small/1d/1d0243ba.jpg
D:\FYP Project\fypapp\abo-images-small (1)\images\small\56\56fd3345.jpg,Sofa,Sofas,799.99,A high-quality sofa — sofas product with excellent build quality and modern design.,/abo-images-small (1)/images/small/56/56fd3345.jpg
D:\FYP Project\fypapp\abo-images-small (1)\images\small\27\27923170.jpg,Microwave,Appliances,129.99,A high-quality microwave — appliances product with excellent build quality and modern design.,/abo-images-small (1)/images/small/27/27923170.jpg
D:\FYP Project\fypapp\abo-images-small (1)\images\small\c2\c228b793.jpg,Android Phone,Smartphones,699.99,A high-quality android phone — smartphones product with excellent build quality and modern design.,/abo-images-small (1)/images/small/c2/c228b793.jpg
D:\FYP Project\fypapp\abo-images-small (1)\images\small\90\90fe73ca.jpg,Floral Dress,Dresses,59.99,A high-quality floral dress — dresses product with excellent build quality and modern design.,/abo-images-small (1)/images/small/90/90fe73ca.jpg
D:\FYP Project\fypapp\abo-images-small (1)\images\small\e9\e958ba4d.jpg,Kitchen Appliance,Appliances,129.99,A high-quality kitchen appliance — appliances product with excellent build quality and modern design.,/abo-images-small (1)/images/small/e9/e958ba4d.jpg
D:\FYP Project\fypapp\abo-images-small (1)\images\small\dc\dc84ef0d.jpg,Resistance Bands,Sports,34.99,A high-quality resistance bands — sports product with excellent build quality and modern design.,/abo-images-small (1)/images/small/dc/dc84ef0d.jpg
D:\FYP Project\fypapp\abo-images-small (1)\images\small\fc\fc25ab0b.jpg,King Bed,Beds,499.99,A high-quality king bed — beds product with excellent build quality and modern design.,/abo-images-small (1)/images/small/fc/fc25ab0b.jpg
D:\FYP Project\fypapp\abo-images-small (1)\images\small\50\5080cee8.jpg,Backpack,Outdoors,149.99,A high-quality backpack — outdoors product with excellent build quality and modern design.,/abo-images-small (1)/images/small/50/5080cee8.jpg
D:\FYP Project\fypapp\abo-images-small (1)\images\small\b6\b60af4be.jpg,T-Shirt,Shirts,39.99,A high-quality t-shirt — shirts product with excellent build quality and modern design.,/abo-images-small (1)/images/small/b6/b60af4be.jpg
D:\FYP Project\fypapp\abo-images-small (1)\images\small\e3\e3244e10.jpg,Couch,Sofas,799.99,A high-quality couch — sofas product with excellent build quality and modern design.,/abo-images-small (1)/images/small/e3/e3244e10.jpg
D:\FYP Project\fypapp\abo-images-small (1)\images\small\9c\9cd1db91.jpg,Blender,Appliances,129.99,A high-quality blender — appliances product with excellent build quality and modern design.,/abo-images-small (1)/images/small/9c/9cd1db91.jpg
D:\FYP Project\fypapp\abo-images-small (1)\images\small\99\99f9865f.jpg,Coffee Maker,Appliances,129.99,A high-quality coffee maker — appliances product with excellent build quality and modern design.,/abo-images-small (1)/images/small/99/99f9865f.jpg
D:\FYP Project\fypapp\abo-images-small (1)\images\small\67\67666f8b.jpg,Tablet,Tablets,449.99,A high-quality tablet — tablets product with excellent build quality and modern design.,/abo-images-small (1)/images/small/67/67666f8b.jpg
D:\FYP Project\fypapp\abo-images-small (1)\images\small\cd\cd091a83.jpg,iPad,Tablets,449.99,A high-quality ipad — tablets product with excellent build quality and modern design.,/abo-images-small (1)/images/small/cd/cd091a83.jpg
D:\FYP Project\fypapp\abo-images-small (1)\images\small\95\95996256.jpg,Android Phone,Smartphones,699.99,A high-quality android phone — smartphones product with excellent build quality and modern design.,/abo-images-small (1)/images/small/95/95996256.jpg
D:\FYP Project\fypapp\abo-images-small (1)\images\small\69\69da7c5a.jpg,Casual Top,Shirts,39.99,A high-quality casual top — shirts product with excellent build quality and modern design.,/abo-images-small (1)/images/small/69/69da7c5a.jpg
D:\FYP Project\fypapp\abo-images-small (1)\images\small\c5\c581a627.jpg,Laptop,Laptops,899.99,A high-quality laptop — laptops product with excellent build quality and modern design.,/abo-images-small (1)/images/small/c5/c581a627.jpg
D:\FYP Project\fypapp\abo-images-small (1)\images\small\d7\d7708a73.jpg,Mobile Phone,Smartphones,699.99,A high-quality mobile phone — smartphones product with excellent build quality and modern design.,/abo-images-small (1)/images/small/d7/d7708a73.jpg
D:\FYP Project\fypapp\abo-images-small (1)\images\small\14\1455b95d.jpg,Blender,Appliances,129.99,A high-quality blender — appliances product with excellent build quality and modern design.,/abo-images-small (1)/images/small/14/1455b95d.jpg
D:\FYP Project\fypapp\abo-images-small (1)\images\small\d4\d4672fec.jpg,Windbreaker,Jackets,119.99,A high-quality windbreaker — jackets product with excellent build quality and modern design.,/abo-images-small (1)/images/small/d4/d4672fec.jpg
D:\FYP Project\fypapp\abo-images-small (1)\images\small\20\20bdad3d.jpg,Tablet,Tablets,449.99,A high-quality tablet — tablets product with excellent build quality and modern design.,/abo-images-small (1)/images/small/20/20bdad3d.jpg
D:\FYP Project\fypapp\abo-images-small (1)\images\small\4a\4a5f8ee6.jpg,Resistance Bands,Sports,34.99,A high-quality resistance bands — sports product with excellent build quality and modern design.,/abo-images-small (1)/images/small/4a/4a5f8ee6.jpg
D:\FYP Project\fypapp\abo-images-small (1)\images\small\fa\fa7a57a1.jpg,Fitness Equipment,Sports,34.99,A high-quality fitness equipment — sports product with excellent build quality and modern design.,/abo-images-small (1)/images/small/fa/fa7a57a1.jpg
D:\FYP Project\fypapp\abo-images-small (1)\images\small\5c\5c157f92.jpg,iPhone,Smartphones,699.99,A high-quality iphone — smartphones product with excellent build quality and modern design.,/abo-images-small (1)/images/small/5c/5c157f92.jpg
D:\FYP Project\fypapp\abo-images-small (1)\images\small\1b\1b96f240.jpg,Kitchen Appliance,Appliances,129.99,A high-quality kitchen appliance — appliances product with excellent build quality and modern design.,/abo-images-small (1)/images/small/1b/1b96f240.jpg
D:\FYP Project\fypapp\abo-images-small (1)\images\small\36\36fc0961.jpg,DSLR Camera,Cameras,549.99,A high-quality dslr camera — cameras product with excellent build quality and modern design.,/abo-images-small (1)/images/small/36/36fc0961.jpg
D:\FYP Project\fypapp\abo-images-small (1)\images\small\54\54e77f23.jpg,Outdoor Equipment,Outdoors,149.99,A high-quality outdoor equipment — outdoors product with excellent build quality and modern design.,/abo-images-small (1)/images/small/54/54e77f23.jpg
D:\FYP Project\fypapp\abo-images-small (1)\images\small\3c\3c15453e.jpg,Boots,Shoes,89.99,A high-quality boots — shoes product with excellent build quality and modern design.,/abo-images-small (1)/images/small/3c/3c15453e.jpg
D:\FYP Project\fypapp\abo-images-small (1)\images\small\c0\c01cf396.jpg,Jacket,Jackets,119.99,A high-quality jacket — jackets product with excellent build quality and modern design.,/abo-images-small (1)/images/small/c0/c01cf396.jpg
D:\FYP Project\fypapp\abo-images-small (1)\images\small\19\197ad0c0.jpg,Mobile Phone,Smartphones,699.99,A high-quality mobile phone — smartphones product with excellent build quality and modern design.,/abo-images-small (1)/images/small/19/197ad0c0.jpg
D:\FYP Project\fypapp\abo-images-small (1)\images\small\36\36d4cc01.jpg,Summer Dress,Dresses,59.99,A high-quality summer dress — dresses product with excellent build quality and modern design.,/abo-images-small (1)/images/small/36/36d4cc01.jpg
D:\FYP Project\fypapp\abo-images-small (1)\images\small\00\00af68c0.jpg,iPhone,Smartphones,699.99,A high-quality iphone — smartphones product with excellent build quality and modern design.,/abo-images-small (1)/images/small/00/00af68c0.jpg
D:\FYP Project\fypapp\abo-images-small (1)\images\small\8e\8e84a8db.jpg,Smartphone,Smartphones,699.99,A high-quality smartphone — smartphones product with excellent build quality and modern design.,/abo-images-small (1)/images/small/8e/8e84a8db.jpg
D:\FYP Project\fypapp\abo-images-small (1)\images\small\e2\e245aaf1.jpg,Mobile Phone,Smartphones,699.99,A high-quality mobile phone — smartphones product with excellent build quality and modern design.,/abo-images-small (1)/images/small/e2/e245aaf1.jpg
D:\FYP Project\fypapp\abo-images-small (1)\images\small\cf\cf11831c.jpg,Digital Tablet,Tablets,449.99,A high-quality digital tablet — tablets product with excellent build quality and modern design.,/abo-images-small (1)/images/small/cf/cf11831c.jpg
D:\FYP Project\fypapp\abo-images-small (1)\images\small\a2\a2fb9d08.jpg,Platform Bed,Beds,499.99,A high-quality platform bed — beds product with excellent build quality and modern design.,/abo-images-small (1)/images/small/a2/a2fb9d08.jpg
D:\FYP Project\fypapp\abo-images-small (1)\images\small\65\655bad0a.jpg,Jacket,Jackets,119.99,A high-quality jacket — jackets product with excellent build quality and modern design.,/abo-images-small (1)/images/small/65/655bad0a.jpg
D:\FYP Project\fypapp\abo-images-small (1)\images\small\0b\0b8f054b.jpg,Mobile Phone,Smartphones,699.99,A high-quality mobile phone — smartphones product with excellent build quality and modern design.,/abo-images-small (1)/images/small/0b/0b8f054b.jpg
D:\FYP Project\fypapp\abo-images-small (1)\images\small\52\524007c5.jpg,King Bed,Beds,499.99,A high-quality king bed — beds product with excellent build quality and modern design.,/abo-images-small (1)/images/small/52/524007c5.jpg
D:\FYP Project\fypapp\abo-images-small (1)\images\small\64\641a9900.jpg,Android Tablet,Tablets,449.99,A high-quality android tablet — tablets product with excellent build quality and modern design.,/abo-images-small (1)/images/small/64/641a9900.jpg
D:\FYP Project\fypapp\abo-images-small (1)\images\small\62\622f92bc.jpg,Smartphone,Smartphones,699.99,A high-quality smartphone — smartphones product with excellent build quality and modern design.,/abo-images-small (1)/images/small/62/622f92bc.jpg
D:\FYP Project\fypapp\abo-images-small (1)\images\small\9d\9dd1bd95.jpg,Hiking Gear,Outdoors,149.99,A high-quality hiking gear — outdoors product with excellent build quality and modern design.,/abo-images-small (1)/images/small/9d/9dd1bd95.jpg
D:\FYP Project\fypapp\abo-images-small (1)\images\small\18\184b569c.jpg,King Bed,Beds,499.99,A high-quality king bed — beds product with excellent build quality and modern design.,/abo-images-small (1)/images/small/18/184b569c.jpg
D:\FYP Project\fypapp\abo-images-small (1)\images\small\52\52e8d9cf.jpg,iPhone,Smartphones,699.99,A high-quality iphone — smartphones product with excellent build quality and modern design.,/abo-images-small (1)/images/small/52/52e8d9cf.jpg
D:\FYP Project\fypapp\abo-images-small (1)\images\small\ed\ed8d17d2.jpg,Yoga Mat,Sports,34.99,A high-quality yoga mat — sports product with excellent build quality and modern design.,/abo-images-small (1)/images/small/ed/ed8d17d2.jpg
D:\FYP Project\fypapp\abo-images-small (1)\images\small\cd\cd7ca790.jpg,Microwave,Appliances,129.99,A high-quality microwave — appliances product with excellent build quality and modern design.,/abo-images-small (1)/images/small/cd/cd7ca790.jpg
D:\FYP Project\fypapp\abo-images-small (1)\images\small\45\4539ff46.jpg,Bowl Set,Dinnerware,49.99,A high-quality bowl set — dinnerware product with excellent build quality and modern design.,/abo-images-small (1)/images/small/45/4539ff46.jpg
D:\FYP Project\fypapp\abo-images-small (1)\images\small\eb\ebc96c57.jpg,Exercise Gear,Sports,34.99,A high-quality exercise gear — sports product with excellent build quality and modern design.,/abo-images-small (1)/images/small/eb/ebc96c57.jpg
D:\FYP Project\fypapp\abo-images-small (1)\images\small\26\2627d922.jpg,Smartphone,Smartphones,699.99,A high-quality smartphone — smartphones product with excellent build quality and modern design.,/abo-images-small (1)/images/small/26/2627d922.jpg
D:\FYP Project\fypapp\abo-images-small (1)\images\small\bd\bdc817ea.jpg,Mobile Phone,Smartphones,699.99,A high-quality mobile phone — smartphones product with excellent build quality and modern design.,/abo-images-small (1)/images/small/bd/bdc817ea.jpg
D:\FYP Project\fypapp\abo-images-small (1)\images\small\50\503338f2.jpg,Blender,Appliances,129.99,A high-quality blender — appliances product with excellent build quality and modern design.,/abo-images-small (1)/images/small/50/503338f2.jpg
D:\FYP Project\fypapp\abo-images-small (1)\images\small\32\32358440.jpg,Exercise Gear,Sports,34.99,A high-quality exercise gear — sports product with excellent build quality and modern design.,/abo-images-small (1)/images/small/32/32358440.jpg
D:\FYP Project\fypapp\abo-images-small (1)\images\small\5c\5c6c330d.jpg,Sneakers,Shoes,89.99,A high-quality sneakers — shoes product with excellent build quality and modern design.,/abo-images-small (1)/images/small/5c/5c6c330d.jpg
D:\FYP Project\fypapp\abo-images-small (1)\images\small\30\300dd9df.jpg,Resistance Bands,Sports,34.99,A high-quality resistance bands — sports product with excellent build quality and modern design.,/abo-images-small (1)/images/small/30/300dd9df.jpg
D:\FYP Project\fypapp\abo-images-small (1)\images\small\fb\fb23d267.jpg,Casual Shoes,Shoes,89.99,A high-quality casual shoes — shoes product with excellent build quality and modern design.,/abo-images-small (1)/images/small/fb/fb23d267.jpg
D:\FYP Project\fypapp\abo-images-small (1)\images\small\14\14240953.jpg,Coffee Maker,Appliances,129.99,A high-quality coffee maker — appliances product with excellent build quality and modern design.,/abo-images-small (1)/images/small/14/14240953.jpg
D:\FYP Project\fypapp\abo-images-small (1)\images\small\39\39bf7aea.jpg,Yoga Mat,Sports,34.99,A high-quality yoga mat — sports product with excellent build quality and modern design.,/abo-images-small (1)/images/small/39/39bf7aea.jpg
D:\FYP Project\fypapp\abo-images-small (1)\images\small\f7\f7b9109b.jpg,Coffee Table,Tables,299.99,A high-quality coffee table — tables product with excellent build quality and modern design.,/abo-images-small (1)/images/small/f7/f7b9109b.jpg
D:\FYP Project\fypapp\abo-images-small (1)\images\small\f1\f1a17de7.jpg,Android Phone,Smartphones,699.99,A high-quality android phone — smartphones product with excellent build quality and modern design.,/abo-images-small (1)/images/small/f1/f1a17de7.jpg
D:\FYP Project\fypapp\abo-images-small (1)\images\small\e7\e7d4a438.jpg,iPhone,Smartphones,699.99,A high-quality iphone — smartphones product with excellent build quality and modern design.,/abo-images-small (1)/images/small/e7/e7d4a438.jpg
D:\FYP Project\fypapp\abo-images-small (1)\images\small\64\646dd5b0.jpg,Kitchen Appliance,Appliances,129.99,A high-quality kitchen appliance — appliances product with excellent build quality and modern design.,/abo-images-small (1)/images/small/64/646dd5b0.jpg
D:\FYP Project\fypapp\abo-images-small (1)\images\small\98\98b2a5bd.jpg,Ceramic Plates,Dinnerware,49.99,A high-quality ceramic plates — dinnerware product with excellent build quality and modern design.,/abo-images-small (1)/images/small/98/98b2a5bd.jpg
D:\FYP Project\fypapp\abo-images-small (1)\images\small\29\293880f7.jpg,Outdoor Equipment,Outdoors,149.99,A high-quality outdoor equipment — outdoors product with excellent build quality and modern design.,/abo-images-small (1)/images/small/29/293880f7.jpg
D:\FYP Project\fypapp\abo-images-small (1)\images\small\a2\a2b4a27d.jpg,Exercise Gear,Sports,34.99,A high-quality exercise gear — sports product with excellent build quality and modern design.,/abo-images-small (1)/images/small/a2/a2b4a27d.jpg
D:\FYP Project\fypapp\abo-images-small (1)\images\small\69\6996ec2f.jpg,Camping Tent,Outdoors,149.99,A high-quality camping tent — outdoors product with excellent build quality and modern design.,/abo-images-small (1)/images/small/69/6996ec2f.jpg
D:\FYP Project\fypapp\abo-images-small (1)\images\small\8c\8c5feba5.jpg,Resistance Bands,Sports,34.99,A high-quality resistance bands — sports product with excellent build quality and modern design.,/abo-images-small (1)/images/small/8c/8c5feba5.jpg
D:\FYP Project\fypapp\abo-images-small (1)\images\small\5f\5f138558.jpg,Casual Shoes,Shoes,89.99,A high-quality casual shoes — shoes product with excellent build quality and modern design.,/abo-images-small (1)/images/small/5f/5f138558.jpg
D:\FYP Project\fypapp\abo-images-small (1)\images\small\ae\aeda2dc3.jpg,iPhone,Smartphones,699.99,A high-quality iphone — smartphones product with excellent build quality and modern design.,/abo-images-small (1)/images/small/ae/aeda2dc3.jpg
D:\FYP Project\fypapp\abo-images-small (1)\images\small\bb\bbd836fe.jpg,Smartphone,Smartphones,699.99,A high-quality smartphone — smartphones product with excellent build quality and modern design.,/abo-images-small (1)/images/small/bb/bbd836fe.jpg
D:\FYP Project\fypapp\abo-images-small (1)\images\small\ac\aca31e07.jpg,iPad,Tablets,449.99,A high-quality ipad — tablets product with excellent build quality and modern design.,/abo-images-small (1)/images/small/ac/aca31e07.jpg
D:\FYP Project\fypapp\abo-images-small (1)\images\small\98\98634187.jpg,Android Phone,Smartphones,699.99,A high-quality android phone — smartphones product with excellent build quality and modern design.,/abo-images-small (1)/images/small/98/98634187.jpg
D:\FYP Project\fypapp\abo-images-small (1)\images\small\1b\1b725e2a.jpg,Loveseat,Sofas,799.99,A high-quality loveseat — sofas product with excellent build quality and modern design.,/abo-images-small (1)/images/small/1b/1b725e2a.jpg
D:\FYP Project\fypapp\abo-images-small (1)\images\small\d0\d09441ae.jpg,Smartphone,Smartphones,699.99,A high-quality smartphone — smartphones product with excellent build quality and modern design.,/abo-images-small (1)/images/small/d0/d09441ae.jpg
D:\FYP Project\fypapp\abo-images-small (1)\images\small\ed\ede0233a.jpg,Resistance Bands,Sports,34.99,A high-quality resistance bands — sports product with excellent build quality and modern design.,/abo-images-small (1)/images/small/ed/ede0233a.jpg
D:\FYP Project\fypapp\abo-images-small (1)\images\small\96\96472f4b.jpg,Blender,Appliances,129.99,A high-quality blender — appliances product with excellent build quality and modern design.,/abo-images-small (1)/images/small/96/96472f4b.jpg
D:\FYP Project\fypapp\abo-images-small (1)\images\small\dd\dd724edc.jpg,Windbreaker,Jackets,119.99,A high-quality windbreaker — jackets product with excellent build quality and modern design.,/abo-images-small (1)/images/small/dd/dd724edc.jpg
D:\FYP Project\fypapp\abo-images-small (1)\images\small\fc\fcb73750.jpg,Dinnerware Set,Dinnerware,49.99,A high-quality dinnerware set — dinnerware product with excellent build quality and modern design.,/abo-images-small (1)/images/small/fc/fcb73750.jpg
D:\FYP Project\fypapp\abo-images-small (1)\images\small\57\57a8da9c.jpg,iPad,Tablets,449.99,A high-quality ipad — tablets product with excellent build quality and modern design.,/abo-images-small (1)/images/small/57/57a8da9c.jpg
D:\FYP Project\fypapp\abo-images-small (1)\images\small\09\094e4f93.jpg,Casual Shoes,Shoes,89.99,A high-quality casual shoes — shoes product with excellent build quality and modern design.,/abo-images-small (1)/images/small/09/094e4f93.jpg
D:\FYP Project\fypapp\abo-images-small (1)\images\small\1e\1e97bcb1.jpg,iPhone,Smartphones,699.99,A high-quality iphone — smartphones product with excellent build quality and modern design.,/abo-images-small (1)/images/small/1e/1e97bcb1.jpg
D:\FYP Project\fypapp\abo-images-small (1)\images\small\f5\f5c9c382.jpg,Cookware Set,Cookware,89.99,A high-quality cookware set — cookware product with excellent build quality and modern design.,/abo-images-small (1)/images/small/f5/f5c9c382.jpg
D:\FYP Project\fypapp\abo-images-small (1)\images\small\c7\c7330060.jpg,Mobile Phone,Smartphones,699.99,A high-quality mobile phone — smartphones product with excellent build quality and modern design.,/abo-images-small (1)/images/small/c7/c7330060.jpg
D:\FYP Project\fypapp\abo-images-small (1)\images\small\cc\cc2d2d71.jpg,Fitness Equipment,Sports,34.99,A high-quality fitness equipment — sports product with excellent build quality and modern design.,/abo-images-small (1)/images/small/cc/cc2d2d71.jpg
D:\FYP Project\fypapp\abo-images-small (1)\images\small\07\07d5f053.jpg,iPhone,Smartphones,699.99,A high-quality iphone — smartphones product with excellent build quality and modern design.,/abo-images-small (1)/images/small/07/07d5f053.jpg
D:\FYP Project\fypapp\abo-images-small (1)\images\small\5d\5db7e576.jpg,Dining Table,Tables,299.99,A high-quality dining table — tables product with excellent build quality and modern design.,/abo-images-small (1)/images/small/5d/5db7e576.jpg
D:\FYP Project\fypapp\abo-images-small (1)\images\small\f5\f577682f.jpg,Mobile Phone,Smartphones,699.99,A high-quality mobile phone — smartphones product with excellent build quality and modern design.,/abo-images-small (1)/images/small/f5/f577682f.jpg
D:\FYP Project\fypapp\abo-images-small (1)\images\small\f0\f08a26d1.jpg,Fitness Equipment,Sports,34.99,A high-quality fitness equipment — sports product with excellent build quality and modern design.,/abo-images-small (1)/images/small/f0/f08a26d1.jpg
D:\FYP Project\fypapp\abo-images-small (1)\images\small\3c\3c825112.jpg,Boots,Shoes,89.99,A high-quality boots — shoes product with excellent build quality and modern design.,/abo-images-small (1)/images/small/3c/3c825112.jpg
D:\FYP Project\fypapp\abo-images-small (1)\images\small\a4\a43357e4.jpg,Camping Tent,Outdoors,149.99,A high-quality camping tent — outdoors product with excellent build quality and modern design.,/abo-images-small (1)/images/small/a4/a43357e4.jpg
D:\FYP Project\fypapp\abo-images-small (1)\images\small\b5\b5176e1b.jpg,Coffee Table,Tables,299.99,A high-quality coffee table — tables product with excellent build quality and modern design.,/abo-images-small (1)/images/small/b5/b5176e1b.jpg
D:\FYP Project\fypapp\abo-images-small (1)\images\small\e7\e7540d95.jpg,Outdoor Equipment,Outdoors,149.99,A high-quality outdoor equipment — outdoors product with excellent build quality and modern design.,/abo-images-small (1)/images/small/e7/e7540d95.jpg
D:\FYP Project\fypapp\abo-images-small (1)\images\small\fe\fea5635e.jpg,Skillet,Cookware,89.99,A high-quality skillet — cookware product with excellent build quality and modern design.,/abo-images-small (1)/images/small/fe/fea5635e.jpg
D:\FYP Project\fypapp\abo-images-small (1)\images\small\3e\3e81ba17.jpg,Tablet,Tablets,449.99,A high-quality tablet — tablets product with excellent build quality and modern design.,/abo-images-small (1)/images/small/3e/3e81ba17.jpg
D:\FYP Project\fypapp\abo-images-small (1)\images\small\cb\cb8e9174.jpg,Mobile Phone,Smartphones,699.99,A high-quality mobile phone — smartphones product with excellent build quality and modern design.,/abo-images-small (1)/images/small/cb/cb8e9174.jpg
D:\FYP Project\fypapp\abo-images-small (1)\images\small\e2\e287a44e.jpg,Polo Shirt,Shirts,39.99,A high-quality polo shirt — shirts product with excellent build quality and modern design.,/abo-images-small (1)/images/small/e2/e287a44e.jpg
D:\FYP Project\fypapp\abo-images-small (1)\images\small\d8\d89a0ed3.jpg,iPhone,Smartphones,699.99,A high-quality iphone — smartphones product with excellent build quality and modern design.,/abo-images-small (1)/images/small/d8/d89a0ed3.jpg
D:\FYP Project\fypapp\abo-images-small (1)\images\small\1e\1e935bb7.jpg,Smartphone,Smartphones,699.99,A high-quality smartphone — smartphones product with excellent build quality and modern design.,/abo-images-small (1)/images/small/1e/1e935bb7.jpg
D:\FYP Project\fypapp\abo-images-small (1)\images\small\a4\a40e50b5.jpg,Dress Shirt,Shirts,39.99,A high-quality dress shirt — shirts product with excellent build quality and modern design.,/abo-images-small (1)/images/small/a4/a40e50b5.jpg
D:\FYP Project\fypapp\abo-images-small (1)\images\small\78\783133ff.jpg,Android Phone,Smartphones,699.99,A high-quality android phone — smartphones product with excellent build quality and modern design.,/abo-images-small (1)/images/small/78/783133ff.jpg
D:\FYP Project\fypapp\abo-images-small (1)\images\small\e8\e89c5b50.jpg,Denim Pants,Jeans,69.99,A high-quality denim pants — jeans product with excellent build quality and modern design.,/abo-images-small (1)/images/small/e8/e89c5b50.jpg
D:\FYP Project\fypapp\abo-images-small (1)\images\small\72\726d4d55.jpg,Smartphone,Smartphones,699.99,A high-quality smartphone — smartphones product with excellent build quality and modern design.,/abo-images-small (1)/images/small/72/726d4d55.jpg
D:\FYP Project\fypapp\abo-images-small (1)\images\small\6e\6e56ff67.jpg,Mobile Phone,Smartphones,699.99,A high-quality mobile phone — smartphones product with excellent build quality and modern design.,/abo-images-small (1)/images/small/6e/6e56ff67.jpg
D:\FYP Project\fypapp\abo-images-small (1)\images\small\22\226b829d.jpg,Over-Ear Headphones,Headphones,149.99,A high-quality over-ear headphones — headphones product with excellent build quality and modern design.,/abo-images-small (1)/images/small/22/226b829d.jpg
D:\FYP Project\fypapp\abo-images-small (1)\images\small\38\38146f7b.jpg,Backpack,Outdoors,149.99,A high-quality backpack — outdoors product with excellent build quality and modern design.,/abo-images-small (1)/images/small/38/38146f7b.jpg
D:\FYP Project\fypapp\abo-images-small (1)\images\small\71\712a4a04.jpg,Cookware Set,Cookware,89.99,A high-quality cookware set — cookware product with excellent build quality and modern design.,/abo-images-small (1)/images/small/71/712a4a04.jpg
D:\FYP Project\fypapp\abo-images-small (1)\images\small\ed\ed2fbd3a.jpg,Mobile Phone,Smartphones,699.99,A high-quality mobile phone — smartphones product with excellent build quality and modern design.,/abo-images-small (1)/images/small/ed/ed2fbd3a.jpg
D:\FYP Project\fypapp\abo-images-small (1)\images\small\ad\ad494872.jpg,Android Phone,Smartphones,699.99,A high-quality android phone — smartphones product with excellent build quality and modern design.,/abo-images-small (1)/images/small/ad/ad494872.jpg
D:\FYP Project\fypapp\abo-images-small (1)\images\small\64\64253af4.jpg,iPhone,Smartphones,699.99,A high-quality iphone — smartphones product with excellent build quality and modern design.,/abo-images-small (1)/images/small/64/64253af4.jpg
D:\FYP Project\fypapp\abo-images-small (1)\images\small\8b\8b7b5a63.jpg,Jeans,Jeans,69.99,A high-quality jeans — jeans product with excellent build quality and modern design.,/abo-images-small (1)/images/small/8b/8b7b5a63.jpg
D:\FYP Project\fypapp\abo-images-small (1)\images\small\bf\bf4fbdee.jpg,Winter Coat,Jackets,119.99,A high-quality winter coat — jackets product with excellent build quality and modern design.,/abo-images-small (1)/images/small/bf/bf4fbdee.jpg
D:\FYP Project\fypapp\abo-images-small (1)\images\small\0c\0c8f5cf2.jpg,Sectional Sofa,Sofas,799.99,A high-quality sectional sofa — sofas product with excellent build quality and modern design.,/abo-images-small (1)/images/small/0c/0c8f5cf2.jpg
D:\FYP Project\fypapp\abo-images-small (1)\images\small\9e\9e1000d7.jpg,Boots,Shoes,89.99,A high-quality boots — shoes product with excellent build quality and modern design.,/abo-images-small (1)/images/small/9e/9e1000d7.jpg
D:\FYP Project\fypapp\abo-images-small (1)\images\small\1d\1dc3fb5f.jpg,Smartphone,Smartphones,699.99,A high-quality smartphone — smartphones product with excellent build quality and modern design.,/abo-images-small (1)/images/small/1d/1dc3fb5f.jpg
D:\FYP Project\fypapp\abo-images-small (1)\images\small\6c\6ccba75d.jpg,Queen Bed,Beds,499.99,A high-quality queen bed — beds product with excellent build quality and modern design.,/abo-images-small (1)/images/small/6c/6ccba75d.jpg
D:\FYP Project\fypapp\abo-images-small (1)\images\small\58\5830e34e.jpg,Casual Shoes,Shoes,89.99,A high-quality casual shoes — shoes product with excellent build quality and modern design.,/abo-images-small (1)/images/small/58/5830e34e.jpg
D:\FYP Project\fypapp\abo-images-small (1)\images\small\6f\6f313c62.jpg,Platform Bed,Beds,499.99,A high-quality platform bed — beds product with excellent build quality and modern design.,/abo-images-small (1)/images/small/6f/6f313c62.jpg
D:\FYP Project\fypapp\abo-images-small (1)\images\small\26\269dd061.jpg,Smartphone,Smartphones,699.99,A high-quality smartphone — smartphones product with excellent build quality and modern design.,/abo-images-small (1)/images/small/26/269dd061.jpg
D:\FYP Project\fypapp\abo-images-small (1)\images\small\8c\8cee0208.jpg,Dress Shirt,Shirts,39.99,A high-quality dress shirt — shirts product with excellent build quality and modern design.,/abo-images-small (1)/images/small/8c/8cee0208.jpg
D:\FYP Project\fypapp\abo-images-small (1)\images\small\b3\b3dc5282.jpg,Android Phone,Smartphones,699.99,A high-quality android phone — smartphones product with excellent build quality and modern design.,/abo-images-small (1)/images/small/b3/b3dc5282.jpg
D:\FYP Project\fypapp\abo-images-small (1)\images\small\00\00423d6e.jpg,Desk,Tables,299.99,A high-quality desk — tables product with excellent build quality and modern design.,/abo-images-small (1)/images/small/00/00423d6e.jpg
D:\FYP Project\fypapp\abo-images-small (1)\images\small\bc\bc8fa7a6.jpg,Smartphone,Smartphones,699.99,A high-quality smartphone — smartphones product with excellent build quality and modern design.,/abo-images-small (1)/images/small/bc/bc8fa7a6.jpg
D:\FYP Project\fypapp\abo-images-small (1)\images\small\a0\a059cd66.jpg,Non-Stick Pan,Cookware,89.99,A high-quality non-stick pan — cookware product with excellent build quality and modern design.,/abo-images-small (1)/images/small/a0/a059cd66.jpg
D:\FYP Project\fypapp\abo-images-small (1)\images\small\8f\8fc78845.jpg,Straight Jeans,Jeans,69.99,A high-quality straight jeans — jeans product with excellent build quality and modern design.,/abo-images-small (1)/images/small/8f/8fc78845.jpg
D:\FYP Project\fypapp\abo-images-small (1)\images\small\12\126a8d87.jpg,Mug Set,Dinnerware,49.99,A high-quality mug set — dinnerware product with excellent build quality and modern design.,/abo-images-small (1)/images/small/12/126a8d87.jpg
D:\FYP Project\fypapp\abo-images-small (1)\images\small\41\419e1e7a.jpg,Smartphone,Smartphones,699.99,A high-quality smartphone — smartphones product with excellent build quality and modern design.,/abo-images-small (1)/images/small/41/419e1e7a.jpg
D:\FYP Project\fypapp\abo-images-small (1)\images\small\b4\b4ee6882.jpg,Running Shoes,Shoes,89.99,A high-quality running shoes — shoes product with excellent build quality and modern design.,/abo-images-small (1)/images/small/b4/b4ee6882.jpg
D:\FYP Project\fypapp\abo-images-small (1)\images\small\7c\7ce1354e.jpg,Side Table,Tables,299.99,A high-quality side table — tables product with excellent build quality and modern design.,/abo-images-small (1)/images/small/7c/7ce1354e.jpg
D:\FYP Project\fypapp\abo-images-small (1)\images\small\ae\ae334fd3.jpg,Android Tablet,Tablets,449.99,A high-quality android tablet — tablets product with excellent build quality and modern design.,/abo-images-small (1)/images/small/ae/ae334fd3.jpg
D:\FYP Project\fypapp\abo-images-small (1)\images\small\99\99c39deb.jpg,Sneakers,Shoes,89.99,A high-quality sneakers — shoes product with excellent build quality and modern design.,/abo-images-small (1)/images/small/99/99c39deb.jpg
D:\FYP Project\fypapp\abo-images-small (1)\images\small\11\119e1a42.jpg,Microwave,Appliances,129.99,A high-quality microwave — appliances product with excellent build quality and modern design.,/abo-images-small (1)/images/small/11/119e1a42.jpg
D:\FYP Project\fypapp\abo-images-small (1)\images\small\ef\ef48efe8.jpg,Side Table,Tables,299.99,A high-quality side table — tables product with excellent build quality and modern design.,/abo-images-small (1)/images/small/ef/ef48efe8.jpg
D:\FYP Project\fypapp\abo-images-small (1)\images\small\fb\fb34df82.jpg,Loveseat,Sofas,799.99,A high-quality loveseat — sofas product with excellent build quality and modern design.,/abo-images-small (1)/images/small/fb/fb34df82.jpg
D:\FYP Project\fypapp\abo-images-small (1)\images\small\bf\bf02b582.jpg,Sneakers,Shoes,89.99,A high-quality sneakers — shoes product with excellent build quality and modern design.,/abo-images-small (1)/images/small/bf/bf02b582.jpg
D:\FYP Project\fypapp\abo-images-small (1)\images\small\2b\2bf38337.jpg,Microwave,Appliances,129.99,A high-quality microwave — appliances product with excellent build quality and modern design.,/abo-images-small (1)/images/small/2b/2bf38337.jpg
D:\FYP Project\fypapp\abo-images-small (1)\images\small\64\640295bd.jpg,Android Phone,Smartphones,699.99,A high-quality android phone — smartphones product with excellent build quality and modern design.,/abo-images-small (1)/images/small/64/640295bd.jpg
D:\FYP Project\fypapp\abo-images-small (1)\images\small\ef\efeab0e5.jpg,Boots,Shoes,89.99,A high-quality boots — shoes product with excellent build quality and modern design.,/abo-images-small (1)/images/small/ef/efeab0e5.jpg
D:\FYP Project\fypapp\abo-images-small (1)\images\small\a8\a8f1e823.jpg,Tablet,Tablets,449.99,A high-quality tablet — tablets product with excellent build quality and modern design.,/abo-images-small (1)/images/small/a8/a8f1e823.jpg
D:\FYP Project\fypapp\abo-images-small (1)\images\small\f5\f521b57d.jpg,Mobile Phone,Smartphones,699.99,A high-quality mobile phone — smartphones product with excellent build quality and modern design.,/abo-images-small (1)/images/small/f5/f521b57d.jpg
D:\FYP Project\fypapp\abo-images-small (1)\images\small\0a\0a579167.jpg,Straight Jeans,Jeans,69.99,A high-quality straight jeans — jeans product with excellent build quality and modern design.,/abo-images-small (1)/images/small/0a/0a579167.jpg
D:\FYP Project\fypapp\abo-images-small (1)\images\small\54\54c340fa.jpg,Exercise Gear,Sports,34.99,A high-quality exercise gear — sports product with excellent build quality and modern design.,/abo-images-small (1)/images/small/54/54c340fa.jpg
D:\FYP Project\fypapp\abo-images-small (1)\images\small\37\3759d16a.jpg,Sneakers,Shoes,89.99,A high-quality sneakers — shoes product with excellent build quality and modern design.,/abo-images-small (1)/images/small/37/3759d16a.jpg
D:\FYP Project\fypapp\abo-images-small (1)\images\small\6b\6b38dbfc.jpg,Hiking Gear,Outdoors,149.99,A high-quality hiking gear — outdoors product with excellent build quality and modern design.,/abo-images-small (1)/images/small/6b/6b38dbfc.jpg
D:\FYP Project\fypapp\abo-images-small (1)\images\small\bf\bfbe2da9.jpg,Android Phone,Smartphones,699.99,A high-quality android phone — smartphones product with excellent build quality and modern design.,/abo-images-small (1)/images/small/bf/bfbe2da9.jpg
D:\FYP Project\fypapp\abo-images-small (1)\images\small\05\0536aed6.jpg,Desk,Tables,299.99,A high-quality desk — tables product with excellent build quality and modern design.,/abo-images-small (1)/images/small/05/0536aed6.jpg
D:\FYP Project\fypapp\abo-images-small (1)\images\small\c0\c0429af2.jpg,Kitchen Appliance,Appliances,129.99,A high-quality kitchen appliance — appliances product with excellent build quality and modern design.,/abo-images-small (1)/images/small/c0/c0429af2.jpg
D:\FYP Project\fypapp\abo-images-small (1)\images\small\8e\8e23e80f.jpg,Dress Shirt,Shirts,39.99,A high-quality dress shirt — shirts product with excellent build quality and modern design.,/abo-images-small (1)/images/small/8e/8e23e80f.jpg
D:\FYP Project\fypapp\abo-images-small (1)\images\small\1e\1ef7c338.jpg,Android Phone,Smartphones,699.99,A high-quality android phone — smartphones product with excellent build quality and modern design.,/abo-images-small (1)/images/small/1e/1ef7c338.jpg
D:\FYP Project\fypapp\abo-images-small (1)\images\small\e6\e6d0772f.jpg,iPhone,Smartphones,699.99,A high-quality iphone — smartphones product with excellent build quality and modern design.,/abo-images-small (1)/images/small/e6/e6d0772f.jpg
D:\FYP Project\fypapp\abo-images-small (1)\images\small\25\25985172.jpg,Sofa,Sofas,799.99,A high-quality sofa — sofas product with excellent build quality and modern design.,/abo-images-small (1)/images/small/25/25985172.jpg
D:\FYP Project\fypapp\abo-images-small (1)\images\small\a0\a02ea32c.jpg,Wireless Earbuds,Headphones,149.99,A high-quality wireless earbuds — headphones product with excellent build quality and modern design.,/abo-images-small (1)/images/small/a0/a02ea32c.jpg
D:\FYP Project\fypapp\abo-images-small (1)\images\small\27\27360c75.jpg,King Bed,Beds,499.99,A high-quality king bed — beds product with excellent build quality and modern design.,/abo-images-small (1)/images/small/27/27360c75.jpg
D:\FYP Project\fypapp\abo-images-small (1)\images\small\34\34e7f8c2.jpg,iPhone,Smartphones,699.99,A high-quality iphone — smartphones product with excellent build quality and modern design.,/abo-images-small (1)/images/small/34/34e7f8c2.jpg
D:\FYP Project\fypapp\abo-images-small (1)\images\small\ae\ae2d435e.jpg,Yoga Mat,Sports,34.99,A high-quality yoga mat — sports product with excellent build quality and modern design.,/abo-images-small (1)/images/small/ae/ae2d435e.jpg
D:\FYP Project\fypapp\abo-images-small (1)\images\small\65\65945ae5.jpg,Coffee Table,Tables,299.99,A high-quality coffee table — tables product with excellent build quality and modern design.,/abo-images-small (1)/images/small/65/65945ae5.jpg
D:\FYP Project\fypapp\abo-images-small (1)\images\small\b1\b1ffed55.jpg,Casual Shoes,Shoes,89.99,A high-quality casual shoes — shoes product with excellent build quality and modern design.,/abo-images-small (1)/images/small/b1/b1ffed55.jpg
D:\FYP Project\fypapp\abo-images-small (1)\images\small\5f\5f58077c.jpg,iPhone,Smartphones,699.99,A high-quality iphone — smartphones product with excellent build quality and modern design.,/abo-images-small (1)/images/small/5f/5f58077c.jpg
D:\FYP Project\fypapp\abo-images-small (1)\images\small\90\90bfaa1e.jpg,Camping Tent,Outdoors,149.99,A high-quality camping tent — outdoors product with excellent build quality and modern design.,/abo-images-small (1)/images/small/90/90bfaa1e.jpg
D:\FYP Project\fypapp\abo-images-small (1)\images\small\a8\a84856fa.jpg,Microwave,Appliances,129.99,A high-quality microwave — appliances product with excellent build quality and modern design.,/abo-images-small (1)/images/small/a8/a84856fa.jpg
D:\FYP Project\fypapp\abo-images-small (1)\images\small\a4\a4c847b3.jpg,Straight Jeans,Jeans,69.99,A high-quality straight jeans — jeans product with excellent build quality and modern design.,/abo-images-small (1)/images/small/a4/a4c847b3.jpg
D:\FYP Project\fypapp\abo-images-small (1)\images\small\56\5608b7cf.jpg,Floral Dress,Dresses,59.99,A high-quality floral dress — dresses product with excellent build quality and modern design.,/abo-images-small (1)/images/small/56/5608b7cf.jpg
D:\FYP Project\fypapp\abo-images-small (1)\images\small\9e\9e7d1ec4.jpg,Smartphone,Smartphones,699.99,A high-quality smartphone — smartphones product with excellent build quality and modern design.,/abo-images-small (1)/images/small/9e/9e7d1ec4.jpg
D:\FYP Project\fypapp\abo-images-small (1)\images\small\bf\bfe50204.jpg,Non-Stick Pan,Cookware,89.99,A high-quality non-stick pan — cookware product with excellent build quality and modern design.,/abo-images-small (1)/images/small/bf/bfe50204.jpg
D:\FYP Project\fypapp\abo-images-small (1)\images\small\30\30f6360d.jpg,Blender,Appliances,129.99,A high-quality blender — appliances product with excellent build quality and modern design.,/abo-images-small (1)/images/small/30/30f6360d.jpg
D:\FYP Project\fypapp\abo-images-small (1)\images\small\85\85ad1580.jpg,Boots,Shoes,89.99,A high-quality boots — shoes product with excellent build quality and modern design.,/abo-images-small (1)/images/small/85/85ad1580.jpg
D:\FYP Project\fypapp\abo-images-small (1)\images\small\42\42bcbc59.jpg,Smartphone,Smartphones,699.99,A high-quality smartphone — smartphones product with excellent build quality and modern design.,/abo-images-small (1)/images/small/42/42bcbc59.jpg
D:\FYP Project\fypapp\abo-images-small (1)\images\small\d0\d0eeec0d.jpg,Running Shoes,Shoes,89.99,A high-quality running shoes — shoes product with excellent build quality and modern design.,/abo-images-small (1)/images/small/d0/d0eeec0d.jpg
D:\FYP Project\fypapp\abo-images-small (1)\images\small\b1\b1887fd9.jpg,Android Phone,Smartphones,699.99,A high-quality android phone — smartphones product with excellent build quality and modern design.,/abo-images-small (1)/images/small/b1/b1887fd9.jpg
D:\FYP Project\fypapp\abo-images-small (1)\images\small\2e\2e526c0d.jpg,iPhone,Smartphones,699.99,A high-quality iphone — smartphones product with excellent build quality and modern design.,/abo-images-small (1)/images/small/2e/2e526c0d.jpg
D:\FYP Project\fypapp\abo-images-small (1)\images\small\17\1790e97b.jpg,Smartphone,Smartphones,699.99,A high-quality smartphone — smartphones product with excellent build quality and modern design.,/abo-images-small (1)/images/small/17/1790e97b.jpg
D:\FYP Project\fypapp\abo-images-small (1)\images\small\dc\dc7da350.jpg,Mobile Phone,Smartphones,699.99,A high-quality mobile phone — smartphones product with excellent build quality and modern design.,/abo-images-small (1)/images/small/dc/dc7da350.jpg
D:\FYP Project\fypapp\abo-images-small (1)\images\small\90\9082175f.jpg,Casual Shoes,Shoes,89.99,A high-quality casual shoes — shoes product with excellent build quality and modern design.,/abo-images-small (1)/images/small/90/9082175f.jpg
D:\FYP Project\fypapp\abo-images-small (1)\images\small\75\75792be6.jpg,Casual Top,Shirts,39.99,A high-quality casual top — shirts product with excellent build quality and modern design.,/abo-images-small (1)/images/small/75/75792be6.jpg
D:\FYP Project\fypapp\abo-images-small (1)\images\small\b1\b15ee512.jpg,Camping Tent,Outdoors,149.99,A high-quality camping tent — outdoors product with excellent build quality and modern design.,/abo-images-small (1)/images/small/b1/b15ee512.jpg
D:\FYP Project\fypapp\abo-images-small (1)\images\small\5c\5ce143d0.jpg,Mobile Phone,Smartphones,699.99,A high-quality mobile phone — smartphones product with excellent build quality and modern design.,/abo-images-small (1)/images/small/5c/5ce143d0.jpg
D:\FYP Project\fypapp\abo-images-small (1)\images\small\d7\d7001d81.jpg,Outdoor Equipment,Outdoors,149.99,A high-quality outdoor equipment — outdoors product with excellent build quality and modern design.,/abo-images-small (1)/images/small/d7/d7001d81.jpg
D:\FYP Project\fypapp\abo-images-small (1)\images\small\62\623cd086.jpg,iPhone,Smartphones,699.99,A high-quality iphone — smartphones product with excellent build quality and modern design.,/abo-images-small (1)/images/small/62/623cd086.jpg
D:\FYP Project\fypapp\abo-images-small (1)\images\small\67\679ed70b.jpg,Bed Frame,Beds,499.99,A high-quality bed frame — beds product with excellent build quality and modern design.,/abo-images-small (1)/images/small/67/679ed70b.jpg
D:\FYP Project\fypapp\abo-images-small (1)\images\small\cc\cc2b4a42.jpg,iPad,Tablets,449.99,A high-quality ipad — tablets product with excellent build quality and modern design.,/abo-images-small (1)/images/small/cc/cc2b4a42.jpg
D:\FYP Project\fypapp\abo-images-small (1)\images\small\c9\c9a3e772.jpg,King Bed,Beds,499.99,A high-quality king bed — beds product with excellent build quality and modern design.,/abo-images-small (1)/images/small/c9/c9a3e772.jpg
D:\FYP Project\fypapp\abo-images-small (1)\images\small\aa\aade0baf.jpg,Backpack,Outdoors,149.99,A high-quality backpack — outdoors product with excellent build quality and modern design.,/abo-images-small (1)/images/small/aa/aade0baf.jpg
D:\FYP Project\fypapp\abo-images-small (1)\images\small\32\32099cce.jpg,Laptop,Laptops,899.99,A high-quality laptop — laptops product with excellent build quality and modern design.,/abo-images-small (1)/images/small/32/32099cce.jpg
D:\FYP Project\fypapp\abo-images-small (1)\images\small\9b\9b7809e4.jpg,Resistance Bands,Sports,34.99,A high-quality resistance bands — sports product with excellent build quality and modern design.,/abo-images-small (1)/images/small/9b/9b7809e4.jpg
D:\FYP Project\fypapp\abo-images-small (1)\images\small\bb\bb3c4d21.jpg,King Bed,Beds,499.99,A high-quality king bed — beds product with excellent build quality and modern design.,/abo-images-small (1)/images/small/bb/bb3c4d21.jpg
D:\FYP Project\fypapp\abo-images-small (1)\images\small\a8\a8d88ad1.jpg,Denim Pants,Jeans,69.99,A high-quality denim pants — jeans product with excellent build quality and modern design.,/abo-images-small (1)/images/small/a8/a8d88ad1.jpg
D:\FYP Project\fypapp\abo-images-small (1)\images\small\77\773b3827.jpg,Yoga Mat,Sports,34.99,A high-quality yoga mat — sports product with excellent build quality and modern design.,/abo-images-small (1)/images/small/77/773b3827.jpg
D:\FYP Project\fypapp\abo-images-small (1)\images\small\72\72335968.jpg,Mobile Phone,Smartphones,699.99,A high-quality mobile phone — smartphones product with excellent build quality and modern design.,/abo-images-small (1)/images/small/72/72335968.jpg
D:\FYP Project\fypapp\abo-images-small (1)\images\small\d7\d728d2ab.jpg,Puffer Jacket,Jackets,119.99,A high-quality puffer jacket — jackets product with excellent build quality and modern design.,/abo-images-small (1)/images/small/d7/d728d2ab.jpg
D:\FYP Project\fypapp\abo-images-small (1)\images\small\bd\bd06cd40.jpg,Backpack,Outdoors,149.99,A high-quality backpack — outdoors product with excellent build quality and modern design.,/abo-images-small (1)/images/small/bd/bd06cd40.jpg
D:\FYP Project\fypapp\abo-images-small (1)\images\small\82\82d610d1.jpg,Smartphone,Smartphones,699.99,A high-quality smartphone — smartphones product with excellent build quality and modern design.,/abo-images-small (1)/images/small/82/82d610d1.jpg
D:\FYP Project\fypapp\abo-images-small (1)\images\small\e6\e629da2b.jpg,Coffee Table,Tables,299.99,A high-quality coffee table — tables product with excellent build quality and modern design.,/abo-images-small (1)/images/small/e6/e629da2b.jpg
D:\FYP Project\fypapp\abo-images-small (1)\images\small\6e\6e7f1c16.jpg,Over-Ear Headphones,Headphones,149.99,A high-quality over-ear headphones — headphones product with excellent build quality and modern design.,/abo-images-small (1)/images/small/6e/6e7f1c16.jpg
D:\FYP Project\fypapp\abo-images-small (1)\images\small\42\4225e07a.jpg,Backpack,Outdoors,149.99,A high-quality backpack — outdoors product with excellent build quality and modern design.,/abo-images-small (1)/images/small/42/4225e07a.jpg
D:\FYP Project\fypapp\abo-images-small (1)\images\small\54\54711570.jpg,Smartphone,Smartphones,699.99,A high-quality smartphone — smartphones product with excellent build quality and modern design.,/abo-images-small (1)/images/small/54/54711570.jpg
D:\FYP Project\fypapp\abo-images-small (1)\images\small\c6\c6583b95.jpg,Mobile Phone,Smartphones,699.99,A high-quality mobile phone — smartphones product with excellent build quality and modern design.,/abo-images-small (1)/images/small/c6/c6583b95.jpg
D:\FYP Project\fypapp\abo-images-small (1)\images\small\e3\e3e27375.jpg,Android Phone,Smartphones,699.99,A high-quality android phone — smartphones product with excellent build quality and modern design.,/abo-images-small (1)/images/small/e3/e3e27375.jpg
D:\FYP Project\fypapp\abo-images-small (1)\images\small\52\52ff82ec.jpg,Boots,Shoes,89.99,A high-quality boots — shoes product with excellent build quality and modern design.,/abo-images-small (1)/images/small/52/52ff82ec.jpg
D:\FYP Project\fypapp\abo-images-small (1)\images\small\8f\8f02c29a.jpg,Smartphone,Smartphones,699.99,A high-quality smartphone — smartphones product with excellent build quality and modern design.,/abo-images-small (1)/images/small/8f/8f02c29a.jpg
D:\FYP Project\fypapp\abo-images-small (1)\images\small\0e\0eae4e4f.jpg,Coffee Table,Tables,299.99,A high-quality coffee table — tables product with excellent build quality and modern design.,/abo-images-small (1)/images/small/0e/0eae4e4f.jpg
D:\FYP Project\fypapp\abo-images-small (1)\images\small\6d\6db07793.jpg,Side Table,Tables,299.99,A high-quality side table — tables product with excellent build quality and modern design.,/abo-images-small (1)/images/small/6d/6db07793.jpg
D:\FYP Project\fypapp\abo-images-small (1)\images\small\f5\f5538e61.jpg,Recliner,Chairs,199.99,A high-quality recliner — chairs product with excellent build quality and modern design.,/abo-images-small (1)/images/small/f5/f5538e61.jpg
D:\FYP Project\fypapp\abo-images-small (1)\images\small\84\84a15ba2.jpg,Jacket,Jackets,119.99,A high-quality jacket — jackets product with excellent build quality and modern design.,/abo-images-small (1)/images/small/84/84a15ba2.jpg
D:\FYP Project\fypapp\abo-images-small (1)\images\small\86\865842b2.jpg,Resistance Bands,Sports,34.99,A high-quality resistance bands — sports product with excellent build quality and modern design.,/abo-images-small (1)/images/small/86/865842b2.jpg
D:\FYP Project\fypapp\abo-images-small (1)\images\small\34\3432ffb6.jpg,Side Table,Tables,299.99,A high-quality side table — tables product with excellent build quality and modern design.,/abo-images-small (1)/images/small/34/3432ffb6.jpg
D:\FYP Project\fypapp\abo-images-small (1)\images\small\ad\ad3db964.jpg,Exercise Gear,Sports,34.99,A high-quality exercise gear — sports product with excellent build quality and modern design.,/abo-images-small (1)/images/small/ad/ad3db964.jpg
D:\FYP Project\fypapp\abo-images-small (1)\images\small\0c\0c9da5cb.jpg,Smartphone,Smartphones,699.99,A high-quality smartphone — smartphones product with excellent build quality and modern design.,/abo-images-small (1)/images/small/0c/0c9da5cb.jpg
D:\FYP Project\fypapp\abo-images-small (1)\images\small\d9\d95feba1.jpg,Dress Shirt,Shirts,39.99,A high-quality dress shirt — shirts product with excellent build quality and modern design.,/abo-images-small (1)/images/small/d9/d95feba1.jpg
D:\FYP Project\fypapp\abo-images-small (1)\images\small\af\af7e4a7e.jpg,Android Phone,Smartphones,699.99,A high-quality android phone — smartphones product with excellent build quality and modern design.,/abo-images-small (1)/images/small/af/af7e4a7e.jpg
D:\FYP Project\fypapp\abo-images-small (1)\images\small\cd\cdecc753.jpg,Earphones,Headphones,149.99,A high-quality earphones — headphones product with excellent build quality and modern design.,/abo-images-small (1)/images/small/cd/cdecc753.jpg
D:\FYP Project\fypapp\abo-images-small (1)\images\small\72\7215725e.jpg,Kitchen Appliance,Appliances,129.99,A high-quality kitchen appliance — appliances product with excellent build quality and modern design.,/abo-images-small (1)/images/small/72/7215725e.jpg
D:\FYP Project\fypapp\abo-images-small (1)\images\small\21\2120ece6.jpg,Mobile Phone,Smartphones,699.99,A high-quality mobile phone — smartphones product with excellent build quality and modern design.,/abo-images-small (1)/images/small/21/2120ece6.jpg
D:\FYP Project\fypapp\abo-images-small (1)\images\small\99\99150be4.jpg,Side Table,Tables,299.99,A high-quality side table — tables product with excellent build quality and modern design.,/abo-images-small (1)/images/small/99/99150be4.jpg
D:\FYP Project\fypapp\abo-images-small (1)\images\small\20\20cdca58.jpg,Android Tablet,Tablets,449.99,A high-quality android tablet — tablets product with excellent build quality and modern design.,/abo-images-small (1)/images/small/20/20cdca58.jpg
D:\FYP Project\fypapp\abo-images-small (1)\images\small\b7\b705575f.jpg,Jacket,Jackets,119.99,A high-quality jacket — jackets product with excellent build quality and modern design.,/abo-images-small (1)/images/small/b7/b705575f.jpg
D:\FYP Project\fypapp\abo-images-small (1)\images\small\9e\9e7f8b98.jpg,Hiking Gear,Outdoors,149.99,A high-quality hiking gear — outdoors product with excellent build quality and modern design.,/abo-images-small (1)/images/small/9e/9e7f8b98.jpg
D:\FYP Project\fypapp\abo-images-small (1)\images\small\05\05e41ac1.jpg,Android Phone,Smartphones,699.99,A high-quality android phone — smartphones product with excellent build quality and modern design.,/abo-images-small (1)/images/small/05/05e41ac1.jpg
D:\FYP Project\fypapp\abo-images-small (1)\images\small\30\30dc9559.jpg,Mug Set,Dinnerware,49.99,A high-quality mug set — dinnerware product with excellent build quality and modern design.,/abo-images-small (1)/images/small/30/30dc9559.jpg
D:\FYP Project\fypapp\abo-images-small (1)\images\small\8e\8eaea196.jpg,Jacket,Jackets,119.99,A high-quality jacket — jackets product with excellent build quality and modern design.,/abo-images-small (1)/images/small/8e/8eaea196.jpg
D:\FYP Project\fypapp\abo-images-small (1)\images\small\34\34fdd07c.jpg,iPad,Tablets,449.99,A high-quality ipad — tablets product with excellent build quality and modern design.,/abo-images-small (1)/images/small/34/34fdd07c.jpg
D:\FYP Project\fypapp\abo-images-small (1)\images\small\19\196be03b.jpg,Blender,Appliances,129.99,A high-quality blender — appliances product with excellent build quality and modern design.,/abo-images-small (1)/images/small/19/196be03b.jpg
D:\FYP Project\fypapp\abo-images-small (1)\images\small\a2\a2f13f67.jpg,Exercise Gear,Sports,34.99,A high-quality exercise gear — sports product with excellent build quality and modern design.,/abo-images-small (1)/images/small/a2/a2f13f67.jpg
D:\FYP Project\fypapp\abo-images-small (1)\images\small\f6\f6f07255.jpg,Smartphone,Smartphones,699.99,A high-quality smartphone — smartphones product with excellent build quality and modern design.,/abo-images-small (1)/images/small/f6/f6f07255.jpg
D:\FYP Project\fypapp\abo-images-small (1)\images\small\75\7519a7ca.jpg,Dining Chair,Chairs,199.99,A high-quality dining chair — chairs product with excellent build quality and modern design.,/abo-images-small (1)/images/small/75/7519a7ca.jpg
D:\FYP Project\fypapp\abo-images-small (1)\images\small\8a\8a3c110b.jpg,Side Table,Tables,299.99,A high-quality side table — tables product with excellent build quality and modern design.,/abo-images-small (1)/images/small/8a/8a3c110b.jpg
D:\FYP Project\fypapp\abo-images-small (1)\images\small\1b\1b721be1.jpg,Denim Pants,Jeans,69.99,A high-quality denim pants — jeans product with excellent build quality and modern design.,/abo-images-small (1)/images/small/1b/1b721be1.jpg
D:\FYP Project\fypapp\abo-images-small (1)\images\small\70\70e197be.jpg,Dining Table,Tables,299.99,A high-quality dining table — tables product with excellent build quality and modern design.,/abo-images-small (1)/images/small/70/70e197be.jpg
D:\FYP Project\fypapp\abo-images-small (1)\images\small\b9\b9736517.jpg,Mobile Phone,Smartphones,699.99,A high-quality mobile phone — smartphones product with excellent build quality and modern design.,/abo-images-small (1)/images/small/b9/b9736517.jpg
D:\FYP Project\fypapp\abo-images-small (1)\images\small\fb\fba286e3.jpg,Casual Shoes,Shoes,89.99,A high-quality casual shoes — shoes product with excellent build quality and modern design.,/abo-images-small (1)/images/small/fb/fba286e3.jpg
D:\FYP Project\fypapp\abo-images-small (1)\images\small\6d\6d525970.jpg,iPhone,Smartphones,699.99,A high-quality iphone — smartphones product with excellent build quality and modern design.,/abo-images-small (1)/images/small/6d/6d525970.jpg
D:\FYP Project\fypapp\abo-images-small (1)\images\small\aa\aa6b9fd5.jpg,Tablet,Tablets,449.99,A high-quality tablet — tablets product with excellent build quality and modern design.,/abo-images-small (1)/images/small/aa/aa6b9fd5.jpg
D:\FYP Project\fypapp\abo-images-small (1)\images\small\bb\bbfca079.jpg,Mobile Phone,Smartphones,699.99,A high-quality mobile phone — smartphones product with excellent build quality and modern design.,/abo-images-small (1)/images/small/bb/bbfca079.jpg
D:\FYP Project\fypapp\abo-images-small (1)\images\small\0c\0c666f17.jpg,Android Phone,Smartphones,699.99,A high-quality android phone — smartphones product with excellent build quality and modern design.,/abo-images-small (1)/images/small/0c/0c666f17.jpg
D:\FYP Project\fypapp\abo-images-small (1)\images\small\17\173e085b.jpg,Loveseat,Sofas,799.99,A high-quality loveseat — sofas product with excellent build quality and modern design.,/abo-images-small (1)/images/small/17/173e085b.jpg
D:\FYP Project\fypapp\abo-images-small (1)\images\small\53\535c3e3e.jpg,Jacket,Jackets,119.99,A high-quality jacket — jackets product with excellent build quality and modern design.,/abo-images-small (1)/images/small/53/535c3e3e.jpg
D:\FYP Project\fypapp\abo-images-small (1)\images\small\63\63b3bce6.jpg,Mobile Phone,Smartphones,699.99,A high-quality mobile phone — smartphones product with excellent build quality and modern design.,/abo-images-small (1)/images/small/63/63b3bce6.jpg
D:\FYP Project\fypapp\abo-images-small (1)\images\small\da\da0d8263.jpg,King Bed,Beds,499.99,A high-quality king bed — beds product with excellent build quality and modern design.,/abo-images-small (1)/images/small/da/da0d8263.jpg
D:\FYP Project\fypapp\abo-images-small (1)\images\small\1e\1e6a414d.jpg,Platform Bed,Beds,499.99,A high-quality platform bed — beds product with excellent build quality and modern design.,/abo-images-small (1)/images/small/1e/1e6a414d.jpg
D:\FYP Project\fypapp\abo-images-small (1)\images\small\97\974e9f0f.jpg,Smartphone,Smartphones,699.99,A high-quality smartphone — smartphones product with excellent build quality and modern design.,/abo-images-small (1)/images/small/97/974e9f0f.jpg
D:\FYP Project\fypapp\abo-images-small (1)\images\small\f4\f472074c.jpg,Mobile Phone,Smartphones,699.99,A high-quality mobile phone — smartphones product with excellent build quality and modern design.,/abo-images-small (1)/images/small/f4/f472074c.jpg
D:\FYP Project\fypapp\abo-images-small (1)\images\small\da\da54eff1.jpg,Casual Shoes,Shoes,89.99,A high-quality casual shoes — shoes product with excellent build quality and modern design.,/abo-images-small (1)/images/small/da/da54eff1.jpg
D:\FYP Project\fypapp\abo-images-small (1)\images\small\9a\9a98c36a.jpg,iPhone,Smartphones,699.99,A high-quality iphone — smartphones product with excellent build quality and modern design.,/abo-images-small (1)/images/small/9a/9a98c36a.jpg
D:\FYP Project\fypapp\abo-images-small (1)\images\small\f3\f34ae9fb.jpg,Sneakers,Shoes,89.99,A high-quality sneakers — shoes product with excellent build quality and modern design.,/abo-images-small (1)/images/small/f3/f34ae9fb.jpg
D:\FYP Project\fypapp\abo-images-small (1)\images\small\68\683abc34.jpg,Resistance Bands,Sports,34.99,A high-quality resistance bands — sports product with excellent build quality and modern design.,/abo-images-small (1)/images/small/68/683abc34.jpg
D:\FYP Project\fypapp\abo-images-small (1)\images\small\e2\e27c6bb1.jpg,Cooking Pot,Cookware,89.99,A high-quality cooking pot — cookware product with excellent build quality and modern design.,/abo-images-small (1)/images/small/e2/e27c6bb1.jpg
D:\FYP Project\fypapp\abo-images-small (1)\images\small\0f\0f8b4e86.jpg,Skillet,Cookware,89.99,A high-quality skillet — cookware product with excellent build quality and modern design.,/abo-images-small (1)/images/small/0f/0f8b4e86.jpg
D:\FYP Project\fypapp\abo-images-small (1)\images\small\6f\6f74c8cf.jpg,Dining Table,Tables,299.99,A high-quality dining table — tables product with excellent build quality and modern design.,/abo-images-small (1)/images/small/6f/6f74c8cf.jpg
D:\FYP Project\fypapp\abo-images-small (1)\images\small\13\130713a1.jpg,Mobile Phone,Smartphones,699.99,A high-quality mobile phone — smartphones product with excellent build quality and modern design.,/abo-images-small (1)/images/small/13/130713a1.jpg
D:\FYP Project\fypapp\abo-images-small (1)\images\small\66\661f5306.jpg,Accent Chair,Chairs,199.99,A high-quality accent chair — chairs product with excellent build quality and modern design.,/abo-images-small (1)/images/small/66/661f5306.jpg
D:\FYP Project\fypapp\abo-images-small (1)\images\small\7b\7be0b066.jpg,Desk,Tables,299.99,A high-quality desk — tables product with excellent build quality and modern design.,/abo-images-small (1)/images/small/7b/7be0b066.jpg
D:\FYP Project\fypapp\abo-images-small (1)\images\small\82\8204c65a.jpg,Office Chair,Chairs,199.99,A high-quality office chair — chairs product with excellent build quality and modern design.,/abo-images-small (1)/images/small/82/8204c65a.jpg
D:\FYP Project\fypapp\abo-images-small (1)\images\small\96\9604cbdf.jpg,Slim Jeans,Jeans,69.99,A high-quality slim jeans — jeans product with excellent build quality and modern design.,/abo-images-small (1)/images/small/96/9604cbdf.jpg
D:\FYP Project\fypapp\abo-images-small (1)\images\small\31\313f209d.jpg,Over-Ear Headphones,Headphones,149.99,A high-quality over-ear headphones — headphones product with excellent build quality and modern design.,/abo-images-small (1)/images/small/31/313f209d.jpg
D:\FYP Project\fypapp\abo-images-small (1)\images\small\56\561a7b80.jpg,Android Tablet,Tablets,449.99,A high-quality android tablet — tablets product with excellent build quality and modern design.,/abo-images-small (1)/images/small/56/561a7b80.jpg
D:\FYP Project\fypapp\abo-images-small (1)\images\small\e5\e526da3e.jpg,Bed Frame,Beds,499.99,A high-quality bed frame — beds product with excellent build quality and modern design.,/abo-images-small (1)/images/small/e5/e526da3e.jpg
D:\FYP Project\fypapp\abo-images-small (1)\images\small\8f\8f8ef1e6.jpg,Mobile Phone,Smartphones,699.99,A high-quality mobile phone — smartphones product with excellent build quality and modern design.,/abo-images-small (1)/images/small/8f/8f8ef1e6.jpg
D:\FYP Project\fypapp\abo-images-small (1)\images\small\df\dfc528ce.jpg,Casual Shoes,Shoes,89.99,A high-quality casual shoes — shoes product with excellent build quality and modern design.,/abo-images-small (1)/images/small/df/dfc528ce.jpg
D:\FYP Project\fypapp\abo-images-small (1)\images\small\3e\3e14b6d7.jpg,Coffee Maker,Appliances,129.99,A high-quality coffee maker — appliances product with excellent build quality and modern design.,/abo-images-small (1)/images/small/3e/3e14b6d7.jpg
D:\FYP Project\fypapp\abo-images-small (1)\images\small\3a\3af0f1ee.jpg,Kitchen Appliance,Appliances,129.99,A high-quality kitchen appliance — appliances product with excellent build quality and modern design.,/abo-images-small (1)/images/small/3a/3af0f1ee.jpg
D:\FYP Project\fypapp\abo-images-small (1)\images\small\3c\3c73e5c3.jpg,Couch,Sofas,799.99,A high-quality couch — sofas product with excellent build quality and modern design.,/abo-images-small (1)/images/small/3c/3c73e5c3.jpg
D:\FYP Project\fypapp\abo-images-small (1)\images\small\1a\1af690c7.jpg,Android Phone,Smartphones,699.99,A high-quality android phone — smartphones product with excellent build quality and modern design.,/abo-images-small (1)/images/small/1a/1af690c7.jpg
D:\FYP Project\fypapp\abo-images-small (1)\images\small\eb\ebfef670.jpg,Skillet,Cookware,89.99,A high-quality skillet — cookware product with excellent build quality and modern design.,/abo-images-small (1)/images/small/eb/ebfef670.jpg
D:\FYP Project\fypapp\abo-images-small (1)\images\small\55\5504935d.jpg,Yoga Mat,Sports,34.99,A high-quality yoga mat — sports product with excellent build quality and modern design.,/abo-images-small (1)/images/small/55/5504935d.jpg
D:\FYP Project\fypapp\abo-images-small (1)\images\small\ad\adf9187e.jpg,Microwave,Appliances,129.99,A high-quality microwave — appliances product with excellent build quality and modern design.,/abo-images-small (1)/images/small/ad/adf9187e.jpg
D:\FYP Project\fypapp\abo-images-small (1)\images\small\ca\ca7810ea.jpg,Straight Jeans,Jeans,69.99,A high-quality straight jeans — jeans product with excellent build quality and modern design.,/abo-images-small (1)/images/small/ca/ca7810ea.jpg
D:\FYP Project\fypapp\abo-images-small (1)\images\small\30\305c0e49.jpg,Boots,Shoes,89.99,A high-quality boots — shoes product with excellent build quality and modern design.,/abo-images-small (1)/images/small/30/305c0e49.jpg
D:\FYP Project\fypapp\abo-images-small (1)\images\small\52\526db581.jpg,Dinnerware Set,Dinnerware,49.99,A high-quality dinnerware set — dinnerware product with excellent build quality and modern design.,/abo-images-small (1)/images/small/52/526db581.jpg
D:\FYP Project\fypapp\abo-images-small (1)\images\small\9f\9fff9d1b.jpg,Non-Stick Pan,Cookware,89.99,A high-quality non-stick pan — cookware product with excellent build quality and modern design.,/abo-images-small (1)/images/small/9f/9fff9d1b.jpg
D:\FYP Project\fypapp\abo-images-small (1)\images\small\58\58a82f5d.jpg,Casual Shoes,Shoes,89.99,A high-quality casual shoes — shoes product with excellent build quality and modern design.,/abo-images-small (1)/images/small/58/58a82f5d.jpg
D:\FYP Project\fypapp\abo-images-small (1)\images\small\9f\9f441729.jpg,Platform Bed,Beds,499.99,A high-quality platform bed — beds product with excellent build quality and modern design.,/abo-images-small (1)/images/small/9f/9f441729.jpg
D:\FYP Project\fypapp\abo-images-small (1)\images\small\59\590d5296.jpg,Sneakers,Shoes,89.99,A high-quality sneakers — shoes product with excellent build quality and modern design.,/abo-images-small (1)/images/small/59/590d5296.jpg
D:\FYP Project\fypapp\abo-images-small (1)\images\small\f0\f068a8f0.jpg,Mobile Phone,Smartphones,699.99,A high-quality mobile phone — smartphones product with excellent build quality and modern design.,/abo-images-small (1)/images/small/f0/f068a8f0.jpg
D:\FYP Project\fypapp\abo-images-small (1)\images\small\a1\a19f9ac0.jpg,Straight Jeans,Jeans,69.99,A high-quality straight jeans — jeans product with excellent build quality and modern design.,/abo-images-small (1)/images/small/a1/a19f9ac0.jpg
D:\FYP Project\fypapp\abo-images-small (1)\images\small\63\63bee9e2.jpg,Recliner,Chairs,199.99,A high-quality recliner — chairs product with excellent build quality and modern design.,/abo-images-small (1)/images/small/63/63bee9e2.jpg
D:\FYP Project\fypapp\abo-images-small (1)\images\small\be\be6affc2.jpg,Smartphone,Smartphones,699.99,A high-quality smartphone — smartphones product with excellent build quality and modern design.,/abo-images-small (1)/images/small/be/be6affc2.jpg
D:\FYP Project\fypapp\abo-images-small (1)\images\small\37\3733892d.jpg,Mobile Phone,Smartphones,699.99,A high-quality mobile phone — smartphones product with excellent build quality and modern design.,/abo-images-small (1)/images/small/37/3733892d.jpg
D:\FYP Project\fypapp\abo-images-small (1)\images\small\19\190180ce.jpg,Puffer Jacket,Jackets,119.99,A high-quality puffer jacket — jackets product with excellent build quality and modern design.,/abo-images-small (1)/images/small/19/190180ce.jpg
D:\FYP Project\fypapp\abo-images-small (1)\images\small\99\99a49471.jpg,Android Tablet,Tablets,449.99,A high-quality android tablet — tablets product with excellent build quality and modern design.,/abo-images-small (1)/images/small/99/99a49471.jpg
D:\FYP Project\fypapp\abo-images-small (1)\images\small\77\7747c142.jpg,Smartphone,Smartphones,699.99,A high-quality smartphone — smartphones product with excellent build quality and modern design.,/abo-images-small (1)/images/small/77/7747c142.jpg
D:\FYP Project\fypapp\abo-images-small (1)\images\small\cc\cc7cf05d.jpg,Mobile Phone,Smartphones,699.99,A high-quality mobile phone — smartphones product with excellent build quality and modern design.,/abo-images-small (1)/images/small/cc/cc7cf05d.jpg
D:\FYP Project\fypapp\abo-images-small (1)\images\small\67\67fd0a6c.jpg,Sectional Sofa,Sofas,799.99,A high-quality sectional sofa — sofas product with excellent build quality and modern design.,/abo-images-small (1)/images/small/67/67fd0a6c.jpg
D:\FYP Project\fypapp\abo-images-small (1)\images\small\93\93f54a65.jpg,Windbreaker,Jackets,119.99,A high-quality windbreaker — jackets product with excellent build quality and modern design.,/abo-images-small (1)/images/small/93/93f54a65.jpg
D:\FYP Project\fypapp\abo-images-small (1)\images\small\57\5788354f.jpg,Smartphone,Smartphones,699.99,A high-quality smartphone — smartphones product with excellent build quality and modern design.,/abo-images-small (1)/images/small/57/5788354f.jpg
D:\FYP Project\fypapp\abo-images-small (1)\images\small\9e\9e7d2697.jpg,Mobile Phone,Smartphones,699.99,A high-quality mobile phone — smartphones product with excellent build quality and modern design.,/abo-images-small (1)/images/small/9e/9e7d2697.jpg
D:\FYP Project\fypapp\abo-images-small (1)\images\small\69\690b1ae5.jpg,Android Phone,Smartphones,699.99,A high-quality android phone — smartphones product with excellent build quality and modern design.,/abo-images-small (1)/images/small/69/690b1ae5.jpg
D:\FYP Project\fypapp\abo-images-small (1)\images\small\e6\e6cf64e2.jpg,Exercise Gear,Sports,34.99,A high-quality exercise gear — sports product with excellent build quality and modern design.,/abo-images-small (1)/images/small/e6/e6cf64e2.jpg
D:\FYP Project\fypapp\abo-images-small (1)\images\small\86\861d54cd.jpg,Sofa,Sofas,799.99,A high-quality sofa — sofas product with excellent build quality and modern design.,/abo-images-small (1)/images/small/86/861d54cd.jpg
D:\FYP Project\fypapp\abo-images-small (1)\images\small\a8\a877eca3.jpg,Resistance Bands,Sports,34.99,A high-quality resistance bands — sports product with excellent build quality and modern design.,/abo-images-small (1)/images/small/a8/a877eca3.jpg
D:\FYP Project\fypapp\abo-images-small (1)\images\small\e5\e5b7d89b.jpg,Casual Shoes,Shoes,89.99,A high-quality casual shoes — shoes product with excellent build quality and modern design.,/abo-images-small (1)/images/small/e5/e5b7d89b.jpg
D:\FYP Project\fypapp\abo-images-small (1)\images\small\53\53ff183b.jpg,Loveseat,Sofas,799.99,A high-quality loveseat — sofas product with excellent build quality and modern design.,/abo-images-small (1)/images/small/53/53ff183b.jpg
D:\FYP Project\fypapp\abo-images-small (1)\images\small\84\84a74ba3.jpg,Sneakers,Shoes,89.99,A high-quality sneakers — shoes product with excellent build quality and modern design.,/abo-images-small (1)/images/small/84/84a74ba3.jpg
D:\FYP Project\fypapp\abo-images-small (1)\images\small\c6\c6585bf9.jpg,Mobile Phone,Smartphones,699.99,A high-quality mobile phone — smartphones product with excellent build quality and modern design.,/abo-images-small (1)/images/small/c6/c6585bf9.jpg
D:\FYP Project\fypapp\abo-images-small (1)\images\small\fc\fcd81f19.jpg,Cooking Pot,Cookware,89.99,A high-quality cooking pot — cookware product with excellent build quality and modern design.,/abo-images-small (1)/images/small/fc/fcd81f19.jpg
D:\FYP Project\fypapp\abo-images-small (1)\images\small\c7\c718b748.jpg,iPhone,Smartphones,699.99,A high-quality iphone — smartphones product with excellent build quality and modern design.,/abo-images-small (1)/images/small/c7/c718b748.jpg
D:\FYP Project\fypapp\abo-images-small (1)\images\small\66\66cb126b.jpg,Cookware Set,Cookware,89.99,A high-quality cookware set — cookware product with excellent build quality and modern design.,/abo-images-small (1)/images/small/66/66cb126b.jpg
D:\FYP Project\fypapp\abo-images-small (1)\images\small\66\669a2fdb.jpg,Resistance Bands,Sports,34.99,A high-quality resistance bands — sports product with excellent build quality and modern design.,/abo-images-small (1)/images/small/66/669a2fdb.jpg
D:\FYP Project\fypapp\abo-images-small (1)\images\small\08\0821db11.jpg,Side Table,Tables,299.99,A high-quality side table — tables product with excellent build quality and modern design.,/abo-images-small (1)/images/small/08/0821db11.jpg
D:\FYP Project\fypapp\abo-images-small (1)\images\small\f0\f0b7ad5f.jpg,iPhone,Smartphones,699.99,A high-quality iphone — smartphones product with excellent build quality and modern design.,/abo-images-small (1)/images/small/f0/f0b7ad5f.jpg
D:\FYP Project\fypapp\abo-images-small (1)\images\small\5f\5fbc6dd6.jpg,Sneakers,Shoes,89.99,A high-quality sneakers — shoes product with excellent build quality and modern design.,/abo-images-small (1)/images/small/5f/5fbc6dd6.jpg
D:\FYP Project\fypapp\abo-images-small (1)\images\small\02\02fd0f09.jpg,Hiking Gear,Outdoors,149.99,A high-quality hiking gear — outdoors product with excellent build quality and modern design.,/abo-images-small (1)/images/small/02/02fd0f09.jpg
D:\FYP Project\fypapp\abo-images-small (1)\images\small\dd\dd8992c7.jpg,Android Phone,Smartphones,699.99,A high-quality android phone — smartphones product with excellent build quality and modern design.,/abo-images-small (1)/images/small/dd/dd8992c7.jpg
D:\FYP Project\fypapp\abo-images-small (1)\images\small\10\1079c498.jpg,Skillet,Cookware,89.99,A high-quality skillet — cookware product with excellent build quality and modern design.,/abo-images-small (1)/images/small/10/1079c498.jpg
D:\FYP Project\fypapp\abo-images-small (1)\images\small\ad\adbb92f9.jpg,Yoga Mat,Sports,34.99,A high-quality yoga mat — sports product with excellent build quality and modern design.,/abo-images-small (1)/images/small/ad/adbb92f9.jpg
D:\FYP Project\fypapp\abo-images-small (1)\images\small\63\6367eb01.jpg,Coffee Table,Tables,299.99,A high-quality coffee table — tables product with excellent build quality and modern design.,/abo-images-small (1)/images/small/63/6367eb01.jpg
D:\FYP Project\fypapp\abo-images-small (1)\images\small\fc\fc159fae.jpg,Polo Shirt,Shirts,39.99,A high-quality polo shirt — shirts product with excellent build quality and modern design.,/abo-images-small (1)/images/small/fc/fc159fae.jpg
D:\FYP Project\fypapp\abo-images-small (1)\images\small\7a\7a2961c2.jpg,iPhone,Smartphones,699.99,A high-quality iphone — smartphones product with excellent build quality and modern design.,/abo-images-small (1)/images/small/7a/7a2961c2.jpg
D:\FYP Project\fypapp\abo-images-small (1)\images\small\4e\4e0eda4f.jpg,Dining Table,Tables,299.99,A high-quality dining table — tables product with excellent build quality and modern design.,/abo-images-small (1)/images/small/4e/4e0eda4f.jpg
D:\FYP Project\fypapp\abo-images-small (1)\images\small\e9\e92d2f6b.jpg,Ceramic Plates,Dinnerware,49.99,A high-quality ceramic plates — dinnerware product with excellent build quality and modern design.,/abo-images-small (1)/images/small/e9/e92d2f6b.jpg
D:\FYP Project\fypapp\abo-images-small (1)\images\small\57\57d227f9.jpg,Blender,Appliances,129.99,A high-quality blender — appliances product with excellent build quality and modern design.,/abo-images-small (1)/images/small/57/57d227f9.jpg
D:\FYP Project\fypapp\abo-images-small (1)\images\small\2e\2e6112f9.jpg,Loveseat,Sofas,799.99,A high-quality loveseat — sofas product with excellent build quality and modern design.,/abo-images-small (1)/images/small/2e/2e6112f9.jpg
D:\FYP Project\fypapp\abo-images-small (1)\images\small\20\203daf6e.jpg,Bed Frame,Beds,499.99,A high-quality bed frame — beds product with excellent build quality and modern design.,/abo-images-small (1)/images/small/20/203daf6e.jpg
D:\FYP Project\fypapp\abo-images-small (1)\images\small\0d\0d963958.jpg,Resistance Bands,Sports,34.99,A high-quality resistance bands — sports product with excellent build quality and modern design.,/abo-images-small (1)/images/small/0d/0d963958.jpg
D:\FYP Project\fypapp\abo-images-small (1)\images\small\6a\6af2f6e5.jpg,Android Phone,Smartphones,699.99,A high-quality android phone — smartphones product with excellent build quality and modern design.,/abo-images-small (1)/images/small/6a/6af2f6e5.jpg
D:\FYP Project\fypapp\abo-images-small (1)\images\small\99\99530b60.jpg,Windbreaker,Jackets,119.99,A high-quality windbreaker — jackets product with excellent build quality and modern design.,/abo-images-small (1)/images/small/99/99530b60.jpg
D:\FYP Project\fypapp\abo-images-small (1)\images\small\0b\0bc66206.jpg,Sofa,Sofas,799.99,A high-quality sofa — sofas product with excellent build quality and modern design.,/abo-images-small (1)/images/small/0b/0bc66206.jpg
D:\FYP Project\fypapp\abo-images-small (1)\images\small\c9\c98e4edb.jpg,Hiking Gear,Outdoors,149.99,A high-quality hiking gear — outdoors product with excellent build quality and modern design.,/abo-images-small (1)/images/small/c9/c98e4edb.jpg
D:\FYP Project\fypapp\abo-images-small (1)\images\small\fb\fb8cee46.jpg,King Bed,Beds,499.99,A high-quality king bed — beds product with excellent build quality and modern design.,/abo-images-small (1)/images/small/fb/fb8cee46.jpg
D:\FYP Project\fypapp\abo-images-small (1)\images\small\2c\2c052ca7.jpg,Boots,Shoes,89.99,A high-quality boots — shoes product with excellent build quality and modern design.,/abo-images-small (1)/images/small/2c/2c052ca7.jpg
D:\FYP Project\fypapp\abo-images-small (1)\images\small\1e\1e5ff947.jpg,Smartphone,Smartphones,699.99,A high-quality smartphone — smartphones product with excellent build quality and modern design.,/abo-images-small (1)/images/small/1e/1e5ff947.jpg
D:\FYP Project\fypapp\abo-images-small (1)\images\small\66\6696c51c.jpg,DSLR Camera,Cameras,549.99,A high-quality dslr camera — cameras product with excellent build quality and modern design.,/abo-images-small (1)/images/small/66/6696c51c.jpg
D:\FYP Project\fypapp\abo-images-small (1)\images\small\70\7058e873.jpg,Fitness Equipment,Sports,34.99,A high-quality fitness equipment — sports product with excellent build quality and modern design.,/abo-images-small (1)/images/small/70/7058e873.jpg
D:\FYP Project\fypapp\abo-images-small (1)\images\small\d2\d297591e.jpg,Skillet,Cookware,89.99,A high-quality skillet — cookware product with excellent build quality and modern design.,/abo-images-small (1)/images/small/d2/d297591e.jpg
D:\FYP Project\fypapp\abo-images-small (1)\images\small\3c\3c9d1131.jpg,Cookware Set,Cookware,89.99,A high-quality cookware set — cookware product with excellent build quality and modern design.,/abo-images-small (1)/images/small/3c/3c9d1131.jpg
D:\FYP Project\fypapp\abo-images-small (1)\images\small\47\4749984b.jpg,Coffee Table,Tables,299.99,A high-quality coffee table — tables product with excellent build quality and modern design.,/abo-images-small (1)/images/small/47/4749984b.jpg
D:\FYP Project\fypapp\abo-images-small (1)\images\small\2c\2c7d0444.jpg,Summer Dress,Dresses,59.99,A high-quality summer dress — dresses product with excellent build quality and modern design.,/abo-images-small (1)/images/small/2c/2c7d0444.jpg
D:\FYP Project\fypapp\abo-images-small (1)\images\small\e1\e17a5941.jpg,iPhone,Smartphones,699.99,A high-quality iphone — smartphones product with excellent build quality and modern design.,/abo-images-small (1)/images/small/e1/e17a5941.jpg
D:\FYP Project\fypapp\abo-images-small (1)\images\small\7e\7e59eebe.jpg,Smartphone,Smartphones,699.99,A high-quality smartphone — smartphones product with excellent build quality and modern design.,/abo-images-small (1)/images/small/7e/7e59eebe.jpg
D:\FYP Project\fypapp\abo-images-small (1)\images\small\b8\b8c85284.jpg,Microwave,Appliances,129.99,A high-quality microwave — appliances product with excellent build quality and modern design.,/abo-images-small (1)/images/small/b8/b8c85284.jpg
D:\FYP Project\fypapp\abo-images-small (1)\images\small\af\af609bcf.jpg,Android Phone,Smartphones,699.99,A high-quality android phone — smartphones product with excellent build quality and modern design.,/abo-images-small (1)/images/small/af/af609bcf.jpg
D:\FYP Project\fypapp\abo-images-small (1)\images\small\5f\5f1af371.jpg,Gaming Laptop,Laptops,899.99,A high-quality gaming laptop — laptops product with excellent build quality and modern design.,/abo-images-small (1)/images/small/5f/5f1af371.jpg
D:\FYP Project\fypapp\abo-images-small (1)\images\small\38\38f5bad7.jpg,Smartphone,Smartphones,699.99,A high-quality smartphone — smartphones product with excellent build quality and modern design.,/abo-images-small (1)/images/small/38/38f5bad7.jpg
D:\FYP Project\fypapp\abo-images-small (1)\images\small\59\59e69b06.jpg,Resistance Bands,Sports,34.99,A high-quality resistance bands — sports product with excellent build quality and modern design.,/abo-images-small (1)/images/small/59/59e69b06.jpg
D:\FYP Project\fypapp\abo-images-small (1)\images\small\a7\a7e81cf1.jpg,Polo Shirt,Shirts,39.99,A high-quality polo shirt — shirts product with excellent build quality and modern design.,/abo-images-small (1)/images/small/a7/a7e81cf1.jpg
D:\FYP Project\fypapp\abo-images-small (1)\images\small\cb\cb06e625.jpg,iPhone,Smartphones,699.99,A high-quality iphone — smartphones product with excellent build quality and modern design.,/abo-images-small (1)/images/small/cb/cb06e625.jpg
D:\FYP Project\fypapp\abo-images-small (1)\images\small\75\7533eb25.jpg,Kitchen Appliance,Appliances,129.99,A high-quality kitchen appliance — appliances product with excellent build quality and modern design.,/abo-images-small (1)/images/small/75/7533eb25.jpg
D:\FYP Project\fypapp\abo-images-small (1)\images\small\26\26680c42.jpg,Queen Bed,Beds,499.99,A high-quality queen bed — beds product with excellent build quality and modern design.,/abo-images-small (1)/images/small/26/26680c42.jpg
D:\FYP Project\fypapp\abo-images-small (1)\images\small\a2\a295164c.jpg,Sectional Sofa,Sofas,799.99,A high-quality sectional sofa — sofas product with excellent build quality and modern design.,/abo-images-small (1)/images/small/a2/a295164c.jpg
D:\FYP Project\fypapp\abo-images-small (1)\images\small\ee\ee72e731.jpg,Platform Bed,Beds,499.99,A high-quality platform bed — beds product with excellent build quality and modern design.,/abo-images-small (1)/images/small/ee/ee72e731.jpg
D:\FYP Project\fypapp\abo-images-small (1)\images\small\2f\2f933e65.jpg,Smartphone,Smartphones,699.99,A high-quality smartphone — smartphones product with excellent build quality and modern design.,/abo-images-small (1)/images/small/2f/2f933e65.jpg
D:\FYP Project\fypapp\abo-images-small (1)\images\small\d8\d8142691.jpg,Microwave,Appliances,129.99,A high-quality microwave — appliances product with excellent build quality and modern design.,/abo-images-small (1)/images/small/d8/d8142691.jpg
D:\FYP Project\fypapp\abo-images-small (1)\images\small\8a\8a33fdb9.jpg,Android Phone,Smartphones,699.99,A high-quality android phone — smartphones product with excellent build quality and modern design.,/abo-images-small (1)/images/small/8a/8a33fdb9.jpg
D:\FYP Project\fypapp\abo-images-small (1)\images\small\c2\c216d6f3.jpg,Exercise Gear,Sports,34.99,A high-quality exercise gear — sports product with excellent build quality and modern design.,/abo-images-small (1)/images/small/c2/c216d6f3.jpg
D:\FYP Project\fypapp\abo-images-small (1)\images\small\7e\7e56c0d3.jpg,Smartphone,Smartphones,699.99,A high-quality smartphone — smartphones product with excellent build quality and modern design.,/abo-images-small (1)/images/small/7e/7e56c0d3.jpg
D:\FYP Project\fypapp\abo-images-small (1)\images\small\1e\1e636485.jpg,Slim Jeans,Jeans,69.99,A high-quality slim jeans — jeans product with excellent build quality and modern design.,/abo-images-small (1)/images/small/1e/1e636485.jpg
D:\FYP Project\fypapp\abo-images-small (1)\images\small\89\893ba3e8.jpg,Android Phone,Smartphones,699.99,A high-quality android phone — smartphones product with excellent build quality and modern design.,/abo-images-small (1)/images/small/89/893ba3e8.jpg
D:\FYP Project\fypapp\abo-images-small (1)\images\small\05\054a2a7a.jpg,iPhone,Smartphones,699.99,A high-quality iphone — smartphones product with excellent build quality and modern design.,/abo-images-small (1)/images/small/05/054a2a7a.jpg
D:\FYP Project\fypapp\abo-images-small (1)\images\small\ef\efa63183.jpg,Smartphone,Smartphones,699.99,A high-quality smartphone — smartphones product with excellent build quality and modern design.,/abo-images-small (1)/images/small/ef/efa63183.jpg
D:\FYP Project\fypapp\abo-images-small (1)\images\small\ba\ba6a29ae.jpg,Resistance Bands,Sports,34.99,A high-quality resistance bands — sports product with excellent build quality and modern design.,/abo-images-small (1)/images/small/ba/ba6a29ae.jpg
D:\FYP Project\fypapp\abo-images-small (1)\images\small\29\2901fcee.jpg,Android Phone,Smartphones,699.99,A high-quality android phone — smartphones product with excellent build quality and modern design.,/abo-images-small (1)/images/small/29/2901fcee.jpg
D:\FYP Project\fypapp\abo-images-small (1)\images\small\d4\d46f9853.jpg,iPhone,Smartphones,699.99,A high-quality iphone — smartphones product with excellent build quality and modern design.,/abo-images-small (1)/images/small/d4/d46f9853.jpg
D:\FYP Project\fypapp\abo-images-small (1)\images\small\7f\7f2ba377.jpg,Camping Tent,Outdoors,149.99,A high-quality camping tent — outdoors product with excellent build quality and modern design.,/abo-images-small (1)/images/small/7f/7f2ba377.jpg
D:\FYP Project\fypapp\abo-images-small (1)\images\small\5b\5b3a32e3.jpg,Non-Stick Pan,Cookware,89.99,A high-quality non-stick pan — cookware product with excellent build quality and modern design.,/abo-images-small (1)/images/small/5b/5b3a32e3.jpg
D:\FYP Project\fypapp\abo-images-small (1)\images\small\84\848f4233.jpg,Android Phone,Smartphones,699.99,A high-quality android phone — smartphones product with excellent build quality and modern design.,/abo-images-small (1)/images/small/84/848f4233.jpg
D:\FYP Project\fypapp\abo-images-small (1)\images\small\80\805a31d6.jpg,Floral Dress,Dresses,59.99,A high-quality floral dress — dresses product with excellent build quality and modern design.,/abo-images-small (1)/images/small/80/805a31d6.jpg
D:\FYP Project\fypapp\abo-images-small (1)\images\small\23\23c7091c.jpg,Smartphone,Smartphones,699.99,A high-quality smartphone — smartphones product with excellent build quality and modern design.,/abo-images-small (1)/images/small/23/23c7091c.jpg
D:\FYP Project\fypapp\abo-images-small (1)\images\small\53\530e224d.jpg,Microwave,Appliances,129.99,A high-quality microwave — appliances product with excellent build quality and modern design.,/abo-images-small (1)/images/small/53/530e224d.jpg
D:\FYP Project\fypapp\abo-images-small (1)\images\small\a4\a49c874e.jpg,Bowl Set,Dinnerware,49.99,A high-quality bowl set — dinnerware product with excellent build quality and modern design.,/abo-images-small (1)/images/small/a4/a49c874e.jpg
D:\FYP Project\fypapp\abo-images-small (1)\images\small\09\0924ad45.jpg,Earphones,Headphones,149.99,A high-quality earphones — headphones product with excellent build quality and modern design.,/abo-images-small (1)/images/small/09/0924ad45.jpg
D:\FYP Project\fypapp\abo-images-small (1)\images\small\c3\c3590381.jpg,Jacket,Jackets,119.99,A high-quality jacket — jackets product with excellent build quality and modern design.,/abo-images-small (1)/images/small/c3/c3590381.jpg
D:\FYP Project\fypapp\abo-images-small (1)\images\small\70\70bb6b48.jpg,Mobile Phone,Smartphones,699.99,A high-quality mobile phone — smartphones product with excellent build quality and modern design.,/abo-images-small (1)/images/small/70/70bb6b48.jpg
D:\FYP Project\fypapp\abo-images-small (1)\images\small\4e\4eda7d2b.jpg,Summer Dress,Dresses,59.99,A high-quality summer dress — dresses product with excellent build quality and modern design.,/abo-images-small (1)/images/small/4e/4eda7d2b.jpg
D:\FYP Project\fypapp\abo-images-small (1)\images\small\15\155613f3.jpg,Boots,Shoes,89.99,A high-quality boots — shoes product with excellent build quality and modern design.,/abo-images-small (1)/images/small/15/155613f3.jpg
D:\FYP Project\fypapp\abo-images-small (1)\images\small\a1\a17bc096.jpg,Cookware Set,Cookware,89.99,A high-quality cookware set — cookware product with excellent build quality and modern design.,/abo-images-small (1)/images/small/a1/a17bc096.jpg
D:\FYP Project\fypapp\abo-images-small (1)\images\small\69\69177f52.jpg,Hiking Gear,Outdoors,149.99,A high-quality hiking gear — outdoors product with excellent build quality and modern design.,/abo-images-small (1)/images/small/69/69177f52.jpg
D:\FYP Project\fypapp\abo-images-small (1)\images\small\8e\8e6feb89.jpg,Android Phone,Smartphones,699.99,A high-quality android phone — smartphones product with excellent build quality and modern design.,/abo-images-small (1)/images/small/8e/8e6feb89.jpg
D:\FYP Project\fypapp\abo-images-small (1)\images\small\26\26d607c3.jpg,Desk,Tables,299.99,A high-quality desk — tables product with excellent build quality and modern design.,/abo-images-small (1)/images/small/26/26d607c3.jpg
D:\FYP Project\fypapp\abo-images-small (1)\images\small\2f\2f35712b.jpg,T-Shirt,Shirts,39.99,A high-quality t-shirt — shirts product with excellent build quality and modern design.,/abo-images-small (1)/images/small/2f/2f35712b.jpg
D:\FYP Project\fypapp\abo-images-small (1)\images\small\0f\0f2bce8a.jpg,Winter Coat,Jackets,119.99,A high-quality winter coat — jackets product with excellent build quality and modern design.,/abo-images-small (1)/images/small/0f/0f2bce8a.jpg
D:\FYP Project\fypapp\abo-images-small (1)\images\small\0c\0c9f1a54.jpg,Android Phone,Smartphones,699.99,A high-quality android phone — smartphones product with excellent build quality and modern design.,/abo-images-small (1)/images/small/0c/0c9f1a54.jpg
D:\FYP Project\fypapp\abo-images-small (1)\images\small\69\699ba787.jpg,Boots,Shoes,89.99,A high-quality boots — shoes product with excellent build quality and modern design.,/abo-images-small (1)/images/small/69/699ba787.jpg
D:\FYP Project\fypapp\abo-images-small (1)\images\small\ab\abe56254.jpg,Smartphone,Smartphones,699.99,A high-quality smartphone — smartphones product with excellent build quality and modern design.,/abo-images-small (1)/images/small/ab/abe56254.jpg
D:\FYP Project\fypapp\abo-images-small (1)\images\small\26\26a21321.jpg,Ceramic Plates,Dinnerware,49.99,A high-quality ceramic plates — dinnerware product with excellent build quality and modern design.,/abo-images-small (1)/images/small/26/26a21321.jpg
D:\FYP Project\fypapp\abo-images-small (1)\images\small\20\203ed1e2.jpg,Android Phone,Smartphones,699.99,A high-quality android phone — smartphones product with excellent build quality and modern design.,/abo-images-small (1)/images/small/20/203ed1e2.jpg
D:\FYP Project\fypapp\abo-images-small (1)\images\small\cf\cf96e2bf.jpg,Coffee Maker,Appliances,129.99,A high-quality coffee maker — appliances product with excellent build quality and modern design.,/abo-images-small (1)/images/small/cf/cf96e2bf.jpg
D:\FYP Project\fypapp\abo-images-small (1)\images\small\ba\bad8f144.jpg,Smartphone,Smartphones,699.99,A high-quality smartphone — smartphones product with excellent build quality and modern design.,/abo-images-small (1)/images/small/ba/bad8f144.jpg
D:\FYP Project\fypapp\abo-images-small (1)\images\small\e1\e1e2da8b.jpg,Mobile Phone,Smartphones,699.99,A high-quality mobile phone — smartphones product with excellent build quality and modern design.,/abo-images-small (1)/images/small/e1/e1e2da8b.jpg
D:\FYP Project\fypapp\abo-images-small (1)\images\small\87\873ca046.jpg,Android Phone,Smartphones,699.99,A high-quality android phone — smartphones product with excellent build quality and modern design.,/abo-images-small (1)/images/small/87/873ca046.jpg
D:\FYP Project\fypapp\abo-images-small (1)\images\small\f8\f883e211.jpg,Coffee Maker,Appliances,129.99,A high-quality coffee maker — appliances product with excellent build quality and modern design.,/abo-images-small (1)/images/small/f8/f883e211.jpg
D:\FYP Project\fypapp\abo-images-small (1)\images\small\80\801a3502.jpg,Dining Table,Tables,299.99,A high-quality dining table — tables product with excellent build quality and modern design.,/abo-images-small (1)/images/small/80/801a3502.jpg
D:\FYP Project\fypapp\abo-images-small (1)\images\small\bb\bbe3cc51.jpg,Mobile Phone,Smartphones,699.99,A high-quality mobile phone — smartphones product with excellent build quality and modern design.,/abo-images-small (1)/images/small/bb/bbe3cc51.jpg
D:\FYP Project\fypapp\abo-images-small (1)\images\small\92\92396b20.jpg,Cooking Pot,Cookware,89.99,A high-quality cooking pot — cookware product with excellent build quality and modern design.,/abo-images-small (1)/images/small/92/92396b20.jpg
D:\FYP Project\fypapp\abo-images-small (1)\images\small\36\3628c89f.jpg,Recliner,Chairs,199.99,A high-quality recliner — chairs product with excellent build quality and modern design.,/abo-images-small (1)/images/small/36/3628c89f.jpg
D:\FYP Project\fypapp\abo-images-small (1)\images\small\e3\e3d4da62.jpg,Yoga Mat,Sports,34.99,A high-quality yoga mat — sports product with excellent build quality and modern design.,/abo-images-small (1)/images/small/e3/e3d4da62.jpg
D:\FYP Project\fypapp\abo-images-small (1)\images\small\20\20ad8a70.jpg,Hiking Gear,Outdoors,149.99,A high-quality hiking gear — outdoors product with excellent build quality and modern design.,/abo-images-small (1)/images/small/20/20ad8a70.jpg
D:\FYP Project\fypapp\abo-images-small (1)\images\small\aa\aaabc886.jpg,Summer Dress,Dresses,59.99,A high-quality summer dress — dresses product with excellent build quality and modern design.,/abo-images-small (1)/images/small/aa/aaabc886.jpg
D:\FYP Project\fypapp\abo-images-small (1)\images\small\8e\8e28ffb8.jpg,Platform Bed,Beds,499.99,A high-quality platform bed — beds product with excellent build quality and modern design.,/abo-images-small (1)/images/small/8e/8e28ffb8.jpg
D:\FYP Project\fypapp\abo-images-small (1)\images\small\61\617da346.jpg,Sneakers,Shoes,89.99,A high-quality sneakers — shoes product with excellent build quality and modern design.,/abo-images-small (1)/images/small/61/617da346.jpg
D:\FYP Project\fypapp\abo-images-small (1)\images\small\0b\0b9e7ec0.jpg,Mobile Phone,Smartphones,699.99,A high-quality mobile phone — smartphones product with excellent build quality and modern design.,/abo-images-small (1)/images/small/0b/0b9e7ec0.jpg
D:\FYP Project\fypapp\abo-images-small (1)\images\small\df\df60a46d.jpg,Casual Shoes,Shoes,89.99,A high-quality casual shoes — shoes product with excellent build quality and modern design.,/abo-images-small (1)/images/small/df/df60a46d.jpg
D:\FYP Project\fypapp\abo-images-small (1)\images\small\4d\4d7baca2.jpg,Boots,Shoes,89.99,A high-quality boots — shoes product with excellent build quality and modern design.,/abo-images-small (1)/images/small/4d/4d7baca2.jpg
D:\FYP Project\fypapp\abo-images-small (1)\images\small\9a\9a51343d.jpg,Tablet,Tablets,449.99,A high-quality tablet — tablets product with excellent build quality and modern design.,/abo-images-small (1)/images/small/9a/9a51343d.jpg
D:\FYP Project\fypapp\abo-images-small (1)\images\small\9b\9b01d729.jpg,Resistance Bands,Sports,34.99,A high-quality resistance bands — sports product with excellent build quality and modern design.,/abo-images-small (1)/images/small/9b/9b01d729.jpg
D:\FYP Project\fypapp\abo-images-small (1)\images\small\53\53c31c32.jpg,Casual Shoes,Shoes,89.99,A high-quality casual shoes — shoes product with excellent build quality and modern design.,/abo-images-small (1)/images/small/53/53c31c32.jpg
D:\FYP Project\fypapp\abo-images-small (1)\images\small\7d\7d57cc4c.jpg,Backpack,Outdoors,149.99,A high-quality backpack — outdoors product with excellent build quality and modern design.,/abo-images-small (1)/images/small/7d/7d57cc4c.jpg
D:\FYP Project\fypapp\abo-images-small (1)\images\small\20\20c1ec37.jpg,Office Chair,Chairs,199.99,A high-quality office chair — chairs product with excellent build quality and modern design.,/abo-images-small (1)/images/small/20/20c1ec37.jpg
D:\FYP Project\fypapp\abo-images-small (1)\images\small\7e\7ee36984.jpg,Dress Shirt,Shirts,39.99,A high-quality dress shirt — shirts product with excellent build quality and modern design.,/abo-images-small (1)/images/small/7e/7ee36984.jpg
D:\FYP Project\fypapp\abo-images-small (1)\images\small\bd\bd9e30c1.jpg,Casual Shoes,Shoes,89.99,A high-quality casual shoes — shoes product with excellent build quality and modern design.,/abo-images-small (1)/images/small/bd/bd9e30c1.jpg
D:\FYP Project\fypapp\abo-images-small (1)\images\small\7c\7c18c503.jpg,Platform Bed,Beds,499.99,A high-quality platform bed — beds product with excellent build quality and modern design.,/abo-images-small (1)/images/small/7c/7c18c503.jpg
D:\FYP Project\fypapp\abo-images-small (1)\images\small\f4\f4658572.jpg,Bed Frame,Beds,499.99,A high-quality bed frame — beds product with excellent build quality and modern design.,/abo-images-small (1)/images/small/f4/f4658572.jpg
D:\FYP Project\fypapp\abo-images-small (1)\images\small\8a\8a714c84.jpg,Microwave,Appliances,129.99,A high-quality microwave — appliances product with excellent build quality and modern design.,/abo-images-small (1)/images/small/8a/8a714c84.jpg
D:\FYP Project\fypapp\abo-images-small (1)\images\small\60\6046c3e1.jpg,Accent Chair,Chairs,199.99,A high-quality accent chair — chairs product with excellent build quality and modern design.,/abo-images-small (1)/images/small/60/6046c3e1.jpg
D:\FYP Project\fypapp\abo-images-small (1)\images\small\42\42704397.jpg,iPhone,Smartphones,699.99,A high-quality iphone — smartphones product with excellent build quality and modern design.,/abo-images-small (1)/images/small/42/42704397.jpg
D:\FYP Project\fypapp\abo-images-small (1)\images\small\28\28c0ce91.jpg,Sneakers,Shoes,89.99,A high-quality sneakers — shoes product with excellent build quality and modern design.,/abo-images-small (1)/images/small/28/28c0ce91.jpg
D:\FYP Project\fypapp\abo-images-small (1)\images\small\ca\ca324d73.jpg,Resistance Bands,Sports,34.99,A high-quality resistance bands — sports product with excellent build quality and modern design.,/abo-images-small (1)/images/small/ca/ca324d73.jpg
D:\FYP Project\fypapp\abo-images-small (1)\images\small\1e\1e98f83b.jpg,Cooking Pot,Cookware,89.99,A high-quality cooking pot — cookware product with excellent build quality and modern design.,/abo-images-small (1)/images/small/1e/1e98f83b.jpg
D:\FYP Project\fypapp\abo-images-small (1)\images\small\dc\dcc630ff.jpg,Exercise Gear,Sports,34.99,A high-quality exercise gear — sports product with excellent build quality and modern design.,/abo-images-small (1)/images/small/dc/dcc630ff.jpg
D:\FYP Project\fypapp\abo-images-small (1)\images\small\07\07f88775.jpg,Smartphone,Smartphones,699.99,A high-quality smartphone — smartphones product with excellent build quality and modern design.,/abo-images-small (1)/images/small/07/07f88775.jpg
D:\FYP Project\fypapp\abo-images-small (1)\images\small\f3\f372a3de.jpg,Coffee Table,Tables,299.99,A high-quality coffee table — tables product with excellent build quality and modern design.,/abo-images-small (1)/images/small/f3/f372a3de.jpg
D:\FYP Project\fypapp\abo-images-small (1)\images\small\ee\eedfb137.jpg,Android Phone,Smartphones,699.99,A high-quality android phone — smartphones product with excellent build quality and modern design.,/abo-images-small (1)/images/small/ee/eedfb137.jpg
D:\FYP Project\fypapp\abo-images-small (1)\images\small\55\55fb80ea.jpg,Backpack,Outdoors,149.99,A high-quality backpack — outdoors product with excellent build quality and modern design.,/abo-images-small (1)/images/small/55/55fb80ea.jpg
D:\FYP Project\fypapp\abo-images-small (1)\images\small\29\29e9ff9e.jpg,Kitchen Appliance,Appliances,129.99,A high-quality kitchen appliance — appliances product with excellent build quality and modern design.,/abo-images-small (1)/images/small/29/29e9ff9e.jpg
D:\FYP Project\fypapp\abo-images-small (1)\images\small\c4\c44bdd6e.jpg,Mobile Phone,Smartphones,699.99,A high-quality mobile phone — smartphones product with excellent build quality and modern design.,/abo-images-small (1)/images/small/c4/c44bdd6e.jpg
D:\FYP Project\fypapp\abo-images-small (1)\images\small\49\492921e1.jpg,Casual Shoes,Shoes,89.99,A high-quality casual shoes — shoes product with excellent build quality and modern design.,/abo-images-small (1)/images/small/49/492921e1.jpg
D:\FYP Project\fypapp\abo-images-small (1)\images\small\e1\e13d1d85.jpg,iPhone,Smartphones,699.99,A high-quality iphone — smartphones product with excellent build quality and modern design.,/abo-images-small (1)/images/small/e1/e13d1d85.jpg
D:\FYP Project\fypapp\abo-images-small (1)\images\small\c0\c0cb62f8.jpg,Office Chair,Chairs,199.99,A high-quality office chair — chairs product with excellent build quality and modern design.,/abo-images-small (1)/images/small/c0/c0cb62f8.jpg
D:\FYP Project\fypapp\abo-images-small (1)\images\small\49\49ff8eb9.jpg,Couch,Sofas,799.99,A high-quality couch — sofas product with excellent build quality and modern design.,/abo-images-small (1)/images/small/49/49ff8eb9.jpg
D:\FYP Project\fypapp\abo-images-small (1)\images\small\4d\4d227131.jpg,Bowl Set,Dinnerware,49.99,A high-quality bowl set — dinnerware product with excellent build quality and modern design.,/abo-images-small (1)/images/small/4d/4d227131.jpg
D:\FYP Project\fypapp\abo-images-small (1)\images\small\52\52b7cfea.jpg,Boots,Shoes,89.99,A high-quality boots — shoes product with excellent build quality and modern design.,/abo-images-small (1)/images/small/52/52b7cfea.jpg
D:\FYP Project\fypapp\abo-images-small (1)\images\small\d8\d81c604c.jpg,Smartphone,Smartphones,699.99,A high-quality smartphone — smartphones product with excellent build quality and modern design.,/abo-images-small (1)/images/small/d8/d81c604c.jpg
D:\FYP Project\fypapp\abo-images-small (1)\images\small\e5\e5d1522a.jpg,Microwave,Appliances,129.99,A high-quality microwave — appliances product with excellent build quality and modern design.,/abo-images-small (1)/images/small/e5/e5d1522a.jpg
D:\FYP Project\fypapp\abo-images-small (1)\images\small\01\01013f05.jpg,Android Phone,Smartphones,699.99,A high-quality android phone — smartphones product with excellent build quality and modern design.,/abo-images-small (1)/images/small/01/01013f05.jpg
D:\FYP Project\fypapp\abo-images-small (1)\images\small\e4\e4967685.jpg,iPhone,Smartphones,699.99,A high-quality iphone — smartphones product with excellent build quality and modern design.,/abo-images-small (1)/images/small/e4/e4967685.jpg
D:\FYP Project\fypapp\abo-images-small (1)\images\small\31\31145479.jpg,Headphones,Headphones,149.99,A high-quality headphones — headphones product with excellent build quality and modern design.,/abo-images-small (1)/images/small/31/31145479.jpg
D:\FYP Project\fypapp\abo-images-small (1)\images\small\2b\2b71440d.jpg,Running Shoes,Shoes,89.99,A high-quality running shoes — shoes product with excellent build quality and modern design.,/abo-images-small (1)/images/small/2b/2b71440d.jpg
D:\FYP Project\fypapp\abo-images-small (1)\images\small\c8\c833f71f.jpg,Android Phone,Smartphones,699.99,A high-quality android phone — smartphones product with excellent build quality and modern design.,/abo-images-small (1)/images/small/c8/c833f71f.jpg
D:\FYP Project\fypapp\abo-images-small (1)\images\small\cb\cbd38712.jpg,iPhone,Smartphones,699.99,A high-quality iphone — smartphones product with excellent build quality and modern design.,/abo-images-small (1)/images/small/cb/cbd38712.jpg
D:\FYP Project\fypapp\abo-images-small (1)\images\small\3c\3c3bdca1.jpg,Smartphone,Smartphones,699.99,A high-quality smartphone — smartphones product with excellent build quality and modern design.,/abo-images-small (1)/images/small/3c/3c3bdca1.jpg
D:\FYP Project\fypapp\abo-images-small (1)\images\small\24\244dcf4b.jpg,Running Shoes,Shoes,89.99,A high-quality running shoes — shoes product with excellent build quality and modern design.,/abo-images-small (1)/images/small/24/244dcf4b.jpg
D:\FYP Project\fypapp\abo-images-small (1)\images\small\d5\d5921a3a.jpg,Android Phone,Smartphones,699.99,A high-quality android phone — smartphones product with excellent build quality and modern design.,/abo-images-small (1)/images/small/d5/d5921a3a.jpg
D:\FYP Project\fypapp\abo-images-small (1)\images\small\2c\2c576428.jpg,Exercise Gear,Sports,34.99,A high-quality exercise gear — sports product with excellent build quality and modern design.,/abo-images-small (1)/images/small/2c/2c576428.jpg
D:\FYP Project\fypapp\abo-images-small (1)\images\small\05\05991f27.jpg,Dining Table,Tables,299.99,A high-quality dining table — tables product with excellent build quality and modern design.,/abo-images-small (1)/images/small/05/05991f27.jpg
D:\FYP Project\fypapp\abo-images-small (1)\images\small\7b\7bc5733c.jpg,Microwave,Appliances,129.99,A high-quality microwave — appliances product with excellent build quality and modern design.,/abo-images-small (1)/images/small/7b/7bc5733c.jpg
D:\FYP Project\fypapp\abo-images-small (1)\images\small\f5\f59efbbd.jpg,Bowl Set,Dinnerware,49.99,A high-quality bowl set — dinnerware product with excellent build quality and modern design.,/abo-images-small (1)/images/small/f5/f59efbbd.jpg
D:\FYP Project\fypapp\abo-images-small (1)\images\small\6f\6f5e78bd.jpg,iPhone,Smartphones,699.99,A high-quality iphone — smartphones product with excellent build quality and modern design.,/abo-images-small (1)/images/small/6f/6f5e78bd.jpg
D:\FYP Project\fypapp\abo-images-small (1)\images\small\05\05f2f717.jpg,Yoga Mat,Sports,34.99,A high-quality yoga mat — sports product with excellent build quality and modern design.,/abo-images-small (1)/images/small/05/05f2f717.jpg
D:\FYP Project\fypapp\abo-images-small (1)\images\small\3c\3c29f61c.jpg,Coffee Table,Tables,299.99,A high-quality coffee table — tables product with excellent build quality and modern design.,/abo-images-small (1)/images/small/3c/3c29f61c.jpg
D:\FYP Project\fypapp\abo-images-small (1)\images\small\5c\5c56ade5.jpg,Android Phone,Smartphones,699.99,A high-quality android phone — smartphones product with excellent build quality and modern design.,/abo-images-small (1)/images/small/5c/5c56ade5.jpg
D:\FYP Project\fypapp\abo-images-small (1)\images\small\11\11faa9eb.jpg,Coffee Maker,Appliances,129.99,A high-quality coffee maker — appliances product with excellent build quality and modern design.,/abo-images-small (1)/images/small/11/11faa9eb.jpg
D:\FYP Project\fypapp\abo-images-small (1)\images\small\2a\2a3fea2b.jpg,Sneakers,Shoes,89.99,A high-quality sneakers — shoes product with excellent build quality and modern design.,/abo-images-small (1)/images/small/2a/2a3fea2b.jpg
D:\FYP Project\fypapp\abo-images-small (1)\images\small\92\92bde0e7.jpg,iPad,Tablets,449.99,A high-quality ipad — tablets product with excellent build quality and modern design.,/abo-images-small (1)/images/small/92/92bde0e7.jpg
D:\FYP Project\fypapp\abo-images-small (1)\images\small\b7\b70a7ed4.jpg,Android Phone,Smartphones,699.99,A high-quality android phone — smartphones product with excellent build quality and modern design.,/abo-images-small (1)/images/small/b7/b70a7ed4.jpg
D:\FYP Project\fypapp\abo-images-small (1)\images\small\25\259bd1af.jpg,Earphones,Headphones,149.99,A high-quality earphones — headphones product with excellent build quality and modern design.,/abo-images-small (1)/images/small/25/259bd1af.jpg
D:\FYP Project\fypapp\abo-images-small (1)\images\small\f9\f978182c.jpg,Sneakers,Shoes,89.99,A high-quality sneakers — shoes product with excellent build quality and modern design.,/abo-images-small (1)/images/small/f9/f978182c.jpg
D:\FYP Project\fypapp\abo-images-small (1)\images\small\a5\a5eef058.jpg,Resistance Bands,Sports,34.99,A high-quality resistance bands — sports product with excellent build quality and modern design.,/abo-images-small (1)/images/small/a5/a5eef058.jpg
D:\FYP Project\fypapp\abo-images-small (1)\images\small\9c\9c1166ff.jpg,Casual Shoes,Shoes,89.99,A high-quality casual shoes — shoes product with excellent build quality and modern design.,/abo-images-small (1)/images/small/9c/9c1166ff.jpg
D:\FYP Project\fypapp\abo-images-small (1)\images\small\f9\f9e569bc.jpg,iPhone,Smartphones,699.99,A high-quality iphone — smartphones product with excellent build quality and modern design.,/abo-images-small (1)/images/small/f9/f9e569bc.jpg
D:\FYP Project\fypapp\abo-images-small (1)\images\small\b3\b3777b12.jpg,Bed Frame,Beds,499.99,A high-quality bed frame — beds product with excellent build quality and modern design.,/abo-images-small (1)/images/small/b3/b3777b12.jpg
D:\FYP Project\fypapp\abo-images-small (1)\images\small\23\23d8f43e.jpg,Resistance Bands,Sports,34.99,A high-quality resistance bands — sports product with excellent build quality and modern design.,/abo-images-small (1)/images/small/23/23d8f43e.jpg
D:\FYP Project\fypapp\abo-images-small (1)\images\small\9d\9d365977.jpg,Casual Shoes,Shoes,89.99,A high-quality casual shoes — shoes product with excellent build quality and modern design.,/abo-images-small (1)/images/small/9d/9d365977.jpg
D:\FYP Project\fypapp\abo-images-small (1)\images\small\b0\b005c0a8.jpg,Coffee Maker,Appliances,129.99,A high-quality coffee maker — appliances product with excellent build quality and modern design.,/abo-images-small (1)/images/small/b0/b005c0a8.jpg
D:\FYP Project\fypapp\abo-images-small (1)\images\small\4e\4ee60f23.jpg,Smartphone,Smartphones,699.99,A high-quality smartphone — smartphones product with excellent build quality and modern design.,/abo-images-small (1)/images/small/4e/4ee60f23.jpg
D:\FYP Project\fypapp\abo-images-small (1)\images\small\fc\fc752b23.jpg,Microwave,Appliances,129.99,A high-quality microwave — appliances product with excellent build quality and modern design.,/abo-images-small (1)/images/small/fc/fc752b23.jpg
D:\FYP Project\fypapp\abo-images-small (1)\images\small\b5\b5e70b44.jpg,Android Phone,Smartphones,699.99,A high-quality android phone — smartphones product with excellent build quality and modern design.,/abo-images-small (1)/images/small/b5/b5e70b44.jpg
D:\FYP Project\fypapp\abo-images-small (1)\images\small\df\dfd86946.jpg,Skillet,Cookware,89.99,A high-quality skillet — cookware product with excellent build quality and modern design.,/abo-images-small (1)/images/small/df/dfd86946.jpg
D:\FYP Project\fypapp\abo-images-small (1)\images\small\9e\9ecc37b3.jpg,Dinnerware Set,Dinnerware,49.99,A high-quality dinnerware set — dinnerware product with excellent build quality and modern design.,/abo-images-small (1)/images/small/9e/9ecc37b3.jpg
D:\FYP Project\fypapp\abo-images-small (1)\images\small\0b\0b66e301.jpg,Notebook PC,Laptops,899.99,A high-quality notebook pc — laptops product with excellent build quality and modern design.,/abo-images-small (1)/images/small/0b/0b66e301.jpg
D:\FYP Project\fypapp\abo-images-small (1)\images\small\14\147af08b.jpg,Side Table,Tables,299.99,A high-quality side table — tables product with excellent build quality and modern design.,/abo-images-small (1)/images/small/14/147af08b.jpg
D:\FYP Project\fypapp\abo-images-small (1)\images\small\a6\a6a97156.jpg,iPhone,Smartphones,699.99,A high-quality iphone — smartphones product with excellent build quality and modern design.,/abo-images-small (1)/images/small/a6/a6a97156.jpg
D:\FYP Project\fypapp\abo-images-small (1)\images\small\8c\8c0c9e1f.jpg,Smartphone,Smartphones,699.99,A high-quality smartphone — smartphones product with excellent build quality and modern design.,/abo-images-small (1)/images/small/8c/8c0c9e1f.jpg
D:\FYP Project\fypapp\abo-images-small (1)\images\small\94\94ddde9c.jpg,Non-Stick Pan,Cookware,89.99,A high-quality non-stick pan — cookware product with excellent build quality and modern design.,/abo-images-small (1)/images/small/94/94ddde9c.jpg
D:\FYP Project\fypapp\abo-images-small (1)\images\small\23\23a4eeaf.jpg,Android Phone,Smartphones,699.99,A high-quality android phone — smartphones product with excellent build quality and modern design.,/abo-images-small (1)/images/small/23/23a4eeaf.jpg
D:\FYP Project\fypapp\abo-images-small (1)\images\small\aa\aaf7832d.jpg,iPhone,Smartphones,699.99,A high-quality iphone — smartphones product with excellent build quality and modern design.,/abo-images-small (1)/images/small/aa/aaf7832d.jpg
D:\FYP Project\fypapp\abo-images-small (1)\images\small\9a\9a5513a0.jpg,Smartphone,Smartphones,699.99,A high-quality smartphone — smartphones product with excellent build quality and modern design.,/abo-images-small (1)/images/small/9a/9a5513a0.jpg
D:\FYP Project\fypapp\abo-images-small (1)\images\small\18\18ebc76a.jpg,Microwave,Appliances,129.99,A high-quality microwave — appliances product with excellent build quality and modern design.,/abo-images-small (1)/images/small/18/18ebc76a.jpg
D:\FYP Project\fypapp\abo-images-small (1)\images\small\1b\1b7a1234.jpg,Cooking Pot,Cookware,89.99,A high-quality cooking pot — cookware product with excellent build quality and modern design.,/abo-images-small (1)/images/small/1b/1b7a1234.jpg
D:\FYP Project\fypapp\abo-images-small (1)\images\small\6e\6eb07f1a.jpg,iPhone,Smartphones,699.99,A high-quality iphone — smartphones product with excellent build quality and modern design.,/abo-images-small (1)/images/small/6e/6eb07f1a.jpg
D:\FYP Project\fypapp\abo-images-small (1)\images\small\31\31eecfc2.jpg,Smartphone,Smartphones,699.99,A high-quality smartphone — smartphones product with excellent build quality and modern design.,/abo-images-small (1)/images/small/31/31eecfc2.jpg
D:\FYP Project\fypapp\abo-images-small (1)\images\small\16\161f5583.jpg,Mobile Phone,Smartphones,699.99,A high-quality mobile phone — smartphones product with excellent build quality and modern design.,/abo-images-small (1)/images/small/16/161f5583.jpg
D:\FYP Project\fypapp\abo-images-small (1)\images\small\2a\2a04687f.jpg,Android Phone,Smartphones,699.99,A high-quality android phone — smartphones product with excellent build quality and modern design.,/abo-images-small (1)/images/small/2a/2a04687f.jpg
D:\FYP Project\fypapp\abo-images-small (1)\images\small\5f\5fdc825f.jpg,iPhone,Smartphones,699.99,A high-quality iphone — smartphones product with excellent build quality and modern design.,/abo-images-small (1)/images/small/5f/5fdc825f.jpg
D:\FYP Project\fypapp\abo-images-small (1)\images\small\be\bebbb2c5.jpg,Smartphone,Smartphones,699.99,A high-quality smartphone — smartphones product with excellent build quality and modern design.,/abo-images-small (1)/images/small/be/bebbb2c5.jpg
D:\FYP Project\fypapp\abo-images-small (1)\images\small\6f\6f99b038.jpg,Mobile Phone,Smartphones,699.99,A high-quality mobile phone — smartphones product with excellent build quality and modern design.,/abo-images-small (1)/images/small/6f/6f99b038.jpg
D:\FYP Project\fypapp\abo-images-small (1)\images\small\84\84582047.jpg,Ultrabook,Laptops,899.99,A high-quality ultrabook — laptops product with excellent build quality and modern design.,/abo-images-small (1)/images/small/84/84582047.jpg
D:\FYP Project\fypapp\abo-images-small (1)\images\small\b8\b8b964de.jpg,iPhone,Smartphones,699.99,A high-quality iphone — smartphones product with excellent build quality and modern design.,/abo-images-small (1)/images/small/b8/b8b964de.jpg
D:\FYP Project\fypapp\abo-images-small (1)\images\small\66\666367dd.jpg,Digital Camera,Cameras,549.99,A high-quality digital camera — cameras product with excellent build quality and modern design.,/abo-images-small (1)/images/small/66/666367dd.jpg
D:\FYP Project\fypapp\abo-images-small (1)\images\small\c8\c85f202c.jpg,Queen Bed,Beds,499.99,A high-quality queen bed — beds product with excellent build quality and modern design.,/abo-images-small (1)/images/small/c8/c85f202c.jpg
D:\FYP Project\fypapp\abo-images-small (1)\images\small\b0\b08f1a38.jpg,Android Phone,Smartphones,699.99,A high-quality android phone — smartphones product with excellent build quality and modern design.,/abo-images-small (1)/images/small/b0/b08f1a38.jpg
D:\FYP Project\fypapp\abo-images-small (1)\images\small\95\95ec310c.jpg,Android Tablet,Tablets,449.99,A high-quality android tablet — tablets product with excellent build quality and modern design.,/abo-images-small (1)/images/small/95/95ec310c.jpg
D:\FYP Project\fypapp\abo-images-small (1)\images\small\d7\d782c9fa.jpg,Dining Table,Tables,299.99,A high-quality dining table — tables product with excellent build quality and modern design.,/abo-images-small (1)/images/small/d7/d782c9fa.jpg
D:\FYP Project\fypapp\abo-images-small (1)\images\small\e0\e0f16648.jpg,Resistance Bands,Sports,34.99,A high-quality resistance bands — sports product with excellent build quality and modern design.,/abo-images-small (1)/images/small/e0/e0f16648.jpg
D:\FYP Project\fypapp\abo-images-small (1)\images\small\bf\bffc0088.jpg,Sectional Sofa,Sofas,799.99,A high-quality sectional sofa — sofas product with excellent build quality and modern design.,/abo-images-small (1)/images/small/bf/bffc0088.jpg
D:\FYP Project\fypapp\abo-images-small (1)\images\small\4c\4cab1b64.jpg,iPhone,Smartphones,699.99,A high-quality iphone — smartphones product with excellent build quality and modern design.,/abo-images-small (1)/images/small/4c/4cab1b64.jpg
D:\FYP Project\fypapp\abo-images-small (1)\images\small\95\95df81be.jpg,Kitchen Appliance,Appliances,129.99,A high-quality kitchen appliance — appliances product with excellent build quality and modern design.,/abo-images-small (1)/images/small/95/95df81be.jpg
D:\FYP Project\fypapp\abo-images-small (1)\images\small\9d\9d31b4c4.jpg,Running Shoes,Shoes,89.99,A high-quality running shoes — shoes product with excellent build quality and modern design.,/abo-images-small (1)/images/small/9d/9d31b4c4.jpg
D:\FYP Project\fypapp\abo-images-small (1)\images\small\51\5145b71a.jpg,Casual Shoes,Shoes,89.99,A high-quality casual shoes — shoes product with excellent build quality and modern design.,/abo-images-small (1)/images/small/51/5145b71a.jpg
D:\FYP Project\fypapp\abo-images-small (1)\images\small\90\90090700.jpg,Coffee Maker,Appliances,129.99,A high-quality coffee maker — appliances product with excellent build quality and modern design.,/abo-images-small (1)/images/small/90/90090700.jpg
D:\FYP Project\fypapp\abo-images-small (1)\images\small\75\75436141.jpg,Sofa,Sofas,799.99,A high-quality sofa — sofas product with excellent build quality and modern design.,/abo-images-small (1)/images/small/75/75436141.jpg
D:\FYP Project\fypapp\abo-images-small (1)\images\small\9d\9d89b963.jpg,Non-Stick Pan,Cookware,89.99,A high-quality non-stick pan — cookware product with excellent build quality and modern design.,/abo-images-small (1)/images/small/9d/9d89b963.jpg
D:\FYP Project\fypapp\abo-images-small (1)\images\small\8a\8ac3a356.jpg,Blender,Appliances,129.99,A high-quality blender — appliances product with excellent build quality and modern design.,/abo-images-small (1)/images/small/8a/8ac3a356.jpg
D:\FYP Project\fypapp\abo-images-small (1)\images\small\90\90f74aec.jpg,Android Tablet,Tablets,449.99,A high-quality android tablet — tablets product with excellent build quality and modern design.,/abo-images-small (1)/images/small/90/90f74aec.jpg
D:\FYP Project\fypapp\abo-images-small (1)\images\small\1f\1fa90474.jpg,Bed Frame,Beds,499.99,A high-quality bed frame — beds product with excellent build quality and modern design.,/abo-images-small (1)/images/small/1f/1fa90474.jpg
D:\FYP Project\fypapp\abo-images-small (1)\images\small\6c\6c038d96.jpg,Ceramic Plates,Dinnerware,49.99,A high-quality ceramic plates — dinnerware product with excellent build quality and modern design.,/abo-images-small (1)/images/small/6c/6c038d96.jpg
D:\FYP Project\fypapp\abo-images-small (1)\images\small\95\95064a11.jpg,Sectional Sofa,Sofas,799.99,A high-quality sectional sofa — sofas product with excellent build quality and modern design.,/abo-images-small (1)/images/small/95/95064a11.jpg
D:\FYP Project\fypapp\abo-images-small (1)\images\small\c4\c40f4727.jpg,Action Camera,Cameras,549.99,A high-quality action camera — cameras product with excellent build quality and modern design.,/abo-images-small (1)/images/small/c4/c40f4727.jpg
D:\FYP Project\fypapp\abo-images-small (1)\images\small\58\58fd31c2.jpg,Headphones,Headphones,149.99,A high-quality headphones — headphones product with excellent build quality and modern design.,/abo-images-small (1)/images/small/58/58fd31c2.jpg
D:\FYP Project\fypapp\abo-images-small (1)\images\small\81\81d91aab.jpg,Mobile Phone,Smartphones,699.99,A high-quality mobile phone — smartphones product with excellent build quality and modern design.,/abo-images-small (1)/images/small/81/81d91aab.jpg
D:\FYP Project\fypapp\abo-images-small (1)\images\small\34\345e110b.jpg,Android Phone,Smartphones,699.99,A high-quality android phone — smartphones product with excellent build quality and modern design.,/abo-images-small (1)/images/small/34/345e110b.jpg
D:\FYP Project\fypapp\abo-images-small (1)\images\small\a5\a560a08c.jpg,Casual Top,Shirts,39.99,A high-quality casual top — shirts product with excellent build quality and modern design.,/abo-images-small (1)/images/small/a5/a560a08c.jpg
D:\FYP Project\fypapp\abo-images-small (1)\images\small\16\16ca8e9d.jpg,Sofa,Sofas,799.99,A high-quality sofa — sofas product with excellent build quality and modern design.,/abo-images-small (1)/images/small/16/16ca8e9d.jpg
D:\FYP Project\fypapp\abo-images-small (1)\images\small\d5\d5273b68.jpg,Mobile Phone,Smartphones,699.99,A high-quality mobile phone — smartphones product with excellent build quality and modern design.,/abo-images-small (1)/images/small/d5/d5273b68.jpg
D:\FYP Project\fypapp\abo-images-small (1)\images\small\1d\1d0bd1f7.jpg,Blender,Appliances,129.99,A high-quality blender — appliances product with excellent build quality and modern design.,/abo-images-small (1)/images/small/1d/1d0bd1f7.jpg
D:\FYP Project\fypapp\abo-images-small (1)\images\small\d2\d2e3504e.jpg,Recliner,Chairs,199.99,A high-quality recliner — chairs product with excellent build quality and modern design.,/abo-images-small (1)/images/small/d2/d2e3504e.jpg
D:\FYP Project\fypapp\abo-images-small (1)\images\small\96\96288413.jpg,Sneakers,Shoes,89.99,A high-quality sneakers — shoes product with excellent build quality and modern design.,/abo-images-small (1)/images/small/96/96288413.jpg
D:\FYP Project\fypapp\abo-images-small (1)\images\small\20\201524cc.jpg,Ceramic Plates,Dinnerware,49.99,A high-quality ceramic plates — dinnerware product with excellent build quality and modern design.,/abo-images-small (1)/images/small/20/201524cc.jpg
D:\FYP Project\fypapp\abo-images-small (1)\images\small\80\80e91b57.jpg,Cooking Pot,Cookware,89.99,A high-quality cooking pot — cookware product with excellent build quality and modern design.,/abo-images-small (1)/images/small/80/80e91b57.jpg
D:\FYP Project\fypapp\abo-images-small (1)\images\small\2b\2b858721.jpg,iPhone,Smartphones,699.99,A high-quality iphone — smartphones product with excellent build quality and modern design.,/abo-images-small (1)/images/small/2b/2b858721.jpg
D:\FYP Project\fypapp\abo-images-small (1)\images\small\c1\c1b425ed.jpg,Dinnerware Set,Dinnerware,49.99,A high-quality dinnerware set — dinnerware product with excellent build quality and modern design.,/abo-images-small (1)/images/small/c1/c1b425ed.jpg
D:\FYP Project\fypapp\abo-images-small (1)\images\small\14\14477372.jpg,Coffee Table,Tables,299.99,A high-quality coffee table — tables product with excellent build quality and modern design.,/abo-images-small (1)/images/small/14/14477372.jpg
D:\FYP Project\fypapp\abo-images-small (1)\images\small\c3\c35dada8.jpg,Over-Ear Headphones,Headphones,149.99,A high-quality over-ear headphones — headphones product with excellent build quality and modern design.,/abo-images-small (1)/images/small/c3/c35dada8.jpg
D:\FYP Project\fypapp\abo-images-small (1)\images\small\71\7110d93d.jpg,Desk,Tables,299.99,A high-quality desk — tables product with excellent build quality and modern design.,/abo-images-small (1)/images/small/71/7110d93d.jpg
D:\FYP Project\fypapp\abo-images-small (1)\images\small\28\28c3e2ce.jpg,Smartphone,Smartphones,699.99,A high-quality smartphone — smartphones product with excellent build quality and modern design.,/abo-images-small (1)/images/small/28/28c3e2ce.jpg
D:\FYP Project\fypapp\abo-images-small (1)\images\small\d0\d0f4d440.jpg,Non-Stick Pan,Cookware,89.99,A high-quality non-stick pan — cookware product with excellent build quality and modern design.,/abo-images-small (1)/images/small/d0/d0f4d440.jpg
D:\FYP Project\fypapp\abo-images-small (1)\images\small\7a\7a82820e.jpg,Side Table,Tables,299.99,A high-quality side table — tables product with excellent build quality and modern design.,/abo-images-small (1)/images/small/7a/7a82820e.jpg
D:\FYP Project\fypapp\abo-images-small (1)\images\small\93\935094a4.jpg,Backpack,Outdoors,149.99,A high-quality backpack — outdoors product with excellent build quality and modern design.,/abo-images-small (1)/images/small/93/935094a4.jpg
D:\FYP Project\fypapp\abo-images-small (1)\images\small\11\1197dec2.jpg,Kitchen Appliance,Appliances,129.99,A high-quality kitchen appliance — appliances product with excellent build quality and modern design.,/abo-images-small (1)/images/small/11/1197dec2.jpg
D:\FYP Project\fypapp\abo-images-small (1)\images\small\ce\ce04fa68.jpg,Dining Chair,Chairs,199.99,A high-quality dining chair — chairs product with excellent build quality and modern design.,/abo-images-small (1)/images/small/ce/ce04fa68.jpg
D:\FYP Project\fypapp\abo-images-small (1)\images\small\6b\6bfdd7d2.jpg,Fitness Equipment,Sports,34.99,A high-quality fitness equipment — sports product with excellent build quality and modern design.,/abo-images-small (1)/images/small/6b/6bfdd7d2.jpg
D:\FYP Project\fypapp\abo-images-small (1)\images\small\7a\7a060357.jpg,Boots,Shoes,89.99,A high-quality boots — shoes product with excellent build quality and modern design.,/abo-images-small (1)/images/small/7a/7a060357.jpg
D:\FYP Project\fypapp\abo-images-small (1)\images\small\ef\efb17fc2.jpg,Headphones,Headphones,149.99,A high-quality headphones — headphones product with excellent build quality and modern design.,/abo-images-small (1)/images/small/ef/efb17fc2.jpg
D:\FYP Project\fypapp\abo-images-small (1)\images\small\b1\b116c321.jpg,Resistance Bands,Sports,34.99,A high-quality resistance bands — sports product with excellent build quality and modern design.,/abo-images-small (1)/images/small/b1/b116c321.jpg
D:\FYP Project\fypapp\abo-images-small (1)\images\small\4b\4bd19c1d.jpg,Casual Shoes,Shoes,89.99,A high-quality casual shoes — shoes product with excellent build quality and modern design.,/abo-images-small (1)/images/small/4b/4bd19c1d.jpg
D:\FYP Project\fypapp\abo-images-small (1)\images\small\36\36456ee2.jpg,iPhone,Smartphones,699.99,A high-quality iphone — smartphones product with excellent build quality and modern design.,/abo-images-small (1)/images/small/36/36456ee2.jpg
D:\FYP Project\fypapp\abo-images-small (1)\images\small\a8\a8207a6f.jpg,Sneakers,Shoes,89.99,A high-quality sneakers — shoes product with excellent build quality and modern design.,/abo-images-small (1)/images/small/a8/a8207a6f.jpg
D:\FYP Project\fypapp\abo-images-small (1)\images\small\50\50171a9a.jpg,Dining Chair,Chairs,199.99,A high-quality dining chair — chairs product with excellent build quality and modern design.,/abo-images-small (1)/images/small/50/50171a9a.jpg
D:\FYP Project\fypapp\abo-images-small (1)\images\small\23\23bde87c.jpg,Casual Shoes,Shoes,89.99,A high-quality casual shoes — shoes product with excellent build quality and modern design.,/abo-images-small (1)/images/small/23/23bde87c.jpg
D:\FYP Project\fypapp\abo-images-small (1)\images\small\79\795ff682.jpg,iPhone,Smartphones,699.99,A high-quality iphone — smartphones product with excellent build quality and modern design.,/abo-images-small (1)/images/small/79/795ff682.jpg
D:\FYP Project\fypapp\abo-images-small (1)\images\small\c1\c1a1394c.jpg,Yoga Mat,Sports,34.99,A high-quality yoga mat — sports product with excellent build quality and modern design.,/abo-images-small (1)/images/small/c1/c1a1394c.jpg
D:\FYP Project\fypapp\abo-images-small (1)\images\small\7e\7ef6d3f1.jpg,Maxi Dress,Dresses,59.99,A high-quality maxi dress — dresses product with excellent build quality and modern design.,/abo-images-small (1)/images/small/7e/7ef6d3f1.jpg
D:\FYP Project\fypapp\abo-images-small (1)\images\small\26\263038c4.jpg,Casual Shoes,Shoes,89.99,A high-quality casual shoes — shoes product with excellent build quality and modern design.,/abo-images-small (1)/images/small/26/263038c4.jpg
D:\FYP Project\fypapp\abo-images-small (1)\images\small\eb\eba67938.jpg,iPhone,Smartphones,699.99,A high-quality iphone — smartphones product with excellent build quality and modern design.,/abo-images-small (1)/images/small/eb/eba67938.jpg
D:\FYP Project\fypapp\abo-images-small (1)\images\small\50\50a0aa62.jpg,Smartphone,Smartphones,699.99,A high-quality smartphone — smartphones product with excellent build quality and modern design.,/abo-images-small (1)/images/small/50/50a0aa62.jpg
D:\FYP Project\fypapp\abo-images-small (1)\images\small\95\95ac552e.jpg,Winter Coat,Jackets,119.99,A high-quality winter coat — jackets product with excellent build quality and modern design.,/abo-images-small (1)/images/small/95/95ac552e.jpg
D:\FYP Project\fypapp\abo-images-small (1)\images\small\c1\c1d83b6b.jpg,Puffer Jacket,Jackets,119.99,A high-quality puffer jacket — jackets product with excellent build quality and modern design.,/abo-images-small (1)/images/small/c1/c1d83b6b.jpg
D:\FYP Project\fypapp\abo-images-small (1)\images\small\09\09740d9c.jpg,Loveseat,Sofas,799.99,A high-quality loveseat — sofas product with excellent build quality and modern design.,/abo-images-small (1)/images/small/09/09740d9c.jpg
D:\FYP Project\fypapp\abo-images-small (1)\images\small\5d\5d020fbc.jpg,Dining Table,Tables,299.99,A high-quality dining table — tables product with excellent build quality and modern design.,/abo-images-small (1)/images/small/5d/5d020fbc.jpg
D:\FYP Project\fypapp\abo-images-small (1)\images\small\cf\cf147f70.jpg,Mobile Phone,Smartphones,699.99,A high-quality mobile phone — smartphones product with excellent build quality and modern design.,/abo-images-small (1)/images/small/cf/cf147f70.jpg
D:\FYP Project\fypapp\abo-images-small (1)\images\small\3e\3e322269.jpg,Android Phone,Smartphones,699.99,A high-quality android phone — smartphones product with excellent build quality and modern design.,/abo-images-small (1)/images/small/3e/3e322269.jpg
D:\FYP Project\fypapp\abo-images-small (1)\images\small\5f\5f4dce54.jpg,iPhone,Smartphones,699.99,A high-quality iphone — smartphones product with excellent build quality and modern design.,/abo-images-small (1)/images/small/5f/5f4dce54.jpg
D:\FYP Project\fypapp\abo-images-small (1)\images\small\6b\6b067105.jpg,Sofa,Sofas,799.99,A high-quality sofa — sofas product with excellent build quality and modern design.,/abo-images-small (1)/images/small/6b/6b067105.jpg
D:\FYP Project\fypapp\abo-images-small (1)\images\small\75\756f5c02.jpg,Microwave,Appliances,129.99,A high-quality microwave — appliances product with excellent build quality and modern design.,/abo-images-small (1)/images/small/75/756f5c02.jpg
D:\FYP Project\fypapp\abo-images-small (1)\images\small\79\79b7a648.jpg,Sectional Sofa,Sofas,799.99,A high-quality sectional sofa — sofas product with excellent build quality and modern design.,/abo-images-small (1)/images/small/79/79b7a648.jpg
D:\FYP Project\fypapp\abo-images-small (1)\images\small\02\024ffb3e.jpg,Boots,Shoes,89.99,A high-quality boots — shoes product with excellent build quality and modern design.,/abo-images-small (1)/images/small/02/024ffb3e.jpg
D:\FYP Project\fypapp\abo-images-small (1)\images\small\d5\d53882e1.jpg,Kitchen Appliance,Appliances,129.99,A high-quality kitchen appliance — appliances product with excellent build quality and modern design.,/abo-images-small (1)/images/small/d5/d53882e1.jpg
D:\FYP Project\fypapp\abo-images-small (1)\images\small\30\3069d353.jpg,Mobile Phone,Smartphones,699.99,A high-quality mobile phone — smartphones product with excellent build quality and modern design.,/abo-images-small (1)/images/small/30/3069d353.jpg
D:\FYP Project\fypapp\abo-images-small (1)\images\small\8b\8b905f5b.jpg,Puffer Jacket,Jackets,119.99,A high-quality puffer jacket — jackets product with excellent build quality and modern design.,/abo-images-small (1)/images/small/8b/8b905f5b.jpg
D:\FYP Project\fypapp\abo-images-small (1)\images\small\17\1787d521.jpg,Exercise Gear,Sports,34.99,A high-quality exercise gear — sports product with excellent build quality and modern design.,/abo-images-small (1)/images/small/17/1787d521.jpg
D:\FYP Project\fypapp\abo-images-small (1)\images\small\2f\2fe6164d.jpg,Sofa,Sofas,799.99,A high-quality sofa — sofas product with excellent build quality and modern design.,/abo-images-small (1)/images/small/2f/2fe6164d.jpg
D:\FYP Project\fypapp\abo-images-small (1)\images\small\0b\0b486ed0.jpg,Hiking Gear,Outdoors,149.99,A high-quality hiking gear — outdoors product with excellent build quality and modern design.,/abo-images-small (1)/images/small/0b/0b486ed0.jpg
D:\FYP Project\fypapp\abo-images-small (1)\images\small\1e\1ea1d658.jpg,Android Phone,Smartphones,699.99,A high-quality android phone — smartphones product with excellent build quality and modern design.,/abo-images-small (1)/images/small/1e/1ea1d658.jpg
D:\FYP Project\fypapp\abo-images-small (1)\images\small\b8\b8b486f1.jpg,Loveseat,Sofas,799.99,A high-quality loveseat — sofas product with excellent build quality and modern design.,/abo-images-small (1)/images/small/b8/b8b486f1.jpg
D:\FYP Project\fypapp\abo-images-small (1)\images\small\4c\4cbfb8fe.jpg,Office Chair,Chairs,199.99,A high-quality office chair — chairs product with excellent build quality and modern design.,/abo-images-small (1)/images/small/4c/4cbfb8fe.jpg
D:\FYP Project\fypapp\abo-images-small (1)\images\small\82\82674809.jpg,Resistance Bands,Sports,34.99,A high-quality resistance bands — sports product with excellent build quality and modern design.,/abo-images-small (1)/images/small/82/82674809.jpg
D:\FYP Project\fypapp\abo-images-small (1)\images\small\92\9273772d.jpg,Android Phone,Smartphones,699.99,A high-quality android phone — smartphones product with excellent build quality and modern design.,/abo-images-small (1)/images/small/92/9273772d.jpg
D:\FYP Project\fypapp\abo-images-small (1)\images\small\c4\c4982a86.jpg,iPhone,Smartphones,699.99,A high-quality iphone — smartphones product with excellent build quality and modern design.,/abo-images-small (1)/images/small/c4/c4982a86.jpg
D:\FYP Project\fypapp\abo-images-small (1)\images\small\75\75e543d6.jpg,Camping Tent,Outdoors,149.99,A high-quality camping tent — outdoors product with excellent build quality and modern design.,/abo-images-small (1)/images/small/75/75e543d6.jpg
D:\FYP Project\fypapp\abo-images-small (1)\images\small\f1\f1c6842e.jpg,Running Shoes,Shoes,89.99,A high-quality running shoes — shoes product with excellent build quality and modern design.,/abo-images-small (1)/images/small/f1/f1c6842e.jpg
D:\FYP Project\fypapp\abo-images-small (1)\images\small\7f\7fb4557f.jpg,Android Phone,Smartphones,699.99,A high-quality android phone — smartphones product with excellent build quality and modern design.,/abo-images-small (1)/images/small/7f/7fb4557f.jpg
D:\FYP Project\fypapp\abo-images-small (1)\images\small\6b\6ba9eefc.jpg,Skillet,Cookware,89.99,A high-quality skillet — cookware product with excellent build quality and modern design.,/abo-images-small (1)/images/small/6b/6ba9eefc.jpg
D:\FYP Project\fypapp\abo-images-small (1)\images\small\cf\cf0ec7b1.jpg,Smartphone,Smartphones,699.99,A high-quality smartphone — smartphones product with excellent build quality and modern design.,/abo-images-small (1)/images/small/cf/cf0ec7b1.jpg
D:\FYP Project\fypapp\abo-images-small (1)\images\small\1c\1ced6bc7.jpg,Dining Chair,Chairs,199.99,A high-quality dining chair — chairs product with excellent build quality and modern design.,/abo-images-small (1)/images/small/1c/1ced6bc7.jpg
D:\FYP Project\fypapp\abo-images-small (1)\images\small\12\12110c3a.jpg,Android Phone,Smartphones,699.99,A high-quality android phone — smartphones product with excellent build quality and modern design.,/abo-images-small (1)/images/small/12/12110c3a.jpg
D:\FYP Project\fypapp\abo-images-small (1)\images\small\36\3683f2c9.jpg,Desk,Tables,299.99,A high-quality desk — tables product with excellent build quality and modern design.,/abo-images-small (1)/images/small/36/3683f2c9.jpg
D:\FYP Project\fypapp\abo-images-small (1)\images\small\c1\c19ab1f0.jpg,Yoga Mat,Sports,34.99,A high-quality yoga mat — sports product with excellent build quality and modern design.,/abo-images-small (1)/images/small/c1/c19ab1f0.jpg
D:\FYP Project\fypapp\abo-images-small (1)\images\small\10\109722f1.jpg,Mobile Phone,Smartphones,699.99,A high-quality mobile phone — smartphones product with excellent build quality and modern design.,/abo-images-small (1)/images/small/10/109722f1.jpg
D:\FYP Project\fypapp\abo-images-small (1)\images\small\1b\1bed684f.jpg,Android Phone,Smartphones,699.99,A high-quality android phone — smartphones product with excellent build quality and modern design.,/abo-images-small (1)/images/small/1b/1bed684f.jpg
D:\FYP Project\fypapp\abo-images-small (1)\images\small\5e\5edc51c8.jpg,Desk,Tables,299.99,A high-quality desk — tables product with excellent build quality and modern design.,/abo-images-small (1)/images/small/5e/5edc51c8.jpg
D:\FYP Project\fypapp\abo-images-small (1)\images\small\9a\9a1df07a.jpg,T-Shirt,Shirts,39.99,A high-quality t-shirt — shirts product with excellent build quality and modern design.,/abo-images-small (1)/images/small/9a/9a1df07a.jpg
D:\FYP Project\fypapp\abo-images-small (1)\images\small\93\93b4ab63.jpg,Dress Shirt,Shirts,39.99,A high-quality dress shirt — shirts product with excellent build quality and modern design.,/abo-images-small (1)/images/small/93/93b4ab63.jpg
D:\FYP Project\fypapp\abo-images-small (1)\images\small\e2\e2836fa1.jpg,Outdoor Equipment,Outdoors,149.99,A high-quality outdoor equipment — outdoors product with excellent build quality and modern design.,/abo-images-small (1)/images/small/e2/e2836fa1.jpg
D:\FYP Project\fypapp\abo-images-small (1)\images\small\d3\d38c82f0.jpg,Loveseat,Sofas,799.99,A high-quality loveseat — sofas product with excellent build quality and modern design.,/abo-images-small (1)/images/small/d3/d38c82f0.jpg
D:\FYP Project\fypapp\abo-images-small (1)\images\small\90\902d2e68.jpg,Dinnerware Set,Dinnerware,49.99,A high-quality dinnerware set — dinnerware product with excellent build quality and modern design.,/abo-images-small (1)/images/small/90/902d2e68.jpg
D:\FYP Project\fypapp\abo-images-small (1)\images\small\5f\5f4ca03d.jpg,Hiking Gear,Outdoors,149.99,A high-quality hiking gear — outdoors product with excellent build quality and modern design.,/abo-images-small (1)/images/small/5f/5f4ca03d.jpg
D:\FYP Project\fypapp\abo-images-small (1)\images\small\4c\4cec2c3b.jpg,Casual Shoes,Shoes,89.99,A high-quality casual shoes — shoes product with excellent build quality and modern design.,/abo-images-small (1)/images/small/4c/4cec2c3b.jpg
D:\FYP Project\fypapp\abo-images-small (1)\images\small\b3\b32380f3.jpg,iPhone,Smartphones,699.99,A high-quality iphone — smartphones product with excellent build quality and modern design.,/abo-images-small (1)/images/small/b3/b32380f3.jpg
D:\FYP Project\fypapp\abo-images-small (1)\images\small\25\25a13a04.jpg,Kitchen Appliance,Appliances,129.99,A high-quality kitchen appliance — appliances product with excellent build quality and modern design.,/abo-images-small (1)/images/small/25/25a13a04.jpg
D:\FYP Project\fypapp\abo-images-small (1)\images\small\d1\d156bcff.jpg,Winter Coat,Jackets,119.99,A high-quality winter coat — jackets product with excellent build quality and modern design.,/abo-images-small (1)/images/small/d1/d156bcff.jpg
D:\FYP Project\fypapp\abo-images-small (1)\images\small\e7\e7842bfc.jpg,Android Phone,Smartphones,699.99,A high-quality android phone — smartphones product with excellent build quality and modern design.,/abo-images-small (1)/images/small/e7/e7842bfc.jpg
D:\FYP Project\fypapp\abo-images-small (1)\images\small\24\24c23021.jpg,iPhone,Smartphones,699.99,A high-quality iphone — smartphones product with excellent build quality and modern design.,/abo-images-small (1)/images/small/24/24c23021.jpg
D:\FYP Project\fypapp\abo-images-small (1)\images\small\62\627a5845.jpg,Camping Tent,Outdoors,149.99,A high-quality camping tent — outdoors product with excellent build quality and modern design.,/abo-images-small (1)/images/small/62/627a5845.jpg
D:\FYP Project\fypapp\abo-images-small (1)\images\small\f2\f2662939.jpg,iPad,Tablets,449.99,A high-quality ipad — tablets product with excellent build quality and modern design.,/abo-images-small (1)/images/small/f2/f2662939.jpg
D:\FYP Project\fypapp\abo-images-small (1)\images\small\b7\b77fcc5f.jpg,Android Phone,Smartphones,699.99,A high-quality android phone — smartphones product with excellent build quality and modern design.,/abo-images-small (1)/images/small/b7/b77fcc5f.jpg
D:\FYP Project\fypapp\abo-images-small (1)\images\small\6a\6ad71f01.jpg,Android Tablet,Tablets,449.99,A high-quality android tablet — tablets product with excellent build quality and modern design.,/abo-images-small (1)/images/small/6a/6ad71f01.jpg
D:\FYP Project\fypapp\abo-images-small (1)\images\small\d9\d9994ba5.jpg,Headphones,Headphones,149.99,A high-quality headphones — headphones product with excellent build quality and modern design.,/abo-images-small (1)/images/small/d9/d9994ba5.jpg
D:\FYP Project\fypapp\abo-images-small (1)\images\small\e2\e2b180c5.jpg,Running Shoes,Shoes,89.99,A high-quality running shoes — shoes product with excellent build quality and modern design.,/abo-images-small (1)/images/small/e2/e2b180c5.jpg
D:\FYP Project\fypapp\abo-images-small (1)\images\small\89\89650f42.jpg,Android Phone,Smartphones,699.99,A high-quality android phone — smartphones product with excellent build quality and modern design.,/abo-images-small (1)/images/small/89/89650f42.jpg
D:\FYP Project\fypapp\abo-images-small (1)\images\small\12\129251cb.jpg,Windbreaker,Jackets,119.99,A high-quality windbreaker — jackets product with excellent build quality and modern design.,/abo-images-small (1)/images/small/12/129251cb.jpg
D:\FYP Project\fypapp\abo-images-small (1)\images\small\02\02a845ff.jpg,Jeans,Jeans,69.99,A high-quality jeans — jeans product with excellent build quality and modern design.,/abo-images-small (1)/images/small/02/02a845ff.jpg
D:\FYP Project\fypapp\abo-images-small (1)\images\small\48\48f58d8f.jpg,Non-Stick Pan,Cookware,89.99,A high-quality non-stick pan — cookware product with excellent build quality and modern design.,/abo-images-small (1)/images/small/48/48f58d8f.jpg
D:\FYP Project\fypapp\abo-images-small (1)\images\small\68\68c50501.jpg,Blender,Appliances,129.99,A high-quality blender — appliances product with excellent build quality and modern design.,/abo-images-small (1)/images/small/68/68c50501.jpg
D:\FYP Project\fypapp\abo-images-small (1)\images\small\4b\4b6dca28.jpg,iPhone,Smartphones,699.99,A high-quality iphone — smartphones product with excellent build quality and modern design.,/abo-images-small (1)/images/small/4b/4b6dca28.jpg
D:\FYP Project\fypapp\abo-images-small (1)\images\small\2e\2e7cdbc8.jpg,Tablet,Tablets,449.99,A high-quality tablet — tablets product with excellent build quality and modern design.,/abo-images-small (1)/images/small/2e/2e7cdbc8.jpg
D:\FYP Project\fypapp\abo-images-small (1)\images\small\59\592a6dfb.jpg,Mobile Phone,Smartphones,699.99,A high-quality mobile phone — smartphones product with excellent build quality and modern design.,/abo-images-small (1)/images/small/59/592a6dfb.jpg
D:\FYP Project\fypapp\abo-images-small (1)\images\small\64\64941f32.jpg,King Bed,Beds,499.99,A high-quality king bed — beds product with excellent build quality and modern design.,/abo-images-small (1)/images/small/64/64941f32.jpg
D:\FYP Project\fypapp\abo-images-small (1)\images\small\d1\d1ba34c0.jpg,iPhone,Smartphones,699.99,A high-quality iphone — smartphones product with excellent build quality and modern design.,/abo-images-small (1)/images/small/d1/d1ba34c0.jpg
D:\FYP Project\fypapp\abo-images-small (1)\images\small\f1\f18584fa.jpg,Bed Frame,Beds,499.99,A high-quality bed frame — beds product with excellent build quality and modern design.,/abo-images-small (1)/images/small/f1/f18584fa.jpg
D:\FYP Project\fypapp\abo-images-small (1)\images\small\02\02cc1094.jpg,Queen Bed,Beds,499.99,A high-quality queen bed — beds product with excellent build quality and modern design.,/abo-images-small (1)/images/small/02/02cc1094.jpg
D:\FYP Project\fypapp\abo-images-small (1)\images\small\ad\ade13e93.jpg,Android Phone,Smartphones,699.99,A high-quality android phone — smartphones product with excellent build quality and modern design.,/abo-images-small (1)/images/small/ad/ade13e93.jpg
D:\FYP Project\fypapp\abo-images-small (1)\images\small\95\95f4b937.jpg,Desk,Tables,299.99,A high-quality desk — tables product with excellent build quality and modern design.,/abo-images-small (1)/images/small/95/95f4b937.jpg
D:\FYP Project\fypapp\abo-images-small (1)\images\small\3c\3ca0b5b7.jpg,Smartphone,Smartphones,699.99,A high-quality smartphone — smartphones product with excellent build quality and modern design.,/abo-images-small (1)/images/small/3c/3ca0b5b7.jpg
D:\FYP Project\fypapp\abo-images-small (1)\images\small\2b\2b2ae081.jpg,Maxi Dress,Dresses,59.99,A high-quality maxi dress — dresses product with excellent build quality and modern design.,/abo-images-small (1)/images/small/2b/2b2ae081.jpg
D:\FYP Project\fypapp\abo-images-small (1)\images\small\83\83fad7ee.jpg,King Bed,Beds,499.99,A high-quality king bed — beds product with excellent build quality and modern design.,/abo-images-small (1)/images/small/83/83fad7ee.jpg
D:\FYP Project\fypapp\abo-images-small (1)\images\small\b9\b91b52af.jpg,iPhone,Smartphones,699.99,A high-quality iphone — smartphones product with excellent build quality and modern design.,/abo-images-small (1)/images/small/b9/b91b52af.jpg
D:\FYP Project\fypapp\abo-images-small (1)\images\small\cc\cc0a4320.jpg,Tablet,Tablets,449.99,A high-quality tablet — tablets product with excellent build quality and modern design.,/abo-images-small (1)/images/small/cc/cc0a4320.jpg
D:\FYP Project\fypapp\abo-images-small (1)\images\small\ae\aecc3efa.jpg,Mobile Phone,Smartphones,699.99,A high-quality mobile phone — smartphones product with excellent build quality and modern design.,/abo-images-small (1)/images/small/ae/aecc3efa.jpg
D:\FYP Project\fypapp\abo-images-small (1)\images\small\7a\7aa1047e.jpg,Android Phone,Smartphones,699.99,A high-quality android phone — smartphones product with excellent build quality and modern design.,/abo-images-small (1)/images/small/7a/7aa1047e.jpg
D:\FYP Project\fypapp\abo-images-small (1)\images\small\18\1888fabf.jpg,Recliner,Chairs,199.99,A high-quality recliner — chairs product with excellent build quality and modern design.,/abo-images-small (1)/images/small/18/1888fabf.jpg
D:\FYP Project\fypapp\abo-images-small (1)\images\small\8a\8a0a52c6.jpg,Dress,Dresses,59.99,A high-quality dress — dresses product with excellent build quality and modern design.,/abo-images-small (1)/images/small/8a/8a0a52c6.jpg
D:\FYP Project\fypapp\abo-images-small (1)\images\small\0e\0e57ff7f.jpg,Queen Bed,Beds,499.99,A high-quality queen bed — beds product with excellent build quality and modern design.,/abo-images-small (1)/images/small/0e/0e57ff7f.jpg
D:\FYP Project\fypapp\abo-images-small (1)\images\small\97\97de48c4.jpg,Android Phone,Smartphones,699.99,A high-quality android phone — smartphones product with excellent build quality and modern design.,/abo-images-small (1)/images/small/97/97de48c4.jpg
D:\FYP Project\fypapp\abo-images-small (1)\images\small\06\06e6c4d0.jpg,Android Tablet,Tablets,449.99,A high-quality android tablet — tablets product with excellent build quality and modern design.,/abo-images-small (1)/images/small/06/06e6c4d0.jpg
D:\FYP Project\fypapp\abo-images-small (1)\images\small\df\df0cb96f.jpg,Dinnerware Set,Dinnerware,49.99,A high-quality dinnerware set — dinnerware product with excellent build quality and modern design.,/abo-images-small (1)/images/small/df/df0cb96f.jpg
D:\FYP Project\fypapp\abo-images-small (1)\images\small\1a\1a691cf0.jpg,Resistance Bands,Sports,34.99,A high-quality resistance bands — sports product with excellent build quality and modern design.,/abo-images-small (1)/images/small/1a/1a691cf0.jpg
D:\FYP Project\fypapp\abo-images-small (1)\images\small\6c\6c26401d.jpg,Accent Chair,Chairs,199.99,A high-quality accent chair — chairs product with excellent build quality and modern design.,/abo-images-small (1)/images/small/6c/6c26401d.jpg
D:\FYP Project\fypapp\abo-images-small (1)\images\small\95\95b2ba6e.jpg,Coffee Maker,Appliances,129.99,A high-quality coffee maker — appliances product with excellent build quality and modern design.,/abo-images-small (1)/images/small/95/95b2ba6e.jpg
D:\FYP Project\fypapp\abo-images-small (1)\images\small\8c\8cf35629.jpg,Dining Table,Tables,299.99,A high-quality dining table — tables product with excellent build quality and modern design.,/abo-images-small (1)/images/small/8c/8cf35629.jpg
D:\FYP Project\fypapp\abo-images-small (1)\images\small\91\91cfd85d.jpg,Mobile Phone,Smartphones,699.99,A high-quality mobile phone — smartphones product with excellent build quality and modern design.,/abo-images-small (1)/images/small/91/91cfd85d.jpg
D:\FYP Project\fypapp\abo-images-small (1)\images\small\c0\c0040874.jpg,Casual Shoes,Shoes,89.99,A high-quality casual shoes — shoes product with excellent build quality and modern design.,/abo-images-small (1)/images/small/c0/c0040874.jpg
D:\FYP Project\fypapp\abo-images-small (1)\images\small\ca\ca75722c.jpg,Loveseat,Sofas,799.99,A high-quality loveseat — sofas product with excellent build quality and modern design.,/abo-images-small (1)/images/small/ca/ca75722c.jpg
D:\FYP Project\fypapp\abo-images-small (1)\images\small\8d\8d33348b.jpg,Dining Table,Tables,299.99,A high-quality dining table — tables product with excellent build quality and modern design.,/abo-images-small (1)/images/small/8d/8d33348b.jpg
D:\FYP Project\fypapp\abo-images-small (1)\images\small\07\07d99588.jpg,Resistance Bands,Sports,34.99,A high-quality resistance bands — sports product with excellent build quality and modern design.,/abo-images-small (1)/images/small/07/07d99588.jpg
D:\FYP Project\fypapp\abo-images-small (1)\images\small\6f\6f7793dc.jpg,Bowl Set,Dinnerware,49.99,A high-quality bowl set — dinnerware product with excellent build quality and modern design.,/abo-images-small (1)/images/small/6f/6f7793dc.jpg
D:\FYP Project\fypapp\abo-images-small (1)\images\small\3b\3b856d6e.jpg,Boots,Shoes,89.99,A high-quality boots — shoes product with excellent build quality and modern design.,/abo-images-small (1)/images/small/3b/3b856d6e.jpg
D:\FYP Project\fypapp\abo-images-small (1)\images\small\9f\9f7ca586.jpg,Headphones,Headphones,149.99,A high-quality headphones — headphones product with excellent build quality and modern design.,/abo-images-small (1)/images/small/9f/9f7ca586.jpg
D:\FYP Project\fypapp\abo-images-small (1)\images\small\7c\7cf138ec.jpg,Coffee Table,Tables,299.99,A high-quality coffee table — tables product with excellent build quality and modern design.,/abo-images-small (1)/images/small/7c/7cf138ec.jpg
D:\FYP Project\fypapp\abo-images-small (1)\images\small\d4\d46b5530.jpg,Casual Shoes,Shoes,89.99,A high-quality casual shoes — shoes product with excellent build quality and modern design.,/abo-images-small (1)/images/small/d4/d46b5530.jpg
D:\FYP Project\fypapp\abo-images-small (1)\images\small\98\9809648b.jpg,Floral Dress,Dresses,59.99,A high-quality floral dress — dresses product with excellent build quality and modern design.,/abo-images-small (1)/images/small/98/9809648b.jpg
D:\FYP Project\fypapp\abo-images-small (1)\images\small\22\22c7adaf.jpg,Smartphone,Smartphones,699.99,A high-quality smartphone — smartphones product with excellent build quality and modern design.,/abo-images-small (1)/images/small/22/22c7adaf.jpg
D:\FYP Project\fypapp\abo-images-small (1)\images\small\db\db99a98d.jpg,Microwave,Appliances,129.99,A high-quality microwave — appliances product with excellent build quality and modern design.,/abo-images-small (1)/images/small/db/db99a98d.jpg
D:\FYP Project\fypapp\abo-images-small (1)\images\small\97\97af5868.jpg,Android Phone,Smartphones,699.99,A high-quality android phone — smartphones product with excellent build quality and modern design.,/abo-images-small (1)/images/small/97/97af5868.jpg
D:\FYP Project\fypapp\abo-images-small (1)\images\small\dd\dd12bbd2.jpg,Boots,Shoes,89.99,A high-quality boots — shoes product with excellent build quality and modern design.,/abo-images-small (1)/images/small/dd/dd12bbd2.jpg
D:\FYP Project\fypapp\abo-images-small (1)\images\small\b6\b678c969.jpg,Yoga Mat,Sports,34.99,A high-quality yoga mat — sports product with excellent build quality and modern design.,/abo-images-small (1)/images/small/b6/b678c969.jpg
D:\FYP Project\fypapp\abo-images-small (1)\images\small\1a\1adbf520.jpg,Mobile Phone,Smartphones,699.99,A high-quality mobile phone — smartphones product with excellent build quality and modern design.,/abo-images-small (1)/images/small/1a/1adbf520.jpg
D:\FYP Project\fypapp\abo-images-small (1)\images\small\cc\cc7804ea.jpg,Android Phone,Smartphones,699.99,A high-quality android phone — smartphones product with excellent build quality and modern design.,/abo-images-small (1)/images/small/cc/cc7804ea.jpg
D:\FYP Project\fypapp\abo-images-small (1)\images\small\6b\6b3078d4.jpg,iPhone,Smartphones,699.99,A high-quality iphone — smartphones product with excellent build quality and modern design.,/abo-images-small (1)/images/small/6b/6b3078d4.jpg
D:\FYP Project\fypapp\abo-images-small (1)\images\small\75\7564dafd.jpg,Sneakers,Shoes,89.99,A high-quality sneakers — shoes product with excellent build quality and modern design.,/abo-images-small (1)/images/small/75/7564dafd.jpg
D:\FYP Project\fypapp\abo-images-small (1)\images\small\db\db9c52b4.jpg,Hiking Gear,Outdoors,149.99,A high-quality hiking gear — outdoors product with excellent build quality and modern design.,/abo-images-small (1)/images/small/db/db9c52b4.jpg
D:\FYP Project\fypapp\abo-images-small (1)\images\small\72\72681207.jpg,King Bed,Beds,499.99,A high-quality king bed — beds product with excellent build quality and modern design.,/abo-images-small (1)/images/small/72/72681207.jpg
D:\FYP Project\fypapp\abo-images-small (1)\images\small\3a\3a546fb6.jpg,Platform Bed,Beds,499.99,A high-quality platform bed — beds product with excellent build quality and modern design.,/abo-images-small (1)/images/small/3a/3a546fb6.jpg
D:\FYP Project\fypapp\abo-images-small (1)\images\small\19\19f61ead.jpg,Sofa,Sofas,799.99,A high-quality sofa — sofas product with excellent build quality and modern design.,/abo-images-small (1)/images/small/19/19f61ead.jpg
D:\FYP Project\fypapp\abo-images-small (1)\images\small\b2\b26c8cf7.jpg,Dining Chair,Chairs,199.99,A high-quality dining chair — chairs product with excellent build quality and modern design.,/abo-images-small (1)/images/small/b2/b26c8cf7.jpg
D:\FYP Project\fypapp\abo-images-small (1)\images\small\d8\d8b85f24.jpg,Accent Chair,Chairs,199.99,A high-quality accent chair — chairs product with excellent build quality and modern design.,/abo-images-small (1)/images/small/d8/d8b85f24.jpg
D:\FYP Project\fypapp\abo-images-small (1)\images\small\d5\d5624e0d.jpg,Loveseat,Sofas,799.99,A high-quality loveseat — sofas product with excellent build quality and modern design.,/abo-images-small (1)/images/small/d5/d5624e0d.jpg
D:\FYP Project\fypapp\abo-images-small (1)\images\small\b2\b21d855e.jpg,Smartphone,Smartphones,699.99,A high-quality smartphone — smartphones product with excellent build quality and modern design.,/abo-images-small (1)/images/small/b2/b21d855e.jpg
D:\FYP Project\fypapp\abo-images-small (1)\images\small\43\43d99733.jpg,Maxi Dress,Dresses,59.99,A high-quality maxi dress — dresses product with excellent build quality and modern design.,/abo-images-small (1)/images/small/43/43d99733.jpg
D:\FYP Project\fypapp\abo-images-small (1)\images\small\78\78f98582.jpg,King Bed,Beds,499.99,A high-quality king bed — beds product with excellent build quality and modern design.,/abo-images-small (1)/images/small/78/78f98582.jpg
D:\FYP Project\fypapp\abo-images-small (1)\images\small\eb\eb7d1d32.jpg,Platform Bed,Beds,499.99,A high-quality platform bed — beds product with excellent build quality and modern design.,/abo-images-small (1)/images/small/eb/eb7d1d32.jpg
D:\FYP Project\fypapp\abo-images-small (1)\images\small\31\31c88a9c.jpg,Smartphone,Smartphones,699.99,A high-quality smartphone — smartphones product with excellent build quality and modern design.,/abo-images-small (1)/images/small/31/31c88a9c.jpg
D:\FYP Project\fypapp\abo-images-small (1)\images\small\53\53c744b3.jpg,Resistance Bands,Sports,34.99,A high-quality resistance bands — sports product with excellent build quality and modern design.,/abo-images-small (1)/images/small/53/53c744b3.jpg
D:\FYP Project\fypapp\abo-images-small (1)\images\small\ed\edb86cc2.jpg,Cooking Pot,Cookware,89.99,A high-quality cooking pot — cookware product with excellent build quality and modern design.,/abo-images-small (1)/images/small/ed/edb86cc2.jpg
D:\FYP Project\fypapp\abo-images-small (1)\images\small\31\31762a15.jpg,iPhone,Smartphones,699.99,A high-quality iphone — smartphones product with excellent build quality and modern design.,/abo-images-small (1)/images/small/31/31762a15.jpg
D:\FYP Project\fypapp\abo-images-small (1)\images\small\59\59327895.jpg,Smartphone,Smartphones,699.99,A high-quality smartphone — smartphones product with excellent build quality and modern design.,/abo-images-small (1)/images/small/59/59327895.jpg
D:\FYP Project\fypapp\abo-images-small (1)\images\small\45\45126da4.jpg,Non-Stick Pan,Cookware,89.99,A high-quality non-stick pan — cookware product with excellent build quality and modern design.,/abo-images-small (1)/images/small/45/45126da4.jpg
D:\FYP Project\fypapp\abo-images-small (1)\images\small\3b\3bef31f0.jpg,Android Phone,Smartphones,699.99,A high-quality android phone — smartphones product with excellent build quality and modern design.,/abo-images-small (1)/images/small/3b/3bef31f0.jpg
D:\FYP Project\fypapp\abo-images-small (1)\images\small\f7\f7fa5cb2.jpg,Desk,Tables,299.99,A high-quality desk — tables product with excellent build quality and modern design.,/abo-images-small (1)/images/small/f7/f7fa5cb2.jpg
D:\FYP Project\fypapp\abo-images-small (1)\images\small\f3\f39fc15d.jpg,Smartphone,Smartphones,699.99,A high-quality smartphone — smartphones product with excellent build quality and modern design.,/abo-images-small (1)/images/small/f3/f39fc15d.jpg
D:\FYP Project\fypapp\abo-images-small (1)\images\small\3d\3d2089da.jpg,Ceramic Plates,Dinnerware,49.99,A high-quality ceramic plates — dinnerware product with excellent build quality and modern design.,/abo-images-small (1)/images/small/3d/3d2089da.jpg
D:\FYP Project\fypapp\abo-images-small (1)\images\small\ac\ace16f3a.jpg,Blender,Appliances,129.99,A high-quality blender — appliances product with excellent build quality and modern design.,/abo-images-small (1)/images/small/ac/ace16f3a.jpg
D:\FYP Project\fypapp\abo-images-small (1)\images\small\a1\a160bd62.jpg,Earphones,Headphones,149.99,A high-quality earphones — headphones product with excellent build quality and modern design.,/abo-images-small (1)/images/small/a1/a160bd62.jpg
D:\FYP Project\fypapp\abo-images-small (1)\images\small\9c\9c61889f.jpg,Jeans,Jeans,69.99,A high-quality jeans — jeans product with excellent build quality and modern design.,/abo-images-small (1)/images/small/9c/9c61889f.jpg
D:\FYP Project\fypapp\abo-images-small (1)\images\small\6f\6f20c8ac.jpg,Coffee Table,Tables,299.99,A high-quality coffee table — tables product with excellent build quality and modern design.,/abo-images-small (1)/images/small/6f/6f20c8ac.jpg
D:\FYP Project\fypapp\abo-images-small (1)\images\small\6d\6d300a77.jpg,Blender,Appliances,129.99,A high-quality blender — appliances product with excellent build quality and modern design.,/abo-images-small (1)/images/small/6d/6d300a77.jpg
D:\FYP Project\fypapp\abo-images-small (1)\images\small\32\32bed264.jpg,iPhone,Smartphones,699.99,A high-quality iphone — smartphones product with excellent build quality and modern design.,/abo-images-small (1)/images/small/32/32bed264.jpg
D:\FYP Project\fypapp\abo-images-small (1)\images\small\98\98f81c7d.jpg,Cookware Set,Cookware,89.99,A high-quality cookware set — cookware product with excellent build quality and modern design.,/abo-images-small (1)/images/small/98/98f81c7d.jpg
D:\FYP Project\fypapp\abo-images-small (1)\images\small\17\1731bdc7.jpg,Non-Stick Pan,Cookware,89.99,A high-quality non-stick pan — cookware product with excellent build quality and modern design.,/abo-images-small (1)/images/small/17/1731bdc7.jpg
D:\FYP Project\fypapp\abo-images-small (1)\images\small\a2\a2cb0e87.jpg,Android Phone,Smartphones,699.99,A high-quality android phone — smartphones product with excellent build quality and modern design.,/abo-images-small (1)/images/small/a2/a2cb0e87.jpg
D:\FYP Project\fypapp\abo-images-small (1)\images\small\d5\d54732b4.jpg,Exercise Gear,Sports,34.99,A high-quality exercise gear — sports product with excellent build quality and modern design.,/abo-images-small (1)/images/small/d5/d54732b4.jpg
D:\FYP Project\fypapp\abo-images-small (1)\images\small\69\6937e0ff.jpg,Dress,Dresses,59.99,A high-quality dress — dresses product with excellent build quality and modern design.,/abo-images-small (1)/images/small/69/6937e0ff.jpg
D:\FYP Project\fypapp\abo-images-small (1)\images\small\5f\5fdb305d.jpg,Running Shoes,Shoes,89.99,A high-quality running shoes — shoes product with excellent build quality and modern design.,/abo-images-small (1)/images/small/5f/5fdb305d.jpg
D:\FYP Project\fypapp\abo-images-small (1)\images\small\13\1315ffab.jpg,Digital Tablet,Tablets,449.99,A high-quality digital tablet — tablets product with excellent build quality and modern design.,/abo-images-small (1)/images/small/13/1315ffab.jpg
D:\FYP Project\fypapp\abo-images-small (1)\images\small\7a\7a1758f4.jpg,Boots,Shoes,89.99,A high-quality boots — shoes product with excellent build quality and modern design.,/abo-images-small (1)/images/small/7a/7a1758f4.jpg
D:\FYP Project\fypapp\abo-images-small (1)\images\small\c3\c311c9e5.jpg,Kitchen Appliance,Appliances,129.99,A high-quality kitchen appliance — appliances product with excellent build quality and modern design.,/abo-images-small (1)/images/small/c3/c311c9e5.jpg
D:\FYP Project\fypapp\abo-images-small (1)\images\small\19\19162345.jpg,Notebook PC,Laptops,899.99,A high-quality notebook pc — laptops product with excellent build quality and modern design.,/abo-images-small (1)/images/small/19/19162345.jpg
D:\FYP Project\fypapp\abo-images-small (1)\images\small\e6\e6d4b165.jpg,Straight Jeans,Jeans,69.99,A high-quality straight jeans — jeans product with excellent build quality and modern design.,/abo-images-small (1)/images/small/e6/e6d4b165.jpg
D:\FYP Project\fypapp\abo-images-small (1)\images\small\e1\e1dd1c40.jpg,iPhone,Smartphones,699.99,A high-quality iphone — smartphones product with excellent build quality and modern design.,/abo-images-small (1)/images/small/e1/e1dd1c40.jpg
D:\FYP Project\fypapp\abo-images-small (1)\images\small\c5\c5a9491d.jpg,Cookware Set,Cookware,89.99,A high-quality cookware set — cookware product with excellent build quality and modern design.,/abo-images-small (1)/images/small/c5/c5a9491d.jpg
D:\FYP Project\fypapp\abo-images-small (1)\images\small\0c\0ce1ca12.jpg,Running Shoes,Shoes,89.99,A high-quality running shoes — shoes product with excellent build quality and modern design.,/abo-images-small (1)/images/small/0c/0ce1ca12.jpg
D:\FYP Project\fypapp\abo-images-small (1)\images\small\13\136495d5.jpg,Blender,Appliances,129.99,A high-quality blender — appliances product with excellent build quality and modern design.,/abo-images-small (1)/images/small/13/136495d5.jpg
D:\FYP Project\fypapp\abo-images-small (1)\images\small\7f\7f37822e.jpg,Earphones,Headphones,149.99,A high-quality earphones — headphones product with excellent build quality and modern design.,/abo-images-small (1)/images/small/7f/7f37822e.jpg
D:\FYP Project\fypapp\abo-images-small (1)\images\small\63\63a7500a.jpg,Sneakers,Shoes,89.99,A high-quality sneakers — shoes product with excellent build quality and modern design.,/abo-images-small (1)/images/small/63/63a7500a.jpg
D:\FYP Project\fypapp\abo-images-small (1)\images\small\1a\1a150eab.jpg,Mobile Phone,Smartphones,699.99,A high-quality mobile phone — smartphones product with excellent build quality and modern design.,/abo-images-small (1)/images/small/1a/1a150eab.jpg
D:\FYP Project\fypapp\abo-images-small (1)\images\small\ca\ca4af4e1.jpg,Blender,Appliances,129.99,A high-quality blender — appliances product with excellent build quality and modern design.,/abo-images-small (1)/images/small/ca/ca4af4e1.jpg
D:\FYP Project\fypapp\abo-images-small (1)\images\small\b0\b0fb23b4.jpg,iPhone,Smartphones,699.99,A high-quality iphone — smartphones product with excellent build quality and modern design.,/abo-images-small (1)/images/small/b0/b0fb23b4.jpg
D:\FYP Project\fypapp\abo-images-small (1)\images\small\86\8604cbc4.jpg,Sofa,Sofas,799.99,A high-quality sofa — sofas product with excellent build quality and modern design.,/abo-images-small (1)/images/small/86/8604cbc4.jpg
D:\FYP Project\fypapp\abo-images-small (1)\images\small\a0\a0e93af3.jpg,Microwave,Appliances,129.99,A high-quality microwave — appliances product with excellent build quality and modern design.,/abo-images-small (1)/images/small/a0/a0e93af3.jpg
D:\FYP Project\fypapp\abo-images-small (1)\images\small\df\dfb9728c.jpg,Android Phone,Smartphones,699.99,A high-quality android phone — smartphones product with excellent build quality and modern design.,/abo-images-small (1)/images/small/df/dfb9728c.jpg
D:\FYP Project\fypapp\abo-images-small (1)\images\small\9c\9cb5d21f.jpg,Android Tablet,Tablets,449.99,A high-quality android tablet — tablets product with excellent build quality and modern design.,/abo-images-small (1)/images/small/9c/9cb5d21f.jpg
D:\FYP Project\fypapp\abo-images-small (1)\images\small\41\41fa1b19.jpg,Bicycle,Bicycles,399.99,A high-quality bicycle — bicycles product with excellent build quality and modern design.,/abo-images-small (1)/images/small/41/41fa1b19.jpg
D:\FYP Project\fypapp\abo-images-small (1)\images\small\6e\6e761120.jpg,Running Shoes,Shoes,89.99,A high-quality running shoes — shoes product with excellent build quality and modern design.,/abo-images-small (1)/images/small/6e/6e761120.jpg
D:\FYP Project\fypapp\abo-images-small (1)\images\small\a5\a5cf28fa.jpg,Blender,Appliances,129.99,A high-quality blender — appliances product with excellent build quality and modern design.,/abo-images-small (1)/images/small/a5/a5cf28fa.jpg
D:\FYP Project\fypapp\abo-images-small (1)\images\small\af\af424935.jpg,Boots,Shoes,89.99,A high-quality boots — shoes product with excellent build quality and modern design.,/abo-images-small (1)/images/small/af/af424935.jpg
D:\FYP Project\fypapp\abo-images-small (1)\images\small\e3\e3ead517.jpg,Yoga Mat,Sports,34.99,A high-quality yoga mat — sports product with excellent build quality and modern design.,/abo-images-small (1)/images/small/e3/e3ead517.jpg
D:\FYP Project\fypapp\abo-images-small (1)\images\small\14\14f15093.jpg,Wireless Earbuds,Headphones,149.99,A high-quality wireless earbuds — headphones product with excellent build quality and modern design.,/abo-images-small (1)/images/small/14/14f15093.jpg
D:\FYP Project\fypapp\abo-images-small (1)\images\small\d6\d6ea0a78.jpg,Cooking Pot,Cookware,89.99,A high-quality cooking pot — cookware product with excellent build quality and modern design.,/abo-images-small (1)/images/small/d6/d6ea0a78.jpg
D:\FYP Project\fypapp\abo-images-small (1)\images\small\22\221a46a2.jpg,Windbreaker,Jackets,119.99,A high-quality windbreaker — jackets product with excellent build quality and modern design.,/abo-images-small (1)/images/small/22/221a46a2.jpg
D:\FYP Project\fypapp\abo-images-small (1)\images\small\76\76be87ed.jpg,Sneakers,Shoes,89.99,A high-quality sneakers — shoes product with excellent build quality and modern design.,/abo-images-small (1)/images/small/76/76be87ed.jpg
D:\FYP Project\fypapp\abo-images-small (1)\images\small\1c\1cb9f3bd.jpg,Coffee Table,Tables,299.99,A high-quality coffee table — tables product with excellent build quality and modern design.,/abo-images-small (1)/images/small/1c/1cb9f3bd.jpg
D:\FYP Project\fypapp\abo-images-small (1)\images\small\b0\b05559de.jpg,Android Phone,Smartphones,699.99,A high-quality android phone — smartphones product with excellent build quality and modern design.,/abo-images-small (1)/images/small/b0/b05559de.jpg
D:\FYP Project\fypapp\abo-images-small (1)\images\small\3b\3bbd492d.jpg,Windbreaker,Jackets,119.99,A high-quality windbreaker — jackets product with excellent build quality and modern design.,/abo-images-small (1)/images/small/3b/3bbd492d.jpg
D:\FYP Project\fypapp\abo-images-small (1)\images\small\0d\0d8c1d07.jpg,Kitchen Appliance,Appliances,129.99,A high-quality kitchen appliance — appliances product with excellent build quality and modern design.,/abo-images-small (1)/images/small/0d/0d8c1d07.jpg
D:\FYP Project\fypapp\abo-images-small (1)\images\small\56\56d86860.jpg,Queen Bed,Beds,499.99,A high-quality queen bed — beds product with excellent build quality and modern design.,/abo-images-small (1)/images/small/56/56d86860.jpg
D:\FYP Project\fypapp\abo-images-small (1)\images\small\d5\d5de5e1b.jpg,Casual Shoes,Shoes,89.99,A high-quality casual shoes — shoes product with excellent build quality and modern design.,/abo-images-small (1)/images/small/d5/d5de5e1b.jpg
D:\FYP Project\fypapp\abo-images-small (1)\images\small\98\98d30a08.jpg,iPhone,Smartphones,699.99,A high-quality iphone — smartphones product with excellent build quality and modern design.,/abo-images-small (1)/images/small/98/98d30a08.jpg
D:\FYP Project\fypapp\abo-images-small (1)\images\small\b6\b67ae9a8.jpg,Sneakers,Shoes,89.99,A high-quality sneakers — shoes product with excellent build quality and modern design.,/abo-images-small (1)/images/small/b6/b67ae9a8.jpg
D:\FYP Project\fypapp\abo-images-small (1)\images\small\f1\f10be94e.jpg,Mobile Phone,Smartphones,699.99,A high-quality mobile phone — smartphones product with excellent build quality and modern design.,/abo-images-small (1)/images/small/f1/f10be94e.jpg
D:\FYP Project\fypapp\abo-images-small (1)\images\small\37\3774239a.jpg,Android Phone,Smartphones,699.99,A high-quality android phone — smartphones product with excellent build quality and modern design.,/abo-images-small (1)/images/small/37/3774239a.jpg
D:\FYP Project\fypapp\abo-images-small (1)\images\small\7d\7dea9dc7.jpg,Floral Dress,Dresses,59.99,A high-quality floral dress — dresses product with excellent build quality and modern design.,/abo-images-small (1)/images/small/7d/7dea9dc7.jpg
D:\FYP Project\fypapp\abo-images-small (1)\images\small\81\8108c87a.jpg,Dining Table,Tables,299.99,A high-quality dining table — tables product with excellent build quality and modern design.,/abo-images-small (1)/images/small/81/8108c87a.jpg
D:\FYP Project\fypapp\abo-images-small (1)\images\small\d1\d1dc911c.jpg,Hiking Gear,Outdoors,149.99,A high-quality hiking gear — outdoors product with excellent build quality and modern design.,/abo-images-small (1)/images/small/d1/d1dc911c.jpg
D:\FYP Project\fypapp\abo-images-small (1)\images\small\86\86bab19f.jpg,Android Phone,Smartphones,699.99,A high-quality android phone — smartphones product with excellent build quality and modern design.,/abo-images-small (1)/images/small/86/86bab19f.jpg
D:\FYP Project\fypapp\abo-images-small (1)\images\small\8e\8e9032a8.jpg,Earphones,Headphones,149.99,A high-quality earphones — headphones product with excellent build quality and modern design.,/abo-images-small (1)/images/small/8e/8e9032a8.jpg
D:\FYP Project\fypapp\abo-images-small (1)\images\small\75\750bdef3.jpg,Smartphone,Smartphones,699.99,A high-quality smartphone — smartphones product with excellent build quality and modern design.,/abo-images-small (1)/images/small/75/750bdef3.jpg
D:\FYP Project\fypapp\abo-images-small (1)\images\small\11\11e5fb98.jpg,Non-Stick Pan,Cookware,89.99,A high-quality non-stick pan — cookware product with excellent build quality and modern design.,/abo-images-small (1)/images/small/11/11e5fb98.jpg
D:\FYP Project\fypapp\abo-images-small (1)\images\small\72\72a2172a.jpg,King Bed,Beds,499.99,A high-quality king bed — beds product with excellent build quality and modern design.,/abo-images-small (1)/images/small/72/72a2172a.jpg
D:\FYP Project\fypapp\abo-images-small (1)\images\small\16\163b0e93.jpg,iPhone,Smartphones,699.99,A high-quality iphone — smartphones product with excellent build quality and modern design.,/abo-images-small (1)/images/small/16/163b0e93.jpg
D:\FYP Project\fypapp\abo-images-small (1)\images\small\c3\c35f3ce7.jpg,Office Chair,Chairs,199.99,A high-quality office chair — chairs product with excellent build quality and modern design.,/abo-images-small (1)/images/small/c3/c35f3ce7.jpg
D:\FYP Project\fypapp\abo-images-small (1)\images\small\1f\1f637f45.jpg,Mobile Phone,Smartphones,699.99,A high-quality mobile phone — smartphones product with excellent build quality and modern design.,/abo-images-small (1)/images/small/1f/1f637f45.jpg
D:\FYP Project\fypapp\abo-images-small (1)\images\small\86\86960e13.jpg,Casual Shoes,Shoes,89.99,A high-quality casual shoes — shoes product with excellent build quality and modern design.,/abo-images-small (1)/images/small/86/86960e13.jpg
D:\FYP Project\fypapp\abo-images-small (1)\images\small\62\629df0c7.jpg,Windbreaker,Jackets,119.99,A high-quality windbreaker — jackets product with excellent build quality and modern design.,/abo-images-small (1)/images/small/62/629df0c7.jpg
D:\FYP Project\fypapp\abo-images-small (1)\images\small\58\581c2dcb.jpg,Cookware Set,Cookware,89.99,A high-quality cookware set — cookware product with excellent build quality and modern design.,/abo-images-small (1)/images/small/58/581c2dcb.jpg
D:\FYP Project\fypapp\abo-images-small (1)\images\small\32\328ae8a0.jpg,Wireless Earbuds,Headphones,149.99,A high-quality wireless earbuds — headphones product with excellent build quality and modern design.,/abo-images-small (1)/images/small/32/328ae8a0.jpg
D:\FYP Project\fypapp\abo-images-small (1)\images\small\e6\e64b8421.jpg,Android Phone,Smartphones,699.99,A high-quality android phone — smartphones product with excellent build quality and modern design.,/abo-images-small (1)/images/small/e6/e64b8421.jpg
D:\FYP Project\fypapp\abo-images-small (1)\images\small\1b\1be04c3e.jpg,Coffee Maker,Appliances,129.99,A high-quality coffee maker — appliances product with excellent build quality and modern design.,/abo-images-small (1)/images/small/1b/1be04c3e.jpg
D:\FYP Project\fypapp\abo-images-small (1)\images\small\2f\2fa45d82.jpg,Dinnerware Set,Dinnerware,49.99,A high-quality dinnerware set — dinnerware product with excellent build quality and modern design.,/abo-images-small (1)/images/small/2f/2fa45d82.jpg
D:\FYP Project\fypapp\abo-images-small (1)\images\small\79\79474cea.jpg,Running Shoes,Shoes,89.99,A high-quality running shoes — shoes product with excellent build quality and modern design.,/abo-images-small (1)/images/small/79/79474cea.jpg
D:\FYP Project\fypapp\abo-images-small (1)\images\small\be\be560cdb.jpg,Blender,Appliances,129.99,A high-quality blender — appliances product with excellent build quality and modern design.,/abo-images-small (1)/images/small/be/be560cdb.jpg
D:\FYP Project\fypapp\abo-images-small (1)\images\small\88\8887b079.jpg,Exercise Gear,Sports,34.99,A high-quality exercise gear — sports product with excellent build quality and modern design.,/abo-images-small (1)/images/small/88/8887b079.jpg
D:\FYP Project\fypapp\abo-images-small (1)\images\small\2b\2b1b355b.jpg,Camping Tent,Outdoors,149.99,A high-quality camping tent — outdoors product with excellent build quality and modern design.,/abo-images-small (1)/images/small/2b/2b1b355b.jpg
D:\FYP Project\fypapp\abo-images-small (1)\images\small\e7\e70adbc6.jpg,Wireless Earbuds,Headphones,149.99,A high-quality wireless earbuds — headphones product with excellent build quality and modern design.,/abo-images-small (1)/images/small/e7/e70adbc6.jpg
D:\FYP Project\fypapp\abo-images-small (1)\images\small\6b\6b21483e.jpg,Fitness Equipment,Sports,34.99,A high-quality fitness equipment — sports product with excellent build quality and modern design.,/abo-images-small (1)/images/small/6b/6b21483e.jpg
D:\FYP Project\fypapp\abo-images-small (1)\images\small\82\829ebc90.jpg,Coffee Maker,Appliances,129.99,A high-quality coffee maker — appliances product with excellent build quality and modern design.,/abo-images-small (1)/images/small/82/829ebc90.jpg
D:\FYP Project\fypapp\abo-images-small (1)\images\small\70\70dad64a.jpg,Cookware Set,Cookware,89.99,A high-quality cookware set — cookware product with excellent build quality and modern design.,/abo-images-small (1)/images/small/70/70dad64a.jpg
D:\FYP Project\fypapp\abo-images-small (1)\images\small\2a\2a8cc164.jpg,Resistance Bands,Sports,34.99,A high-quality resistance bands — sports product with excellent build quality and modern design.,/abo-images-small (1)/images/small/2a/2a8cc164.jpg
D:\FYP Project\fypapp\abo-images-small (1)\images\small\b7\b73690e4.jpg,Android Phone,Smartphones,699.99,A high-quality android phone — smartphones product with excellent build quality and modern design.,/abo-images-small (1)/images/small/b7/b73690e4.jpg
D:\FYP Project\fypapp\abo-images-small (1)\images\small\e6\e6ee59a7.jpg,Android Tablet,Tablets,449.99,A high-quality android tablet — tablets product with excellent build quality and modern design.,/abo-images-small (1)/images/small/e6/e6ee59a7.jpg
D:\FYP Project\fypapp\abo-images-small (1)\images\small\93\937abb1e.jpg,Bed Frame,Beds,499.99,A high-quality bed frame — beds product with excellent build quality and modern design.,/abo-images-small (1)/images/small/93/937abb1e.jpg
D:\FYP Project\fypapp\abo-images-small (1)\images\small\b1\b196a465.jpg,Microwave,Appliances,129.99,A high-quality microwave — appliances product with excellent build quality and modern design.,/abo-images-small (1)/images/small/b1/b196a465.jpg
D:\FYP Project\fypapp\abo-images-small (1)\images\small\be\be9f5906.jpg,Android Phone,Smartphones,699.99,A high-quality android phone — smartphones product with excellent build quality and modern design.,/abo-images-small (1)/images/small/be/be9f5906.jpg
D:\FYP Project\fypapp\abo-images-small (1)\images\small\06\06c79e70.jpg,Windbreaker,Jackets,119.99,A high-quality windbreaker — jackets product with excellent build quality and modern design.,/abo-images-small (1)/images/small/06/06c79e70.jpg
D:\FYP Project\fypapp\abo-images-small (1)\images\small\7d\7d428c7e.jpg,Bed Frame,Beds,499.99,A high-quality bed frame — beds product with excellent build quality and modern design.,/abo-images-small (1)/images/small/7d/7d428c7e.jpg
D:\FYP Project\fypapp\abo-images-small (1)\images\small\cb\cbb06e45.jpg,Queen Bed,Beds,499.99,A high-quality queen bed — beds product with excellent build quality and modern design.,/abo-images-small (1)/images/small/cb/cbb06e45.jpg
D:\FYP Project\fypapp\abo-images-small (1)\images\small\3e\3e2eeab9.jpg,Straight Jeans,Jeans,69.99,A high-quality straight jeans — jeans product with excellent build quality and modern design.,/abo-images-small (1)/images/small/3e/3e2eeab9.jpg
D:\FYP Project\fypapp\abo-images-small (1)\images\small\4c\4c551370.jpg,iPhone,Smartphones,699.99,A high-quality iphone — smartphones product with excellent build quality and modern design.,/abo-images-small (1)/images/small/4c/4c551370.jpg
D:\FYP Project\fypapp\abo-images-small (1)\images\small\76\76183f09.jpg,Kitchen Appliance,Appliances,129.99,A high-quality kitchen appliance — appliances product with excellent build quality and modern design.,/abo-images-small (1)/images/small/76/76183f09.jpg
D:\FYP Project\fypapp\abo-images-small (1)\images\small\a9\a98d2361.jpg,Mobile Phone,Smartphones,699.99,A high-quality mobile phone — smartphones product with excellent build quality and modern design.,/abo-images-small (1)/images/small/a9/a98d2361.jpg
D:\FYP Project\fypapp\abo-images-small (1)\images\small\43\43252d22.jpg,Side Table,Tables,299.99,A high-quality side table — tables product with excellent build quality and modern design.,/abo-images-small (1)/images/small/43/43252d22.jpg
D:\FYP Project\fypapp\abo-images-small (1)\images\small\50\50a88e50.jpg,Desk,Tables,299.99,A high-quality desk — tables product with excellent build quality and modern design.,/abo-images-small (1)/images/small/50/50a88e50.jpg
D:\FYP Project\fypapp\abo-images-small (1)\images\small\2e\2ea107d2.jpg,Kitchen Appliance,Appliances,129.99,A high-quality kitchen appliance — appliances product with excellent build quality and modern design.,/abo-images-small (1)/images/small/2e/2ea107d2.jpg
D:\FYP Project\fypapp\abo-images-small (1)\images\small\36\365e8333.jpg,Resistance Bands,Sports,34.99,A high-quality resistance bands — sports product with excellent build quality and modern design.,/abo-images-small (1)/images/small/36/365e8333.jpg
D:\FYP Project\fypapp\abo-images-small (1)\images\small\1a\1a20ac5a.jpg,Casual Shoes,Shoes,89.99,A high-quality casual shoes — shoes product with excellent build quality and modern design.,/abo-images-small (1)/images/small/1a/1a20ac5a.jpg
D:\FYP Project\fypapp\abo-images-small (1)\images\small\cc\cc8677d5.jpg,iPhone,Smartphones,699.99,A high-quality iphone — smartphones product with excellent build quality and modern design.,/abo-images-small (1)/images/small/cc/cc8677d5.jpg
D:\FYP Project\fypapp\abo-images-small (1)\images\small\21\216d3e9c.jpg,Smartphone,Smartphones,699.99,A high-quality smartphone — smartphones product with excellent build quality and modern design.,/abo-images-small (1)/images/small/21/216d3e9c.jpg
D:\FYP Project\fypapp\abo-images-small (1)\images\small\f8\f8120725.jpg,Mobile Phone,Smartphones,699.99,A high-quality mobile phone — smartphones product with excellent build quality and modern design.,/abo-images-small (1)/images/small/f8/f8120725.jpg
D:\FYP Project\fypapp\abo-images-small (1)\images\small\b7\b7542656.jpg,Digital Tablet,Tablets,449.99,A high-quality digital tablet — tablets product with excellent build quality and modern design.,/abo-images-small (1)/images/small/b7/b7542656.jpg
D:\FYP Project\fypapp\abo-images-small (1)\images\small\0c\0ce6e9e8.jpg,Coffee Maker,Appliances,129.99,A high-quality coffee maker — appliances product with excellent build quality and modern design.,/abo-images-small (1)/images/small/0c/0ce6e9e8.jpg
D:\FYP Project\fypapp\abo-images-small (1)\images\small\74\74676f7b.jpg,Office Chair,Chairs,199.99,A high-quality office chair — chairs product with excellent build quality and modern design.,/abo-images-small (1)/images/small/74/74676f7b.jpg
D:\FYP Project\fypapp\abo-images-small (1)\images\small\e0\e0ab44bc.jpg,Slim Jeans,Jeans,69.99,A high-quality slim jeans — jeans product with excellent build quality and modern design.,/abo-images-small (1)/images/small/e0/e0ab44bc.jpg
D:\FYP Project\fypapp\abo-images-small (1)\images\small\82\82a3bb45.jpg,Side Table,Tables,299.99,A high-quality side table — tables product with excellent build quality and modern design.,/abo-images-small (1)/images/small/82/82a3bb45.jpg
D:\FYP Project\fypapp\abo-images-small (1)\images\small\34\34f805e7.jpg,Platform Bed,Beds,499.99,A high-quality platform bed — beds product with excellent build quality and modern design.,/abo-images-small (1)/images/small/34/34f805e7.jpg
D:\FYP Project\fypapp\abo-images-small (1)\images\small\38\389219ea.jpg,Tablet,Tablets,449.99,A high-quality tablet — tablets product with excellent build quality and modern design.,/abo-images-small (1)/images/small/38/389219ea.jpg
D:\FYP Project\fypapp\abo-images-small (1)\images\small\3e\3e64bc58.jpg,Non-Stick Pan,Cookware,89.99,A high-quality non-stick pan — cookware product with excellent build quality and modern design.,/abo-images-small (1)/images/small/3e/3e64bc58.jpg
D:\FYP Project\fypapp\abo-images-small (1)\images\small\39\39945689.jpg,Side Table,Tables,299.99,A high-quality side table — tables product with excellent build quality and modern design.,/abo-images-small (1)/images/small/39/39945689.jpg
D:\FYP Project\fypapp\abo-images-small (1)\images\small\98\9858caeb.jpg,Loveseat,Sofas,799.99,A high-quality loveseat — sofas product with excellent build quality and modern design.,/abo-images-small (1)/images/small/98/9858caeb.jpg
D:\FYP Project\fypapp\abo-images-small (1)\images\small\d2\d22a6d6a.jpg,Tablet,Tablets,449.99,A high-quality tablet — tablets product with excellent build quality and modern design.,/abo-images-small (1)/images/small/d2/d22a6d6a.jpg
D:\FYP Project\fypapp\abo-images-small (1)\images\small\f9\f9fcf145.jpg,Mobile Phone,Smartphones,699.99,A high-quality mobile phone — smartphones product with excellent build quality and modern design.,/abo-images-small (1)/images/small/f9/f9fcf145.jpg
D:\FYP Project\fypapp\abo-images-small (1)\images\small\7d\7dfaa310.jpg,Digital Tablet,Tablets,449.99,A high-quality digital tablet — tablets product with excellent build quality and modern design.,/abo-images-small (1)/images/small/7d/7dfaa310.jpg
D:\FYP Project\fypapp\abo-images-small (1)\images\small\54\5419bd11.jpg,Recliner,Chairs,199.99,A high-quality recliner — chairs product with excellent build quality and modern design.,/abo-images-small (1)/images/small/54/5419bd11.jpg
D:\FYP Project\fypapp\abo-images-small (1)\images\small\9a\9adf37bb.jpg,Sneakers,Shoes,89.99,A high-quality sneakers — shoes product with excellent build quality and modern design.,/abo-images-small (1)/images/small/9a/9adf37bb.jpg
D:\FYP Project\fypapp\abo-images-small (1)\images\small\ef\effadc07.jpg,Running Shoes,Shoes,89.99,A high-quality running shoes — shoes product with excellent build quality and modern design.,/abo-images-small (1)/images/small/ef/effadc07.jpg
D:\FYP Project\fypapp\abo-images-small (1)\images\small\d1\d14a3d97.jpg,Outdoor Equipment,Outdoors,149.99,A high-quality outdoor equipment — outdoors product with excellent build quality and modern design.,/abo-images-small (1)/images/small/d1/d14a3d97.jpg
D:\FYP Project\fypapp\abo-images-small (1)\images\small\53\5326bc83.jpg,Backpack,Outdoors,149.99,A high-quality backpack — outdoors product with excellent build quality and modern design.,/abo-images-small (1)/images/small/53/5326bc83.jpg
D:\FYP Project\fypapp\abo-images-small (1)\images\small\e5\e5c9f1e8.jpg,Kitchen Appliance,Appliances,129.99,A high-quality kitchen appliance — appliances product with excellent build quality and modern design.,/abo-images-small (1)/images/small/e5/e5c9f1e8.jpg
D:\FYP Project\fypapp\abo-images-small (1)\images\small\6b\6b1c3ad0.jpg,Running Shoes,Shoes,89.99,A high-quality running shoes — shoes product with excellent build quality and modern design.,/abo-images-small (1)/images/small/6b/6b1c3ad0.jpg
D:\FYP Project\fypapp\abo-images-small (1)\images\small\a2\a2dec399.jpg,Straight Jeans,Jeans,69.99,A high-quality straight jeans — jeans product with excellent build quality and modern design.,/abo-images-small (1)/images/small/a2/a2dec399.jpg
D:\FYP Project\fypapp\abo-images-small (1)\images\small\43\43df541a.jpg,Mug Set,Dinnerware,49.99,A high-quality mug set — dinnerware product with excellent build quality and modern design.,/abo-images-small (1)/images/small/43/43df541a.jpg
D:\FYP Project\fypapp\abo-images-small (1)\images\small\7e\7efba3dc.jpg,Smartphone,Smartphones,699.99,A high-quality smartphone — smartphones product with excellent build quality and modern design.,/abo-images-small (1)/images/small/7e/7efba3dc.jpg
D:\FYP Project\fypapp\abo-images-small (1)\images\small\99\99411f44.jpg,Mobile Phone,Smartphones,699.99,A high-quality mobile phone — smartphones product with excellent build quality and modern design.,/abo-images-small (1)/images/small/99/99411f44.jpg
D:\FYP Project\fypapp\abo-images-small (1)\images\small\bc\bc33ff5a.jpg,Casual Shoes,Shoes,89.99,A high-quality casual shoes — shoes product with excellent build quality and modern design.,/abo-images-small (1)/images/small/bc/bc33ff5a.jpg
D:\FYP Project\fypapp\abo-images-small (1)\images\small\ef\ef671b74.jpg,Boots,Shoes,89.99,A high-quality boots — shoes product with excellent build quality and modern design.,/abo-images-small (1)/images/small/ef/ef671b74.jpg
D:\FYP Project\fypapp\abo-images-small (1)\images\small\84\84cfcae1.jpg,Bed Frame,Beds,499.99,A high-quality bed frame — beds product with excellent build quality and modern design.,/abo-images-small (1)/images/small/84/84cfcae1.jpg
D:\FYP Project\fypapp\abo-images-small (1)\images\small\f1\f1d66830.jpg,Resistance Bands,Sports,34.99,A high-quality resistance bands — sports product with excellent build quality and modern design.,/abo-images-small (1)/images/small/f1/f1d66830.jpg
D:\FYP Project\fypapp\abo-images-small (1)\images\small\b7\b7bb4500.jpg,Android Phone,Smartphones,699.99,A high-quality android phone — smartphones product with excellent build quality and modern design.,/abo-images-small (1)/images/small/b7/b7bb4500.jpg
D:\FYP Project\fypapp\abo-images-small (1)\images\small\92\922d50b5.jpg,Boots,Shoes,89.99,A high-quality boots — shoes product with excellent build quality and modern design.,/abo-images-small (1)/images/small/92/922d50b5.jpg
D:\FYP Project\fypapp\abo-images-small (1)\images\small\38\388ca220.jpg,Tablet,Tablets,449.99,A high-quality tablet — tablets product with excellent build quality and modern design.,/abo-images-small (1)/images/small/38/388ca220.jpg
D:\FYP Project\fypapp\abo-images-small (1)\images\small\45\45e8ca8b.jpg,Maxi Dress,Dresses,59.99,A high-quality maxi dress — dresses product with excellent build quality and modern design.,/abo-images-small (1)/images/small/45/45e8ca8b.jpg
D:\FYP Project\fypapp\abo-images-small (1)\images\small\e7\e7f8f213.jpg,Cooking Pot,Cookware,89.99,A high-quality cooking pot — cookware product with excellent build quality and modern design.,/abo-images-small (1)/images/small/e7/e7f8f213.jpg
D:\FYP Project\fypapp\abo-images-small (1)\images\small\fe\fea59d26.jpg,iPhone,Smartphones,699.99,A high-quality iphone — smartphones product with excellent build quality and modern design.,/abo-images-small (1)/images/small/fe/fea59d26.jpg
D:\FYP Project\fypapp\abo-images-small (1)\images\small\11\11d022af.jpg,Smartphone,Smartphones,699.99,A high-quality smartphone — smartphones product with excellent build quality and modern design.,/abo-images-small (1)/images/small/11/11d022af.jpg
D:\FYP Project\fypapp\abo-images-small (1)\images\small\a7\a7655b27.jpg,Mobile Phone,Smartphones,699.99,A high-quality mobile phone — smartphones product with excellent build quality and modern design.,/abo-images-small (1)/images/small/a7/a7655b27.jpg
D:\FYP Project\fypapp\abo-images-small (1)\images\small\80\80248500.jpg,Outdoor Equipment,Outdoors,149.99,A high-quality outdoor equipment — outdoors product with excellent build quality and modern design.,/abo-images-small (1)/images/small/80/80248500.jpg
D:\FYP Project\fypapp\abo-images-small (1)\images\small\d9\d94719cd.jpg,iPhone,Smartphones,699.99,A high-quality iphone — smartphones product with excellent build quality and modern design.,/abo-images-small (1)/images/small/d9/d94719cd.jpg
D:\FYP Project\fypapp\abo-images-small (1)\images\small\b4\b45b31d1.jpg,Office Chair,Chairs,199.99,A high-quality office chair — chairs product with excellent build quality and modern design.,/abo-images-small (1)/images/small/b4/b45b31d1.jpg
D:\FYP Project\fypapp\abo-images-small (1)\images\small\29\29841170.jpg,Running Shoes,Shoes,89.99,A high-quality running shoes — shoes product with excellent build quality and modern design.,/abo-images-small (1)/images/small/29/29841170.jpg
D:\FYP Project\fypapp\abo-images-small (1)\images\small\63\63133fce.jpg,Fitness Equipment,Sports,34.99,A high-quality fitness equipment — sports product with excellent build quality and modern design.,/abo-images-small (1)/images/small/63/63133fce.jpg
D:\FYP Project\fypapp\abo-images-small (1)\images\small\e2\e204cf39.jpg,iPhone,Smartphones,699.99,A high-quality iphone — smartphones product with excellent build quality and modern design.,/abo-images-small (1)/images/small/e2/e204cf39.jpg
D:\FYP Project\fypapp\abo-images-small (1)\images\small\37\37ee765a.jpg,Yoga Mat,Sports,34.99,A high-quality yoga mat — sports product with excellent build quality and modern design.,/abo-images-small (1)/images/small/37/37ee765a.jpg
D:\FYP Project\fypapp\abo-images-small (1)\images\small\5f\5f1c3953.jpg,Running Shoes,Shoes,89.99,A high-quality running shoes — shoes product with excellent build quality and modern design.,/abo-images-small (1)/images/small/5f/5f1c3953.jpg
D:\FYP Project\fypapp\abo-images-small (1)\images\small\9c\9c9c27a4.jpg,Accent Chair,Chairs,199.99,A high-quality accent chair — chairs product with excellent build quality and modern design.,/abo-images-small (1)/images/small/9c/9c9c27a4.jpg
D:\FYP Project\fypapp\abo-images-small (1)\images\small\b3\b3821161.jpg,Platform Bed,Beds,499.99,A high-quality platform bed — beds product with excellent build quality and modern design.,/abo-images-small (1)/images/small/b3/b3821161.jpg
D:\FYP Project\fypapp\abo-images-small (1)\images\small\e6\e6b53260.jpg,Dining Table,Tables,299.99,A high-quality dining table — tables product with excellent build quality and modern design.,/abo-images-small (1)/images/small/e6/e6b53260.jpg
D:\FYP Project\fypapp\abo-images-small (1)\images\small\98\984cec0c.jpg,Non-Stick Pan,Cookware,89.99,A high-quality non-stick pan — cookware product with excellent build quality and modern design.,/abo-images-small (1)/images/small/98/984cec0c.jpg
D:\FYP Project\fypapp\abo-images-small (1)\images\small\c1\c1db9068.jpg,Digital Tablet,Tablets,449.99,A high-quality digital tablet — tablets product with excellent build quality and modern design.,/abo-images-small (1)/images/small/c1/c1db9068.jpg
D:\FYP Project\fypapp\abo-images-small (1)\images\small\4f\4f1933ab.jpg,Desk,Tables,299.99,A high-quality desk — tables product with excellent build quality and modern design.,/abo-images-small (1)/images/small/4f/4f1933ab.jpg
D:\FYP Project\fypapp\abo-images-small (1)\images\small\9c\9cfc1535.jpg,Headphones,Headphones,149.99,A high-quality headphones — headphones product with excellent build quality and modern design.,/abo-images-small (1)/images/small/9c/9cfc1535.jpg
D:\FYP Project\fypapp\abo-images-small (1)\images\small\79\790968e1.jpg,Queen Bed,Beds,499.99,A high-quality queen bed — beds product with excellent build quality and modern design.,/abo-images-small (1)/images/small/79/790968e1.jpg
D:\FYP Project\fypapp\abo-images-small (1)\images\small\09\098d83ba.jpg,Android Phone,Smartphones,699.99,A high-quality android phone — smartphones product with excellent build quality and modern design.,/abo-images-small (1)/images/small/09/098d83ba.jpg
D:\FYP Project\fypapp\abo-images-small (1)\images\small\c7\c7e7d0aa.jpg,Recliner,Chairs,199.99,A high-quality recliner — chairs product with excellent build quality and modern design.,/abo-images-small (1)/images/small/c7/c7e7d0aa.jpg
D:\FYP Project\fypapp\abo-images-small (1)\images\small\12\122ef676.jpg,Cookware Set,Cookware,89.99,A high-quality cookware set — cookware product with excellent build quality and modern design.,/abo-images-small (1)/images/small/12/122ef676.jpg
D:\FYP Project\fypapp\abo-images-small (1)\images\small\89\89e86bd2.jpg,Mobile Phone,Smartphones,699.99,A high-quality mobile phone — smartphones product with excellent build quality and modern design.,/abo-images-small (1)/images/small/89/89e86bd2.jpg
D:\FYP Project\fypapp\abo-images-small (1)\images\small\af\af740b19.jpg,Blender,Appliances,129.99,A high-quality blender — appliances product with excellent build quality and modern design.,/abo-images-small (1)/images/small/af/af740b19.jpg
D:\FYP Project\fypapp\abo-images-small (1)\images\small\f7\f7f3c648.jpg,Coffee Maker,Appliances,129.99,A high-quality coffee maker — appliances product with excellent build quality and modern design.,/abo-images-small (1)/images/small/f7/f7f3c648.jpg
D:\FYP Project\fypapp\abo-images-small (1)\images\small\53\539e2633.jpg,Smartphone,Smartphones,699.99,A high-quality smartphone — smartphones product with excellent build quality and modern design.,/abo-images-small (1)/images/small/53/539e2633.jpg
D:\FYP Project\fypapp\abo-images-small (1)\images\small\86\86673bf7.jpg,Resistance Bands,Sports,34.99,A high-quality resistance bands — sports product with excellent build quality and modern design.,/abo-images-small (1)/images/small/86/86673bf7.jpg
D:\FYP Project\fypapp\abo-images-small (1)\images\small\c0\c0f2c5f3.jpg,Blender,Appliances,129.99,A high-quality blender — appliances product with excellent build quality and modern design.,/abo-images-small (1)/images/small/c0/c0f2c5f3.jpg
D:\FYP Project\fypapp\abo-images-small (1)\images\small\82\820c51de.jpg,Exercise Gear,Sports,34.99,A high-quality exercise gear — sports product with excellent build quality and modern design.,/abo-images-small (1)/images/small/82/820c51de.jpg
D:\FYP Project\fypapp\abo-images-small (1)\images\small\50\5032aba7.jpg,Office Chair,Chairs,199.99,A high-quality office chair — chairs product with excellent build quality and modern design.,/abo-images-small (1)/images/small/50/5032aba7.jpg
D:\FYP Project\fypapp\abo-images-small (1)\images\small\0a\0a331995.jpg,Wireless Earbuds,Headphones,149.99,A high-quality wireless earbuds — headphones product with excellent build quality and modern design.,/abo-images-small (1)/images/small/0a/0a331995.jpg
D:\FYP Project\fypapp\abo-images-small (1)\images\small\6d\6dcf5191.jpg,Fitness Equipment,Sports,34.99,A high-quality fitness equipment — sports product with excellent build quality and modern design.,/abo-images-small (1)/images/small/6d/6dcf5191.jpg
D:\FYP Project\fypapp\abo-images-small (1)\images\small\d8\d8957638.jpg,Casual Top,Shirts,39.99,A high-quality casual top — shirts product with excellent build quality and modern design.,/abo-images-small (1)/images/small/d8/d8957638.jpg
D:\FYP Project\fypapp\abo-images-small (1)\images\small\72\72c58c9e.jpg,Sneakers,Shoes,89.99,A high-quality sneakers — shoes product with excellent build quality and modern design.,/abo-images-small (1)/images/small/72/72c58c9e.jpg
D:\FYP Project\fypapp\abo-images-small (1)\images\small\31\31652409.jpg,Coffee Table,Tables,299.99,A high-quality coffee table — tables product with excellent build quality and modern design.,/abo-images-small (1)/images/small/31/31652409.jpg
D:\FYP Project\fypapp\abo-images-small (1)\images\small\2e\2ea181c2.jpg,Android Phone,Smartphones,699.99,A high-quality android phone — smartphones product with excellent build quality and modern design.,/abo-images-small (1)/images/small/2e/2ea181c2.jpg
D:\FYP Project\fypapp\abo-images-small (1)\images\small\e9\e9af9be6.jpg,Desk,Tables,299.99,A high-quality desk — tables product with excellent build quality and modern design.,/abo-images-small (1)/images/small/e9/e9af9be6.jpg
D:\FYP Project\fypapp\abo-images-small (1)\images\small\e7\e793b33a.jpg,Smartphone,Smartphones,699.99,A high-quality smartphone — smartphones product with excellent build quality and modern design.,/abo-images-small (1)/images/small/e7/e793b33a.jpg
D:\FYP Project\fypapp\abo-images-small (1)\images\small\a4\a4f522ab.jpg,Queen Bed,Beds,499.99,A high-quality queen bed — beds product with excellent build quality and modern design.,/abo-images-small (1)/images/small/a4/a4f522ab.jpg
D:\FYP Project\fypapp\abo-images-small (1)\images\small\2e\2efa3f4d.jpg,Android Phone,Smartphones,699.99,A high-quality android phone — smartphones product with excellent build quality and modern design.,/abo-images-small (1)/images/small/2e/2efa3f4d.jpg
D:\FYP Project\fypapp\abo-images-small (1)\images\small\b8\b86f6c6f.jpg,Casual Top,Shirts,39.99,A high-quality casual top — shirts product with excellent build quality and modern design.,/abo-images-small (1)/images/small/b8/b86f6c6f.jpg
D:\FYP Project\fypapp\abo-images-small (1)\images\small\9c\9c3eea50.jpg,Cookware Set,Cookware,89.99,A high-quality cookware set — cookware product with excellent build quality and modern design.,/abo-images-small (1)/images/small/9c/9c3eea50.jpg
D:\FYP Project\fypapp\abo-images-small (1)\images\small\01\01f3364a.jpg,Microwave,Appliances,129.99,A high-quality microwave — appliances product with excellent build quality and modern design.,/abo-images-small (1)/images/small/01/01f3364a.jpg
D:\FYP Project\fypapp\abo-images-small (1)\images\small\1b\1b38ab6c.jpg,Android Phone,Smartphones,699.99,A high-quality android phone — smartphones product with excellent build quality and modern design.,/abo-images-small (1)/images/small/1b/1b38ab6c.jpg
D:\FYP Project\fypapp\abo-images-small (1)\images\small\06\06ecc687.jpg,Boots,Shoes,89.99,A high-quality boots — shoes product with excellent build quality and modern design.,/abo-images-small (1)/images/small/06/06ecc687.jpg
D:\FYP Project\fypapp\abo-images-small (1)\images\small\bd\bd8d53c3.jpg,Cookware Set,Cookware,89.99,A high-quality cookware set — cookware product with excellent build quality and modern design.,/abo-images-small (1)/images/small/bd/bd8d53c3.jpg
D:\FYP Project\fypapp\abo-images-small (1)\images\small\4d\4d02e387.jpg,Non-Stick Pan,Cookware,89.99,A high-quality non-stick pan — cookware product with excellent build quality and modern design.,/abo-images-small (1)/images/small/4d/4d02e387.jpg
D:\FYP Project\fypapp\abo-images-small (1)\images\small\32\3244bed0.jpg,Casual Shoes,Shoes,89.99,A high-quality casual shoes — shoes product with excellent build quality and modern design.,/abo-images-small (1)/images/small/32/3244bed0.jpg
D:\FYP Project\fypapp\abo-images-small (1)\images\small\93\936c621f.jpg,Android Tablet,Tablets,449.99,A high-quality android tablet — tablets product with excellent build quality and modern design.,/abo-images-small (1)/images/small/93/936c621f.jpg
D:\FYP Project\fypapp\abo-images-small (1)\images\small\24\24e21d8e.jpg,Dinnerware Set,Dinnerware,49.99,A high-quality dinnerware set — dinnerware product with excellent build quality and modern design.,/abo-images-small (1)/images/small/24/24e21d8e.jpg
D:\FYP Project\fypapp\abo-images-small (1)\images\small\d6\d6c34964.jpg,Hiking Gear,Outdoors,149.99,A high-quality hiking gear — outdoors product with excellent build quality and modern design.,/abo-images-small (1)/images/small/d6/d6c34964.jpg
D:\FYP Project\fypapp\abo-images-small (1)\images\small\54\54225bfa.jpg,Mirrorless Camera,Cameras,549.99,A high-quality mirrorless camera — cameras product with excellent build quality and modern design.,/abo-images-small (1)/images/small/54/54225bfa.jpg
D:\FYP Project\fypapp\abo-images-small (1)\images\small\68\68a993c6.jpg,Boots,Shoes,89.99,A high-quality boots — shoes product with excellent build quality and modern design.,/abo-images-small (1)/images/small/68/68a993c6.jpg
D:\FYP Project\fypapp\abo-images-small (1)\images\small\28\28bd4904.jpg,Tablet,Tablets,449.99,A high-quality tablet — tablets product with excellent build quality and modern design.,/abo-images-small (1)/images/small/28/28bd4904.jpg
D:\FYP Project\fypapp\abo-images-small (1)\images\small\10\1016313b.jpg,Resistance Bands,Sports,34.99,A high-quality resistance bands — sports product with excellent build quality and modern design.,/abo-images-small (1)/images/small/10/1016313b.jpg
D:\FYP Project\fypapp\abo-images-small (1)\images\small\54\5453a5f7.jpg,Casual Shoes,Shoes,89.99,A high-quality casual shoes — shoes product with excellent build quality and modern design.,/abo-images-small (1)/images/small/54/5453a5f7.jpg
D:\FYP Project\fypapp\abo-images-small (1)\images\small\c3\c36898a8.jpg,Earphones,Headphones,149.99,A high-quality earphones — headphones product with excellent build quality and modern design.,/abo-images-small (1)/images/small/c3/c36898a8.jpg
D:\FYP Project\fypapp\abo-images-small (1)\images\small\9e\9e7fd8cd.jpg,Kitchen Appliance,Appliances,129.99,A high-quality kitchen appliance — appliances product with excellent build quality and modern design.,/abo-images-small (1)/images/small/9e/9e7fd8cd.jpg
D:\FYP Project\fypapp\abo-images-small (1)\images\small\15\1524a96b.jpg,Mobile Phone,Smartphones,699.99,A high-quality mobile phone — smartphones product with excellent build quality and modern design.,/abo-images-small (1)/images/small/15/1524a96b.jpg
D:\FYP Project\fypapp\abo-images-small (1)\images\small\ef\ef9530e9.jpg,Summer Dress,Dresses,59.99,A high-quality summer dress — dresses product with excellent build quality and modern design.,/abo-images-small (1)/images/small/ef/ef9530e9.jpg
D:\FYP Project\fypapp\abo-images-small (1)\images\small\ae\ae835c77.jpg,Platform Bed,Beds,499.99,A high-quality platform bed — beds product with excellent build quality and modern design.,/abo-images-small (1)/images/small/ae/ae835c77.jpg
D:\FYP Project\fypapp\abo-images-small (1)\images\small\06\0616d2e4.jpg,Yoga Mat,Sports,34.99,A high-quality yoga mat — sports product with excellent build quality and modern design.,/abo-images-small (1)/images/small/06/0616d2e4.jpg
D:\FYP Project\fypapp\abo-images-small (1)\images\small\b4\b41b3966.jpg,Mobile Phone,Smartphones,699.99,A high-quality mobile phone — smartphones product with excellent build quality and modern design.,/abo-images-small (1)/images/small/b4/b41b3966.jpg
D:\FYP Project\fypapp\abo-images-small (1)\images\small\55\557013db.jpg,Fitness Equipment,Sports,34.99,A high-quality fitness equipment — sports product with excellent build quality and modern design.,/abo-images-small (1)/images/small/55/557013db.jpg
D:\FYP Project\fypapp\abo-images-small (1)\images\small\30\308800db.jpg,Loveseat,Sofas,799.99,A high-quality loveseat — sofas product with excellent build quality and modern design.,/abo-images-small (1)/images/small/30/308800db.jpg
D:\FYP Project\fypapp\abo-images-small (1)\images\small\65\656b8a8f.jpg,Sneakers,Shoes,89.99,A high-quality sneakers — shoes product with excellent build quality and modern design.,/abo-images-small (1)/images/small/65/656b8a8f.jpg
D:\FYP Project\fypapp\abo-images-small (1)\images\small\be\bee664be.jpg,Resistance Bands,Sports,34.99,A high-quality resistance bands — sports product with excellent build quality and modern design.,/abo-images-small (1)/images/small/be/bee664be.jpg
D:\FYP Project\fypapp\abo-images-small (1)\images\small\00\00847c7d.jpg,Android Phone,Smartphones,699.99,A high-quality android phone — smartphones product with excellent build quality and modern design.,/abo-images-small (1)/images/small/00/00847c7d.jpg
D:\FYP Project\fypapp\abo-images-small (1)\images\small\7a\7a4a5c5e.jpg,Floral Dress,Dresses,59.99,A high-quality floral dress — dresses product with excellent build quality and modern design.,/abo-images-small (1)/images/small/7a/7a4a5c5e.jpg
D:\FYP Project\fypapp\abo-images-small (1)\images\small\54\54fe6a03.jpg,Dinnerware Set,Dinnerware,49.99,A high-quality dinnerware set — dinnerware product with excellent build quality and modern design.,/abo-images-small (1)/images/small/54/54fe6a03.jpg
D:\FYP Project\fypapp\abo-images-small (1)\images\small\91\91200189.jpg,Winter Coat,Jackets,119.99,A high-quality winter coat — jackets product with excellent build quality and modern design.,/abo-images-small (1)/images/small/91/91200189.jpg
D:\FYP Project\fypapp\abo-images-small (1)\images\small\41\418e401d.jpg,Android Phone,Smartphones,699.99,A high-quality android phone — smartphones product with excellent build quality and modern design.,/abo-images-small (1)/images/small/41/418e401d.jpg
D:\FYP Project\fypapp\abo-images-small (1)\images\small\dc\dc36ceab.jpg,Boots,Shoes,89.99,A high-quality boots — shoes product with excellent build quality and modern design.,/abo-images-small (1)/images/small/dc/dc36ceab.jpg
D:\FYP Project\fypapp\abo-images-small (1)\images\small\7c\7c912fb0.jpg,T-Shirt,Shirts,39.99,A high-quality t-shirt — shirts product with excellent build quality and modern design.,/abo-images-small (1)/images/small/7c/7c912fb0.jpg
D:\FYP Project\fypapp\abo-images-small (1)\images\small\17\170a5b79.jpg,Coffee Table,Tables,299.99,A high-quality coffee table — tables product with excellent build quality and modern design.,/abo-images-small (1)/images/small/17/170a5b79.jpg
D:\FYP Project\fypapp\abo-images-small (1)\images\small\bc\bc59dd37.jpg,Sectional Sofa,Sofas,799.99,A high-quality sectional sofa — sofas product with excellent build quality and modern design.,/abo-images-small (1)/images/small/bc/bc59dd37.jpg
D:\FYP Project\fypapp\abo-images-small (1)\images\small\b9\b9127a91.jpg,iPhone,Smartphones,699.99,A high-quality iphone — smartphones product with excellent build quality and modern design.,/abo-images-small (1)/images/small/b9/b9127a91.jpg
D:\FYP Project\fypapp\abo-images-small (1)\images\small\e1\e1184ab2.jpg,Cookware Set,Cookware,89.99,A high-quality cookware set — cookware product with excellent build quality and modern design.,/abo-images-small (1)/images/small/e1/e1184ab2.jpg
D:\FYP Project\fypapp\abo-images-small (1)\images\small\f2\f28ef7e5.jpg,Mobile Phone,Smartphones,699.99,A high-quality mobile phone — smartphones product with excellent build quality and modern design.,/abo-images-small (1)/images/small/f2/f28ef7e5.jpg
D:\FYP Project\fypapp\abo-images-small (1)\images\small\a4\a40ec778.jpg,Android Phone,Smartphones,699.99,A high-quality android phone — smartphones product with excellent build quality and modern design.,/abo-images-small (1)/images/small/a4/a40ec778.jpg
D:\FYP Project\fypapp\abo-images-small (1)\images\small\0e\0ea62117.jpg,iPhone,Smartphones,699.99,A high-quality iphone — smartphones product with excellent build quality and modern design.,/abo-images-small (1)/images/small/0e/0ea62117.jpg
D:\FYP Project\fypapp\abo-images-small (1)\images\small\86\86a31fdb.jpg,Smartphone,Smartphones,699.99,A high-quality smartphone — smartphones product with excellent build quality and modern design.,/abo-images-small (1)/images/small/86/86a31fdb.jpg
D:\FYP Project\fypapp\abo-images-small (1)\images\small\81\8135a06f.jpg,Hiking Gear,Outdoors,149.99,A high-quality hiking gear — outdoors product with excellent build quality and modern design.,/abo-images-small (1)/images/small/81/8135a06f.jpg
D:\FYP Project\fypapp\abo-images-small (1)\images\small\58\58818e22.jpg,Fitness Equipment,Sports,34.99,A high-quality fitness equipment — sports product with excellent build quality and modern design.,/abo-images-small (1)/images/small/58/58818e22.jpg
D:\FYP Project\fypapp\abo-images-small (1)\images\small\06\06165688.jpg,Skillet,Cookware,89.99,A high-quality skillet — cookware product with excellent build quality and modern design.,/abo-images-small (1)/images/small/06/06165688.jpg
D:\FYP Project\fypapp\abo-images-small (1)\images\small\7b\7b62d648.jpg,Yoga Mat,Sports,34.99,A high-quality yoga mat — sports product with excellent build quality and modern design.,/abo-images-small (1)/images/small/7b/7b62d648.jpg
D:\FYP Project\fypapp\abo-images-small (1)\images\small\17\1709fab2.jpg,Mobile Phone,Smartphones,699.99,A high-quality mobile phone — smartphones product with excellent build quality and modern design.,/abo-images-small (1)/images/small/17/1709fab2.jpg
D:\FYP Project\fypapp\abo-images-small (1)\images\small\77\772d0670.jpg,Blender,Appliances,129.99,A high-quality blender — appliances product with excellent build quality and modern design.,/abo-images-small (1)/images/small/77/772d0670.jpg
D:\FYP Project\fypapp\abo-images-small (1)\images\small\55\554b7275.jpg,Desk,Tables,299.99,A high-quality desk — tables product with excellent build quality and modern design.,/abo-images-small (1)/images/small/55/554b7275.jpg
D:\FYP Project\fypapp\abo-images-small (1)\images\small\22\2232839f.jpg,Smartphone,Smartphones,699.99,A high-quality smartphone — smartphones product with excellent build quality and modern design.,/abo-images-small (1)/images/small/22/2232839f.jpg
D:\FYP Project\fypapp\abo-images-small (1)\images\small\d1\d14d4c27.jpg,Ceramic Plates,Dinnerware,49.99,A high-quality ceramic plates — dinnerware product with excellent build quality and modern design.,/abo-images-small (1)/images/small/d1/d14d4c27.jpg
D:\FYP Project\fypapp\abo-images-small (1)\images\small\e5\e5336020.jpg,Android Phone,Smartphones,699.99,A high-quality android phone — smartphones product with excellent build quality and modern design.,/abo-images-small (1)/images/small/e5/e5336020.jpg
D:\FYP Project\fypapp\abo-images-small (1)\images\small\e9\e9117381.jpg,Platform Bed,Beds,499.99,A high-quality platform bed — beds product with excellent build quality and modern design.,/abo-images-small (1)/images/small/e9/e9117381.jpg
D:\FYP Project\fypapp\abo-images-small (1)\images\small\cb\cbfe5576.jpg,Cookware Set,Cookware,89.99,A high-quality cookware set — cookware product with excellent build quality and modern design.,/abo-images-small (1)/images/small/cb/cbfe5576.jpg
D:\FYP Project\fypapp\abo-images-small (1)\images\small\cf\cfe77d86.jpg,Resistance Bands,Sports,34.99,A high-quality resistance bands — sports product with excellent build quality and modern design.,/abo-images-small (1)/images/small/cf/cfe77d86.jpg
D:\FYP Project\fypapp\abo-images-small (1)\images\small\e0\e03173ef.jpg,Android Phone,Smartphones,699.99,A high-quality android phone — smartphones product with excellent build quality and modern design.,/abo-images-small (1)/images/small/e0/e03173ef.jpg
D:\FYP Project\fypapp\abo-images-small (1)\images\small\dd\dd1c0cab.jpg,iPhone,Smartphones,699.99,A high-quality iphone — smartphones product with excellent build quality and modern design.,/abo-images-small (1)/images/small/dd/dd1c0cab.jpg
D:\FYP Project\fypapp\abo-images-small (1)\images\small\a6\a6995aaf.jpg,Yoga Mat,Sports,34.99,A high-quality yoga mat — sports product with excellent build quality and modern design.,/abo-images-small (1)/images/small/a6/a6995aaf.jpg
D:\FYP Project\fypapp\abo-images-small (1)\images\small\3e\3ee251a3.jpg,Mobile Phone,Smartphones,699.99,A high-quality mobile phone — smartphones product with excellent build quality and modern design.,/abo-images-small (1)/images/small/3e/3ee251a3.jpg
D:\FYP Project\fypapp\abo-images-small (1)\images\small\2d\2d94a271.jpg,Android Phone,Smartphones,699.99,A high-quality android phone — smartphones product with excellent build quality and modern design.,/abo-images-small (1)/images/small/2d/2d94a271.jpg
D:\FYP Project\fypapp\abo-images-small (1)\images\small\15\15370cb3.jpg,Desk,Tables,299.99,A high-quality desk — tables product with excellent build quality and modern design.,/abo-images-small (1)/images/small/15/15370cb3.jpg
D:\FYP Project\fypapp\abo-images-small (1)\images\small\9e\9eb35192.jpg,Kitchen Appliance,Appliances,129.99,A high-quality kitchen appliance — appliances product with excellent build quality and modern design.,/abo-images-small (1)/images/small/9e/9eb35192.jpg
D:\FYP Project\fypapp\abo-images-small (1)\images\small\0c\0c99eace.jpg,iPad,Tablets,449.99,A high-quality ipad — tablets product with excellent build quality and modern design.,/abo-images-small (1)/images/small/0c/0c99eace.jpg
D:\FYP Project\fypapp\abo-images-small (1)\images\small\cf\cf0667e3.jpg,Sectional Sofa,Sofas,799.99,A high-quality sectional sofa — sofas product with excellent build quality and modern design.,/abo-images-small (1)/images/small/cf/cf0667e3.jpg
D:\FYP Project\fypapp\abo-images-small (1)\images\small\47\47889847.jpg,Platform Bed,Beds,499.99,A high-quality platform bed — beds product with excellent build quality and modern design.,/abo-images-small (1)/images/small/47/47889847.jpg
D:\FYP Project\fypapp\abo-images-small (1)\images\small\0e\0eb31b21.jpg,Bed Frame,Beds,499.99,A high-quality bed frame — beds product with excellent build quality and modern design.,/abo-images-small (1)/images/small/0e/0eb31b21.jpg
D:\FYP Project\fypapp\abo-images-small (1)\images\small\eb\ebe99602.jpg,Coffee Table,Tables,299.99,A high-quality coffee table — tables product with excellent build quality and modern design.,/abo-images-small (1)/images/small/eb/ebe99602.jpg
D:\FYP Project\fypapp\abo-images-small (1)\images\small\0e\0e3faa61.jpg,Digital Tablet,Tablets,449.99,A high-quality digital tablet — tablets product with excellent build quality and modern design.,/abo-images-small (1)/images/small/0e/0e3faa61.jpg
D:\FYP Project\fypapp\abo-images-small (1)\images\small\6d\6d055a33.jpg,iPhone,Smartphones,699.99,A high-quality iphone — smartphones product with excellent build quality and modern design.,/abo-images-small (1)/images/small/6d/6d055a33.jpg
D:\FYP Project\fypapp\abo-images-small (1)\images\small\6b\6b2daac6.jpg,Dining Table,Tables,299.99,A high-quality dining table — tables product with excellent build quality and modern design.,/abo-images-small (1)/images/small/6b/6b2daac6.jpg
D:\FYP Project\fypapp\abo-images-small (1)\images\small\8a\8a726b4c.jpg,Couch,Sofas,799.99,A high-quality couch — sofas product with excellent build quality and modern design.,/abo-images-small (1)/images/small/8a/8a726b4c.jpg
D:\FYP Project\fypapp\abo-images-small (1)\images\small\a5\a5341885.jpg,Casual Shoes,Shoes,89.99,A high-quality casual shoes — shoes product with excellent build quality and modern design.,/abo-images-small (1)/images/small/a5/a5341885.jpg
D:\FYP Project\fypapp\abo-images-small (1)\images\small\58\587ce8bd.jpg,Denim Pants,Jeans,69.99,A high-quality denim pants — jeans product with excellent build quality and modern design.,/abo-images-small (1)/images/small/58/587ce8bd.jpg
D:\FYP Project\fypapp\abo-images-small (1)\images\small\0c\0c7fd595.jpg,Kitchen Appliance,Appliances,129.99,A high-quality kitchen appliance — appliances product with excellent build quality and modern design.,/abo-images-small (1)/images/small/0c/0c7fd595.jpg
D:\FYP Project\fypapp\abo-images-small (1)\images\small\dc\dc61f90c.jpg,iPad,Tablets,449.99,A high-quality ipad — tablets product with excellent build quality and modern design.,/abo-images-small (1)/images/small/dc/dc61f90c.jpg
D:\FYP Project\fypapp\abo-images-small (1)\images\small\63\6363a107.jpg,Casual Shoes,Shoes,89.99,A high-quality casual shoes — shoes product with excellent build quality and modern design.,/abo-images-small (1)/images/small/63/6363a107.jpg
D:\FYP Project\fypapp\abo-images-small (1)\images\small\7b\7b61a1de.jpg,Mug Set,Dinnerware,49.99,A high-quality mug set — dinnerware product with excellent build quality and modern design.,/abo-images-small (1)/images/small/7b/7b61a1de.jpg
D:\FYP Project\fypapp\abo-images-small (1)\images\small\e4\e4958021.jpg,Tablet,Tablets,449.99,A high-quality tablet — tablets product with excellent build quality and modern design.,/abo-images-small (1)/images/small/e4/e4958021.jpg
D:\FYP Project\fypapp\abo-images-small (1)\images\small\d5\d5bd4bb1.jpg,Dining Chair,Chairs,199.99,A high-quality dining chair — chairs product with excellent build quality and modern design.,/abo-images-small (1)/images/small/d5/d5bd4bb1.jpg
D:\FYP Project\fypapp\abo-images-small (1)\images\small\c2\c23ae926.jpg,Bowl Set,Dinnerware,49.99,A high-quality bowl set — dinnerware product with excellent build quality and modern design.,/abo-images-small (1)/images/small/c2/c23ae926.jpg
D:\FYP Project\fypapp\abo-images-small (1)\images\small\29\2969b618.jpg,iPhone,Smartphones,699.99,A high-quality iphone — smartphones product with excellent build quality and modern design.,/abo-images-small (1)/images/small/29/2969b618.jpg
D:\FYP Project\fypapp\abo-images-small (1)\images\small\7f\7f003ace.jpg,Sneakers,Shoes,89.99,A high-quality sneakers — shoes product with excellent build quality and modern design.,/abo-images-small (1)/images/small/7f/7f003ace.jpg
D:\FYP Project\fypapp\abo-images-small (1)\images\small\98\981aceef.jpg,iPad,Tablets,449.99,A high-quality ipad — tablets product with excellent build quality and modern design.,/abo-images-small (1)/images/small/98/981aceef.jpg
D:\FYP Project\fypapp\abo-images-small (1)\images\small\8b\8b5f6234.jpg,Android Phone,Smartphones,699.99,A high-quality android phone — smartphones product with excellent build quality and modern design.,/abo-images-small (1)/images/small/8b/8b5f6234.jpg
D:\FYP Project\fypapp\abo-images-small (1)\images\small\bc\bcc50936.jpg,iPhone,Smartphones,699.99,A high-quality iphone — smartphones product with excellent build quality and modern design.,/abo-images-small (1)/images/small/bc/bcc50936.jpg
D:\FYP Project\fypapp\abo-images-small (1)\images\small\86\869c052e.jpg,Jacket,Jackets,119.99,A high-quality jacket — jackets product with excellent build quality and modern design.,/abo-images-small (1)/images/small/86/869c052e.jpg
D:\FYP Project\fypapp\abo-images-small (1)\images\small\75\75468b49.jpg,Resistance Bands,Sports,34.99,A high-quality resistance bands — sports product with excellent build quality and modern design.,/abo-images-small (1)/images/small/75/75468b49.jpg
D:\FYP Project\fypapp\abo-images-small (1)\images\small\41\417a061b.jpg,Accent Chair,Chairs,199.99,A high-quality accent chair — chairs product with excellent build quality and modern design.,/abo-images-small (1)/images/small/41/417a061b.jpg
D:\FYP Project\fypapp\abo-images-small (1)\images\small\ad\ad908d5d.jpg,iPhone,Smartphones,699.99,A high-quality iphone — smartphones product with excellent build quality and modern design.,/abo-images-small (1)/images/small/ad/ad908d5d.jpg
D:\FYP Project\fypapp\abo-images-small (1)\images\small\ad\adf266ba.jpg,Smartphone,Smartphones,699.99,A high-quality smartphone — smartphones product with excellent build quality and modern design.,/abo-images-small (1)/images/small/ad/adf266ba.jpg
D:\FYP Project\fypapp\abo-images-small (1)\images\small\c7\c7377726.jpg,Mobile Phone,Smartphones,699.99,A high-quality mobile phone — smartphones product with excellent build quality and modern design.,/abo-images-small (1)/images/small/c7/c7377726.jpg
D:\FYP Project\fypapp\abo-images-small (1)\images\small\5c\5cc5ab71.jpg,Side Table,Tables,299.99,A high-quality side table — tables product with excellent build quality and modern design.,/abo-images-small (1)/images/small/5c/5cc5ab71.jpg
D:\FYP Project\fypapp\abo-images-small (1)\images\small\1c\1c30d48e.jpg,Android Tablet,Tablets,449.99,A high-quality android tablet — tablets product with excellent build quality and modern design.,/abo-images-small (1)/images/small/1c/1c30d48e.jpg
D:\FYP Project\fypapp\abo-images-small (1)\images\small\93\93f93632.jpg,Dining Table,Tables,299.99,A high-quality dining table — tables product with excellent build quality and modern design.,/abo-images-small (1)/images/small/93/93f93632.jpg
D:\FYP Project\fypapp\abo-images-small (1)\images\small\ce\ce6a60fd.jpg,Resistance Bands,Sports,34.99,A high-quality resistance bands — sports product with excellent build quality and modern design.,/abo-images-small (1)/images/small/ce/ce6a60fd.jpg
D:\FYP Project\fypapp\abo-images-small (1)\images\small\d2\d2f82022.jpg,Cooking Pot,Cookware,89.99,A high-quality cooking pot — cookware product with excellent build quality and modern design.,/abo-images-small (1)/images/small/d2/d2f82022.jpg
D:\FYP Project\fypapp\abo-images-small (1)\images\small\3e\3e396716.jpg,iPhone,Smartphones,699.99,A high-quality iphone — smartphones product with excellent build quality and modern design.,/abo-images-small (1)/images/small/3e/3e396716.jpg
D:\FYP Project\fypapp\abo-images-small (1)\images\small\66\6635ff27.jpg,Tablet,Tablets,449.99,A high-quality tablet — tablets product with excellent build quality and modern design.,/abo-images-small (1)/images/small/66/6635ff27.jpg
D:\FYP Project\fypapp\abo-images-small (1)\images\small\6e\6e593eaa.jpg,Microwave,Appliances,129.99,A high-quality microwave — appliances product with excellent build quality and modern design.,/abo-images-small (1)/images/small/6e/6e593eaa.jpg
D:\FYP Project\fypapp\abo-images-small (1)\images\small\b8\b83b3bc0.jpg,Android Phone,Smartphones,699.99,A high-quality android phone — smartphones product with excellent build quality and modern design.,/abo-images-small (1)/images/small/b8/b83b3bc0.jpg
D:\FYP Project\fypapp\abo-images-small (1)\images\small\1b\1b69c990.jpg,Backpack,Outdoors,149.99,A high-quality backpack — outdoors product with excellent build quality and modern design.,/abo-images-small (1)/images/small/1b/1b69c990.jpg
D:\FYP Project\fypapp\abo-images-small (1)\images\small\70\70b26967.jpg,Sneakers,Shoes,89.99,A high-quality sneakers — shoes product with excellent build quality and modern design.,/abo-images-small (1)/images/small/70/70b26967.jpg
D:\FYP Project\fypapp\abo-images-small (1)\images\small\66\66c23f30.jpg,Queen Bed,Beds,499.99,A high-quality queen bed — beds product with excellent build quality and modern design.,/abo-images-small (1)/images/small/66/66c23f30.jpg
D:\FYP Project\fypapp\abo-images-small (1)\images\small\6a\6a25b4ae.jpg,Side Table,Tables,299.99,A high-quality side table — tables product with excellent build quality and modern design.,/abo-images-small (1)/images/small/6a/6a25b4ae.jpg
D:\FYP Project\fypapp\abo-images-small (1)\images\small\f1\f1376a66.jpg,Boots,Shoes,89.99,A high-quality boots — shoes product with excellent build quality and modern design.,/abo-images-small (1)/images/small/f1/f1376a66.jpg
D:\FYP Project\fypapp\abo-images-small (1)\images\small\94\94c434e4.jpg,Smartphone,Smartphones,699.99,A high-quality smartphone — smartphones product with excellent build quality and modern design.,/abo-images-small (1)/images/small/94/94c434e4.jpg
D:\FYP Project\fypapp\abo-images-small (1)\images\small\3a\3a082d9d.jpg,Mobile Phone,Smartphones,699.99,A high-quality mobile phone — smartphones product with excellent build quality and modern design.,/abo-images-small (1)/images/small/3a/3a082d9d.jpg
D:\FYP Project\fypapp\abo-images-small (1)\images\small\9a\9ad914a1.jpg,Bowl Set,Dinnerware,49.99,A high-quality bowl set — dinnerware product with excellent build quality and modern design.,/abo-images-small (1)/images/small/9a/9ad914a1.jpg
D:\FYP Project\fypapp\abo-images-small (1)\images\small\79\79fd4e50.jpg,Windbreaker,Jackets,119.99,A high-quality windbreaker — jackets product with excellent build quality and modern design.,/abo-images-small (1)/images/small/79/79fd4e50.jpg
D:\FYP Project\fypapp\abo-images-small (1)\images\small\9b\9b8b4d1c.jpg,Sofa,Sofas,799.99,A high-quality sofa — sofas product with excellent build quality and modern design.,/abo-images-small (1)/images/small/9b/9b8b4d1c.jpg
D:\FYP Project\fypapp\abo-images-small (1)\images\small\bf\bf377cf7.jpg,Resistance Bands,Sports,34.99,A high-quality resistance bands — sports product with excellent build quality and modern design.,/abo-images-small (1)/images/small/bf/bf377cf7.jpg
D:\FYP Project\fypapp\abo-images-small (1)\images\small\7a\7a35c9d7.jpg,Polo Shirt,Shirts,39.99,A high-quality polo shirt — shirts product with excellent build quality and modern design.,/abo-images-small (1)/images/small/7a/7a35c9d7.jpg
D:\FYP Project\fypapp\abo-images-small (1)\images\small\97\978c87b1.jpg,Exercise Gear,Sports,34.99,A high-quality exercise gear — sports product with excellent build quality and modern design.,/abo-images-small (1)/images/small/97/978c87b1.jpg
D:\FYP Project\fypapp\abo-images-small (1)\images\small\e4\e468719d.jpg,Sneakers,Shoes,89.99,A high-quality sneakers — shoes product with excellent build quality and modern design.,/abo-images-small (1)/images/small/e4/e468719d.jpg
D:\FYP Project\fypapp\abo-images-small (1)\images\small\13\1381b6b1.jpg,Non-Stick Pan,Cookware,89.99,A high-quality non-stick pan — cookware product with excellent build quality and modern design.,/abo-images-small (1)/images/small/13/1381b6b1.jpg
D:\FYP Project\fypapp\abo-images-small (1)\images\small\d7\d70cd9f6.jpg,Android Phone,Smartphones,699.99,A high-quality android phone — smartphones product with excellent build quality and modern design.,/abo-images-small (1)/images/small/d7/d70cd9f6.jpg
D:\FYP Project\fypapp\abo-images-small (1)\images\small\8d\8d89ed2c.jpg,Coffee Maker,Appliances,129.99,A high-quality coffee maker — appliances product with excellent build quality and modern design.,/abo-images-small (1)/images/small/8d/8d89ed2c.jpg
D:\FYP Project\fypapp\abo-images-small (1)\images\small\7d\7dc10b0d.jpg,Camping Tent,Outdoors,149.99,A high-quality camping tent — outdoors product with excellent build quality and modern design.,/abo-images-small (1)/images/small/7d/7dc10b0d.jpg
D:\FYP Project\fypapp\abo-images-small (1)\images\small\f9\f99f7ec7.jpg,Notebook PC,Laptops,899.99,A high-quality notebook pc — laptops product with excellent build quality and modern design.,/abo-images-small (1)/images/small/f9/f99f7ec7.jpg
D:\FYP Project\fypapp\abo-images-small (1)\images\small\c5\c55f2041.jpg,Outdoor Equipment,Outdoors,149.99,A high-quality outdoor equipment — outdoors product with excellent build quality and modern design.,/abo-images-small (1)/images/small/c5/c55f2041.jpg
D:\FYP Project\fypapp\abo-images-small (1)\images\small\30\303b9a50.jpg,Boots,Shoes,89.99,A high-quality boots — shoes product with excellent build quality and modern design.,/abo-images-small (1)/images/small/30/303b9a50.jpg
D:\FYP Project\fypapp\abo-images-small (1)\images\small\d3\d33c3d9c.jpg,Camping Tent,Outdoors,149.99,A high-quality camping tent — outdoors product with excellent build quality and modern design.,/abo-images-small (1)/images/small/d3/d33c3d9c.jpg
D:\FYP Project\fypapp\abo-images-small (1)\images\small\0c\0c157c18.jpg,Coffee Table,Tables,299.99,A high-quality coffee table — tables product with excellent build quality and modern design.,/abo-images-small (1)/images/small/0c/0c157c18.jpg
D:\FYP Project\fypapp\abo-images-small (1)\images\small\d0\d099e643.jpg,Cooking Pot,Cookware,89.99,A high-quality cooking pot — cookware product with excellent build quality and modern design.,/abo-images-small (1)/images/small/d0/d099e643.jpg
D:\FYP Project\fypapp\abo-images-small (1)\images\small\16\16db1584.jpg,Exercise Gear,Sports,34.99,A high-quality exercise gear — sports product with excellent build quality and modern design.,/abo-images-small (1)/images/small/16/16db1584.jpg
D:\FYP Project\fypapp\abo-images-small (1)\images\small\53\53b164dd.jpg,T-Shirt,Shirts,39.99,A high-quality t-shirt — shirts product with excellent build quality and modern design.,/abo-images-small (1)/images/small/53/53b164dd.jpg
D:\FYP Project\fypapp\abo-images-small (1)\images\small\7e\7e91c075.jpg,Queen Bed,Beds,499.99,A high-quality queen bed — beds product with excellent build quality and modern design.,/abo-images-small (1)/images/small/7e/7e91c075.jpg
D:\FYP Project\fypapp\abo-images-small (1)\images\small\7c\7cfa58ee.jpg,Cooking Pot,Cookware,89.99,A high-quality cooking pot — cookware product with excellent build quality and modern design.,/abo-images-small (1)/images/small/7c/7cfa58ee.jpg
D:\FYP Project\fypapp\abo-images-small (1)\images\small\85\8545866b.jpg,Exercise Gear,Sports,34.99,A high-quality exercise gear — sports product with excellent build quality and modern design.,/abo-images-small (1)/images/small/85/8545866b.jpg
D:\FYP Project\fypapp\abo-images-small (1)\images\small\0b\0b8de0cc.jpg,Jacket,Jackets,119.99,A high-quality jacket — jackets product with excellent build quality and modern design.,/abo-images-small (1)/images/small/0b/0b8de0cc.jpg
D:\FYP Project\fypapp\abo-images-small (1)\images\small\34\34affd12.jpg,Dining Chair,Chairs,199.99,A high-quality dining chair — chairs product with excellent build quality and modern design.,/abo-images-small (1)/images/small/34/34affd12.jpg
D:\FYP Project\fypapp\abo-images-small (1)\images\small\9c\9cbe0496.jpg,Android Phone,Smartphones,699.99,A high-quality android phone — smartphones product with excellent build quality and modern design.,/abo-images-small (1)/images/small/9c/9cbe0496.jpg
D:\FYP Project\fypapp\abo-images-small (1)\images\small\80\8019c884.jpg,Earphones,Headphones,149.99,A high-quality earphones — headphones product with excellent build quality and modern design.,/abo-images-small (1)/images/small/80/8019c884.jpg
D:\FYP Project\fypapp\abo-images-small (1)\images\small\80\808e68d9.jpg,Smartphone,Smartphones,699.99,A high-quality smartphone — smartphones product with excellent build quality and modern design.,/abo-images-small (1)/images/small/80/808e68d9.jpg
D:\FYP Project\fypapp\abo-images-small (1)\images\small\ff\ffb0d7c3.jpg,Mobile Phone,Smartphones,699.99,A high-quality mobile phone — smartphones product with excellent build quality and modern design.,/abo-images-small (1)/images/small/ff/ffb0d7c3.jpg
D:\FYP Project\fypapp\abo-images-small (1)\images\small\1a\1a16a00c.jpg,Android Phone,Smartphones,699.99,A high-quality android phone — smartphones product with excellent build quality and modern design.,/abo-images-small (1)/images/small/1a/1a16a00c.jpg
D:\FYP Project\fypapp\abo-images-small (1)\images\small\b6\b6577e49.jpg,iPhone,Smartphones,699.99,A high-quality iphone — smartphones product with excellent build quality and modern design.,/abo-images-small (1)/images/small/b6/b6577e49.jpg
D:\FYP Project\fypapp\abo-images-small (1)\images\small\7e\7ec53f06.jpg,Sneakers,Shoes,89.99,A high-quality sneakers — shoes product with excellent build quality and modern design.,/abo-images-small (1)/images/small/7e/7ec53f06.jpg
D:\FYP Project\fypapp\abo-images-small (1)\images\small\8a\8a6df927.jpg,Running Shoes,Shoes,89.99,A high-quality running shoes — shoes product with excellent build quality and modern design.,/abo-images-small (1)/images/small/8a/8a6df927.jpg
D:\FYP Project\fypapp\abo-images-small (1)\images\small\6c\6c975b66.jpg,Straight Jeans,Jeans,69.99,A high-quality straight jeans — jeans product with excellent build quality and modern design.,/abo-images-small (1)/images/small/6c/6c975b66.jpg
D:\FYP Project\fypapp\abo-images-small (1)\images\small\61\613c268c.jpg,Exercise Gear,Sports,34.99,A high-quality exercise gear — sports product with excellent build quality and modern design.,/abo-images-small (1)/images/small/61/613c268c.jpg
D:\FYP Project\fypapp\abo-images-small (1)\images\small\ed\edd46b44.jpg,Smartphone,Smartphones,699.99,A high-quality smartphone — smartphones product with excellent build quality and modern design.,/abo-images-small (1)/images/small/ed/edd46b44.jpg
D:\FYP Project\fypapp\abo-images-small (1)\images\small\d2\d2d64553.jpg,Mobile Phone,Smartphones,699.99,A high-quality mobile phone — smartphones product with excellent build quality and modern design.,/abo-images-small (1)/images/small/d2/d2d64553.jpg
D:\FYP Project\fypapp\abo-images-small (1)\images\small\09\09568be9.jpg,Android Phone,Smartphones,699.99,A high-quality android phone — smartphones product with excellent build quality and modern design.,/abo-images-small (1)/images/small/09/09568be9.jpg
D:\FYP Project\fypapp\abo-images-small (1)\images\small\41\4151bc9e.jpg,iPhone,Smartphones,699.99,A high-quality iphone — smartphones product with excellent build quality and modern design.,/abo-images-small (1)/images/small/41/4151bc9e.jpg
D:\FYP Project\fypapp\abo-images-small (1)\images\small\ae\ae45d453.jpg,Dinnerware Set,Dinnerware,49.99,A high-quality dinnerware set — dinnerware product with excellent build quality and modern design.,/abo-images-small (1)/images/small/ae/ae45d453.jpg
D:\FYP Project\fypapp\abo-images-small (1)\images\small\86\86a813d9.jpg,Dining Chair,Chairs,199.99,A high-quality dining chair — chairs product with excellent build quality and modern design.,/abo-images-small (1)/images/small/86/86a813d9.jpg
D:\FYP Project\fypapp\abo-images-small (1)\images\small\27\275c886b.jpg,King Bed,Beds,499.99,A high-quality king bed — beds product with excellent build quality and modern design.,/abo-images-small (1)/images/small/27/275c886b.jpg
D:\FYP Project\fypapp\abo-images-small (1)\images\small\5a\5afe5136.jpg,Mug Set,Dinnerware,49.99,A high-quality mug set — dinnerware product with excellent build quality and modern design.,/abo-images-small (1)/images/small/5a/5afe5136.jpg
D:\FYP Project\fypapp\abo-images-small (1)\images\small\5a\5a77dde5.jpg,Kitchen Appliance,Appliances,129.99,A high-quality kitchen appliance — appliances product with excellent build quality and modern design.,/abo-images-small (1)/images/small/5a/5a77dde5.jpg
D:\FYP Project\fypapp\abo-images-small (1)\images\small\9b\9b6c2123.jpg,Dress Shirt,Shirts,39.99,A high-quality dress shirt — shirts product with excellent build quality and modern design.,/abo-images-small (1)/images/small/9b/9b6c2123.jpg
D:\FYP Project\fypapp\abo-images-small (1)\images\small\4c\4c7c9ae7.jpg,Casual Shoes,Shoes,89.99,A high-quality casual shoes — shoes product with excellent build quality and modern design.,/abo-images-small (1)/images/small/4c/4c7c9ae7.jpg
D:\FYP Project\fypapp\abo-images-small (1)\images\small\63\63407246.jpg,iPhone,Smartphones,699.99,A high-quality iphone — smartphones product with excellent build quality and modern design.,/abo-images-small (1)/images/small/63/63407246.jpg
D:\FYP Project\fypapp\abo-images-small (1)\images\small\ab\ab80204c.jpg,Dining Table,Tables,299.99,A high-quality dining table — tables product with excellent build quality and modern design.,/abo-images-small (1)/images/small/ab/ab80204c.jpg
D:\FYP Project\fypapp\abo-images-small (1)\images\small\47\47055ccb.jpg,Resistance Bands,Sports,34.99,A high-quality resistance bands — sports product with excellent build quality and modern design.,/abo-images-small (1)/images/small/47/47055ccb.jpg
D:\FYP Project\fypapp\abo-images-small (1)\images\small\28\28db1516.jpg,King Bed,Beds,499.99,A high-quality king bed — beds product with excellent build quality and modern design.,/abo-images-small (1)/images/small/28/28db1516.jpg
D:\FYP Project\fypapp\abo-images-small (1)\images\small\c8\c893cac7.jpg,Skillet,Cookware,89.99,A high-quality skillet — cookware product with excellent build quality and modern design.,/abo-images-small (1)/images/small/c8/c893cac7.jpg
D:\FYP Project\fypapp\abo-images-small (1)\images\small\d8\d898e72c.jpg,Tablet,Tablets,449.99,A high-quality tablet — tablets product with excellent build quality and modern design.,/abo-images-small (1)/images/small/d8/d898e72c.jpg
D:\FYP Project\fypapp\abo-images-small (1)\images\small\9d\9d375242.jpg,Mobile Phone,Smartphones,699.99,A high-quality mobile phone — smartphones product with excellent build quality and modern design.,/abo-images-small (1)/images/small/9d/9d375242.jpg
D:\FYP Project\fypapp\abo-images-small (1)\images\small\3b\3bc234de.jpg,Android Phone,Smartphones,699.99,A high-quality android phone — smartphones product with excellent build quality and modern design.,/abo-images-small (1)/images/small/3b/3bc234de.jpg
D:\FYP Project\fypapp\abo-images-small (1)\images\small\9b\9b1afb9d.jpg,Platform Bed,Beds,499.99,A high-quality platform bed — beds product with excellent build quality and modern design.,/abo-images-small (1)/images/small/9b/9b1afb9d.jpg
D:\FYP Project\fypapp\abo-images-small (1)\images\small\1d\1dad4abe.jpg,Headphones,Headphones,149.99,A high-quality headphones — headphones product with excellent build quality and modern design.,/abo-images-small (1)/images/small/1d/1dad4abe.jpg
D:\FYP Project\fypapp\abo-images-small (1)\images\small\6e\6e073477.jpg,Dining Chair,Chairs,199.99,A high-quality dining chair — chairs product with excellent build quality and modern design.,/abo-images-small (1)/images/small/6e/6e073477.jpg
D:\FYP Project\fypapp\abo-images-small (1)\images\small\78\780ffe5f.jpg,Android Phone,Smartphones,699.99,A high-quality android phone — smartphones product with excellent build quality and modern design.,/abo-images-small (1)/images/small/78/780ffe5f.jpg
D:\FYP Project\fypapp\abo-images-small (1)\images\small\15\15d9809a.jpg,iPhone,Smartphones,699.99,A high-quality iphone — smartphones product with excellent build quality and modern design.,/abo-images-small (1)/images/small/15/15d9809a.jpg
D:\FYP Project\fypapp\abo-images-small (1)\images\small\65\6508ee94.jpg,Yoga Mat,Sports,34.99,A high-quality yoga mat — sports product with excellent build quality and modern design.,/abo-images-small (1)/images/small/65/6508ee94.jpg
D:\FYP Project\fypapp\abo-images-small (1)\images\small\f0\f07cf696.jpg,Couch,Sofas,799.99,A high-quality couch — sofas product with excellent build quality and modern design.,/abo-images-small (1)/images/small/f0/f07cf696.jpg
D:\FYP Project\fypapp\abo-images-small (1)\images\small\37\3719c73e.jpg,Android Phone,Smartphones,699.99,A high-quality android phone — smartphones product with excellent build quality and modern design.,/abo-images-small (1)/images/small/37/3719c73e.jpg
D:\FYP Project\fypapp\abo-images-small (1)\images\small\3c\3c2613ed.jpg,Windbreaker,Jackets,119.99,A high-quality windbreaker — jackets product with excellent build quality and modern design.,/abo-images-small (1)/images/small/3c/3c2613ed.jpg
D:\FYP Project\fypapp\abo-images-small (1)\images\small\7c\7cc99db8.jpg,Camping Tent,Outdoors,149.99,A high-quality camping tent — outdoors product with excellent build quality and modern design.,/abo-images-small (1)/images/small/7c/7cc99db8.jpg
D:\FYP Project\fypapp\abo-images-small (1)\images\small\e1\e13de6bc.jpg,Dining Chair,Chairs,199.99,A high-quality dining chair — chairs product with excellent build quality and modern design.,/abo-images-small (1)/images/small/e1/e13de6bc.jpg
D:\FYP Project\fypapp\abo-images-small (1)\images\small\d3\d3204c3d.jpg,Android Phone,Smartphones,699.99,A high-quality android phone — smartphones product with excellent build quality and modern design.,/abo-images-small (1)/images/small/d3/d3204c3d.jpg
D:\FYP Project\fypapp\abo-images-small (1)\images\small\47\475b8623.jpg,Boots,Shoes,89.99,A high-quality boots — shoes product with excellent build quality and modern design.,/abo-images-small (1)/images/small/47/475b8623.jpg
D:\FYP Project\fypapp\abo-images-small (1)\images\small\2e\2efc3660.jpg,Dining Table,Tables,299.99,A high-quality dining table — tables product with excellent build quality and modern design.,/abo-images-small (1)/images/small/2e/2efc3660.jpg
D:\FYP Project\fypapp\abo-images-small (1)\images\small\ed\ed85a24c.jpg,Mobile Phone,Smartphones,699.99,A high-quality mobile phone — smartphones product with excellent build quality and modern design.,/abo-images-small (1)/images/small/ed/ed85a24c.jpg
D:\FYP Project\fypapp\abo-images-small (1)\images\small\bd\bd106086.jpg,Outdoor Equipment,Outdoors,149.99,A high-quality outdoor equipment — outdoors product with excellent build quality and modern design.,/abo-images-small (1)/images/small/bd/bd106086.jpg
D:\FYP Project\fypapp\abo-images-small (1)\images\small\c2\c2795d4d.jpg,Platform Bed,Beds,499.99,A high-quality platform bed — beds product with excellent build quality and modern design.,/abo-images-small (1)/images/small/c2/c2795d4d.jpg
D:\FYP Project\fypapp\abo-images-small (1)\images\small\d9\d9f4e3fa.jpg,Dining Table,Tables,299.99,A high-quality dining table — tables product with excellent build quality and modern design.,/abo-images-small (1)/images/small/d9/d9f4e3fa.jpg
D:\FYP Project\fypapp\abo-images-small (1)\images\small\7f\7f4fc91b.jpg,Wireless Earbuds,Headphones,149.99,A high-quality wireless earbuds — headphones product with excellent build quality and modern design.,/abo-images-small (1)/images/small/7f/7f4fc91b.jpg
D:\FYP Project\fypapp\abo-images-small (1)\images\small\e2\e24c4e2c.jpg,Blender,Appliances,129.99,A high-quality blender — appliances product with excellent build quality and modern design.,/abo-images-small (1)/images/small/e2/e24c4e2c.jpg
D:\FYP Project\fypapp\abo-images-small (1)\images\small\2b\2b539c79.jpg,Denim Pants,Jeans,69.99,A high-quality denim pants — jeans product with excellent build quality and modern design.,/abo-images-small (1)/images/small/2b/2b539c79.jpg
D:\FYP Project\fypapp\abo-images-small (1)\images\small\1d\1d34ccdb.jpg,Cookware Set,Cookware,89.99,A high-quality cookware set — cookware product with excellent build quality and modern design.,/abo-images-small (1)/images/small/1d/1d34ccdb.jpg
D:\FYP Project\fypapp\abo-images-small (1)\images\small\c4\c4e70935.jpg,Mobile Phone,Smartphones,699.99,A high-quality mobile phone — smartphones product with excellent build quality and modern design.,/abo-images-small (1)/images/small/c4/c4e70935.jpg
D:\FYP Project\fypapp\abo-images-small (1)\images\small\e8\e8a91c4c.jpg,Sectional Sofa,Sofas,799.99,A high-quality sectional sofa — sofas product with excellent build quality and modern design.,/abo-images-small (1)/images/small/e8/e8a91c4c.jpg
D:\FYP Project\fypapp\abo-images-small (1)\images\small\c7\c72e6958.jpg,iPhone,Smartphones,699.99,A high-quality iphone — smartphones product with excellent build quality and modern design.,/abo-images-small (1)/images/small/c7/c72e6958.jpg
D:\FYP Project\fypapp\abo-images-small (1)\images\small\d9\d9271c69.jpg,Smartphone,Smartphones,699.99,A high-quality smartphone — smartphones product with excellent build quality and modern design.,/abo-images-small (1)/images/small/d9/d9271c69.jpg
D:\FYP Project\fypapp\abo-images-small (1)\images\small\bd\bdf0a64f.jpg,Resistance Bands,Sports,34.99,A high-quality resistance bands — sports product with excellent build quality and modern design.,/abo-images-small (1)/images/small/bd/bdf0a64f.jpg
D:\FYP Project\fypapp\abo-images-small (1)\images\small\8e\8e9fc38e.jpg,Straight Jeans,Jeans,69.99,A high-quality straight jeans — jeans product with excellent build quality and modern design.,/abo-images-small (1)/images/small/8e/8e9fc38e.jpg
D:\FYP Project\fypapp\abo-images-small (1)\images\small\18\18fcc369.jpg,iPhone,Smartphones,699.99,A high-quality iphone — smartphones product with excellent build quality and modern design.,/abo-images-small (1)/images/small/18/18fcc369.jpg
D:\FYP Project\fypapp\abo-images-small (1)\images\small\29\29be059d.jpg,Tablet,Tablets,449.99,A high-quality tablet — tablets product with excellent build quality and modern design.,/abo-images-small (1)/images/small/29/29be059d.jpg
D:\FYP Project\fypapp\abo-images-small (1)\images\small\a9\a9836291.jpg,Running Shoes,Shoes,89.99,A high-quality running shoes — shoes product with excellent build quality and modern design.,/abo-images-small (1)/images/small/a9/a9836291.jpg
D:\FYP Project\fypapp\abo-images-small (1)\images\small\37\375ad58f.jpg,Cooking Pot,Cookware,89.99,A high-quality cooking pot — cookware product with excellent build quality and modern design.,/abo-images-small (1)/images/small/37/375ad58f.jpg
D:\FYP Project\fypapp\abo-images-small (1)\images\small\b2\b2b193cc.jpg,iPhone,Smartphones,699.99,A high-quality iphone — smartphones product with excellent build quality and modern design.,/abo-images-small (1)/images/small/b2/b2b193cc.jpg
D:\FYP Project\fypapp\abo-images-small (1)\images\small\d0\d0a788d0.jpg,Smartphone,Smartphones,699.99,A high-quality smartphone — smartphones product with excellent build quality and modern design.,/abo-images-small (1)/images/small/d0/d0a788d0.jpg
D:\FYP Project\fypapp\abo-images-small (1)\images\small\50\5048f4d6.jpg,Microwave,Appliances,129.99,A high-quality microwave — appliances product with excellent build quality and modern design.,/abo-images-small (1)/images/small/50/5048f4d6.jpg
D:\FYP Project\fypapp\abo-images-small (1)\images\small\c6\c68b03eb.jpg,King Bed,Beds,499.99,A high-quality king bed — beds product with excellent build quality and modern design.,/abo-images-small (1)/images/small/c6/c68b03eb.jpg
D:\FYP Project\fypapp\abo-images-small (1)\images\small\75\75951ea4.jpg,Coffee Maker,Appliances,129.99,A high-quality coffee maker — appliances product with excellent build quality and modern design.,/abo-images-small (1)/images/small/75/75951ea4.jpg
D:\FYP Project\fypapp\abo-images-small (1)\images\small\5a\5a35c394.jpg,Tablet,Tablets,449.99,A high-quality tablet — tablets product with excellent build quality and modern design.,/abo-images-small (1)/images/small/5a/5a35c394.jpg
D:\FYP Project\fypapp\abo-images-small (1)\images\small\3b\3bb6ee64.jpg,Winter Coat,Jackets,119.99,A high-quality winter coat — jackets product with excellent build quality and modern design.,/abo-images-small (1)/images/small/3b/3bb6ee64.jpg
D:\FYP Project\fypapp\abo-images-small (1)\images\small\15\15b9e857.jpg,Android Phone,Smartphones,699.99,A high-quality android phone — smartphones product with excellent build quality and modern design.,/abo-images-small (1)/images/small/15/15b9e857.jpg
D:\FYP Project\fypapp\abo-images-small (1)\images\small\98\98a169b8.jpg,Android Tablet,Tablets,449.99,A high-quality android tablet — tablets product with excellent build quality and modern design.,/abo-images-small (1)/images/small/98/98a169b8.jpg
D:\FYP Project\fypapp\abo-images-small (1)\images\small\e6\e6208e27.jpg,Bed Frame,Beds,499.99,A high-quality bed frame — beds product with excellent build quality and modern design.,/abo-images-small (1)/images/small/e6/e6208e27.jpg
D:\FYP Project\fypapp\abo-images-small (1)\images\small\87\87cf1408.jpg,Dress Shirt,Shirts,39.99,A high-quality dress shirt — shirts product with excellent build quality and modern design.,/abo-images-small (1)/images/small/87/87cf1408.jpg
D:\FYP Project\fypapp\abo-images-small (1)\images\small\60\60409fdb.jpg,Android Phone,Smartphones,699.99,A high-quality android phone — smartphones product with excellent build quality and modern design.,/abo-images-small (1)/images/small/60/60409fdb.jpg
D:\FYP Project\fypapp\abo-images-small (1)\images\small\6e\6e2595d8.jpg,Windbreaker,Jackets,119.99,A high-quality windbreaker — jackets product with excellent build quality and modern design.,/abo-images-small (1)/images/small/6e/6e2595d8.jpg
D:\FYP Project\fypapp\abo-images-small (1)\images\small\66\663b147f.jpg,Smartphone,Smartphones,699.99,A high-quality smartphone — smartphones product with excellent build quality and modern design.,/abo-images-small (1)/images/small/66/663b147f.jpg
D:\FYP Project\fypapp\abo-images-small (1)\images\small\1e\1e88fc09.jpg,Mobile Phone,Smartphones,699.99,A high-quality mobile phone — smartphones product with excellent build quality and modern design.,/abo-images-small (1)/images/small/1e/1e88fc09.jpg
D:\FYP Project\fypapp\abo-images-small (1)\images\small\85\85baf24a.jpg,Digital Tablet,Tablets,449.99,A high-quality digital tablet — tablets product with excellent build quality and modern design.,/abo-images-small (1)/images/small/85/85baf24a.jpg
D:\FYP Project\fypapp\abo-images-small (1)\images\small\a8\a8777adf.jpg,Platform Bed,Beds,499.99,A high-quality platform bed — beds product with excellent build quality and modern design.,/abo-images-small (1)/images/small/a8/a8777adf.jpg
D:\FYP Project\fypapp\abo-images-small (1)\images\small\15\15c28e7b.jpg,Smartphone,Smartphones,699.99,A high-quality smartphone — smartphones product with excellent build quality and modern design.,/abo-images-small (1)/images/small/15/15c28e7b.jpg
D:\FYP Project\fypapp\abo-images-small (1)\images\small\da\dab25427.jpg,Mobile Phone,Smartphones,699.99,A high-quality mobile phone — smartphones product with excellent build quality and modern design.,/abo-images-small (1)/images/small/da/dab25427.jpg
D:\FYP Project\fypapp\abo-images-small (1)\images\small\da\daf5ff49.jpg,Side Table,Tables,299.99,A high-quality side table — tables product with excellent build quality and modern design.,/abo-images-small (1)/images/small/da/daf5ff49.jpg
D:\FYP Project\fypapp\abo-images-small (1)\images\small\df\dfd7b762.jpg,Earphones,Headphones,149.99,A high-quality earphones — headphones product with excellent build quality and modern design.,/abo-images-small (1)/images/small/df/dfd7b762.jpg
D:\FYP Project\fypapp\abo-images-small (1)\images\small\97\975b0683.jpg,Smartphone,Smartphones,699.99,A high-quality smartphone — smartphones product with excellent build quality and modern design.,/abo-images-small (1)/images/small/97/975b0683.jpg
D:\FYP Project\fypapp\abo-images-small (1)\images\small\eb\eb139dc2.jpg,iPad,Tablets,449.99,A high-quality ipad — tablets product with excellent build quality and modern design.,/abo-images-small (1)/images/small/eb/eb139dc2.jpg
D:\FYP Project\fypapp\abo-images-small (1)\images\small\90\90c5ecbc.jpg,Android Phone,Smartphones,699.99,A high-quality android phone — smartphones product with excellent build quality and modern design.,/abo-images-small (1)/images/small/90/90c5ecbc.jpg
D:\FYP Project\fypapp\abo-images-small (1)\images\small\14\14fc39bb.jpg,Mug Set,Dinnerware,49.99,A high-quality mug set — dinnerware product with excellent build quality and modern design.,/abo-images-small (1)/images/small/14/14fc39bb.jpg
D:\FYP Project\fypapp\abo-images-small (1)\images\small\5a\5a3c0d7c.jpg,Bed Frame,Beds,499.99,A high-quality bed frame — beds product with excellent build quality and modern design.,/abo-images-small (1)/images/small/5a/5a3c0d7c.jpg
D:\FYP Project\fypapp\abo-images-small (1)\images\small\19\19fd2f42.jpg,Mobile Phone,Smartphones,699.99,A high-quality mobile phone — smartphones product with excellent build quality and modern design.,/abo-images-small (1)/images/small/19/19fd2f42.jpg
D:\FYP Project\fypapp\abo-images-small (1)\images\small\34\341c879d.jpg,Android Phone,Smartphones,699.99,A high-quality android phone — smartphones product with excellent build quality and modern design.,/abo-images-small (1)/images/small/34/341c879d.jpg
D:\FYP Project\fypapp\abo-images-small (1)\images\small\1c\1c1b858f.jpg,iPhone,Smartphones,699.99,A high-quality iphone — smartphones product with excellent build quality and modern design.,/abo-images-small (1)/images/small/1c/1c1b858f.jpg
D:\FYP Project\fypapp\abo-images-small (1)\images\small\1b\1b81ea09.jpg,Smartphone,Smartphones,699.99,A high-quality smartphone — smartphones product with excellent build quality and modern design.,/abo-images-small (1)/images/small/1b/1b81ea09.jpg
D:\FYP Project\fypapp\abo-images-small (1)\images\small\38\384d2eea.jpg,DSLR Camera,Cameras,549.99,A high-quality dslr camera — cameras product with excellent build quality and modern design.,/abo-images-small (1)/images/small/38/384d2eea.jpg
D:\FYP Project\fypapp\abo-images-small (1)\images\small\af\af3e6ca8.jpg,Android Phone,Smartphones,699.99,A high-quality android phone — smartphones product with excellent build quality and modern design.,/abo-images-small (1)/images/small/af/af3e6ca8.jpg
D:\FYP Project\fypapp\abo-images-small (1)\images\small\7a\7abc44bf.jpg,Desk,Tables,299.99,A high-quality desk — tables product with excellent build quality and modern design.,/abo-images-small (1)/images/small/7a/7abc44bf.jpg
D:\FYP Project\fypapp\abo-images-small (1)\images\small\25\25598297.jpg,Camping Tent,Outdoors,149.99,A high-quality camping tent — outdoors product with excellent build quality and modern design.,/abo-images-small (1)/images/small/25/25598297.jpg
D:\FYP Project\fypapp\abo-images-small (1)\images\small\3b\3bcb7792.jpg,Queen Bed,Beds,499.99,A high-quality queen bed — beds product with excellent build quality and modern design.,/abo-images-small (1)/images/small/3b/3bcb7792.jpg
D:\FYP Project\fypapp\abo-images-small (1)\images\small\a5\a54abaab.jpg,Sectional Sofa,Sofas,799.99,A high-quality sectional sofa — sofas product with excellent build quality and modern design.,/abo-images-small (1)/images/small/a5/a54abaab.jpg
D:\FYP Project\fypapp\abo-images-small (1)\images\small\a4\a430225b.jpg,iPhone,Smartphones,699.99,A high-quality iphone — smartphones product with excellent build quality and modern design.,/abo-images-small (1)/images/small/a4/a430225b.jpg
D:\FYP Project\fypapp\abo-images-small (1)\images\small\5a\5a4c4470.jpg,Jeans,Jeans,69.99,A high-quality jeans — jeans product with excellent build quality and modern design.,/abo-images-small (1)/images/small/5a/5a4c4470.jpg
D:\FYP Project\fypapp\abo-images-small (1)\images\small\9b\9bd25e4e.jpg,Mobile Phone,Smartphones,699.99,A high-quality mobile phone — smartphones product with excellent build quality and modern design.,/abo-images-small (1)/images/small/9b/9bd25e4e.jpg
D:\FYP Project\fypapp\abo-images-small (1)\images\small\2f\2ff5e4f9.jpg,Fitness Equipment,Sports,34.99,A high-quality fitness equipment — sports product with excellent build quality and modern design.,/abo-images-small (1)/images/small/2f/2ff5e4f9.jpg
D:\FYP Project\fypapp\abo-images-small (1)\images\small\c3\c33f8225.jpg,Skillet,Cookware,89.99,A high-quality skillet — cookware product with excellent build quality and modern design.,/abo-images-small (1)/images/small/c3/c33f8225.jpg
D:\FYP Project\fypapp\abo-images-small (1)\images\small\0d\0d9bc127.jpg,Yoga Mat,Sports,34.99,A high-quality yoga mat — sports product with excellent build quality and modern design.,/abo-images-small (1)/images/small/0d/0d9bc127.jpg
D:\FYP Project\fypapp\abo-images-small (1)\images\small\ae\ae98c6b2.jpg,Resistance Bands,Sports,34.99,A high-quality resistance bands — sports product with excellent build quality and modern design.,/abo-images-small (1)/images/small/ae/ae98c6b2.jpg
D:\FYP Project\fypapp\abo-images-small (1)\images\small\20\208b52d3.jpg,Digital Tablet,Tablets,449.99,A high-quality digital tablet — tablets product with excellent build quality and modern design.,/abo-images-small (1)/images/small/20/208b52d3.jpg
D:\FYP Project\fypapp\abo-images-small (1)\images\small\6d\6d8c0f0f.jpg,Mug Set,Dinnerware,49.99,A high-quality mug set — dinnerware product with excellent build quality and modern design.,/abo-images-small (1)/images/small/6d/6d8c0f0f.jpg
D:\FYP Project\fypapp\abo-images-small (1)\images\small\a6\a66648f4.jpg,Smartphone,Smartphones,699.99,A high-quality smartphone — smartphones product with excellent build quality and modern design.,/abo-images-small (1)/images/small/a6/a66648f4.jpg
D:\FYP Project\fypapp\abo-images-small (1)\images\small\60\602119e3.jpg,Mobile Phone,Smartphones,699.99,A high-quality mobile phone — smartphones product with excellent build quality and modern design.,/abo-images-small (1)/images/small/60/602119e3.jpg
D:\FYP Project\fypapp\abo-images-small (1)\images\small\ee\eea0bd4f.jpg,Side Table,Tables,299.99,A high-quality side table — tables product with excellent build quality and modern design.,/abo-images-small (1)/images/small/ee/eea0bd4f.jpg
D:\FYP Project\fypapp\abo-images-small (1)\images\small\15\1515dc59.jpg,iPhone,Smartphones,699.99,A high-quality iphone — smartphones product with excellent build quality and modern design.,/abo-images-small (1)/images/small/15/1515dc59.jpg
D:\FYP Project\fypapp\abo-images-small (1)\images\small\c4\c4068acc.jpg,Smartphone,Smartphones,699.99,A high-quality smartphone — smartphones product with excellent build quality and modern design.,/abo-images-small (1)/images/small/c4/c4068acc.jpg
D:\FYP Project\fypapp\abo-images-small (1)\images\small\32\32f8538f.jpg,Mobile Phone,Smartphones,699.99,A high-quality mobile phone — smartphones product with excellent build quality and modern design.,/abo-images-small (1)/images/small/32/32f8538f.jpg
D:\FYP Project\fypapp\abo-images-small (1)\images\small\6a\6a7b542c.jpg,Digital Tablet,Tablets,449.99,A high-quality digital tablet — tablets product with excellent build quality and modern design.,/abo-images-small (1)/images/small/6a/6a7b542c.jpg
D:\FYP Project\fypapp\abo-images-small (1)\images\small\ed\ed1abdbc.jpg,Loveseat,Sofas,799.99,A high-quality loveseat — sofas product with excellent build quality and modern design.,/abo-images-small (1)/images/small/ed/ed1abdbc.jpg
D:\FYP Project\fypapp\abo-images-small (1)\images\small\0f\0fa5cf05.jpg,Bed Frame,Beds,499.99,A high-quality bed frame — beds product with excellent build quality and modern design.,/abo-images-small (1)/images/small/0f/0fa5cf05.jpg
D:\FYP Project\fypapp\abo-images-small (1)\images\small\57\57f605d4.jpg,Microwave,Appliances,129.99,A high-quality microwave — appliances product with excellent build quality and modern design.,/abo-images-small (1)/images/small/57/57f605d4.jpg
D:\FYP Project\fypapp\abo-images-small (1)\images\small\6e\6e463efa.jpg,Outdoor Equipment,Outdoors,149.99,A high-quality outdoor equipment — outdoors product with excellent build quality and modern design.,/abo-images-small (1)/images/small/6e/6e463efa.jpg
D:\FYP Project\fypapp\abo-images-small (1)\images\small\bb\bb42879c.jpg,Recliner,Chairs,199.99,A high-quality recliner — chairs product with excellent build quality and modern design.,/abo-images-small (1)/images/small/bb/bb42879c.jpg
D:\FYP Project\fypapp\abo-images-small (1)\images\small\66\66d30f28.jpg,Smartphone,Smartphones,699.99,A high-quality smartphone — smartphones product with excellent build quality and modern design.,/abo-images-small (1)/images/small/66/66d30f28.jpg
D:\FYP Project\fypapp\abo-images-small (1)\images\small\a4\a452b875.jpg,Running Shoes,Shoes,89.99,A high-quality running shoes — shoes product with excellent build quality and modern design.,/abo-images-small (1)/images/small/a4/a452b875.jpg
D:\FYP Project\fypapp\abo-images-small (1)\images\small\b8\b83d2b20.jpg,Android Phone,Smartphones,699.99,A high-quality android phone — smartphones product with excellent build quality and modern design.,/abo-images-small (1)/images/small/b8/b83d2b20.jpg
D:\FYP Project\fypapp\abo-images-small (1)\images\small\1a\1a1f5bbf.jpg,Loveseat,Sofas,799.99,A high-quality loveseat — sofas product with excellent build quality and modern design.,/abo-images-small (1)/images/small/1a/1a1f5bbf.jpg
D:\FYP Project\fypapp\abo-images-small (1)\images\small\b5\b518a14d.jpg,Laptop,Laptops,899.99,A high-quality laptop — laptops product with excellent build quality and modern design.,/abo-images-small (1)/images/small/b5/b518a14d.jpg
D:\FYP Project\fypapp\abo-images-small (1)\images\small\71\710d2ad9.jpg,Winter Coat,Jackets,119.99,A high-quality winter coat — jackets product with excellent build quality and modern design.,/abo-images-small (1)/images/small/71/710d2ad9.jpg
D:\FYP Project\fypapp\abo-images-small (1)\images\small\6b\6bf51a0a.jpg,Blender,Appliances,129.99,A high-quality blender — appliances product with excellent build quality and modern design.,/abo-images-small (1)/images/small/6b/6bf51a0a.jpg
D:\FYP Project\fypapp\abo-images-small (1)\images\small\7c\7c79bb42.jpg,iPhone,Smartphones,699.99,A high-quality iphone — smartphones product with excellent build quality and modern design.,/abo-images-small (1)/images/small/7c/7c79bb42.jpg
D:\FYP Project\fypapp\abo-images-small (1)\images\small\9c\9cf78113.jpg,Sneakers,Shoes,89.99,A high-quality sneakers — shoes product with excellent build quality and modern design.,/abo-images-small (1)/images/small/9c/9cf78113.jpg
D:\FYP Project\fypapp\abo-images-small (1)\images\small\ef\efdba8a6.jpg,Couch,Sofas,799.99,A high-quality couch — sofas product with excellent build quality and modern design.,/abo-images-small (1)/images/small/ef/efdba8a6.jpg
D:\FYP Project\fypapp\abo-images-small (1)\images\small\3a\3a83f18c.jpg,King Bed,Beds,499.99,A high-quality king bed — beds product with excellent build quality and modern design.,/abo-images-small (1)/images/small/3a/3a83f18c.jpg
D:\FYP Project\fypapp\abo-images-small (1)\images\small\92\92cea5e8.jpg,Android Tablet,Tablets,449.99,A high-quality android tablet — tablets product with excellent build quality and modern design.,/abo-images-small (1)/images/small/92/92cea5e8.jpg
D:\FYP Project\fypapp\abo-images-small (1)\images\small\d4\d42620c5.jpg,Dining Table,Tables,299.99,A high-quality dining table — tables product with excellent build quality and modern design.,/abo-images-small (1)/images/small/d4/d42620c5.jpg
D:\FYP Project\fypapp\abo-images-small (1)\images\small\b8\b8605605.jpg,Running Shoes,Shoes,89.99,A high-quality running shoes — shoes product with excellent build quality and modern design.,/abo-images-small (1)/images/small/b8/b8605605.jpg
D:\FYP Project\fypapp\abo-images-small (1)\images\small\07\07c580b0.jpg,Android Phone,Smartphones,699.99,A high-quality android phone — smartphones product with excellent build quality and modern design.,/abo-images-small (1)/images/small/07/07c580b0.jpg
D:\FYP Project\fypapp\abo-images-small (1)\images\small\8f\8fa37623.jpg,Recliner,Chairs,199.99,A high-quality recliner — chairs product with excellent build quality and modern design.,/abo-images-small (1)/images/small/8f/8fa37623.jpg
D:\FYP Project\fypapp\abo-images-small (1)\images\small\96\9640ff45.jpg,Yoga Mat,Sports,34.99,A high-quality yoga mat — sports product with excellent build quality and modern design.,/abo-images-small (1)/images/small/96/9640ff45.jpg
D:\FYP Project\fypapp\abo-images-small (1)\images\small\05\056aa38d.jpg,Mobile Phone,Smartphones,699.99,A high-quality mobile phone — smartphones product with excellent build quality and modern design.,/abo-images-small (1)/images/small/05/056aa38d.jpg
D:\FYP Project\fypapp\abo-images-small (1)\images\small\0d\0de4f15c.jpg,Android Phone,Smartphones,699.99,A high-quality android phone — smartphones product with excellent build quality and modern design.,/abo-images-small (1)/images/small/0d/0de4f15c.jpg
D:\FYP Project\fypapp\abo-images-small (1)\images\small\08\086f5c0d.jpg,Coffee Maker,Appliances,129.99,A high-quality coffee maker — appliances product with excellent build quality and modern design.,/abo-images-small (1)/images/small/08/086f5c0d.jpg
D:\FYP Project\fypapp\abo-images-small (1)\images\small\f0\f046187a.jpg,Smartphone,Smartphones,699.99,A high-quality smartphone — smartphones product with excellent build quality and modern design.,/abo-images-small (1)/images/small/f0/f046187a.jpg
D:\FYP Project\fypapp\abo-images-small (1)\images\small\6e\6e4c3966.jpg,Ceramic Plates,Dinnerware,49.99,A high-quality ceramic plates — dinnerware product with excellent build quality and modern design.,/abo-images-small (1)/images/small/6e/6e4c3966.jpg
D:\FYP Project\fypapp\abo-images-small (1)\images\small\86\864e3875.jpg,Summer Dress,Dresses,59.99,A high-quality summer dress — dresses product with excellent build quality and modern design.,/abo-images-small (1)/images/small/86/864e3875.jpg
D:\FYP Project\fypapp\abo-images-small (1)\images\small\64\6430daf7.jpg,Android Tablet,Tablets,449.99,A high-quality android tablet — tablets product with excellent build quality and modern design.,/abo-images-small (1)/images/small/64/6430daf7.jpg
D:\FYP Project\fypapp\abo-images-small (1)\images\small\2c\2c7fe0de.jpg,Yoga Mat,Sports,34.99,A high-quality yoga mat — sports product with excellent build quality and modern design.,/abo-images-small (1)/images/small/2c/2c7fe0de.jpg
D:\FYP Project\fypapp\abo-images-small (1)\images\small\6f\6fe2c73b.jpg,Resistance Bands,Sports,34.99,A high-quality resistance bands — sports product with excellent build quality and modern design.,/abo-images-small (1)/images/small/6f/6fe2c73b.jpg
D:\FYP Project\fypapp\abo-images-small (1)\images\small\22\229aa49c.jpg,Android Phone,Smartphones,699.99,A high-quality android phone — smartphones product with excellent build quality and modern design.,/abo-images-small (1)/images/small/22/229aa49c.jpg
D:\FYP Project\fypapp\abo-images-small (1)\images\small\85\8599a08b.jpg,Boots,Shoes,89.99,A high-quality boots — shoes product with excellent build quality and modern design.,/abo-images-small (1)/images/small/85/8599a08b.jpg
D:\FYP Project\fypapp\abo-images-small (1)\images\small\b3\b3a2e9d9.jpg,Tablet,Tablets,449.99,A high-quality tablet — tablets product with excellent build quality and modern design.,/abo-images-small (1)/images/small/b3/b3a2e9d9.jpg
D:\FYP Project\fypapp\abo-images-small (1)\images\small\4a\4a9df08b.jpg,Running Shoes,Shoes,89.99,A high-quality running shoes — shoes product with excellent build quality and modern design.,/abo-images-small (1)/images/small/4a/4a9df08b.jpg
D:\FYP Project\fypapp\abo-images-small (1)\images\small\d8\d81f7093.jpg,Android Phone,Smartphones,699.99,A high-quality android phone — smartphones product with excellent build quality and modern design.,/abo-images-small (1)/images/small/d8/d81f7093.jpg
D:\FYP Project\fypapp\abo-images-small (1)\images\small\6d\6df6db28.jpg,City Bike,Bicycles,399.99,A high-quality city bike — bicycles product with excellent build quality and modern design.,/abo-images-small (1)/images/small/6d/6df6db28.jpg
D:\FYP Project\fypapp\abo-images-small (1)\images\small\05\05cee667.jpg,Dining Table,Tables,299.99,A high-quality dining table — tables product with excellent build quality and modern design.,/abo-images-small (1)/images/small/05/05cee667.jpg
D:\FYP Project\fypapp\abo-images-small (1)\images\small\57\57383714.jpg,Queen Bed,Beds,499.99,A high-quality queen bed — beds product with excellent build quality and modern design.,/abo-images-small (1)/images/small/57/57383714.jpg
D:\FYP Project\fypapp\abo-images-small (1)\images\small\9a\9affc292.jpg,Cooking Pot,Cookware,89.99,A high-quality cooking pot — cookware product with excellent build quality and modern design.,/abo-images-small (1)/images/small/9a/9affc292.jpg
D:\FYP Project\fypapp\abo-images-small (1)\images\small\6c\6c56a427.jpg,Desk,Tables,299.99,A high-quality desk — tables product with excellent build quality and modern design.,/abo-images-small (1)/images/small/6c/6c56a427.jpg
