image_path,product_name,category,price,description,image_url
D:\FYP Project\fypapp\abo-images-small (1)\images\small\dd\dda3104e.jpg,Dress,Dresses,59.99,A high-quality dress — dresses product with excellent build quality and modern design.,/abo-images-small (1)/images/small/dd/dda3104e.jpg
D:\FYP Project\fypapp\abo-images-small (1)\images\small\25\2593d7a0.jpg,Mobile Phone,Smartphones,699.99,A high-quality mobile phone — smartphones product with excellent build quality and modern design.,/abo-images-small (1)/images/small/25/2593d7a0.jpg
D:\FYP Project\fypapp\abo-images-small (1)\images\small\08\0883864e.jpg,Casual Shoes,Shoes,89.99,A high-quality casual shoes — shoes product with excellent build quality and modern design.,/abo-images-small (1)/images/small/08/0883864e.jpg
D:\FYP Project\fypapp\abo-images-small (1)\images\small\60\608ec2ea.jpg,Exercise Gear,Sports,34.99,A high-quality exercise gear — sports product with excellent build quality and modern design.,/abo-images-small (1)/images/small/60/608ec2ea.jpg
D:\FYP Project\fypapp\abo-images-small (1)\images\small\56\566d9ec0.jpg,Headphones,Headphones,149.99,A high-quality headphones — headphones product with excellent build quality and modern design.,/abo-images-small (1)/images/small/56/566d9ec0.jpg
D:\FYP Project\fypapp\abo-images-small (1)\images\small\4f\4f1067db.jpg,Running Shoes,Shoes,89.99,A high-quality running shoes — shoes product with excellent build quality and modern design.,/abo-images-small (1)/images/small/4f/4f1067db.jpg
D:\FYP Project\fypapp\abo-images-small (1)\images\small\2f\2f193d0d.jpg,Blender,Appliances,129.99,A high-quality blender — appliances product with excellent build quality and modern design.,/abo-images-small (1)/images/small/2f/2f193d0d.jpg
D:\FYP Project\fypapp\abo-images-small (1)\images\small\22\22a43870.jpg,Platform Bed,Beds,499.99,A high-quality platform bed — beds product with excellent build quality and modern design.,/abo-images-small (1)/images/small/22/22a43870.jpg
D:\FYP Project\fypapp\abo-images-small (1)\images\small\ed\ed214c34.jpg,Dinnerware Set,Dinnerware,49.99,A high-quality dinnerware set — dinnerware product with excellent build quality and modern design.,/abo-images-small (1)/images/small/ed/ed214c34.jpg
D:\FYP Project\fypapp\abo-images-small (1)\images\small\bd\bde03be3.jpg,Mobile Phone,Smartphones,699.99,A high-quality mobile phone — smartphones product with excellent build quality and modern design.,/abo-images-small (1)/images/small/bd/bde03be3.jpg
D:\FYP Project\fypapp\abo-images-small (1)\images\small\1d\1d5cd1a3.jpg,Android Phone,Smartphones,699.99,A high-quality android phone — smartphones product with excellent build quality and modern design.,/abo-images-small (1)/images/small/1d/1d5cd1a3.jpg
D:\FYP Project\fypapp\abo-images-small (1)\images\small\cd\cd214c20.jpg,iPhone,Smartphones,699.99,A high-quality iphone — smartphones product with excellent build quality and modern design.,/abo-images-small (1)/images/small/cd/cd214c20.jpg
D:\FYP Project\fypapp\abo-images-small (1)\images\small\93\93108127.jpg,Jacket,Jackets,119.99,A high-quality jacket — jackets product with excellent build quality and modern design.,/abo-images-small (1)/images/small/93/93108127.jpg
D:\FYP Project\fypapp\abo-images-small (1)\images\small\0a\0ad54d64.jpg,Mobile Phone,Smartphones,699.99,A high-quality mobile phone — smartphones product with excellent build quality and modern design.,/abo-images-small (1)/images/small/0a/0ad54d64.jpg
D:\FYP Project\fypapp\abo-images-small (1)\images\small\0a\0a270c14.jpg,Android Phone,Smartphones,699.99,A high-quality android phone — smartphones product with excellent build quality and modern design.,/abo-images-small (1)/images/small/0a/0a270c14.jpg
D:\FYP Project\fypapp\abo-images-small (1)\images\small\1f\1fb65e31.jpg,Mug Set,Dinnerware,49.99,A high-quality mug set — dinnerware product with excellent build quality and modern design.,/abo-images-small (1)/images/small/1f/1fb65e31.jpg
D:\FYP Project\fypapp\abo-images-small (1)\images\small\4d\4d91ad6a.jpg,Dining Table,Tables,299.99,A high-quality dining table — tables product with excellent build quality and modern design.,/abo-images-small (1)/images/small/4d/4d91ad6a.jpg
D:\FYP Project\fypapp\abo-images-small (1)\images\small\52\523f8bef.jpg,Couch,Sofas,799.99,A high-quality couch — sofas product with excellent build quality and modern design.,/abo-images-small (1)/images/small/52/523f8bef.jpg
D:\FYP Project\fypapp\abo-images-small (1)\images\small\b0\b07e8e93.jpg,King Bed,Beds,499.99,A high-quality king bed — beds product with excellent build quality and modern design.,/abo-images-small (1)/images/small/b0/b07e8e93.jpg
D:\FYP Project\fypapp\abo-images-small (1)\images\small\d1\d1083ff3.jpg,Coffee Maker,Appliances,129.99,A high-quality coffee maker — appliances product with excellent build quality and modern design.,/abo-images-small (1)/images/small/d1/d1083ff3.jpg
D:\FYP Project\fypapp\abo-images-small (1)\images\small\09\09085934.jpg,T-Shirt,Shirts,39.99,A high-quality t-shirt — shirts product with excellent build quality and modern design.,/abo-images-small (1)/images/small/09/09085934.jpg
D:\FYP Project\fypapp\abo-images-small (1)\images\small\c3\c32910ca.jpg,Coffee Table,Tables,299.99,A high-quality coffee table — tables product with excellent build quality and modern design.,/abo-images-small (1)/images/small/c3/c32910ca.jpg
D:\FYP Project\fypapp\abo-images-small (1)\images\small\45\45ed9156.jpg,Android Phone,Smartphones,699.99,A high-quality android phone — smartphones product with excellent build quality and modern design.,/abo-images-small (1)/images/small/45/45ed9156.jpg
D:\FYP Project\fypapp\abo-images-small (1)\images\small\fa\faa6970f.jpg,Android Tablet,Tablets,449.99,A high-quality android tablet — tablets product with excellent build quality and modern design.,/abo-images-small (1)/images/small/fa/faa6970f.jpg
D:\FYP Project\fypapp\abo-images-small (1)\images\small\e2\e23064a1.jpg,Camping Tent,Outdoors,149.99,A high-quality camping tent — outdoors product with excellent build quality and modern design.,/abo-images-small (1)/images/small/e2/e23064a1.jpg
D:\FYP Project\fypapp\abo-images-small (1)\images\small\f5\f5ac4b7e.jpg,Microwave,Appliances,129.99,A high-quality microwave — appliances product with excellent build quality and modern design.,/abo-images-small (1)/images/small/f5/f5ac4b7e.jpg
D:\FYP Project\fypapp\abo-images-small (1)\images\small\bd\bdba3314.jpg,Fitness Equipment,Sports,34.99,A high-quality fitness equipment — sports product with excellent build quality and modern design.,/abo-images-small (1)/images/small/bd/bdba3314.jpg
D:\FYP Project\fypapp\abo-images-small (1)\images\small\92\9243369e.jpg,Desk,Tables,299.99,A high-quality desk — tables product with excellent build quality and modern design.,/abo-images-small (1)/images/small/92/9243369e.jpg
D:\FYP Project\fypapp\abo-images-small (1)\images\small\4e\4e26f22b.jpg,Bed Frame,Beds,499.99,A high-quality bed frame — beds product with excellent build quality and modern design.,/abo-images-small (1)/images/small/4e/4e26f22b.jpg
D:\FYP Project\fypapp\abo-images-small (1)\images\small\9c\9c9531f5.jpg,Non-Stick Pan,Cookware,89.99,A high-quality non-stick pan — cookware product with excellent build quality and modern design.,/abo-images-small (1)/images/small/9c/9c9531f5.jpg
D:\FYP Project\fypapp\abo-images-small (1)\images\small\cc\ccb5d152.jpg,Summer Dress,Dresses,59.99,A high-quality summer dress — dresses product with excellent build quality and modern design.,/abo-images-small (1)/images/small/cc/ccb5d152.jpg
D:\FYP Project\fypapp\abo-images-small (1)\images\small\61\61a88e29.jpg,Recliner,Chairs,199.99,A high-quality recliner — chairs product with excellent build quality and modern design.,/abo-images-small (1)/images/small/61/61a88e29.jpg
D:\FYP Project\fypapp\abo-images-small (1)\images\small\02\0232ef29.jpg,Smartphone,Smartphones,699.99,A high-quality smartphone — smartphones product with excellent build quality and modern design.,/abo-images-small (1)/images/small/02/0232ef29.jpg
D:\FYP Project\fypapp\abo-images-small (1)\images\small\37\37e30a46.jpg,Coffee Table,Tables,299.99,A high-quality coffee table — tables product with excellent build quality and modern design.,/abo-images-small (1)/images/small/37/37e30a46.jpg
D:\FYP Project\fypapp\abo-images-small (1)\images\small\f4\f4947bea.jpg,King Bed,Beds,499.99,A high-quality king bed — beds product with excellent build quality and modern design.,/abo-images-small (1)/images/small/f4/f4947bea.jpg
D:\FYP Project\fypapp\abo-images-small (1)\images\small\93\93492348.jpg,Desk,Tables,299.99,A high-quality desk — tables product with excellent build quality and modern design.,/abo-images-small (1)/images/small/93/93492348.jpg
D:\FYP Project\fypapp\abo-images-small (1)\images\small\77\77b1a628.jpg,Smartphone,Smartphones,699.99,A high-quality smartphone — smartphones product with excellent build quality and modern design.,/abo-images-small (1)/images/small/77/77b1a628.jpg
D:\FYP Project\fypapp\abo-images-small (1)\images\small\61\618d008b.jpg,Non-Stick Pan,Cookware,89.99,A high-quality non-stick pan — cookware product with excellent build quality and modern design.,/abo-images-small (1)/images/small/61/618d008b.jpg
D:\FYP Project\fypapp\abo-images-small (1)\images\small\36\368611e5.jpg,Puffer Jacket,Jackets,119.99,A high-quality puffer jacket — jackets product with excellent build quality and modern design.,/abo-images-small (1)/images/small/36/368611e5.jpg
D:\FYP Project\fypapp\abo-images-small (1)\images\small\4c\4c6df51b.jpg,iPhone,Smartphones,699.99,A high-quality iphone — smartphones product with excellent build quality and modern design.,/abo-images-small (1)/images/small/4c/4c6df51b.jpg
D:\FYP Project\fypapp\abo-images-small (1)\images\small\76\7670969d.jpg,Dress,Dresses,59.99,A high-quality dress — dresses product with excellent build quality and modern design.,/abo-images-small (1)/images/small/76/7670969d.jpg
D:\FYP Project\fypapp\abo-images-small (1)\images\small\22\2288700b.jpg,Mobile Phone,Smartphones,699.99,A high-quality mobile phone — smartphones product with excellent build quality and modern design.,/abo-images-small (1)/images/small/22/2288700b.jpg
D:\FYP Project\fypapp\abo-images-small (1)\images\small\1f\1f6317cf.jpg,King Bed,Beds,499.99,A high-quality king bed — beds product with excellent build quality and modern design.,/abo-images-small (1)/images/small/1f/1f6317cf.jpg
D:\FYP Project\fypapp\abo-images-small (1)\images\small\84\84f8073a.jpg,iPhone,Smartphones,699.99,A high-quality iphone — smartphones product with excellent build quality and modern design.,/abo-images-small (1)/images/small/84/84f8073a.jpg
D:\FYP Project\fypapp\abo-images-small (1)\images\small\20\20b134fc.jpg,Smartphone,Smartphones,699.99,A high-quality smartphone — smartphones product with excellent build quality and modern design.,/abo-images-small (1)/images/small/20/20b134fc.jpg
D:\FYP Project\fypapp\abo-images-small (1)\images\small\7d\7dfc929f.jpg,Couch,Sofas,799.99,A high-quality couch — sofas product with excellent build quality and modern design.,/abo-images-small (1)/images/small/7d/7dfc929f.jpg
D:\FYP Project\fypapp\abo-images-small (1)\images\small\78\78fb8e78.jpg,Fitness Equipment,Sports,34.99,A high-quality fitness equipment — sports product with excellent build quality and modern design.,/abo-images-small (1)/images/small/78/78fb8e78.jpg
D:\FYP Project\fypapp\abo-images-small (1)\images\small\d1\d195ee9c.jpg,iPhone,Smartphones,699.99,A high-quality iphone — smartphones product with excellent build quality and modern design.,/abo-images-small (1)/images/small/d1/d195ee9c.jpg
D:\FYP Project\fypapp\abo-images-small (1)\images\small\5c\5cfc7f35.jpg,Smartphone,Smartphones,699.99,A high-quality smartphone — smartphones product with excellent build quality and modern design.,/abo-images-small (1)/images/small/5c/5cfc7f35.jpg
D:\FYP Project\fypapp\abo-images-small (1)\images\small\0e\0e9f4897.jpg,Mobile Phone,Smartphones,699.99,A high-quality mobile phone — smartphones product with excellent build quality and modern design.,/abo-images-small (1)/images/small/0e/0e9f4897.jpg
D:\FYP Project\fypapp\abo-images-small (1)\images\small\a0\a008f25c.jpg,Summer Dress,Dresses,59.99,A high-quality summer dress — dresses product with excellent build quality and modern design.,/abo-images-small (1)/images/small/a0/a008f25c.jpg
D:\FYP Project\fypapp\abo-images-small (1)\images\small\ba\bae11267.jpg,Casual Top,Shirts,39.99,A high-quality casual top — shirts product with excellent build quality and modern design.,/abo-images-small (1)/images/small/ba/bae11267.jpg
D:\FYP Project\fypapp\abo-images-small (1)\images\small\2a\2a1e269b.jpg,Yoga Mat,Sports,34.99,A high-quality yoga mat — sports product with excellent build quality and modern design.,/abo-images-small (1)/images/small/2a/2a1e269b.jpg
D:\FYP Project\fypapp\abo-images-small (1)\images\small\84\847c5d45.jpg,Mobile Phone,Smartphones,699.99,A high-quality mobile phone — smartphones product with excellent build quality and modern design.,/abo-images-small (1)/images/small/84/847c5d45.jpg
D:\FYP Project\fypapp\abo-images-small (1)\images\small\1a\1aa4e388.jpg,Ultrabook,Laptops,899.99,A high-quality ultrabook — laptops product with excellent build quality and modern design.,/abo-images-small (1)/images/small/1a/1aa4e388.jpg
D:\FYP Project\fypapp\abo-images-small (1)\images\small\c0\c019ab30.jpg,Skillet,Cookware,89.99,A high-quality skillet — cookware product with excellent build quality and modern design.,/abo-images-small (1)/images/small/c0/c019ab30.jpg
D:\FYP Project\fypapp\abo-images-small (1)\images\small\66\66c1951f.jpg,Cookware Set,Cookware,89.99,A high-quality cookware set — cookware product with excellent build quality and modern design.,/abo-images-small (1)/images/small/66/66c1951f.jpg
D:\FYP Project\fypapp\abo-images-small (1)\images\small\d9\d9f08a35.jpg,Coffee Table,Tables,299.99,A high-quality coffee table — tables product with excellent build quality and modern design.,/abo-images-small (1)/images/small/d9/d9f08a35.jpg
D:\FYP Project\fypapp\abo-images-small (1)\images\small\d6\d69762dd.jpg,Blender,Appliances,129.99,A high-quality blender — appliances product with excellent build quality and modern design.,/abo-images-small (1)/images/small/d6/d69762dd.jpg
D:\FYP Project\fypapp\abo-images-small (1)\images\small\7e\7ee15b36.jpg,Casual Top,Shirts,39.99,A high-quality casual top — shirts product with excellent build quality and modern design.,/abo-images-small (1)/images/small/7e/7ee15b36.jpg
D:\FYP Project\fypapp\abo-images-small (1)\images\small\c8\c8aa7b49.jpg,Smartphone,Smartphones,699.99,A high-quality smartphone — smartphones product with excellent build quality and modern design.,/abo-images-small (1)/images/small/c8/c8aa7b49.jpg
D:\FYP Project\fypapp\abo-images-small (1)\images\small\43\43bdc986.jpg,Running Shoes,Shoes,89.99,A high-quality running shoes — shoes product with excellent build quality and modern design.,/abo-images-small (1)/images/small/43/43bdc986.jpg
D:\FYP Project\fypapp\abo-images-small (1)\images\small\f6\f6c41fba.jpg,Android Phone,Smartphones,699.99,A high-quality android phone — smartphones product with excellent build quality and modern design.,/abo-images-small (1)/images/small/f6/f6c41fba.jpg
D:\FYP Project\fypapp\abo-images-small (1)\images\small\17\17770c0d.jpg,iPhone,Smartphones,699.99,A high-quality iphone — smartphones product with excellent build quality and modern design.,/abo-images-small (1)/images/small/17/17770c0d.jpg
D:\FYP Project\fypapp\abo-images-small (1)\images\small\0f\0f6388b3.jpg,Yoga Mat,Sports,34.99,A high-quality yoga mat — sports product with excellent build quality and modern design.,/abo-images-small (1)/images/small/0f/0f6388b3.jpg
D:\FYP Project\fypapp\abo-images-small (1)\images\small\e5\e5fedf72.jpg,Microwave,Appliances,129.99,A high-quality microwave — appliances product with excellent build quality and modern design.,/abo-images-small (1)/images/small/e5/e5fedf72.jpg
D:\FYP Project\fypapp\abo-images-small (1)\images\small\50\50ac3126.jpg,Bowl Set,Dinnerware,49.99,A high-quality bowl set — dinnerware product with excellent build quality and modern design.,/abo-images-small (1)/images/small/50/50ac3126.jpg
D:\FYP Project\fypapp\abo-images-small (1)\images\small\65\657659f0.jpg,Platform Bed,Beds,499.99,A high-quality platform bed — beds product with excellent build quality and modern design.,/abo-images-small (1)/images/small/65/657659f0.jpg
D:\FYP Project\fypapp\abo-images-small (1)\images\small\1a\1af8e0f0.jpg,Sofa,Sofas,799.99,A high-quality sofa — sofas product with excellent build quality and modern design.,/abo-images-small (1)/images/small/1a/1af8e0f0.jpg
D:\FYP Project\fypapp\abo-images-small (1)\images\small\52\524b5983.jpg,iPad,Tablets,449.99,A high-quality ipad — tablets product with excellent build quality and modern design.,/abo-images-small (1)/images/small/52/524b5983.jpg
D:\FYP Project\fypapp\abo-images-small (1)\images\small\22\221f9e1b.jpg,Fitness Equipment,Sports,34.99,A high-quality fitness equipment — sports product with excellent build quality and modern design.,/abo-images-small (1)/images/small/22/221f9e1b.jpg
D:\FYP Project\fypapp\abo-images-small (1)\images\small\85\8509affe.jpg,Platform Bed,Beds,499.99,A high-quality platform bed — beds product with excellent build quality and modern design.,/abo-images-small (1)/images/small/85/8509affe.jpg
D:\FYP Project\fypapp\abo-images-small (1)\images\small\61\6194bdbe.jpg,Smartphone,Smartphones,699.99,A high-quality smartphone — smartphones product with excellent build quality and modern design.,/abo-images-small (1)/images/small/61/6194bdbe.jpg
D:\FYP Project\fypapp\abo-images-small (1)\images\small\9e\9e0058ce.jpg,Non-Stick Pan,Cookware,89.99,A high-quality non-stick pan — cookware product with excellent build quality and modern design.,/abo-images-small (1)/images/small/9e/9e0058ce.jpg
D:\FYP Project\fypapp\abo-images-small (1)\images\small\dc\dc5846ad.jpg,Android Phone,Smartphones,699.99,A high-quality android phone — smartphones product with excellent build quality and modern design.,/abo-images-small (1)/images/small/dc/dc5846ad.jpg
D:\FYP Project\fypapp\abo-images-small (1)\images\small\7f\7fee838a.jpg,Loveseat,Sofas,799.99,A high-quality loveseat — sofas product with excellent build quality and modern design.,/abo-images-small (1)/images/small/7f/7fee838a.jpg
D:\FYP Project\fypapp\abo-images-small (1)\images\small\38\38ddf3e6.jpg,Dining Table,Tables,299.99,A high-quality dining table — tables product with excellent build quality and modern design.,/abo-images-small (1)/images/small/38/38ddf3e6.jpg
D:\FYP Project\fypapp\abo-images-small (1)\images\small\81\81b253eb.jpg,Hiking Gear,Outdoors,149.99,A high-quality hiking gear — outdoors product with excellent build quality and modern design.,/abo-images-small (1)/images/small/81/81b253eb.jpg
D:\FYP Project\fypapp\abo-images-small (1)\images\small\7c\7cb3a0cd.jpg,Ultrabook,Laptops,899.99,A high-quality ultrabook — laptops product with excellent build quality and modern design.,/abo-images-small (1)/images/small/7c/7cb3a0cd.jpg
D:\FYP Project\fypapp\abo-images-small (1)\images\small\4a\4a7fd570.jpg,Earphones,Headphones,149.99,A high-quality earphones — headphones product with excellent build quality and modern design.,/abo-images-small (1)/images/small/4a/4a7fd570.jpg
D:\FYP Project\fypapp\abo-images-small (1)\images\small\e8\e8ec5649.jpg,Dress,Dresses,59.99,A high-quality dress — dresses product with excellent build quality and modern design.,/abo-images-small (1)/images/small/e8/e8ec5649.jpg
D:\FYP Project\fypapp\abo-images-small (1)\images\small\5d\5dcce9bf.jpg,Slim Jeans,Jeans,69.99,A high-quality slim jeans — jeans product with excellent build quality and modern design.,/abo-images-small (1)/images/small/5d/5dcce9bf.jpg
D:\FYP Project\fypapp\abo-images-small (1)\images\small\f5\f5d9bdcf.jpg,Sectional Sofa,Sofas,799.99,A high-quality sectional sofa — sofas product with excellent build quality and modern design.,/abo-images-small (1)/images/small/f5/f5d9bdcf.jpg
D:\FYP Project\fypapp\abo-images-small (1)\images\small\ef\ef7f335d.jpg,Boots,Shoes,89.99,A high-quality boots — shoes product with excellent build quality and modern design.,/abo-images-small (1)/images/small/ef/ef7f335d.jpg
D:\FYP Project\fypapp\abo-images-small (1)\images\small\e1\e1967b93.jpg,Smartphone,Smartphones,699.99,A high-quality smartphone — smartphones product with excellent build quality and modern design.,/abo-images-small (1)/images/small/e1/e1967b93.jpg
D:\FYP Project\fypapp\abo-images-small (1)\images\small\18\18190bc5.jpg,iPad,Tablets,449.99,A high-quality ipad — tablets product with excellent build quality and modern design.,/abo-images-small (1)/images/small/18/18190bc5.jpg
D:\FYP Project\fypapp\abo-images-small (1)\images\small\d3\d36b9527.jpg,Over-Ear Headphones,Headphones,149.99,A high-quality over-ear headphones — headphones product with excellent build quality and modern design.,/abo-images-small (1)/images/small/d3/d36b9527.jpg
D:\FYP Project\fypapp\abo-images-small (1)\images\small\dc\dc136511.jpg,Skillet,Cookware,89.99,A high-quality skillet — cookware product with excellent build quality and modern design.,/abo-images-small (1)/images/small/dc/dc136511.jpg
D:\FYP Project\fypapp\abo-images-small (1)\images\small\3b\3ba55f3c.jpg,Tablet,Tablets,449.99,A high-quality tablet — tablets product with excellent build quality and modern design.,/abo-images-small (1)/images/small/3b/3ba55f3c.jpg
D:\FYP Project\fypapp\abo-images-small (1)\images\small\ba\ba2a0746.jpg,Coffee Table,Tables,299.99,A high-quality coffee table — tables product with excellent build quality and modern design.,/abo-images-small (1)/images/small/ba/ba2a0746.jpg
D:\FYP Project\fypapp\abo-images-small (1)\images\small\56\5665db0e.jpg,Android Phone,Smartphones,699.99,A high-quality android phone — smartphones product with excellent build quality and modern design.,/abo-images-small (1)/images/small/56/5665db0e.jpg
D:\FYP Project\fypapp\abo-images-small (1)\images\small\39\391baeaf.jpg,Android Tablet,Tablets,449.99,A high-quality android tablet — tablets product with excellent build quality and modern design.,/abo-images-small (1)/images/small/39/391baeaf.jpg
D:\FYP Project\fypapp\abo-images-small (1)\images\small\a0\a0f4924b.jpg,Smartphone,Smartphones,699.99,A high-quality smartphone — smartphones product with excellent build quality and modern design.,/abo-images-small (1)/images/small/a0/a0f4924b.jpg
D:\FYP Project\fypapp\abo-images-small (1)\images\small\84\84cb9927.jpg,Non-Stick Pan,Cookware,89.99,A high-quality non-stick pan — cookware product with excellent build quality and modern design.,/abo-images-small (1)/images/small/84/84cb9927.jpg
D:\FYP Project\fypapp\abo-images-small (1)\images\small\5e\5ed38a38.jpg,Android Phone,Smartphones,699.99,A high-quality android phone — smartphones product with excellent build quality and modern design.,/abo-images-small (1)/images/small/5e/5ed38a38.jpg
D:\FYP Project\fypapp\abo-images-small (1)\images\small\dd\ddd8758f.jpg,Windbreaker,Jackets,119.99,A high-quality windbreaker — jackets product with excellent build quality and modern design.,/abo-images-small (1)/images/small/dd/ddd8758f.jpg
D:\FYP Project\fypapp\abo-images-small (1)\images\small\f1\f1109cdc.jpg,Camping Tent,Outdoors,149.99,A high-quality camping tent — outdoors product with excellent build quality and modern design.,/abo-images-small (1)/images/small/f1/f1109cdc.jpg
D:\FYP Project\fypapp\abo-images-small (1)\images\small\c1\c1bfd497.jpg,Mobile Phone,Smartphones,699.99,A high-quality mobile phone — smartphones product with excellent build quality and modern design.,/abo-images-small (1)/images/small/c1/c1bfd497.jpg
D:\FYP Project\fypapp\abo-images-small (1)\images\small\4d\4de18942.jpg,Casual Shoes,Shoes,89.99,A high-quality casual shoes — shoes product with excellent build quality and modern design.,/abo-images-small (1)/images/small/4d/4de18942.jpg
D:\FYP Project\fypapp\abo-images-small (1)\images\small\ef\efd9eeab.jpg,Platform Bed,Beds,499.99,A high-quality platform bed — beds product with excellent build quality and modern design.,/abo-images-small (1)/images/small/ef/efd9eeab.jpg
D:\FYP Project\fypapp\abo-images-small (1)\images\small\71\713a9d34.jpg,Yoga Mat,Sports,34.99,A high-quality yoga mat — sports product with excellent build quality and modern design.,/abo-images-small (1)/images/small/71/713a9d34.jpg
D:\FYP Project\fypapp\abo-images-small (1)\images\small\12\12c5ad6d.jpg,Running Shoes,Shoes,89.99,A high-quality running shoes — shoes product with excellent build quality and modern design.,/abo-images-small (1)/images/small/12/12c5ad6d.jpg
D:\FYP Project\fypapp\abo-images-small (1)\images\small\51\510e35b0.jpg,Side Table,Tables,299.99,A high-quality side table — tables product with excellent build quality and modern design.,/abo-images-small (1)/images/small/51/510e35b0.jpg
D:\FYP Project\fypapp\abo-images-small (1)\images\small\0a\0af115ee.jpg,Coffee Maker,Appliances,129.99,A high-quality coffee maker — appliances product with excellent build quality and modern design.,/abo-images-small (1)/images/small/0a/0af115ee.jpg
D:\FYP Project\fypapp\abo-images-small (1)\images\small\6e\6e34f09a.jpg,Jeans,Jeans,69.99,A high-quality jeans — jeans product with excellent build quality and modern design.,/abo-images-small (1)/images/small/6e/6e34f09a.jpg
D:\FYP Project\fypapp\abo-images-small (1)\images\small\8c\8c104d13.jpg,Microwave,Appliances,129.99,A high-quality microwave — appliances product with excellent build quality and modern design.,/abo-images-small (1)/images/small/8c/8c104d13.jpg
D:\FYP Project\fypapp\abo-images-small (1)\images\small\5e\5e12c725.jpg,Accent Chair,Chairs,199.99,A high-quality accent chair — chairs product with excellent build quality and modern design.,/abo-images-small (1)/images/small/5e/5e12c725.jpg
D:\FYP Project\fypapp\abo-images-small (1)\images\small\16\1645203b.jpg,iPhone,Smartphones,699.99,A high-quality iphone — smartphones product with excellent build quality and modern design.,/abo-images-small (1)/images/small/16/1645203b.jpg
D:\FYP Project\fypapp\abo-images-small (1)\images\small\4a\4afc5e4f.jpg,Smartphone,Smartphones,699.99,A high-quality smartphone — smartphones product with excellent build quality and modern design.,/abo-images-small (1)/images/small/4a/4afc5e4f.jpg
D:\FYP Project\fypapp\abo-images-small (1)\images\small\c5\c53241d2.jpg,Mobile Phone,Smartphones,699.99,A high-quality mobile phone — smartphones product with excellent build quality and modern design.,/abo-images-small (1)/images/small/c5/c53241d2.jpg
D:\FYP Project\fypapp\abo-images-small (1)\images\small\fb\fb459e13.jpg,King Bed,Beds,499.99,A high-quality king bed — beds product with excellent build quality and modern design.,/abo-images-small (1)/images/small/fb/fb459e13.jpg
D:\FYP Project\fypapp\abo-images-small (1)\images\small\6d\6df5dddc.jpg,iPhone,Smartphones,699.99,A high-quality iphone — smartphones product with excellent build quality and modern design.,/abo-images-small (1)/images/small/6d/6df5dddc.jpg
D:\FYP Project\fypapp\abo-images-small (1)\images\small\4b\4b8906dd.jpg,Dining Table,Tables,299.99,A high-quality dining table — tables product with excellent build quality and modern design.,/abo-images-small (1)/images/small/4b/4b8906dd.jpg
D:\FYP Project\fypapp\abo-images-small (1)\images\small\e4\e4130ec1.jpg,Mobile Phone,Smartphones,699.99,A high-quality mobile phone — smartphones product with excellent build quality and modern design.,/abo-images-small (1)/images/small/e4/e4130ec1.jpg
D:\FYP Project\fypapp\abo-images-small (1)\images\small\ae\ae6a13f1.jpg,Digital Tablet,Tablets,449.99,A high-quality digital tablet — tablets product with excellent build quality and modern design.,/abo-images-small (1)/images/small/ae/ae6a13f1.jpg
D:\FYP Project\fypapp\abo-images-small (1)\images\small\8a\8a37efe9.jpg,Windbreaker,Jackets,119.99,A high-quality windbreaker — jackets product with excellent build quality and modern design.,/abo-images-small (1)/images/small/8a/8a37efe9.jpg
D:\FYP Project\fypapp\abo-images-small (1)\images\small\df\dfd08b8e.jpg,Dress,Dresses,59.99,A high-quality dress — dresses product with excellent build quality and modern design.,/abo-images-small (1)/images/small/df/dfd08b8e.jpg
D:\FYP Project\fypapp\abo-images-small (1)\images\small\9f\9fd37123.jpg,Running Shoes,Shoes,89.99,A high-quality running shoes — shoes product with excellent build quality and modern design.,/abo-images-small (1)/images/small/9f/9fd37123.jpg
D:\FYP Project\fypapp\abo-images-small (1)\images\small\30\303db92d.jpg,Casual Shoes,Shoes,89.99,A high-quality casual shoes — shoes product with excellent build quality and modern design.,/abo-images-small (1)/images/small/30/303db92d.jpg
D:\FYP Project\fypapp\abo-images-small (1)\images\small\5d\5d1f77da.jpg,iPhone,Smartphones,699.99,A high-quality iphone — smartphones product with excellent build quality and modern design.,/abo-images-small (1)/images/small/5d/5d1f77da.jpg
D:\FYP Project\fypapp\abo-images-small (1)\images\small\2f\2f1fdfb9.jpg,Kitchen Appliance,Appliances,129.99,A high-quality kitchen appliance — appliances product with excellent build quality and modern design.,/abo-images-small (1)/images/small/2f/2f1fdfb9.jpg
D:\FYP Project\fypapp\abo-images-small (1)\images\small\57\570381af.jpg,Mobile Phone,Smartphones,699.99,A high-quality mobile phone — smartphones product with excellent build quality and modern design.,/abo-images-small (1)/images/small/57/570381af.jpg
D:\FYP Project\fypapp\abo-images-small (1)\images\small\c3\c3345c41.jpg,King Bed,Beds,499.99,A high-quality king bed — beds product with excellent build quality and modern design.,/abo-images-small (1)/images/small/c3/c3345c41.jpg
D:\FYP Project\fypapp\abo-images-small (1)\images\small\bb\bbb967ee.jpg,iPhone,Smartphones,699.99,A high-quality iphone — smartphones product with excellent build quality and modern design.,/abo-images-small (1)/images/small/bb/bbb967ee.jpg
D:\FYP Project\fypapp\abo-images-small (1)\images\small\5c\5c5ec130.jpg,Sneakers,Shoes,89.99,A high-quality sneakers — shoes product with excellent build quality and modern design.,/abo-images-small (1)/images/small/5c/5c5ec130.jpg
D:\FYP Project\fypapp\abo-images-small (1)\images\small\cb\cb225120.jpg,Winter Coat,Jackets,119.99,A high-quality winter coat — jackets product with excellent build quality and modern design.,/abo-images-small (1)/images/small/cb/cb225120.jpg
D:\FYP Project\fypapp\abo-images-small (1)\images\small\95\9546ae35.jpg,Fitness Equipment,Sports,34.99,A high-quality fitness equipment — sports product with excellent build quality and modern design.,/abo-images-small (1)/images/small/95/9546ae35.jpg
D:\FYP Project\fypapp\abo-images-small (1)\images\small\ca\cac5b738.jpg,Recliner,Chairs,199.99,A high-quality recliner — chairs product with excellent build quality and modern design.,/abo-images-small (1)/images/small/ca/cac5b738.jpg
D:\FYP Project\fypapp\abo-images-small (1)\images\small\8b\8b7d2494.jpg,Dress,Dresses,59.99,A high-quality dress — dresses product with excellent build quality and modern design.,/abo-images-small (1)/images/small/8b/8b7d2494.jpg
D:\FYP Project\fypapp\abo-images-small (1)\images\small\7e\7eff07ef.jpg,Coffee Table,Tables,299.99,A high-quality coffee table — tables product with excellent build quality and modern design.,/abo-images-small (1)/images/small/7e/7eff07ef.jpg
D:\FYP Project\fypapp\abo-images-small (1)\images\small\4d\4dc91d7e.jpg,Blender,Appliances,129.99,A high-quality blender — appliances product with excellent build quality and modern design.,/abo-images-small (1)/images/small/4d/4dc91d7e.jpg
D:\FYP Project\fypapp\abo-images-small (1)\images\small\2e\2eb6e88d.jpg,Gaming Laptop,Laptops,899.99,A high-quality gaming laptop — laptops product with excellent build quality and modern design.,/abo-images-small (1)/images/small/2e/2eb6e88d.jpg
D:\FYP Project\fypapp\abo-images-small (1)\images\small\b1\b1ecaa79.jpg,Cookware Set,Cookware,89.99,A high-quality cookware set — cookware product with excellent build quality and modern design.,/abo-images-small (1)/images/small/b1/b1ecaa79.jpg
D:\FYP Project\fypapp\abo-images-small (1)\images\small\ac\ac83e142.jpg,Dress Shirt,Shirts,39.99,A high-quality dress shirt — shirts product with excellent build quality and modern design.,/abo-images-small (1)/images/small/ac/ac83e142.jpg
D:\FYP Project\fypapp\abo-images-small (1)\images\small\1e\1ebe6152.jpg,Casual Shoes,Shoes,89.99,A high-quality casual shoes — shoes product with excellent build quality and modern design.,/abo-images-small (1)/images/small/1e/1ebe6152.jpg
D:\FYP Project\fypapp\abo-images-small (1)\images\small\0f\0fdbf337.jpg,Platform Bed,Beds,499.99,A high-quality platform bed — beds product with excellent build quality and modern design.,/abo-images-small (1)/images/small/0f/0fdbf337.jpg
D:\FYP Project\fypapp\abo-images-small (1)\images\small\25\25078f26.jpg,Smartphone,Smartphones,699.99,A high-quality smartphone — smartphones product with excellent build quality and modern design.,/abo-images-small (1)/images/small/25/25078f26.jpg
D:\FYP Project\fypapp\abo-images-small (1)\images\small\34\3498ffb0.jpg,Queen Bed,Beds,499.99,A high-quality queen bed — beds product with excellent build quality and modern design.,/abo-images-small (1)/images/small/34/3498ffb0.jpg
D:\FYP Project\fypapp\abo-images-small (1)\images\small\d9\d98c742b.jpg,Side Table,Tables,299.99,A high-quality side table — tables product with excellent build quality and modern design.,/abo-images-small (1)/images/small/d9/d98c742b.jpg
D:\FYP Project\fypapp\abo-images-small (1)\images\small\38\38016d15.jpg,iPhone,Smartphones,699.99,A high-quality iphone — smartphones product with excellent build quality and modern design.,/abo-images-small (1)/images/small/38/38016d15.jpg
D:\FYP Project\fypapp\abo-images-small (1)\images\small\ee\ee790621.jpg,Camping Tent,Outdoors,149.99,A high-quality camping tent — outdoors product with excellent build quality and modern design.,/abo-images-small (1)/images/small/ee/ee790621.jpg
D:\FYP Project\fypapp\abo-images-small (1)\images\small\93\9323ef78.jpg,Non-Stick Pan,Cookware,89.99,A high-quality non-stick pan — cookware product with excellent build quality and modern design.,/abo-images-small (1)/images/small/93/9323ef78.jpg
D:\FYP Project\fypapp\abo-images-small (1)\images\small\cf\cf1a217e.jpg,Digital Tablet,Tablets,449.99,A high-quality digital tablet — tablets product with excellent build quality and modern design.,/abo-images-small (1)/images/small/cf/cf1a217e.jpg
D:\FYP Project\fypapp\abo-images-small (1)\images\small\15\15617741.jpg,Desk,Tables,299.99,A high-quality desk — tables product with excellent build quality and modern design.,/abo-images-small (1)/images/small/15/15617741.jpg
D:\FYP Project\fypapp\abo-images-small (1)\images\small\86\86972d5e.jpg,Smartphone,Smartphones,699.99,A high-quality smartphone — smartphones product with excellent build quality and modern design.,/abo-images-small (1)/images/small/86/86972d5e.jpg
D:\FYP Project\fypapp\abo-images-small (1)\images\small\85\858979d1.jpg,Coffee Table,Tables,299.99,A high-quality coffee table — tables product with excellent build quality and modern design.,/abo-images-small (1)/images/small/85/858979d1.jpg
D:\FYP Project\fypapp\abo-images-small (1)\images\small\ce\cef060dc.jpg,Android Phone,Smartphones,699.99,A high-quality android phone — smartphones product with excellent build quality and modern design.,/abo-images-small (1)/images/small/ce/cef060dc.jpg
D:\FYP Project\fypapp\abo-images-small (1)\images\small\a2\a2f25dfc.jpg,Earphones,Headphones,149.99,A high-quality earphones — headphones product with excellent build quality and modern design.,/abo-images-small (1)/images/small/a2/a2f25dfc.jpg
D:\FYP Project\fypapp\abo-images-small (1)\images\small\b8\b875620e.jpg,Dinnerware Set,Dinnerware,49.99,A high-quality dinnerware set — dinnerware product with excellent build quality and modern design.,/abo-images-small (1)/images/small/b8/b875620e.jpg
D:\FYP Project\fypapp\abo-images-small (1)\images\small\58\589e6e84.jpg,Dining Chair,Chairs,199.99,A high-quality dining chair — chairs product with excellent build quality and modern design.,/abo-images-small (1)/images/small/58/589e6e84.jpg
D:\FYP Project\fypapp\abo-images-small (1)\images\small\c0\c07d45ea.jpg,Cooking Pot,Cookware,89.99,A high-quality cooking pot — cookware product with excellent build quality and modern design.,/abo-images-small (1)/images/small/c0/c07d45ea.jpg
D:\FYP Project\fypapp\abo-images-small (1)\images\small\03\03dc4e67.jpg,Platform Bed,Beds,499.99,A high-quality platform bed — beds product with excellent build quality and modern design.,/abo-images-small (1)/images/small/03/03dc4e67.jpg
D:\FYP Project\fypapp\abo-images-small (1)\images\small\ee\ee67a4d2.jpg,Digital Camera,Cameras,549.99,A high-quality digital camera — cameras product with excellent build quality and modern design.,/abo-images-small (1)/images/small/ee/ee67a4d2.jpg
D:\FYP Project\fypapp\abo-images-small (1)\images\small\fc\fc3f0141.jpg,Mobile Phone,Smartphones,699.99,A high-quality mobile phone — smartphones product with excellent build quality and modern design.,/abo-images-small (1)/images/small/fc/fc3f0141.jpg
D:\FYP Project\fypapp\abo-images-small (1)\images\small\26\26a3cc27.jpg,King Bed,Beds,499.99,A high-quality king bed — beds product with excellent build quality and modern design.,/abo-images-small (1)/images/small/26/26a3cc27.jpg
D:\FYP Project\fypapp\abo-images-small (1)\images\small\ee\eee3c9c9.jpg,iPhone,Smartphones,699.99,A high-quality iphone — smartphones product with excellent build quality and modern design.,/abo-images-small (1)/images/small/ee/eee3c9c9.jpg
D:\FYP Project\fypapp\abo-images-small (1)\images\small\bb\bb1be728.jpg,Sneakers,Shoes,89.99,A high-quality sneakers — shoes product with excellent build quality and modern design.,/abo-images-small (1)/images/small/bb/bb1be728.jpg
D:\FYP Project\fypapp\abo-images-small (1)\images\small\5d\5dc01ed1.jpg,Mobile Phone,Smartphones,699.99,A high-quality mobile phone — smartphones product with excellent build quality and modern design.,/abo-images-small (1)/images/small/5d/5dc01ed1.jpg
D:\FYP Project\fypapp\abo-images-small (1)\images\small\df\df2e3456.jpg,Blender,Appliances,129.99,A high-quality blender — appliances product with excellent build quality and modern design.,/abo-images-small (1)/images/small/df/df2e3456.jpg
D:\FYP Project\fypapp\abo-images-small (1)\images\small\77\77a9f7aa.jpg,Casual Top,Shirts,39.99,A high-quality casual top — shirts product with excellent build quality and modern design.,/abo-images-small (1)/images/small/77/77a9f7aa.jpg
D:\FYP Project\fypapp\abo-images-small (1)\images\small\25\25a4bc78.jpg,Smartphone,Smartphones,699.99,A high-quality smartphone — smartphones product with excellent build quality and modern design.,/abo-images-small (1)/images/small/25/25a4bc78.jpg
D:\FYP Project\fypapp\abo-images-small (1)\images\small\66\66df35ec.jpg,Coffee Table,Tables,299.99,A high-quality coffee table — tables product with excellent build quality and modern design.,/abo-images-small (1)/images/small/66/66df35ec.jpg
D:\FYP Project\fypapp\abo-images-small (1)\images\small\97\975d368d.jpg,Bowl Set,Dinnerware,49.99,A high-quality bowl set — dinnerware product with excellent build quality and modern design.,/abo-images-small (1)/images/small/97/975d368d.jpg
D:\FYP Project\fypapp\abo-images-small (1)\images\small\37\37636c34.jpg,iPhone,Smartphones,699.99,A high-quality iphone — smartphones product with excellent build quality and modern design.,/abo-images-small (1)/images/small/37/37636c34.jpg
D:\FYP Project\fypapp\abo-images-small (1)\images\small\9e\9e1a7b60.jpg,Cookware Set,Cookware,89.99,A high-quality cookware set — cookware product with excellent build quality and modern design.,/abo-images-small (1)/images/small/9e/9e1a7b60.jpg
D:\FYP Project\fypapp\abo-images-small (1)\images\small\01\0121998f.jpg,Notebook PC,Laptops,899.99,A high-quality notebook pc — laptops product with excellent build quality and modern design.,/abo-images-small (1)/images/small/01/0121998f.jpg
D:\FYP Project\fypapp\abo-images-small (1)\images\small\fc\fcbb3c31.jpg,Android Phone,Smartphones,699.99,A high-quality android phone — smartphones product with excellent build quality and modern design.,/abo-images-small (1)/images/small/fc/fcbb3c31.jpg
D:\FYP Project\fypapp\abo-images-small (1)\images\small\fb\fbe5b8e5.jpg,Backpack,Outdoors,149.99,A high-quality backpack — outdoors product with excellent build quality and modern design.,/abo-images-small (1)/images/small/fb/fbe5b8e5.jpg
D:\FYP Project\fypapp\abo-images-small (1)\images\small\5c\5c9803f9.jpg,Sneakers,Shoes,89.99,A high-quality sneakers — shoes product with excellent build quality and modern design.,/abo-images-small (1)/images/small/5c/5c9803f9.jpg
D:\FYP Project\fypapp\abo-images-small (1)\images\small\ae\aee2d653.jpg,Dress Shirt,Shirts,39.99,A high-quality dress shirt — shirts product with excellent build quality and modern design.,/abo-images-small (1)/images/small/ae/aee2d653.jpg
D:\FYP Project\fypapp\abo-images-small (1)\images\small\3e\3e28d9e3.jpg,Over-Ear Headphones,Headphones,149.99,A high-quality over-ear headphones — headphones product with excellent build quality and modern design.,/abo-images-small (1)/images/small/3e/3e28d9e3.jpg
D:\FYP Project\fypapp\abo-images-small (1)\images\small\b1\b14b5c72.jpg,Action Camera,Cameras,549.99,A high-quality action camera — cameras product with excellent build quality and modern design.,/abo-images-small (1)/images/small/b1/b14b5c72.jpg
D:\FYP Project\fypapp\abo-images-small (1)\images\small\23\23ebcc37.jpg,Office Chair,Chairs,199.99,A high-quality office chair — chairs product with excellent build quality and modern design.,/abo-images-small (1)/images/small/23/23ebcc37.jpg
D:\FYP Project\fypapp\abo-images-small (1)\images\small\d8\d8d7b10e.jpg,Running Shoes,Shoes,89.99,A high-quality running shoes — shoes product with excellent build quality and modern design.,/abo-images-small (1)/images/small/d8/d8d7b10e.jpg
D:\FYP Project\fypapp\abo-images-small (1)\images\small\68\687e3501.jpg,Casual Shoes,Shoes,89.99,A high-quality casual shoes — shoes product with excellent build quality and modern design.,/abo-images-small (1)/images/small/68/687e3501.jpg
D:\FYP Project\fypapp\abo-images-small (1)\images\small\dd\dd789e2b.jpg,Skillet,Cookware,89.99,A high-quality skillet — cookware product with excellent build quality and modern design.,/abo-images-small (1)/images/small/dd/dd789e2b.jpg
D:\FYP Project\fypapp\abo-images-small (1)\images\small\b1\b14a018e.jpg,Smartphone,Smartphones,699.99,A high-quality smartphone — smartphones product with excellent build quality and modern design.,/abo-images-small (1)/images/small/b1/b14a018e.jpg
D:\FYP Project\fypapp\abo-images-small (1)\images\small\d3\d35bb8b9.jpg,Non-Stick Pan,Cookware,89.99,A high-quality non-stick pan — cookware product with excellent build quality and modern design.,/abo-images-small (1)/images/small/d3/d35bb8b9.jpg
D:\FYP Project\fypapp\abo-images-small (1)\images\small\45\45f42bb9.jpg,Over-Ear Headphones,Headphones,149.99,A high-quality over-ear headphones — headphones product with excellent build quality and modern design.,/abo-images-small (1)/images/small/45/45f42bb9.jpg
D:\FYP Project\fypapp\abo-images-small (1)\images\small\34\3498fb7f.jpg,iPhone,Smartphones,699.99,A high-quality iphone — smartphones product with excellent build quality and modern design.,/abo-images-small (1)/images/small/34/3498fb7f.jpg
D:\FYP Project\fypapp\abo-images-small (1)\images\small\82\82f2ebd6.jpg,Sofa,Sofas,799.99,A high-quality sofa — sofas product with excellent build quality and modern design.,/abo-images-small (1)/images/small/82/82f2ebd6.jpg
D:\FYP Project\fypapp\abo-images-small (1)\images\small\38\387fe2aa.jpg,Couch,Sofas,799.99,A high-quality couch — sofas product with excellent build quality and modern design.,/abo-images-small (1)/images/small/38/387fe2aa.jpg
D:\FYP Project\fypapp\abo-images-small (1)\images\small\bb\bbddd58c.jpg,Digital Tablet,Tablets,449.99,A high-quality digital tablet — tablets product with excellent build quality and modern design.,/abo-images-small (1)/images/small/bb/bbddd58c.jpg
D:\FYP Project\fypapp\abo-images-small (1)\images\small\b8\b8e5e0bf.jpg,Coffee Maker,Appliances,129.99,A high-quality coffee maker — appliances product with excellent build quality and modern design.,/abo-images-small (1)/images/small/b8/b8e5e0bf.jpg
D:\FYP Project\fypapp\abo-images-small (1)\images\small\00\002f15de.jpg,Jacket,Jackets,119.99,A high-quality jacket — jackets product with excellent build quality and modern design.,/abo-images-small (1)/images/small/00/002f15de.jpg
D:\FYP Project\fypapp\abo-images-small (1)\images\small\cf\cff60c4f.jpg,Coffee Table,Tables,299.99,A high-quality coffee table — tables product with excellent build quality and modern design.,/abo-images-small (1)/images/small/cf/cff60c4f.jpg
D:\FYP Project\fypapp\abo-images-small (1)\images\small\71\712f0513.jpg,Accent Chair,Chairs,199.99,A high-quality accent chair — chairs product with excellent build quality and modern design.,/abo-images-small (1)/images/small/71/712f0513.jpg
D:\FYP Project\fypapp\abo-images-small (1)\images\small\aa\aaea36e9.jpg,iPhone,Smartphones,699.99,A high-quality iphone — smartphones product with excellent build quality and modern design.,/abo-images-small (1)/images/small/aa/aaea36e9.jpg
D:\FYP Project\fypapp\abo-images-small (1)\images\small\06\06a12300.jpg,Yoga Mat,Sports,34.99,A high-quality yoga mat — sports product with excellent build quality and modern design.,/abo-images-small (1)/images/small/06/06a12300.jpg
D:\FYP Project\fypapp\abo-images-small (1)\images\small\25\25c05c04.jpg,Microwave,Appliances,129.99,A high-quality microwave — appliances product with excellent build quality and modern design.,/abo-images-small (1)/images/small/25/25c05c04.jpg
D:\FYP Project\fypapp\abo-images-small (1)\images\small\7f\7f50672c.jpg,Accent Chair,Chairs,199.99,A high-quality accent chair — chairs product with excellent build quality and modern design.,/abo-images-small (1)/images/small/7f/7f50672c.jpg
D:\FYP Project\fypapp\abo-images-small (1)\images\small\6b\6b855790.jpg,Boots,Shoes,89.99,A high-quality boots — shoes product with excellent build quality and modern design.,/abo-images-small (1)/images/small/6b/6b855790.jpg
D:\FYP Project\fypapp\abo-images-small (1)\images\small\54\54904528.jpg,Yoga Mat,Sports,34.99,A high-quality yoga mat — sports product with excellent build quality and modern design.,/abo-images-small (1)/images/small/54/54904528.jpg
D:\FYP Project\fypapp\abo-images-small (1)\images\small\13\137cac2f.jpg,Coffee Table,Tables,299.99,A high-quality coffee table — tables product with excellent build quality and modern design.,/abo-images-small (1)/images/small/13/137cac2f.jpg
D:\FYP Project\fypapp\abo-images-small (1)\images\small\55\551384aa.jpg,Fitness Equipment,Sports,34.99,A high-quality fitness equipment — sports product with excellent build quality and modern design.,/abo-images-small (1)/images/small/55/551384aa.jpg
D:\FYP Project\fypapp\abo-images-small (1)\images\small\c5\c540ec53.jpg,Skillet,Cookware,89.99,A high-quality skillet — cookware product with excellent build quality and modern design.,/abo-images-small (1)/images/small/c5/c540ec53.jpg
D:\FYP Project\fypapp\abo-images-small (1)\images\small\1a\1aa07c02.jpg,Cookware Set,Cookware,89.99,A high-quality cookware set — cookware product with excellent build quality and modern design.,/abo-images-small (1)/images/small/1a/1aa07c02.jpg
D:\FYP Project\fypapp\abo-images-small (1)\images\small\1c\1cefd907.jpg,iPad,Tablets,449.99,A high-quality ipad — tablets product with excellent build quality and modern design.,/abo-images-small (1)/images/small/1c/1cefd907.jpg
D:\FYP Project\fypapp\abo-images-small (1)\images\small\aa\aa0d5208.jpg,Blender,Appliances,129.99,A high-quality blender — appliances product with excellent build quality and modern design.,/abo-images-small (1)/images/small/aa/aa0d5208.jpg
D:\FYP Project\fypapp\abo-images-small (1)\images\small\17\1755cea0.jpg,Platform Bed,Beds,499.99,A high-quality platform bed — beds product with excellent build quality and modern design.,/abo-images-small (1)/images/small/17/1755cea0.jpg
D:\FYP Project\fypapp\abo-images-small (1)\images\small\b9\b9bad79b.jpg,Kitchen Appliance,Appliances,129.99,A high-quality kitchen appliance — appliances product with excellent build quality and modern design.,/abo-images-small (1)/images/small/b9/b9bad79b.jpg
D:\FYP Project\fypapp\abo-images-small (1)\images\small\2a\2a71bee9.jpg,iPad,Tablets,449.99,A high-quality ipad — tablets product with excellent build quality and modern design.,/abo-images-small (1)/images/small/2a/2a71bee9.jpg
D:\FYP Project\fypapp\abo-images-small (1)\images\small\2b\2b5491a6.jpg,Sectional Sofa,Sofas,799.99,A high-quality sectional sofa — sofas product with excellent build quality and modern design.,/abo-images-small (1)/images/small/2b/2b5491a6.jpg
D:\FYP Project\fypapp\abo-images-small (1)\images\small\e5\e57dd13f.jpg,iPhone,Smartphones,699.99,A high-quality iphone — smartphones product with excellent build quality and modern design.,/abo-images-small (1)/images/small/e5/e57dd13f.jpg
D:\FYP Project\fypapp\abo-images-small (1)\images\small\a6\a66960c2.jpg,Sneakers,Shoes,89.99,A high-quality sneakers — shoes product with excellent build quality and modern design.,/abo-images-small (1)/images/small/a6/a66960c2.jpg
D:\FYP Project\fypapp\abo-images-small (1)\images\small\bf\bf4f27d4.jpg,Microwave,Appliances,129.99,A high-quality microwave — appliances product with excellent build quality and modern design.,/abo-images-small (1)/images/small/bf/bf4f27d4.jpg
D:\FYP Project\fypapp\abo-images-small (1)\images\small\39\39a93a34.jpg,Over-Ear Headphones,Headphones,149.99,A high-quality over-ear headphones — headphones product with excellent build quality and modern design.,/abo-images-small (1)/images/small/39/39a93a34.jpg
D:\FYP Project\fypapp\abo-images-small (1)\images\small\5d\5d2edf54.jpg,Loveseat,Sofas,799.99,A high-quality loveseat — sofas product with excellent build quality and modern design.,/abo-images-small (1)/images/small/5d/5d2edf54.jpg
D:\FYP Project\fypapp\abo-images-small (1)\images\small\b7\b7f55bc1.jpg,T-Shirt,Shirts,39.99,A high-quality t-shirt — shirts product with excellent build quality and modern design.,/abo-images-small (1)/images/small/b7/b7f55bc1.jpg
D:\FYP Project\fypapp\abo-images-small (1)\images\small\d2\d28eeae3.jpg,Running Shoes,Shoes,89.99,A high-quality running shoes — shoes product with excellent build quality and modern design.,/abo-images-small (1)/images/small/d2/d28eeae3.jpg
D:\FYP Project\fypapp\abo-images-small (1)\images\small\93\93708f05.jpg,Digital Tablet,Tablets,449.99,A high-quality digital tablet — tablets product with excellent build quality and modern design.,/abo-images-small (1)/images/small/93/93708f05.jpg
D:\FYP Project\fypapp\abo-images-small (1)\images\small\4b\4b425d65.jpg,iPhone,Smartphones,699.99,A high-quality iphone — smartphones product with excellent build quality and modern design.,/abo-images-small (1)/images/small/4b/4b425d65.jpg
D:\FYP Project\fypapp\abo-images-small (1)\images\small\bb\bbd4a794.jpg,Jacket,Jackets,119.99,A high-quality jacket — jackets product with excellent build quality and modern design.,/abo-images-small (1)/images/small/bb/bbd4a794.jpg
D:\FYP Project\fypapp\abo-images-small (1)\images\small\f1\f1ad67c6.jpg,Mobile Phone,Smartphones,699.99,A high-quality mobile phone — smartphones product with excellent build quality and modern design.,/abo-images-small (1)/images/small/f1/f1ad67c6.jpg
D:\FYP Project\fypapp\abo-images-small (1)\images\small\47\47b4ea66.jpg,Sectional Sofa,Sofas,799.99,A high-quality sectional sofa — sofas product with excellent build quality and modern design.,/abo-images-small (1)/images/small/47/47b4ea66.jpg
D:\FYP Project\fypapp\abo-images-small (1)\images\small\f9\f99cfe46.jpg,Android Tablet,Tablets,449.99,A high-quality android tablet — tablets product with excellent build quality and modern design.,/abo-images-small (1)/images/small/f9/f99cfe46.jpg
D:\FYP Project\fypapp\abo-images-small (1)\images\small\6c\6cf90c40.jpg,Smartphone,Smartphones,699.99,A high-quality smartphone — smartphones product with excellent build quality and modern design.,/abo-images-small (1)/images/small/6c/6cf90c40.jpg
D:\FYP Project\fypapp\abo-images-small (1)\images\small\8b\8b5e2607.jpg,Ceramic Plates,Dinnerware,49.99,A high-quality ceramic plates — dinnerware product with excellent build quality and modern design.,/abo-images-small (1)/images/small/8b/8b5e2607.jpg
D:\FYP Project\fypapp\abo-images-small (1)\images\small\e9\e9752117.jpg,Side Table,Tables,299.99,A high-quality side table — tables product with excellent build quality and modern design.,/abo-images-small (1)/images/small/e9/e9752117.jpg
D:\FYP Project\fypapp\abo-images-small (1)\images\small\e2\e2301923.jpg,Floral Dress,Dresses,59.99,A high-quality floral dress — dresses product with excellent build quality and modern design.,/abo-images-small (1)/images/small/e2/e2301923.jpg
D:\FYP Project\fypapp\abo-images-small (1)\images\small\82\82c857b4.jpg,Bed Frame,Beds,499.99,A high-quality bed frame — beds product with excellent build quality and modern design.,/abo-images-small (1)/images/small/82/82c857b4.jpg
D:\FYP Project\fypapp\abo-images-small (1)\images\small\98\987cc4a4.jpg,Dining Chair,Chairs,199.99,A high-quality dining chair — chairs product with excellent build quality and modern design.,/abo-images-small (1)/images/small/98/987cc4a4.jpg
D:\FYP Project\fypapp\abo-images-small (1)\images\small\b4\b4a2040f.jpg,Android Phone,Smartphones,699.99,A high-quality android phone — smartphones product with excellent build quality and modern design.,/abo-images-small (1)/images/small/b4/b4a2040f.jpg
D:\FYP Project\fypapp\abo-images-small (1)\images\small\9d\9d5259ef.jpg,Floral Dress,Dresses,59.99,A high-quality floral dress — dresses product with excellent build quality and modern design.,/abo-images-small (1)/images/small/9d/9d5259ef.jpg
D:\FYP Project\fypapp\abo-images-small (1)\images\small\28\28d3e5c6.jpg,Jeans,Jeans,69.99,A high-quality jeans — jeans product with excellent build quality and modern design.,/abo-images-small (1)/images/small/28/28d3e5c6.jpg
D:\FYP Project\fypapp\abo-images-small (1)\images\small\57\5774f815.jpg,Couch,Sofas,799.99,A high-quality couch — sofas product with excellent build quality and modern design.,/abo-images-small (1)/images/small/57/5774f815.jpg
D:\FYP Project\fypapp\abo-images-small (1)\images\small\4f\4f94bf9e.jpg,Outdoor Equipment,Outdoors,149.99,A high-quality outdoor equipment — outdoors product with excellent build quality and modern design.,/abo-images-small (1)/images/small/4f/4f94bf9e.jpg
D:\FYP Project\fypapp\abo-images-small (1)\images\small\15\158ea50a.jpg,Boots,Shoes,89.99,A high-quality boots — shoes product with excellent build quality and modern design.,/abo-images-small (1)/images/small/15/158ea50a.jpg
D:\FYP Project\fypapp\abo-images-small (1)\images\small\76\76f35b62.jpg,Bed Frame,Beds,499.99,A high-quality bed frame — beds product with excellent build quality and modern design.,/abo-images-small (1)/images/small/76/76f35b62.jpg
D:\FYP Project\fypapp\abo-images-small (1)\images\small\07\0726d4c5.jpg,Wireless Earbuds,Headphones,149.99,A high-quality wireless earbuds — headphones product with excellent build quality and modern design.,/abo-images-small (1)/images/small/07/0726d4c5.jpg
D:\FYP Project\fypapp\abo-images-small (1)\images\small\cc\cc61a44b.jpg,Sectional Sofa,Sofas,799.99,A high-quality sectional sofa — sofas product with excellent build quality and modern design.,/abo-images-small (1)/images/small/cc/cc61a44b.jpg
D:\FYP Project\fypapp\abo-images-small (1)\images\small\c0\c0ba90c6.jpg,iPhone,Smartphones,699.99,A high-quality iphone — smartphones product with excellent build quality and modern design.,/abo-images-small (1)/images/small/c0/c0ba90c6.jpg
D:\FYP Project\fypapp\abo-images-small (1)\images\small\51\516b816f.jpg,Smartphone,Smartphones,699.99,A high-quality smartphone — smartphones product with excellent build quality and modern design.,/abo-images-small (1)/images/small/51/516b816f.jpg
D:\FYP Project\fypapp\abo-images-small (1)\images\small\cc\cc6c8cca.jpg,Mobile Phone,Smartphones,699.99,A high-quality mobile phone — smartphones product with excellent build quality and modern design.,/abo-images-small (1)/images/small/cc/cc6c8cca.jpg
D:\FYP Project\fypapp\abo-images-small (1)\images\small\4e\4e16175e.jpg,Casual Shoes,Shoes,89.99,A high-quality casual shoes — shoes product with excellent build quality and modern design.,/abo-images-small (1)/images/small/4e/4e16175e.jpg
D:\FYP Project\fypapp\abo-images-small (1)\images\small\02\026e0c81.jpg,Mug Set,Dinnerware,49.99,A high-quality mug set — dinnerware product with excellent build quality and modern design.,/abo-images-small (1)/images/small/02/026e0c81.jpg
D:\FYP Project\fypapp\abo-images-small (1)\images\small\17\17f28dd5.jpg,Yoga Mat,Sports,34.99,A high-quality yoga mat — sports product with excellent build quality and modern design.,/abo-images-small (1)/images/small/17/17f28dd5.jpg
D:\FYP Project\fypapp\abo-images-small (1)\images\small\f7\f7de25d5.jpg,Microwave,Appliances,129.99,A high-quality microwave — appliances product with excellent build quality and modern design.,/abo-images-small (1)/images/small/f7/f7de25d5.jpg
D:\FYP Project\fypapp\abo-images-small (1)\images\small\da\dac92e34.jpg,Side Table,Tables,299.99,A high-quality side table — tables product with excellent build quality and modern design.,/abo-images-small (1)/images/small/da/dac92e34.jpg
D:\FYP Project\fypapp\abo-images-small (1)\images\small\13\13d0a9dc.jpg,Platform Bed,Beds,499.99,A high-quality platform bed — beds product with excellent build quality and modern design.,/abo-images-small (1)/images/small/13/13d0a9dc.jpg
D:\FYP Project\fypapp\abo-images-small (1)\images\small\51\51045498.jpg,Sneakers,Shoes,89.99,A high-quality sneakers — shoes product with excellent build quality and modern design.,/abo-images-small (1)/images/small/51/51045498.jpg
D:\FYP Project\fypapp\abo-images-small (1)\images\small\16\16b49594.jpg,DSLR Camera,Cameras,549.99,A high-quality dslr camera — cameras product with excellent build quality and modern design.,/abo-images-small (1)/images/small/16/16b49594.jpg
D:\FYP Project\fypapp\abo-images-small (1)\images\small\0a\0ab6887e.jpg,Android Phone,Smartphones,699.99,A high-quality android phone — smartphones product with excellent build quality and modern design.,/abo-images-small (1)/images/small/0a/0ab6887e.jpg
D:\FYP Project\fypapp\abo-images-small (1)\images\small\74\74599b48.jpg,iPhone,Smartphones,699.99,A high-quality iphone — smartphones product with excellent build quality and modern design.,/abo-images-small (1)/images/small/74/74599b48.jpg
D:\FYP Project\fypapp\abo-images-small (1)\images\small\17\17e56ba3.jpg,Dining Table,Tables,299.99,A high-quality dining table — tables product with excellent build quality and modern design.,/abo-images-small (1)/images/small/17/17e56ba3.jpg
D:\FYP Project\fypapp\abo-images-small (1)\images\small\b3\b37e7245.jpg,Resistance Bands,Sports,34.99,A high-quality resistance bands — sports product with excellent build quality and modern design.,/abo-images-small (1)/images/small/b3/b37e7245.jpg
D:\FYP Project\fypapp\abo-images-small (1)\images\small\54\5414bc09.jpg,King Bed,Beds,499.99,A high-quality king bed — beds product with excellent build quality and modern design.,/abo-images-small (1)/images/small/54/5414bc09.jpg
D:\FYP Project\fypapp\abo-images-small (1)\images\small\61\61c0e0a9.jpg,iPhone,Smartphones,699.99,A high-quality iphone — smartphones product with excellent build quality and modern design.,/abo-images-small (1)/images/small/61/61c0e0a9.jpg
D:\FYP Project\fypapp\abo-images-small (1)\images\small\e8\e8865a4d.jpg,Smartphone,Smartphones,699.99,A high-quality smartphone — smartphones product with excellent build quality and modern design.,/abo-images-small (1)/images/small/e8/e8865a4d.jpg
D:\FYP Project\fypapp\abo-images-small (1)\images\small\a9\a9dd6bee.jpg,Non-Stick Pan,Cookware,89.99,A high-quality non-stick pan — cookware product with excellent build quality and modern design.,/abo-images-small (1)/images/small/a9/a9dd6bee.jpg
D:\FYP Project\fypapp\abo-images-small (1)\images\small\4c\4c1651be.jpg,Casual Shoes,Shoes,89.99,A high-quality casual shoes — shoes product with excellent build quality and modern design.,/abo-images-small (1)/images/small/4c/4c1651be.jpg
D:\FYP Project\fypapp\abo-images-small (1)\images\small\bb\bbcec2d3.jpg,Mug Set,Dinnerware,49.99,A high-quality mug set — dinnerware product with excellent build quality and modern design.,/abo-images-small (1)/images/small/bb/bbcec2d3.jpg
D:\FYP Project\fypapp\abo-images-small (1)\images\small\2c\2cad34c9.jpg,Headphones,Headphones,149.99,A high-quality headphones — headphones product with excellent build quality and modern design.,/abo-images-small (1)/images/small/2c/2cad34c9.jpg
D:\FYP Project\fypapp\abo-images-small (1)\images\small\fe\fe25ada3.jpg,Maxi Dress,Dresses,59.99,A high-quality maxi dress — dresses product with excellent build quality and modern design.,/abo-images-small (1)/images/small/fe/fe25ada3.jpg
D:\FYP Project\fypapp\abo-images-small (1)\images\small\c6\c6808cc2.jpg,Summer Dress,Dresses,59.99,A high-quality summer dress — dresses product with excellent build quality and modern design.,/abo-images-small (1)/images/small/c6/c6808cc2.jpg
D:\FYP Project\fypapp\abo-images-small (1)\images\small\c8\c845b071.jpg,iPhone,Smartphones,699.99,A high-quality iphone — smartphones product with excellent build quality and modern design.,/abo-images-small (1)/images/small/c8/c845b071.jpg
D:\FYP Project\fypapp\abo-images-small (1)\images\small\a5\a58b2ab4.jpg,Smartphone,Smartphones,699.99,A high-quality smartphone — smartphones product with excellent build quality and modern design.,/abo-images-small (1)/images/small/a5/a58b2ab4.jpg
D:\FYP Project\fypapp\abo-images-small (1)\images\small\55\55cf77f3.jpg,Non-Stick Pan,Cookware,89.99,A high-quality non-stick pan — cookware product with excellent build quality and modern design.,/abo-images-small (1)/images/small/55/55cf77f3.jpg
D:\FYP Project\fypapp\abo-images-small (1)\images\small\a5\a5a45e11.jpg,Cooking Pot,Cookware,89.99,A high-quality cooking pot — cookware product with excellent build quality and modern design.,/abo-images-small (1)/images/small/a5/a5a45e11.jpg
D:\FYP Project\fypapp\abo-images-small (1)\images\small\8e\8e063e22.jpg,Android Tablet,Tablets,449.99,A high-quality android tablet — tablets product with excellent build quality and modern design.,/abo-images-small (1)/images/small/8e/8e063e22.jpg
D:\FYP Project\fypapp\abo-images-small (1)\images\small\43\4324d230.jpg,Smartphone,Smartphones,699.99,A high-quality smartphone — smartphones product with excellent build quality and modern design.,/abo-images-small (1)/images/small/43/4324d230.jpg
D:\FYP Project\fypapp\abo-images-small (1)\images\small\1f\1fe87654.jpg,Couch,Sofas,799.99,A high-quality couch — sofas product with excellent build quality and modern design.,/abo-images-small (1)/images/small/1f/1fe87654.jpg
D:\FYP Project\fypapp\abo-images-small (1)\images\small\20\20c03005.jpg,Android Phone,Smartphones,699.99,A high-quality android phone — smartphones product with excellent build quality and modern design.,/abo-images-small (1)/images/small/20/20c03005.jpg
D:\FYP Project\fypapp\abo-images-small (1)\images\small\e5\e53d3002.jpg,Skillet,Cookware,89.99,A high-quality skillet — cookware product with excellent build quality and modern design.,/abo-images-small (1)/images/small/e5/e53d3002.jpg
D:\FYP Project\fypapp\abo-images-small (1)\images\small\96\9626dc92.jpg,Dining Table,Tables,299.99,A high-quality dining table — tables product with excellent build quality and modern design.,/abo-images-small (1)/images/small/96/9626dc92.jpg
D:\FYP Project\fypapp\abo-images-small (1)\images\small\7c\7c5cd6c4.jpg,Mobile Phone,Smartphones,699.99,A high-quality mobile phone — smartphones product with excellent build quality and modern design.,/abo-images-small (1)/images/small/7c/7c5cd6c4.jpg
D:\FYP Project\fypapp\abo-images-small (1)\images\small\93\9398176c.jpg,Outdoor Equipment,Outdoors,149.99,A high-quality outdoor equipment — outdoors product with excellent build quality and modern design.,/abo-images-small (1)/images/small/93/9398176c.jpg
D:\FYP Project\fypapp\abo-images-small (1)\images\small\8f\8f660bbf.jpg,Denim Pants,Jeans,69.99,A high-quality denim pants — jeans product with excellent build quality and modern design.,/abo-images-small (1)/images/small/8f/8f660bbf.jpg
D:\FYP Project\fypapp\abo-images-small (1)\images\small\a2\a299dfae.jpg,Kitchen Appliance,Appliances,129.99,A high-quality kitchen appliance — appliances product with excellent build quality and modern design.,/abo-images-small (1)/images/small/a2/a299dfae.jpg
D:\FYP Project\fypapp\abo-images-small (1)\images\small\12\12340a98.jpg,Ceramic Plates,Dinnerware,49.99,A high-quality ceramic plates — dinnerware product with excellent build quality and modern design.,/abo-images-small (1)/images/small/12/12340a98.jpg
D:\FYP Project\fypapp\abo-images-small (1)\images\small\eb\eb03e7ba.jpg,King Bed,Beds,499.99,A high-quality king bed — beds product with excellent build quality and modern design.,/abo-images-small (1)/images/small/eb/eb03e7ba.jpg
D:\FYP Project\fypapp\abo-images-small (1)\images\small\e3\e366e14c.jpg,Exercise Gear,Sports,34.99,A high-quality exercise gear — sports product with excellent build quality and modern design.,/abo-images-small (1)/images/small/e3/e366e14c.jpg
D:\FYP Project\fypapp\abo-images-small (1)\images\small\e0\e0ef87b7.jpg,Digital Camera,Cameras,549.99,A high-quality digital camera — cameras product with excellent build quality and modern design.,/abo-images-small (1)/images/small/e0/e0ef87b7.jpg
D:\FYP Project\fypapp\abo-images-small (1)\images\small\21\213f9758.jpg,Wireless Earbuds,Headphones,149.99,A high-quality wireless earbuds — headphones product with excellent build quality and modern design.,/abo-images-small (1)/images/small/21/213f9758.jpg
D:\FYP Project\fypapp\abo-images-small (1)\images\small\14\1465b4bd.jpg,Casual Shoes,Shoes,89.99,A high-quality casual shoes — shoes product with excellent build quality and modern design.,/abo-images-small (1)/images/small/14/1465b4bd.jpg
D:\FYP Project\fypapp\abo-images-small (1)\images\small\8c\8c8ed856.jpg,iPhone,Smartphones,699.99,A high-quality iphone — smartphones product with excellent build quality and modern design.,/abo-images-small (1)/images/small/8c/8c8ed856.jpg
D:\FYP Project\fypapp\abo-images-small (1)\images\small\ff\ffc52333.jpg,Smartphone,Smartphones,699.99,A high-quality smartphone — smartphones product with excellent build quality and modern design.,/abo-images-small (1)/images/small/ff/ffc52333.jpg
D:\FYP Project\fypapp\abo-images-small (1)\images\small\77\775fcc1f.jpg,Dining Chair,Chairs,199.99,A high-quality dining chair — chairs product with excellent build quality and modern design.,/abo-images-small (1)/images/small/77/775fcc1f.jpg
D:\FYP Project\fypapp\abo-images-small (1)\images\small\24\24e53b5b.jpg,Outdoor Equipment,Outdoors,149.99,A high-quality outdoor equipment — outdoors product with excellent build quality and modern design.,/abo-images-small (1)/images/small/24/24e53b5b.jpg
D:\FYP Project\fypapp\abo-images-small (1)\images\small\57\57b35a7a.jpg,iPhone,Smartphones,699.99,A high-quality iphone — smartphones product with excellent build quality and modern design.,/abo-images-small (1)/images/small/57/57b35a7a.jpg
D:\FYP Project\fypapp\abo-images-small (1)\images\small\43\4387bf6d.jpg,Kitchen Appliance,Appliances,129.99,A high-quality kitchen appliance — appliances product with excellent build quality and modern design.,/abo-images-small (1)/images/small/43/4387bf6d.jpg
D:\FYP Project\fypapp\abo-images-small (1)\images\small\43\431485b4.jpg,Mobile Phone,Smartphones,699.99,A high-quality mobile phone — smartphones product with excellent build quality and modern design.,/abo-images-small (1)/images/small/43/431485b4.jpg
D:\FYP Project\fypapp\abo-images-small (1)\images\small\ba\bae5c671.jpg,Sectional Sofa,Sofas,799.99,A high-quality sectional sofa — sofas product with excellent build quality and modern design.,/abo-images-small (1)/images/small/ba/bae5c671.jpg
D:\FYP Project\fypapp\abo-images-small (1)\images\small\9c\9c5b33e4.jpg,Boots,Shoes,89.99,A high-quality boots — shoes product with excellent build quality and modern design.,/abo-images-small (1)/images/small/9c/9c5b33e4.jpg
D:\FYP Project\fypapp\abo-images-small (1)\images\small\2f\2f4d2ec3.jpg,Bed Frame,Beds,499.99,A high-quality bed frame — beds product with excellent build quality and modern design.,/abo-images-small (1)/images/small/2f/2f4d2ec3.jpg
D:\FYP Project\fypapp\abo-images-small (1)\images\small\93\930df0ee.jpg,Coffee Table,Tables,299.99,A high-quality coffee table — tables product with excellent build quality and modern design.,/abo-images-small (1)/images/small/93/930df0ee.jpg
D:\FYP Project\fypapp\abo-images-small (1)\images\small\3f\3fd0078f.jpg,Android Phone,Smartphones,699.99,A high-quality android phone — smartphones product with excellent build quality and modern design.,/abo-images-small (1)/images/small/3f/3fd0078f.jpg
D:\FYP Project\fypapp\abo-images-small (1)\images\small\61\61c7561a.jpg,iPhone,Smartphones,699.99,A high-quality iphone — smartphones product with excellent build quality and modern design.,/abo-images-small (1)/images/small/61/61c7561a.jpg
D:\FYP Project\fypapp\abo-images-small (1)\images\small\a1\a1158812.jpg,Tablet,Tablets,449.99,A high-quality tablet — tablets product with excellent build quality and modern design.,/abo-images-small (1)/images/small/a1/a1158812.jpg
D:\FYP Project\fypapp\abo-images-small (1)\images\small\58\581526d1.jpg,Coffee Table,Tables,299.99,A high-quality coffee table — tables product with excellent build quality and modern design.,/abo-images-small (1)/images/small/58/581526d1.jpg
D:\FYP Project\fypapp\abo-images-small (1)\images\small\19\196ffc7a.jpg,Polo Shirt,Shirts,39.99,A high-quality polo shirt — shirts product with excellent build quality and modern design.,/abo-images-small (1)/images/small/19/196ffc7a.jpg
D:\FYP Project\fypapp\abo-images-small (1)\images\small\9a\9a3c75b9.jpg,Coffee Maker,Appliances,129.99,A high-quality coffee maker — appliances product with excellent build quality and modern design.,/abo-images-small (1)/images/small/9a/9a3c75b9.jpg
D:\FYP Project\fypapp\abo-images-small (1)\images\small\bf\bf7c92d6.jpg,Dining Table,Tables,299.99,A high-quality dining table — tables product with excellent build quality and modern design.,/abo-images-small (1)/images/small/bf/bf7c92d6.jpg
D:\FYP Project\fypapp\abo-images-small (1)\images\small\21\21145536.jpg,Mobile Phone,Smartphones,699.99,A high-quality mobile phone — smartphones product with excellent build quality and modern design.,/abo-images-small (1)/images/small/21/21145536.jpg
D:\FYP Project\fypapp\abo-images-small (1)\images\small\11\1101ade9.jpg,Android Phone,Smartphones,699.99,A high-quality android phone — smartphones product with excellent build quality and modern design.,/abo-images-small (1)/images/small/11/1101ade9.jpg
D:\FYP Project\fypapp\abo-images-small (1)\images\small\e2\e2ed4dab.jpg,Desk,Tables,299.99,A high-quality desk — tables product with excellent build quality and modern design.,/abo-images-small (1)/images/small/e2/e2ed4dab.jpg
D:\FYP Project\fypapp\abo-images-small (1)\images\small\bc\bc4251e0.jpg,Bed Frame,Beds,499.99,A high-quality bed frame — beds product with excellent build quality and modern design.,/abo-images-small (1)/images/small/bc/bc4251e0.jpg
D:\FYP Project\fypapp\abo-images-small (1)\images\small\04\04ffc5e7.jpg,Queen Bed,Beds,499.99,A high-quality queen bed — beds product with excellent build quality and modern design.,/abo-images-small (1)/images/small/04/04ffc5e7.jpg
D:\FYP Project\fypapp\abo-images-small (1)\images\small\1f\1f927a23.jpg,Outdoor Equipment,Outdoors,149.99,A high-quality outdoor equipment — outdoors product with excellent build quality and modern design.,/abo-images-small (1)/images/small/1f/1f927a23.jpg
D:\FYP Project\fypapp\abo-images-small (1)\images\small\53\537d31b9.jpg,iPhone,Smartphones,699.99,A high-quality iphone — smartphones product with excellent build quality and modern design.,/abo-images-small (1)/images/small/53/537d31b9.jpg
D:\FYP Project\fypapp\abo-images-small (1)\images\small\3a\3a0d2c8f.jpg,Smartphone,Smartphones,699.99,A high-quality smartphone — smartphones product with excellent build quality and modern design.,/abo-images-small (1)/images/small/3a/3a0d2c8f.jpg
D:\FYP Project\fypapp\abo-images-small (1)\images\small\8d\8dd5f2dd.jpg,Running Shoes,Shoes,89.99,A high-quality running shoes — shoes product with excellent build quality and modern design.,/abo-images-small (1)/images/small/8d/8dd5f2dd.jpg
D:\FYP Project\fypapp\abo-images-small (1)\images\small\a9\a9eef75d.jpg,Side Table,Tables,299.99,A high-quality side table — tables product with excellent build quality and modern design.,/abo-images-small (1)/images/small/a9/a9eef75d.jpg
D:\FYP Project\fypapp\abo-images-small (1)\images\small\a8\a87e55ad.jpg,Platform Bed,Beds,499.99,A high-quality platform bed — beds product with excellent build quality and modern design.,/abo-images-small (1)/images/small/a8/a87e55ad.jpg
D:\FYP Project\fypapp\abo-images-small (1)\images\small\4b\4bee6b64.jpg,Jeans,Jeans,69.99,A high-quality jeans — jeans product with excellent build quality and modern design.,/abo-images-small (1)/images/small/4b/4bee6b64.jpg
D:\FYP Project\fypapp\abo-images-small (1)\images\small\8c\8c04bb17.jpg,Coffee Table,Tables,299.99,A high-quality coffee table — tables product with excellent build quality and modern design.,/abo-images-small (1)/images/small/8c/8c04bb17.jpg
D:\FYP Project\fypapp\abo-images-small (1)\images\small\13\13ba8529.jpg,Android Phone,Smartphones,699.99,A high-quality android phone — smartphones product with excellent build quality and modern design.,/abo-images-small (1)/images/small/13/13ba8529.jpg
D:\FYP Project\fypapp\abo-images-small (1)\images\small\39\3983f7e1.jpg,Recliner,Chairs,199.99,A high-quality recliner — chairs product with excellent build quality and modern design.,/abo-images-small (1)/images/small/39/3983f7e1.jpg
D:\FYP Project\fypapp\abo-images-small (1)\images\small\84\84a2df92.jpg,Kitchen Appliance,Appliances,129.99,A high-quality kitchen appliance — appliances product with excellent build quality and modern design.,/abo-images-small (1)/images/small/84/84a2df92.jpg
D:\FYP Project\fypapp\abo-images-small (1)\images\small\00\00c02d46.jpg,Coffee Table,Tables,299.99,A high-quality coffee table — tables product with excellent build quality and modern design.,/abo-images-small (1)/images/small/00/00c02d46.jpg
D:\FYP Project\fypapp\abo-images-small (1)\images\small\88\88784fa4.jpg,Outdoor Equipment,Outdoors,149.99,A high-quality outdoor equipment — outdoors product with excellent build quality and modern design.,/abo-images-small (1)/images/small/88/88784fa4.jpg
D:\FYP Project\fypapp\abo-images-small (1)\images\small\5d\5d397bbf.jpg,Floral Dress,Dresses,59.99,A high-quality floral dress — dresses product with excellent build quality and modern design.,/abo-images-small (1)/images/small/5d/5d397bbf.jpg
D:\FYP Project\fypapp\abo-images-small (1)\images\small\9e\9e88c207.jpg,T-Shirt,Shirts,39.99,A high-quality t-shirt — shirts product with excellent build quality and modern design.,/abo-images-small (1)/images/small/9e/9e88c207.jpg
D:\FYP Project\fypapp\abo-images-small (1)\images\small\64\641560cd.jpg,Mobile Phone,Smartphones,699.99,A high-quality mobile phone — smartphones product with excellent build quality and modern design.,/abo-images-small (1)/images/small/64/641560cd.jpg
D:\FYP Project\fypapp\abo-images-small (1)\images\small\93\93667247.jpg,Blender,Appliances,129.99,A high-quality blender — appliances product with excellent build quality and modern design.,/abo-images-small (1)/images/small/93/93667247.jpg
D:\FYP Project\fypapp\abo-images-small (1)\images\small\f4\f40e03bc.jpg,Android Tablet,Tablets,449.99,A high-quality android tablet — tablets product with excellent build quality and modern design.,/abo-images-small (1)/images/small/f4/f40e03bc.jpg
D:\FYP Project\fypapp\abo-images-small (1)\images\small\c1\c15a0bc1.jpg,Smartphone,Smartphones,699.99,A high-quality smartphone — smartphones product with excellent build quality and modern design.,/abo-images-small (1)/images/small/c1/c15a0bc1.jpg
D:\FYP Project\fypapp\abo-images-small (1)\images\small\e6\e633440e.jpg,Maxi Dress,Dresses,59.99,A high-quality maxi dress — dresses product with excellent build quality and modern design.,/abo-images-small (1)/images/small/e6/e633440e.jpg
D:\FYP Project\fypapp\abo-images-small (1)\images\small\fb\fb6cfe7c.jpg,Outdoor Equipment,Outdoors,149.99,A high-quality outdoor equipment — outdoors product with excellent build quality and modern design.,/abo-images-small (1)/images/small/fb/fb6cfe7c.jpg
D:\FYP Project\fypapp\abo-images-small (1)\images\small\aa\aa4684cb.jpg,Desk,Tables,299.99,A high-quality desk — tables product with excellent build quality and modern design.,/abo-images-small (1)/images/small/aa/aa4684cb.jpg
D:\FYP Project\fypapp\abo-images-small (1)\images\small\36\3646dc36.jpg,Smartphone,Smartphones,699.99,A high-quality smartphone — smartphones product with excellent build quality and modern design.,/abo-images-small (1)/images/small/36/3646dc36.jpg
D:\FYP Project\fypapp\abo-images-small (1)\images\small\42\42fad05f.jpg,Microwave,Appliances,129.99,A high-quality microwave — appliances product with excellent build quality and modern design.,/abo-images-small (1)/images/small/42/42fad05f.jpg
D:\FYP Project\fypapp\abo-images-small (1)\images\small\67\67ed3f8b.jpg,Bowl Set,Dinnerware,49.99,A high-quality bowl set — dinnerware product with excellent build quality and modern design.,/abo-images-small (1)/images/small/67/67ed3f8b.jpg
D:\FYP Project\fypapp\abo-images-small (1)\images\small\4d\4d3f46ba.jpg,iPhone,Smartphones,699.99,A high-quality iphone — smartphones product with excellent build quality and modern design.,/abo-images-small (1)/images/small/4d/4d3f46ba.jpg
D:\FYP Project\fypapp\abo-images-small (1)\images\small\13\13af2524.jpg,Dress,Dresses,59.99,A high-quality dress — dresses product with excellent build quality and modern design.,/abo-images-small (1)/images/small/13/13af2524.jpg
D:\FYP Project\fypapp\abo-images-small (1)\images\small\c9\c94d642b.jpg,Mobile Phone,Smartphones,699.99,A high-quality mobile phone — smartphones product with excellent build quality and modern design.,/abo-images-small (1)/images/small/c9/c94d642b.jpg
D:\FYP Project\fypapp\abo-images-small (1)\images\small\bc\bcc9d12e.jpg,Summer Dress,Dresses,59.99,A high-quality summer dress — dresses product with excellent build quality and modern design.,/abo-images-small (1)/images/small/bc/bcc9d12e.jpg
D:\FYP Project\fypapp\abo-images-small (1)\images\small\14\14818f68.jpg,Gaming Laptop,Laptops,899.99,A high-quality gaming laptop — laptops product with excellent build quality and modern design.,/abo-images-small (1)/images/small/14/14818f68.jpg
D:\FYP Project\fypapp\abo-images-small (1)\images\small\6d\6d9ca0f3.jpg,Smartphone,Smartphones,699.99,A high-quality smartphone — smartphones product with excellent build quality and modern design.,/abo-images-small (1)/images/small/6d/6d9ca0f3.jpg
D:\FYP Project\fypapp\abo-images-small (1)\images\small\13\1336ad24.jpg,Coffee Table,Tables,299.99,A high-quality coffee table — tables product with excellent build quality and modern design.,/abo-images-small (1)/images/small/13/1336ad24.jpg
D:\FYP Project\fypapp\abo-images-small (1)\images\small\10\10dd895a.jpg,Casual Shoes,Shoes,89.99,A high-quality casual shoes — shoes product with excellent build quality and modern design.,/abo-images-small (1)/images/small/10/10dd895a.jpg
D:\FYP Project\fypapp\abo-images-small (1)\images\small\cb\cb01395e.jpg,Platform Bed,Beds,499.99,A high-quality platform bed — beds product with excellent build quality and modern design.,/abo-images-small (1)/images/small/cb/cb01395e.jpg
D:\FYP Project\fypapp\abo-images-small (1)\images\small\a6\a6e542de.jpg,Smartphone,Smartphones,699.99,A high-quality smartphone — smartphones product with excellent build quality and modern design.,/abo-images-small (1)/images/small/a6/a6e542de.jpg
D:\FYP Project\fypapp\abo-images-small (1)\images\small\af\afa08b53.jpg,Mobile Phone,Smartphones,699.99,A high-quality mobile phone — smartphones product with excellent build quality and modern design.,/abo-images-small (1)/images/small/af/afa08b53.jpg
D:\FYP Project\fypapp\abo-images-small (1)\images\small\b9\b925ee0d.jpg,Cooking Pot,Cookware,89.99,A high-quality cooking pot — cookware product with excellent build quality and modern design.,/abo-images-small (1)/images/small/b9/b925ee0d.jpg
D:\FYP Project\fypapp\abo-images-small (1)\images\small\37\3722e805.jpg,iPhone,Smartphones,699.99,A high-quality iphone — smartphones product with excellent build quality and modern design.,/abo-images-small (1)/images/small/37/3722e805.jpg
D:\FYP Project\fypapp\abo-images-small (1)\images\small\13\131d1c06.jpg,Sofa,Sofas,799.99,A high-quality sofa — sofas product with excellent build quality and modern design.,/abo-images-small (1)/images/small/13/131d1c06.jpg
D:\FYP Project\fypapp\abo-images-small (1)\images\small\b1\b158e11e.jpg,Mobile Phone,Smartphones,699.99,A high-quality mobile phone — smartphones product with excellent build quality and modern design.,/abo-images-small (1)/images/small/b1/b158e11e.jpg
D:\FYP Project\fypapp\abo-images-small (1)\images\small\1b\1b158f69.jpg,Android Phone,Smartphones,699.99,A high-quality android phone — smartphones product with excellent build quality and modern design.,/abo-images-small (1)/images/small/1b/1b158f69.jpg
D:\FYP Project\fypapp\abo-images-small (1)\images\small\41\41911851.jpg,Boots,Shoes,89.99,A high-quality boots — shoes product with excellent build quality and modern design.,/abo-images-small (1)/images/small/41/41911851.jpg
D:\FYP Project\fypapp\abo-images-small (1)\images\small\17\171efe2c.jpg,Smartphone,Smartphones,699.99,A high-quality smartphone — smartphones product with excellent build quality and modern design.,/abo-images-small (1)/images/small/17/171efe2c.jpg
D:\FYP Project\fypapp\abo-images-small (1)\images\small\ce\ceaaaa2e.jpg,Mobile Phone,Smartphones,699.99,A high-quality mobile phone — smartphones product with excellent build quality and modern design.,/abo-images-small (1)/images/small/ce/ceaaaa2e.jpg
D:\FYP Project\fypapp\abo-images-small (1)\images\small\16\16ef285f.jpg,Summer Dress,Dresses,59.99,A high-quality summer dress — dresses product with excellent build quality and modern design.,/abo-images-small (1)/images/small/16/16ef285f.jpg
D:\FYP Project\fypapp\abo-images-small (1)\images\small\eb\eb9c8aaa.jpg,Skillet,Cookware,89.99,A high-quality skillet — cookware product with excellent build quality and modern design.,/abo-images-small (1)/images/small/eb/eb9c8aaa.jpg
D:\FYP Project\fypapp\abo-images-small (1)\images\small\53\5317d881.jpg,Tablet,Tablets,449.99,A high-quality tablet — tablets product with excellent build quality and modern design.,/abo-images-small (1)/images/small/53/5317d881.jpg
D:\FYP Project\fypapp\abo-images-small (1)\images\small\8c\8cf229ce.jpg,Mobile Phone,Smartphones,699.99,A high-quality mobile phone — smartphones product with excellent build quality and modern design.,/abo-images-small (1)/images/small/8c/8cf229ce.jpg
D:\FYP Project\fypapp\abo-images-small (1)\images\small\28\286f0541.jpg,Cooking Pot,Cookware,89.99,A high-quality cooking pot — cookware product with excellent build quality and modern design.,/abo-images-small (1)/images/small/28/286f0541.jpg
D:\FYP Project\fypapp\abo-images-small (1)\images\small\c6\c60660eb.jpg,Action Camera,Cameras,549.99,A high-quality action camera — cameras product with excellent build quality and modern design.,/abo-images-small (1)/images/small/c6/c60660eb.jpg
D:\FYP Project\fypapp\abo-images-small (1)\images\small\56\56de8c6d.jpg,Yoga Mat,Sports,34.99,A high-quality yoga mat — sports product with excellent build quality and modern design.,/abo-images-small (1)/images/small/56/56de8c6d.jpg
D:\FYP Project\fypapp\abo-images-small (1)\images\small\c9\c937e154.jpg,Mobile Phone,Smartphones,699.99,A high-quality mobile phone — smartphones product with excellent build quality and modern design.,/abo-images-small (1)/images/small/c9/c937e154.jpg
D:\FYP Project\fypapp\abo-images-small (1)\images\small\ce\ce807e90.jpg,Blender,Appliances,129.99,A high-quality blender — appliances product with excellent build quality and modern design.,/abo-images-small (1)/images/small/ce/ce807e90.jpg
D:\FYP Project\fypapp\abo-images-small (1)\images\small\0d\0d647704.jpg,Android Tablet,Tablets,449.99,A high-quality android tablet — tablets product with excellent build quality and modern design.,/abo-images-small (1)/images/small/0d/0d647704.jpg
D:\FYP Project\fypapp\abo-images-small (1)\images\small\d6\d6df8c31.jpg,Dining Table,Tables,299.99,A high-quality dining table — tables product with excellent build quality and modern design.,/abo-images-small (1)/images/small/d6/d6df8c31.jpg
D:\FYP Project\fypapp\abo-images-small (1)\images\small\1b\1bb52faa.jpg,Winter Coat,Jackets,119.99,A high-quality winter coat — jackets product with excellent build quality and modern design.,/abo-images-small (1)/images/small/1b/1bb52faa.jpg
D:\FYP Project\fypapp\abo-images-small (1)\images\small\92\92290337.jpg,Cooking Pot,Cookware,89.99,A high-quality cooking pot — cookware product with excellent build quality and modern design.,/abo-images-small (1)/images/small/92/92290337.jpg
D:\FYP Project\fypapp\abo-images-small (1)\images\small\e4\e4b67806.jpg,iPhone,Smartphones,699.99,A high-quality iphone — smartphones product with excellent build quality and modern design.,/abo-images-small (1)/images/small/e4/e4b67806.jpg
D:\FYP Project\fypapp\abo-images-small (1)\images\small\ca\cad3825a.jpg,Smartphone,Smartphones,699.99,A high-quality smartphone — smartphones product with excellent build quality and modern design.,/abo-images-small (1)/images/small/ca/cad3825a.jpg
D:\FYP Project\fypapp\abo-images-small (1)\images\small\c4\c486be5a.jpg,Mobile Phone,Smartphones,699.99,A high-quality mobile phone — smartphones product with excellent build quality and modern design.,/abo-images-small (1)/images/small/c4/c486be5a.jpg
D:\FYP Project\fypapp\abo-images-small (1)\images\small\b6\b659b1c1.jpg,Fitness Equipment,Sports,34.99,A high-quality fitness equipment — sports product with excellent build quality and modern design.,/abo-images-small (1)/images/small/b6/b659b1c1.jpg
D:\FYP Project\fypapp\abo-images-small (1)\images\small\6e\6e88c55c.jpg,Boots,Shoes,89.99,A high-quality boots — shoes product with excellent build quality and modern design.,/abo-images-small (1)/images/small/6e/6e88c55c.jpg
D:\FYP Project\fypapp\abo-images-small (1)\images\small\5b\5bba5805.jpg,Smartphone,Smartphones,699.99,A high-quality smartphone — smartphones product with excellent build quality and modern design.,/abo-images-small (1)/images/small/5b/5bba5805.jpg
D:\FYP Project\fypapp\abo-images-small (1)\images\small\48\48bc86bc.jpg,Resistance Bands,Sports,34.99,A high-quality resistance bands — sports product with excellent build quality and modern design.,/abo-images-small (1)/images/small/48/48bc86bc.jpg
D:\FYP Project\fypapp\abo-images-small (1)\images\small\e8\e8ca150b.jpg,Outdoor Equipment,Outdoors,149.99,A high-quality outdoor equipment — outdoors product with excellent build quality and modern design.,/abo-images-small (1)/images/small/e8/e8ca150b.jpg
D:\FYP Project\fypapp\abo-images-small (1)\images\small\fa\fab2d659.jpg,iPhone,Smartphones,699.99,A high-quality iphone — smartphones product with excellent build quality and modern design.,/abo-images-small (1)/images/small/fa/fab2d659.jpg
D:\FYP Project\fypapp\abo-images-small (1)\images\small\6d\6dcce27c.jpg,Smartphone,Smartphones,699.99,A high-quality smartphone — smartphones product with excellent build quality and modern design.,/abo-images-small (1)/images/small/6d/6dcce27c.jpg
D:\FYP Project\fypapp\abo-images-small (1)\images\small\54\544fa633.jpg,iPad,Tablets,449.99,A high-quality ipad — tablets product with excellent build quality and modern design.,/abo-images-small (1)/images/small/54/544fa633.jpg
D:\FYP Project\fypapp\abo-images-small (1)\images\small\5d\5d5e04a2.jpg,Side Table,Tables,299.99,A high-quality side table — tables product with excellent build quality and modern design.,/abo-images-small (1)/images/small/5d/5d5e04a2.jpg
D:\FYP Project\fypapp\abo-images-small (1)\images\small\8a\8a444f59.jpg,Recliner,Chairs,199.99,A high-quality recliner — chairs product with excellent build quality and modern design.,/abo-images-small (1)/images/small/8a/8a444f59.jpg
D:\FYP Project\fypapp\abo-images-small (1)\images\small\2c\2c28a2ea.jpg,Sofa,Sofas,799.99,A high-quality sofa — sofas product with excellent build quality and modern design.,/abo-images-small (1)/images/small/2c/2c28a2ea.jpg
D:\FYP Project\fypapp\abo-images-small (1)\images\small\e9\e9755ed7.jpg,Microwave,Appliances,129.99,A high-quality microwave — appliances product with excellent build quality and modern design.,/abo-images-small (1)/images/small/e9/e9755ed7.jpg
D:\FYP Project\fypapp\abo-images-small (1)\images\small\e0\e0b61c9a.jpg,Android Phone,Smartphones,699.99,A high-quality android phone — smartphones product with excellent build quality and modern design.,/abo-images-small (1)/images/small/e0/e0b61c9a.jpg
D:\FYP Project\fypapp\abo-images-small (1)\images\small\69\69067fd5.jpg,iPhone,Smartphones,699.99,A high-quality iphone — smartphones product with excellent build quality and modern design.,/abo-images-small (1)/images/small/69/69067fd5.jpg
D:\FYP Project\fypapp\abo-images-small (1)\images\small\9f\9f3b7ba3.jpg,Smartphone,Smartphones,699.99,A high-quality smartphone — smartphones product with excellent build quality and modern design.,/abo-images-small (1)/images/small/9f/9f3b7ba3.jpg
D:\FYP Project\fypapp\abo-images-small (1)\images\small\6e\6e77e229.jpg,Mobile Phone,Smartphones,699.99,A high-quality mobile phone — smartphones product with excellent build quality and modern design.,/abo-images-small (1)/images/small/6e/6e77e229.jpg
D:\FYP Project\fypapp\abo-images-small (1)\images\small\18\1877aa66.jpg,Fitness Equipment,Sports,34.99,A high-quality fitness equipment — sports product with excellent build quality and modern design.,/abo-images-small (1)/images/small/18/1877aa66.jpg
D:\FYP Project\fypapp\abo-images-small (1)\images\small\03\0324fbfd.jpg,Platform Bed,Beds,499.99,A high-quality platform bed — beds product with excellent build quality and modern design.,/abo-images-small (1)/images/small/03/0324fbfd.jpg
D:\FYP Project\fypapp\abo-images-small (1)\images\small\9f\9f9e862e.jpg,Bed Frame,Beds,499.99,A high-quality bed frame — beds product with excellent build quality and modern design.,/abo-images-small (1)/images/small/9f/9f9e862e.jpg
D:\FYP Project\fypapp\abo-images-small (1)\images\small\d7\d7798269.jpg,Couch,Sofas,799.99,A high-quality couch — sofas product with excellent build quality and modern design.,/abo-images-small (1)/images/small/d7/d7798269.jpg
D:\FYP Project\fypapp\abo-images-small (1)\images\small\c3\c3c24a4b.jpg,Android Phone,Smartphones,699.99,A high-quality android phone — smartphones product with excellent build quality and modern design.,/abo-images-small (1)/images/small/c3/c3c24a4b.jpg
D:\FYP Project\fypapp\abo-images-small (1)\images\small\21\21c874a3.jpg,iPhone,Smartphones,699.99,A high-quality iphone — smartphones product with excellent build quality and modern design.,/abo-images-small (1)/images/small/21/21c874a3.jpg
D:\FYP Project\fypapp\abo-images-small (1)\images\small\18\18b28798.jpg,Cookware Set,Cookware,89.99,A high-quality cookware set — cookware product with excellent build quality and modern design.,/abo-images-small (1)/images/small/18/18b28798.jpg
D:\FYP Project\fypapp\abo-images-small (1)\images\small\bb\bb4f4752.jpg,Queen Bed,Beds,499.99,A high-quality queen bed — beds product with excellent build quality and modern design.,/abo-images-small (1)/images/small/bb/bb4f4752.jpg
D:\FYP Project\fypapp\abo-images-small (1)\images\small\4b\4bb87ce9.jpg,Android Phone,Smartphones,699.99,A high-quality android phone — smartphones product with excellent build quality and modern design.,/abo-images-small (1)/images/small/4b/4bb87ce9.jpg
D:\FYP Project\fypapp\abo-images-small (1)\images\small\b0\b0ae5964.jpg,iPhone,Smartphones,699.99,A high-quality iphone — smartphones product with excellent build quality and modern design.,/abo-images-small (1)/images/small/b0/b0ae5964.jpg
D:\FYP Project\fypapp\abo-images-small (1)\images\small\5d\5d3950a3.jpg,Headphones,Headphones,149.99,A high-quality headphones — headphones product with excellent build quality and modern design.,/abo-images-small (1)/images/small/5d/5d3950a3.jpg
D:\FYP Project\fypapp\abo-images-small (1)\images\small\2c\2cb95e34.jpg,Mobile Phone,Smartphones,699.99,A high-quality mobile phone — smartphones product with excellent build quality and modern design.,/abo-images-small (1)/images/small/2c/2cb95e34.jpg
D:\FYP Project\fypapp\abo-images-small (1)\images\small\7a\7aa4bba1.jpg,Side Table,Tables,299.99,A high-quality side table — tables product with excellent build quality and modern design.,/abo-images-small (1)/images/small/7a/7aa4bba1.jpg
D:\FYP Project\fypapp\abo-images-small (1)\images\small\17\1733ea5d.jpg,Coffee Maker,Appliances,129.99,A high-quality coffee maker — appliances product with excellent build quality and modern design.,/abo-images-small (1)/images/small/17/1733ea5d.jpg
D:\FYP Project\fypapp\abo-images-small (1)\images\small\56\56387ebb.jpg,Smartphone,Smartphones,699.99,A high-quality smartphone — smartphones product with excellent build quality and modern design.,/abo-images-small (1)/images/small/56/56387ebb.jpg
D:\FYP Project\fypapp\abo-images-small (1)\images\small\81\817cd092.jpg,Running Shoes,Shoes,89.99,A high-quality running shoes — shoes product with excellent build quality and modern design.,/abo-images-small (1)/images/small/81/817cd092.jpg
D:\FYP Project\fypapp\abo-images-small (1)\images\small\63\63fdc504.jpg,Android Phone,Smartphones,699.99,A high-quality android phone — smartphones product with excellent build quality and modern design.,/abo-images-small (1)/images/small/63/63fdc504.jpg
D:\FYP Project\fypapp\abo-images-small (1)\images\small\37\373c1197.jpg,Desk,Tables,299.99,A high-quality desk — tables product with excellent build quality and modern design.,/abo-images-small (1)/images/small/37/373c1197.jpg
D:\FYP Project\fypapp\abo-images-small (1)\images\small\98\9884341c.jpg,Kitchen Appliance,Appliances,129.99,A high-quality kitchen appliance — appliances product with excellent build quality and modern design.,/abo-images-small (1)/images/small/98/9884341c.jpg
D:\FYP Project\fypapp\abo-images-small (1)\images\small\bd\bd260d84.jpg,Couch,Sofas,799.99,A high-quality couch — sofas product with excellent build quality and modern design.,/abo-images-small (1)/images/small/bd/bd260d84.jpg
D:\FYP Project\fypapp\abo-images-small (1)\images\small\f6\f669cfe3.jpg,Android Phone,Smartphones,699.99,A high-quality android phone — smartphones product with excellent build quality and modern design.,/abo-images-small (1)/images/small/f6/f669cfe3.jpg
D:\FYP Project\fypapp\abo-images-small (1)\images\small\69\69e24dba.jpg,Platform Bed,Beds,499.99,A high-quality platform bed — beds product with excellent build quality and modern design.,/abo-images-small (1)/images/small/69/69e24dba.jpg
D:\FYP Project\fypapp\abo-images-small (1)\images\small\d4\d4454032.jpg,Sofa,Sofas,799.99,A high-quality sofa — sofas product with excellent build quality and modern design.,/abo-images-small (1)/images/small/d4/d4454032.jpg
D:\FYP Project\fypapp\abo-images-small (1)\images\small\e3\e3960dda.jpg,Mobile Phone,Smartphones,699.99,A high-quality mobile phone — smartphones product with excellent build quality and modern design.,/abo-images-small (1)/images/small/e3/e3960dda.jpg
D:\FYP Project\fypapp\abo-images-small (1)\images\small\b8\b867a07d.jpg,King Bed,Beds,499.99,A high-quality king bed — beds product with excellent build quality and modern design.,/abo-images-small (1)/images/small/b8/b867a07d.jpg
D:\FYP Project\fypapp\abo-images-small (1)\images\small\02\02a2e260.jpg,Action Camera,Cameras,549.99,A high-quality action camera — cameras product with excellent build quality and modern design.,/abo-images-small (1)/images/small/02/02a2e260.jpg
D:\FYP Project\fypapp\abo-images-small (1)\images\small\e8\e8261790.jpg,Dining Table,Tables,299.99,A high-quality dining table — tables product with excellent build quality and modern design.,/abo-images-small (1)/images/small/e8/e8261790.jpg
D:\FYP Project\fypapp\abo-images-small (1)\images\small\c0\c0f8d9d3.jpg,Mobile Phone,Smartphones,699.99,A high-quality mobile phone — smartphones product with excellent build quality and modern design.,/abo-images-small (1)/images/small/c0/c0f8d9d3.jpg
D:\FYP Project\fypapp\abo-images-small (1)\images\small\68\68d18ecf.jpg,Blender,Appliances,129.99,A high-quality blender — appliances product with excellent build quality and modern design.,/abo-images-small (1)/images/small/68/68d18ecf.jpg
D:\FYP Project\fypapp\abo-images-small (1)\images\small\e6\e6af0a34.jpg,Desk,Tables,299.99,A high-quality desk — tables product with excellent build quality and modern design.,/abo-images-small (1)/images/small/e6/e6af0a34.jpg
D:\FYP Project\fypapp\abo-images-small (1)\images\small\22\22fc5c4a.jpg,Smartphone,Smartphones,699.99,A high-quality smartphone — smartphones product with excellent build quality and modern design.,/abo-images-small (1)/images/small/22/22fc5c4a.jpg
D:\FYP Project\fypapp\abo-images-small (1)\images\small\2d\2d54d118.jpg,Mobile Phone,Smartphones,699.99,A high-quality mobile phone — smartphones product with excellent build quality and modern design.,/abo-images-small (1)/images/small/2d/2d54d118.jpg
D:\FYP Project\fypapp\abo-images-small (1)\images\small\5c\5cf7369f.jpg,Cooking Pot,Cookware,89.99,A high-quality cooking pot — cookware product with excellent build quality and modern design.,/abo-images-small (1)/images/small/5c/5cf7369f.jpg
D:\FYP Project\fypapp\abo-images-small (1)\images\small\26\26ee5396.jpg,iPhone,Smartphones,699.99,A high-quality iphone — smartphones product with excellent build quality and modern design.,/abo-images-small (1)/images/small/26/26ee5396.jpg
D:\FYP Project\fypapp\abo-images-small (1)\images\small\24\24263719.jpg,Sofa,Sofas,799.99,A high-quality sofa — sofas product with excellent build quality and modern design.,/abo-images-small (1)/images/small/24/24263719.jpg
D:\FYP Project\fypapp\abo-images-small (1)\images\small\c0\c07d29eb.jpg,Mobile Phone,Smartphones,699.99,A high-quality mobile phone — smartphones product with excellent build quality and modern design.,/abo-images-small (1)/images/small/c0/c07d29eb.jpg
D:\FYP Project\fypapp\abo-images-small (1)\images\small\36\3683f2c9.jpg,Side Table,Tables,299.99,A high-quality side table — tables product with excellent build quality and modern design.,/abo-images-small (1)/images/small/36/3683f2c9.jpg
D:\FYP Project\fypapp\abo-images-small (1)\images\small\5f\5fa34559.jpg,Desk,Tables,299.99,A high-quality desk — tables product with excellent build quality and modern design.,/abo-images-small (1)/images/small/5f/5fa34559.jpg
D:\FYP Project\fypapp\abo-images-small (1)\images\small\62\62e34ef1.jpg,Sneakers,Shoes,89.99,A high-quality sneakers — shoes product with excellent build quality and modern design.,/abo-images-small (1)/images/small/62/62e34ef1.jpg
D:\FYP Project\fypapp\abo-images-small (1)\images\small\d1\d1f7fbf0.jpg,Mobile Phone,Smartphones,699.99,A high-quality mobile phone — smartphones product with excellent build quality and modern design.,/abo-images-small (1)/images/small/d1/d1f7fbf0.jpg
D:\FYP Project\fypapp\abo-images-small (1)\images\small\4a\4adbc74e.jpg,Digital Tablet,Tablets,449.99,A high-quality digital tablet — tablets product with excellent build quality and modern design.,/abo-images-small (1)/images/small/4a/4adbc74e.jpg
D:\FYP Project\fypapp\abo-images-small (1)\images\small\fb\fb2e2bd7.jpg,Platform Bed,Beds,499.99,A high-quality platform bed — beds product with excellent build quality and modern design.,/abo-images-small (1)/images/small/fb/fb2e2bd7.jpg
D:\FYP Project\fypapp\abo-images-small (1)\images\small\78\7899a75c.jpg,Sneakers,Shoes,89.99,A high-quality sneakers — shoes product with excellent build quality and modern design.,/abo-images-small (1)/images/small/78/7899a75c.jpg
D:\FYP Project\fypapp\abo-images-small (1)\images\small\48\48859e0e.jpg,Wireless Earbuds,Headphones,149.99,A high-quality wireless earbuds — headphones product with excellent build quality and modern design.,/abo-images-small (1)/images/small/48/48859e0e.jpg
D:\FYP Project\fypapp\abo-images-small (1)\images\small\f0\f0d82e64.jpg,Fitness Equipment,Sports,34.99,A high-quality fitness equipment — sports product with excellent build quality and modern design.,/abo-images-small (1)/images/small/f0/f0d82e64.jpg
D:\FYP Project\fypapp\abo-images-small (1)\images\small\db\dbd14dc2.jpg,Boots,Shoes,89.99,A high-quality boots — shoes product with excellent build quality and modern design.,/abo-images-small (1)/images/small/db/dbd14dc2.jpg
D:\FYP Project\fypapp\abo-images-small (1)\images\small\5c\5cc648d4.jpg,Bed Frame,Beds,499.99,A high-quality bed frame — beds product with excellent build quality and modern design.,/abo-images-small (1)/images/small/5c/5cc648d4.jpg
D:\FYP Project\fypapp\abo-images-small (1)\images\small\b0\b084192e.jpg,Maxi Dress,Dresses,59.99,A high-quality maxi dress — dresses product with excellent build quality and modern design.,/abo-images-small (1)/images/small/b0/b084192e.jpg
D:\FYP Project\fypapp\abo-images-small (1)\images\small\aa\aae50b35.jpg,Bowl Set,Dinnerware,49.99,A high-quality bowl set — dinnerware product with excellent build quality and modern design.,/abo-images-small (1)/images/small/aa/aae50b35.jpg
D:\FYP Project\fypapp\abo-images-small (1)\images\small\58\5884f4aa.jpg,Exercise Gear,Sports,34.99,A high-quality exercise gear — sports product with excellent build quality and modern design.,/abo-images-small (1)/images/small/58/5884f4aa.jpg
D:\FYP Project\fypapp\abo-images-small (1)\images\small\11\1113b844.jpg,Yoga Mat,Sports,34.99,A high-quality yoga mat — sports product with excellent build quality and modern design.,/abo-images-small (1)/images/small/11/1113b844.jpg
D:\FYP Project\fypapp\abo-images-small (1)\images\small\1f\1f3b19e7.jpg,Mobile Phone,Smartphones,699.99,A high-quality mobile phone — smartphones product with excellent build quality and modern design.,/abo-images-small (1)/images/small/1f/1f3b19e7.jpg
D:\FYP Project\fypapp\abo-images-small (1)\images\small\db\dbd4fb31.jpg,Blender,Appliances,129.99,A high-quality blender — appliances product with excellent build quality and modern design.,/abo-images-small (1)/images/small/db/dbd4fb31.jpg
D:\FYP Project\fypapp\abo-images-small (1)\images\small\93\9397b9e4.jpg,iPhone,Smartphones,699.99,A high-quality iphone — smartphones product with excellent build quality and modern design.,/abo-images-small (1)/images/small/93/9397b9e4.jpg
D:\FYP Project\fypapp\abo-images-small (1)\images\small\61\6129c2ce.jpg,Kitchen Appliance,Appliances,129.99,A high-quality kitchen appliance — appliances product with excellent build quality and modern design.,/abo-images-small (1)/images/small/61/6129c2ce.jpg
D:\FYP Project\fypapp\abo-images-small (1)\images\small\0e\0ed3351e.jpg,Mobile Phone,Smartphones,699.99,A high-quality mobile phone — smartphones product with excellent build quality and modern design.,/abo-images-small (1)/images/small/0e/0ed3351e.jpg
D:\FYP Project\fypapp\abo-images-small (1)\images\small\01\0138f477.jpg,Android Phone,Smartphones,699.99,A high-quality android phone — smartphones product with excellent build quality and modern design.,/abo-images-small (1)/images/small/01/0138f477.jpg
D:\FYP Project\fypapp\abo-images-small (1)\images\small\75\7565c922.jpg,iPhone,Smartphones,699.99,A high-quality iphone — smartphones product with excellent build quality and modern design.,/abo-images-small (1)/images/small/75/7565c922.jpg
D:\FYP Project\fypapp\abo-images-small (1)\images\small\2c\2c24c25f.jpg,Sneakers,Shoes,89.99,A high-quality sneakers — shoes product with excellent build quality and modern design.,/abo-images-small (1)/images/small/2c/2c24c25f.jpg
D:\FYP Project\fypapp\abo-images-small (1)\images\small\dc\dcd5236c.jpg,Mobile Phone,Smartphones,699.99,A high-quality mobile phone — smartphones product with excellent build quality and modern design.,/abo-images-small (1)/images/small/dc/dcd5236c.jpg
D:\FYP Project\fypapp\abo-images-small (1)\images\small\5c\5c1d05b7.jpg,Cooking Pot,Cookware,89.99,A high-quality cooking pot — cookware product with excellent build quality and modern design.,/abo-images-small (1)/images/small/5c/5c1d05b7.jpg
D:\FYP Project\fypapp\abo-images-small (1)\images\small\38\3882c3d1.jpg,Exercise Gear,Sports,34.99,A high-quality exercise gear — sports product with excellent build quality and modern design.,/abo-images-small (1)/images/small/38/3882c3d1.jpg
D:\FYP Project\fypapp\abo-images-small (1)\images\small\99\99ba9cf3.jpg,Cookware Set,Cookware,89.99,A high-quality cookware set — cookware product with excellent build quality and modern design.,/abo-images-small (1)/images/small/99/99ba9cf3.jpg
D:\FYP Project\fypapp\abo-images-small (1)\images\small\bf\bffa20cf.jpg,Winter Coat,Jackets,119.99,A high-quality winter coat — jackets product with excellent build quality and modern design.,/abo-images-small (1)/images/small/bf/bffa20cf.jpg
D:\FYP Project\fypapp\abo-images-small (1)\images\small\f7\f7222872.jpg,Sectional Sofa,Sofas,799.99,A high-quality sectional sofa — sofas product with excellent build quality and modern design.,/abo-images-small (1)/images/small/f7/f7222872.jpg
D:\FYP Project\fypapp\abo-images-small (1)\images\small\95\9505161d.jpg,Loveseat,Sofas,799.99,A high-quality loveseat — sofas product with excellent build quality and modern design.,/abo-images-small (1)/images/small/95/9505161d.jpg
D:\FYP Project\fypapp\abo-images-small (1)\images\small\c3\c30bc545.jpg,Office Chair,Chairs,199.99,A high-quality office chair — chairs product with excellent build quality and modern design.,/abo-images-small (1)/images/small/c3/c30bc545.jpg
D:\FYP Project\fypapp\abo-images-small (1)\images\small\03\0346e067.jpg,Mobile Phone,Smartphones,699.99,A high-quality mobile phone — smartphones product with excellent build quality and modern design.,/abo-images-small (1)/images/small/03/0346e067.jpg
D:\FYP Project\fypapp\abo-images-small (1)\images\small\25\25c10d98.jpg,Android Phone,Smartphones,699.99,A high-quality android phone — smartphones product with excellent build quality and modern design.,/abo-images-small (1)/images/small/25/25c10d98.jpg
D:\FYP Project\fypapp\abo-images-small (1)\images\small\19\19635573.jpg,Backpack,Outdoors,149.99,A high-quality backpack — outdoors product with excellent build quality and modern design.,/abo-images-small (1)/images/small/19/19635573.jpg
D:\FYP Project\fypapp\abo-images-small (1)\images\small\f2\f215567a.jpg,Smartphone,Smartphones,699.99,A high-quality smartphone — smartphones product with excellent build quality and modern design.,/abo-images-small (1)/images/small/f2/f215567a.jpg
D:\FYP Project\fypapp\abo-images-small (1)\images\small\32\32551371.jpg,Mobile Phone,Smartphones,699.99,A high-quality mobile phone — smartphones product with excellent build quality and modern design.,/abo-images-small (1)/images/small/32/32551371.jpg
D:\FYP Project\fypapp\abo-images-small (1)\images\small\bd\bdf419d9.jpg,Bowl Set,Dinnerware,49.99,A high-quality bowl set — dinnerware product with excellent build quality and modern design.,/abo-images-small (1)/images/small/bd/bdf419d9.jpg
D:\FYP Project\fypapp\abo-images-small (1)\images\small\0c\0c3264ac.jpg,Exercise Gear,Sports,34.99,A high-quality exercise gear — sports product with excellent build quality and modern design.,/abo-images-small (1)/images/small/0c/0c3264ac.jpg
D:\FYP Project\fypapp\abo-images-small (1)\images\small\81\8164e74d.jpg,Dining Table,Tables,299.99,A high-quality dining table — tables product with excellent build quality and modern design.,/abo-images-small (1)/images/small/81/8164e74d.jpg
D:\FYP Project\fypapp\abo-images-small (1)\images\small\ca\ca6c0d01.jpg,Microwave,Appliances,129.99,A high-quality microwave — appliances product with excellent build quality and modern design.,/abo-images-small (1)/images/small/ca/ca6c0d01.jpg
D:\FYP Project\fypapp\abo-images-small (1)\images\small\c0\c0445347.jpg,Ultrabook,Laptops,899.99,A high-quality ultrabook — laptops product with excellent build quality and modern design.,/abo-images-small (1)/images/small/c0/c0445347.jpg
D:\FYP Project\fypapp\abo-images-small (1)\images\small\32\3202a1a8.jpg,Skillet,Cookware,89.99,A high-quality skillet — cookware product with excellent build quality and modern design.,/abo-images-small (1)/images/small/32/3202a1a8.jpg
D:\FYP Project\fypapp\abo-images-small (1)\images\small\95\95bc298f.jpg,Smartphone,Smartphones,699.99,A high-quality smartphone — smartphones product with excellent build quality and modern design.,/abo-images-small (1)/images/small/95/95bc298f.jpg
D:\FYP Project\fypapp\abo-images-small (1)\images\small\2b\2b034939.jpg,Mobile Phone,Smartphones,699.99,A high-quality mobile phone — smartphones product with excellent build quality and modern design.,/abo-images-small (1)/images/small/2b/2b034939.jpg
D:\FYP Project\fypapp\abo-images-small (1)\images\small\0e\0e1156dc.jpg,Summer Dress,Dresses,59.99,A high-quality summer dress — dresses product with excellent build quality and modern design.,/abo-images-small (1)/images/small/0e/0e1156dc.jpg
D:\FYP Project\fypapp\abo-images-small (1)\images\small\6b\6bc76cbd.jpg,Windbreaker,Jackets,119.99,A high-quality windbreaker — jackets product with excellent build quality and modern design.,/abo-images-small (1)/images/small/6b/6bc76cbd.jpg
D:\FYP Project\fypapp\abo-images-small (1)\images\small\7f\7fde35aa.jpg,Tablet,Tablets,449.99,A high-quality tablet — tablets product with excellent build quality and modern design.,/abo-images-small (1)/images/small/7f/7fde35aa.jpg
D:\FYP Project\fypapp\abo-images-small (1)\images\small\0d\0d6ef063.jpg,Mobile Phone,Smartphones,699.99,A high-quality mobile phone — smartphones product with excellent build quality and modern design.,/abo-images-small (1)/images/small/0d/0d6ef063.jpg
D:\FYP Project\fypapp\abo-images-small (1)\images\small\7d\7d9611b5.jpg,Android Phone,Smartphones,699.99,A high-quality android phone — smartphones product with excellent build quality and modern design.,/abo-images-small (1)/images/small/7d/7d9611b5.jpg
D:\FYP Project\fypapp\abo-images-small (1)\images\small\4a\4aac1e99.jpg,iPhone,Smartphones,699.99,A high-quality iphone — smartphones product with excellent build quality and modern design.,/abo-images-small (1)/images/small/4a/4aac1e99.jpg
D:\FYP Project\fypapp\abo-images-small (1)\images\small\ef\ef015989.jpg,Smartphone,Smartphones,699.99,A high-quality smartphone — smartphones product with excellent build quality and modern design.,/abo-images-small (1)/images/small/ef/ef015989.jpg
D:\FYP Project\fypapp\abo-images-small (1)\images\small\57\57fea1bf.jpg,Running Shoes,Shoes,89.99,A high-quality running shoes — shoes product with excellent build quality and modern design.,/abo-images-small (1)/images/small/57/57fea1bf.jpg
D:\FYP Project\fypapp\abo-images-small (1)\images\small\e7\e7d668ca.jpg,Android Phone,Smartphones,699.99,A high-quality android phone — smartphones product with excellent build quality and modern design.,/abo-images-small (1)/images/small/e7/e7d668ca.jpg
D:\FYP Project\fypapp\abo-images-small (1)\images\small\22\22bc3262.jpg,Skillet,Cookware,89.99,A high-quality skillet — cookware product with excellent build quality and modern design.,/abo-images-small (1)/images/small/22/22bc3262.jpg
D:\FYP Project\fypapp\abo-images-small (1)\images\small\7c\7c275b76.jpg,Kitchen Appliance,Appliances,129.99,A high-quality kitchen appliance — appliances product with excellent build quality and modern design.,/abo-images-small (1)/images/small/7c/7c275b76.jpg
D:\FYP Project\fypapp\abo-images-small (1)\images\small\c2\c2ba8fb8.jpg,Mobile Phone,Smartphones,699.99,A high-quality mobile phone — smartphones product with excellent build quality and modern design.,/abo-images-small (1)/images/small/c2/c2ba8fb8.jpg
D:\FYP Project\fypapp\abo-images-small (1)\images\small\8d\8dd1cb74.jpg,Blender,Appliances,129.99,A high-quality blender — appliances product with excellent build quality and modern design.,/abo-images-small (1)/images/small/8d/8dd1cb74.jpg
D:\FYP Project\fypapp\abo-images-small (1)\images\small\d7\d74fa89d.jpg,Platform Bed,Beds,499.99,A high-quality platform bed — beds product with excellent build quality and modern design.,/abo-images-small (1)/images/small/d7/d74fa89d.jpg
D:\FYP Project\fypapp\abo-images-small (1)\images\small\36\3630f8b3.jpg,Bed Frame,Beds,499.99,A high-quality bed frame — beds product with excellent build quality and modern design.,/abo-images-small (1)/images/small/36/3630f8b3.jpg
D:\FYP Project\fypapp\abo-images-small (1)\images\small\53\539e2ee9.jpg,Mobile Phone,Smartphones,699.99,A high-quality mobile phone — smartphones product with excellent build quality and modern design.,/abo-images-small (1)/images/small/53/539e2ee9.jpg
D:\FYP Project\fypapp\abo-images-small (1)\images\small\38\38d1c3cf.jpg,Blender,Appliances,129.99,A high-quality blender — appliances product with excellent build quality and modern design.,/abo-images-small (1)/images/small/38/38d1c3cf.jpg
D:\FYP Project\fypapp\abo-images-small (1)\images\small\3d\3da01088.jpg,Platform Bed,Beds,499.99,A high-quality platform bed — beds product with excellent build quality and modern design.,/abo-images-small (1)/images/small/3d/3da01088.jpg
D:\FYP Project\fypapp\abo-images-small (1)\images\small\8f\8fcd3657.jpg,Jeans,Jeans,69.99,A high-quality jeans — jeans product with excellent build quality and modern design.,/abo-images-small (1)/images/small/8f/8fcd3657.jpg
D:\FYP Project\fypapp\abo-images-small (1)\images\small\08\0870cada.jpg,Dining Chair,Chairs,199.99,A high-quality dining chair — chairs product with excellent build quality and modern design.,/abo-images-small (1)/images/small/08/0870cada.jpg
D:\FYP Project\fypapp\abo-images-small (1)\images\small\3e\3e6cf7a6.jpg,Digital Tablet,Tablets,449.99,A high-quality digital tablet — tablets product with excellent build quality and modern design.,/abo-images-small (1)/images/small/3e/3e6cf7a6.jpg
D:\FYP Project\fypapp\abo-images-small (1)\images\small\74\74f41eea.jpg,Platform Bed,Beds,499.99,A high-quality platform bed — beds product with excellent build quality and modern design.,/abo-images-small (1)/images/small/74/74f41eea.jpg
D:\FYP Project\fypapp\abo-images-small (1)\images\small\8f\8f978597.jpg,Dining Table,Tables,299.99,A high-quality dining table — tables product with excellent build quality and modern design.,/abo-images-small (1)/images/small/8f/8f978597.jpg
D:\FYP Project\fypapp\abo-images-small (1)\images\small\e8\e8d918fa.jpg,Queen Bed,Beds,499.99,A high-quality queen bed — beds product with excellent build quality and modern design.,/abo-images-small (1)/images/small/e8/e8d918fa.jpg
D:\FYP Project\fypapp\abo-images-small (1)\images\small\57\578a47e1.jpg,Android Phone,Smartphones,699.99,A high-quality android phone — smartphones product with excellent build quality and modern design.,/abo-images-small (1)/images/small/57/578a47e1.jpg
D:\FYP Project\fypapp\abo-images-small (1)\images\small\5d\5dbe866d.jpg,iPhone,Smartphones,699.99,A high-quality iphone — smartphones product with excellent build quality and modern design.,/abo-images-small (1)/images/small/5d/5dbe866d.jpg
D:\FYP Project\fypapp\abo-images-small (1)\images\small\37\37bde765.jpg,Smartphone,Smartphones,699.99,A high-quality smartphone — smartphones product with excellent build quality and modern design.,/abo-images-small (1)/images/small/37/37bde765.jpg
D:\FYP Project\fypapp\abo-images-small (1)\images\small\f5\f5a70a1f.jpg,Mobile Phone,Smartphones,699.99,A high-quality mobile phone — smartphones product with excellent build quality and modern design.,/abo-images-small (1)/images/small/f5/f5a70a1f.jpg
D:\FYP Project\fypapp\abo-images-small (1)\images\small\24\248140e4.jpg,Side Table,Tables,299.99,A high-quality side table — tables product with excellent build quality and modern design.,/abo-images-small (1)/images/small/24/248140e4.jpg
D:\FYP Project\fypapp\abo-images-small (1)\images\small\85\85d8f76d.jpg,Action Camera,Cameras,549.99,A high-quality action camera — cameras product with excellent build quality and modern design.,/abo-images-small (1)/images/small/85/85d8f76d.jpg
D:\FYP Project\fypapp\abo-images-small (1)\images\small\0d\0d0e5f3b.jpg,Kitchen Appliance,Appliances,129.99,A high-quality kitchen appliance — appliances product with excellent build quality and modern design.,/abo-images-small (1)/images/small/0d/0d0e5f3b.jpg
D:\FYP Project\fypapp\abo-images-small (1)\images\small\a4\a4de1d5e.jpg,Mobile Phone,Smartphones,699.99,A high-quality mobile phone — smartphones product with excellent build quality and modern design.,/abo-images-small (1)/images/small/a4/a4de1d5e.jpg
D:\FYP Project\fypapp\abo-images-small (1)\images\small\4e\4ec8ef16.jpg,Outdoor Equipment,Outdoors,149.99,A high-quality outdoor equipment — outdoors product with excellent build quality and modern design.,/abo-images-small (1)/images/small/4e/4ec8ef16.jpg
D:\FYP Project\fypapp\abo-images-small (1)\images\small\47\472c009a.jpg,Boots,Shoes,89.99,A high-quality boots — shoes product with excellent build quality and modern design.,/abo-images-small (1)/images/small/47/472c009a.jpg
D:\FYP Project\fypapp\abo-images-small (1)\images\small\a0\a04f9b7c.jpg,Dress,Dresses,59.99,A high-quality dress — dresses product with excellent build quality and modern design.,/abo-images-small (1)/images/small/a0/a04f9b7c.jpg
D:\FYP Project\fypapp\abo-images-small (1)\images\small\7a\7adb5932.jpg,Running Shoes,Shoes,89.99,A high-quality running shoes — shoes product with excellent build quality and modern design.,/abo-images-small (1)/images/small/7a/7adb5932.jpg
D:\FYP Project\fypapp\abo-images-small (1)\images\small\6a\6ac01521.jpg,Accent Chair,Chairs,199.99,A high-quality accent chair — chairs product with excellent build quality and modern design.,/abo-images-small (1)/images/small/6a/6ac01521.jpg
D:\FYP Project\fypapp\abo-images-small (1)\images\small\50\5093cde7.jpg,Android Tablet,Tablets,449.99,A high-quality android tablet — tablets product with excellent build quality and modern design.,/abo-images-small (1)/images/small/50/5093cde7.jpg
D:\FYP Project\fypapp\abo-images-small (1)\images\small\4e\4ef4d1ec.jpg,Sneakers,Shoes,89.99,A high-quality sneakers — shoes product with excellent build quality and modern design.,/abo-images-small (1)/images/small/4e/4ef4d1ec.jpg
D:\FYP Project\fypapp\abo-images-small (1)\images\small\08\080cee67.jpg,Running Shoes,Shoes,89.99,A high-quality running shoes — shoes product with excellent build quality and modern design.,/abo-images-small (1)/images/small/08/080cee67.jpg
D:\FYP Project\fypapp\abo-images-small (1)\images\small\e5\e595815e.jpg,Puffer Jacket,Jackets,119.99,A high-quality puffer jacket — jackets product with excellent build quality and modern design.,/abo-images-small (1)/images/small/e5/e595815e.jpg
D:\FYP Project\fypapp\abo-images-small (1)\images\small\44\440417e2.jpg,Action Camera,Cameras,549.99,A high-quality action camera — cameras product with excellent build quality and modern design.,/abo-images-small (1)/images/small/44/440417e2.jpg
D:\FYP Project\fypapp\abo-images-small (1)\images\small\8b\8b2fb6f9.jpg,Cookware Set,Cookware,89.99,A high-quality cookware set — cookware product with excellent build quality and modern design.,/abo-images-small (1)/images/small/8b/8b2fb6f9.jpg
D:\FYP Project\fypapp\abo-images-small (1)\images\small\72\72a3bd47.jpg,Microwave,Appliances,129.99,A high-quality microwave — appliances product with excellent build quality and modern design.,/abo-images-small (1)/images/small/72/72a3bd47.jpg
D:\FYP Project\fypapp\abo-images-small (1)\images\small\61\61cb8dab.jpg,Accent Chair,Chairs,199.99,A high-quality accent chair — chairs product with excellent build quality and modern design.,/abo-images-small (1)/images/small/61/61cb8dab.jpg
D:\FYP Project\fypapp\abo-images-small (1)\images\small\17\176a5898.jpg,iPhone,Smartphones,699.99,A high-quality iphone — smartphones product with excellent build quality and modern design.,/abo-images-small (1)/images/small/17/176a5898.jpg
D:\FYP Project\fypapp\abo-images-small (1)\images\small\61\61f60299.jpg,Office Chair,Chairs,199.99,A high-quality office chair — chairs product with excellent build quality and modern design.,/abo-images-small (1)/images/small/61/61f60299.jpg
D:\FYP Project\fypapp\abo-images-small (1)\images\small\7b\7b5574e7.jpg,Mobile Phone,Smartphones,699.99,A high-quality mobile phone — smartphones product with excellent build quality and modern design.,/abo-images-small (1)/images/small/7b/7b5574e7.jpg
D:\FYP Project\fypapp\abo-images-small (1)\images\small\df\df5b0c70.jpg,Side Table,Tables,299.99,A high-quality side table — tables product with excellent build quality and modern design.,/abo-images-small (1)/images/small/df/df5b0c70.jpg
D:\FYP Project\fypapp\abo-images-small (1)\images\small\b1\b1e1a72d.jpg,Coffee Maker,Appliances,129.99,A high-quality coffee maker — appliances product with excellent build quality and modern design.,/abo-images-small (1)/images/small/b1/b1e1a72d.jpg
D:\FYP Project\fypapp\abo-images-small (1)\images\small\8b\8b945768.jpg,Tablet,Tablets,449.99,A high-quality tablet — tablets product with excellent build quality and modern design.,/abo-images-small (1)/images/small/8b/8b945768.jpg
D:\FYP Project\fypapp\abo-images-small (1)\images\small\ee\ee273ae2.jpg,Mobile Phone,Smartphones,699.99,A high-quality mobile phone — smartphones product with excellent build quality and modern design.,/abo-images-small (1)/images/small/ee/ee273ae2.jpg
D:\FYP Project\fypapp\abo-images-small (1)\images\small\ba\bae0259a.jpg,Outdoor Equipment,Outdoors,149.99,A high-quality outdoor equipment — outdoors product with excellent build quality and modern design.,/abo-images-small (1)/images/small/ba/bae0259a.jpg
D:\FYP Project\fypapp\abo-images-small (1)\images\small\74\7496f804.jpg,iPhone,Smartphones,699.99,A high-quality iphone — smartphones product with excellent build quality and modern design.,/abo-images-small (1)/images/small/74/7496f804.jpg
D:\FYP Project\fypapp\abo-images-small (1)\images\small\09\09657514.jpg,Smartphone,Smartphones,699.99,A high-quality smartphone — smartphones product with excellent build quality and modern design.,/abo-images-small (1)/images/small/09/09657514.jpg
D:\FYP Project\fypapp\abo-images-small (1)\images\small\26\26e51eff.jpg,Mobile Phone,Smartphones,699.99,A high-quality mobile phone — smartphones product with excellent build quality and modern design.,/abo-images-small (1)/images/small/26/26e51eff.jpg
D:\FYP Project\fypapp\abo-images-small (1)\images\small\5b\5bddb461.jpg,Outdoor Equipment,Outdoors,149.99,A high-quality outdoor equipment — outdoors product with excellent build quality and modern design.,/abo-images-small (1)/images/small/5b/5bddb461.jpg
D:\FYP Project\fypapp\abo-images-small (1)\images\small\3e\3e20adae.jpg,Loveseat,Sofas,799.99,A high-quality loveseat — sofas product with excellent build quality and modern design.,/abo-images-small (1)/images/small/3e/3e20adae.jpg
D:\FYP Project\fypapp\abo-images-small (1)\images\small\c9\c9ce1a03.jpg,Laptop,Laptops,899.99,A high-quality laptop — laptops product with excellent build quality and modern design.,/abo-images-small (1)/images/small/c9/c9ce1a03.jpg
D:\FYP Project\fypapp\abo-images-small (1)\images\small\5d\5d51d4e0.jpg,Coffee Table,Tables,299.99,A high-quality coffee table — tables product with excellent build quality and modern design.,/abo-images-small (1)/images/small/5d/5d51d4e0.jpg
D:\FYP Project\fypapp\abo-images-small (1)\images\small\0c\0ce75114.jpg,Android Phone,Smartphones,699.99,A high-quality android phone — smartphones product with excellent build quality and modern design.,/abo-images-small (1)/images/small/0c/0ce75114.jpg
D:\FYP Project\fypapp\abo-images-small (1)\images\small\24\249c8e37.jpg,Coffee Maker,Appliances,129.99,A high-quality coffee maker — appliances product with excellent build quality and modern design.,/abo-images-small (1)/images/small/24/249c8e37.jpg
D:\FYP Project\fypapp\abo-images-small (1)\images\small\cf\cf279933.jpg,Jeans,Jeans,69.99,A high-quality jeans — jeans product with excellent build quality and modern design.,/abo-images-small (1)/images/small/cf/cf279933.jpg
D:\FYP Project\fypapp\abo-images-small (1)\images\small\97\974de20c.jpg,iPad,Tablets,449.99,A high-quality ipad — tablets product with excellent build quality and modern design.,/abo-images-small (1)/images/small/97/974de20c.jpg
D:\FYP Project\fypapp\abo-images-small (1)\images\small\79\798e42b3.jpg,Casual Shoes,Shoes,89.99,A high-quality casual shoes — shoes product with excellent build quality and modern design.,/abo-images-small (1)/images/small/79/798e42b3.jpg
D:\FYP Project\fypapp\abo-images-small (1)\images\small\ff\ffe27e35.jpg,Platform Bed,Beds,499.99,A high-quality platform bed — beds product with excellent build quality and modern design.,/abo-images-small (1)/images/small/ff/ffe27e35.jpg
D:\FYP Project\fypapp\abo-images-small (1)\images\small\6d\6da32241.jpg,Yoga Mat,Sports,34.99,A high-quality yoga mat — sports product with excellent build quality and modern design.,/abo-images-small (1)/images/small/6d/6da32241.jpg
D:\FYP Project\fypapp\abo-images-small (1)\images\small\97\97ef8f35.jpg,Resistance Bands,Sports,34.99,A high-quality resistance bands — sports product with excellent build quality and modern design.,/abo-images-small (1)/images/small/97/97ef8f35.jpg
D:\FYP Project\fypapp\abo-images-small (1)\images\small\d2\d26fcf6a.jpg,Android Phone,Smartphones,699.99,A high-quality android phone — smartphones product with excellent build quality and modern design.,/abo-images-small (1)/images/small/d2/d26fcf6a.jpg
D:\FYP Project\fypapp\abo-images-small (1)\images\small\b2\b28e0621.jpg,Platform Bed,Beds,499.99,A high-quality platform bed — beds product with excellent build quality and modern design.,/abo-images-small (1)/images/small/b2/b28e0621.jpg
D:\FYP Project\fypapp\abo-images-small (1)\images\small\26\26ffb507.jpg,Sneakers,Shoes,89.99,A high-quality sneakers — shoes product with excellent build quality and modern design.,/abo-images-small (1)/images/small/26/26ffb507.jpg
D:\FYP Project\fypapp\abo-images-small (1)\images\small\86\86ba4af6.jpg,Resistance Bands,Sports,34.99,A high-quality resistance bands — sports product with excellent build quality and modern design.,/abo-images-small (1)/images/small/86/86ba4af6.jpg
D:\FYP Project\fypapp\abo-images-small (1)\images\small\c8\c8655fe1.jpg,Polo Shirt,Shirts,39.99,A high-quality polo shirt — shirts product with excellent build quality and modern design.,/abo-images-small (1)/images/small/c8/c8655fe1.jpg
D:\FYP Project\fypapp\abo-images-small (1)\images\small\43\430a551b.jpg,Backpack,Outdoors,149.99,A high-quality backpack — outdoors product with excellent build quality and modern design.,/abo-images-small (1)/images/small/43/430a551b.jpg
D:\FYP Project\fypapp\abo-images-small (1)\images\small\59\59b4a819.jpg,Smartphone,Smartphones,699.99,A high-quality smartphone — smartphones product with excellent build quality and modern design.,/abo-images-small (1)/images/small/59/59b4a819.jpg
D:\FYP Project\fypapp\abo-images-small (1)\images\small\0e\0eecdc79.jpg,Hiking Gear,Outdoors,149.99,A high-quality hiking gear — outdoors product with excellent build quality and modern design.,/abo-images-small (1)/images/small/0e/0eecdc79.jpg
D:\FYP Project\fypapp\abo-images-small (1)\images\small\f8\f82d6267.jpg,Over-Ear Headphones,Headphones,149.99,A high-quality over-ear headphones — headphones product with excellent build quality and modern design.,/abo-images-small (1)/images/small/f8/f82d6267.jpg
D:\FYP Project\fypapp\abo-images-small (1)\images\small\97\97ce80f5.jpg,Backpack,Outdoors,149.99,A high-quality backpack — outdoors product with excellent build quality and modern design.,/abo-images-small (1)/images/small/97/97ce80f5.jpg
D:\FYP Project\fypapp\abo-images-small (1)\images\small\00\00987302.jpg,Tablet,Tablets,449.99,A high-quality tablet — tablets product with excellent build quality and modern design.,/abo-images-small (1)/images/small/00/00987302.jpg
D:\FYP Project\fypapp\abo-images-small (1)\images\small\b5\b562d498.jpg,Microwave,Appliances,129.99,A high-quality microwave — appliances product with excellent build quality and modern design.,/abo-images-small (1)/images/small/b5/b562d498.jpg
D:\FYP Project\fypapp\abo-images-small (1)\images\small\bb\bb8e9d48.jpg,Android Phone,Smartphones,699.99,A high-quality android phone — smartphones product with excellent build quality and modern design.,/abo-images-small (1)/images/small/bb/bb8e9d48.jpg
D:\FYP Project\fypapp\abo-images-small (1)\images\small\f0\f0a04227.jpg,Platform Bed,Beds,499.99,A high-quality platform bed — beds product with excellent build quality and modern design.,/abo-images-small (1)/images/small/f0/f0a04227.jpg
D:\FYP Project\fypapp\abo-images-small (1)\images\small\fb\fbcba3fc.jpg,Tablet,Tablets,449.99,A high-quality tablet — tablets product with excellent build quality and modern design.,/abo-images-small (1)/images/small/fb/fbcba3fc.jpg
D:\FYP Project\fypapp\abo-images-small (1)\images\small\e9\e914f7b7.jpg,Mobile Phone,Smartphones,699.99,A high-quality mobile phone — smartphones product with excellent build quality and modern design.,/abo-images-small (1)/images/small/e9/e914f7b7.jpg
D:\FYP Project\fypapp\abo-images-small (1)\images\small\45\45533ff0.jpg,Casual Shoes,Shoes,89.99,A high-quality casual shoes — shoes product with excellent build quality and modern design.,/abo-images-small (1)/images/small/45/45533ff0.jpg
D:\FYP Project\fypapp\abo-images-small (1)\images\small\7f\7fba23be.jpg,iPhone,Smartphones,699.99,A high-quality iphone — smartphones product with excellent build quality and modern design.,/abo-images-small (1)/images/small/7f/7fba23be.jpg
D:\FYP Project\fypapp\abo-images-small (1)\images\small\96\963e7956.jpg,Headphones,Headphones,149.99,A high-quality headphones — headphones product with excellent build quality and modern design.,/abo-images-small (1)/images/small/96/963e7956.jpg
D:\FYP Project\fypapp\abo-images-small (1)\images\small\17\179cc8bf.jpg,Mobile Phone,Smartphones,699.99,A high-quality mobile phone — smartphones product with excellent build quality and modern design.,/abo-images-small (1)/images/small/17/179cc8bf.jpg
D:\FYP Project\fypapp\abo-images-small (1)\images\small\e6\e6f7429a.jpg,Puffer Jacket,Jackets,119.99,A high-quality puffer jacket — jackets product with excellent build quality and modern design.,/abo-images-small (1)/images/small/e6/e6f7429a.jpg
D:\FYP Project\fypapp\abo-images-small (1)\images\small\74\7445502d.jpg,Loveseat,Sofas,799.99,A high-quality loveseat — sofas product with excellent build quality and modern design.,/abo-images-small (1)/images/small/74/7445502d.jpg
D:\FYP Project\fypapp\abo-images-small (1)\images\small\d8\d8187ade.jpg,Yoga Mat,Sports,34.99,A high-quality yoga mat — sports product with excellent build quality and modern design.,/abo-images-small (1)/images/small/d8/d8187ade.jpg
D:\FYP Project\fypapp\abo-images-small (1)\images\small\6d\6db8cffe.jpg,Mobile Phone,Smartphones,699.99,A high-quality mobile phone — smartphones product with excellent build quality and modern design.,/abo-images-small (1)/images/small/6d/6db8cffe.jpg
D:\FYP Project\fypapp\abo-images-small (1)\images\small\2a\2a0d7c8d.jpg,Android Phone,Smartphones,699.99,A high-quality android phone — smartphones product with excellent build quality and modern design.,/abo-images-small (1)/images/small/2a/2a0d7c8d.jpg
D:\FYP Project\fypapp\abo-images-small (1)\images\small\fb\fbece1cb.jpg,iPhone,Smartphones,699.99,A high-quality iphone — smartphones product with excellent build quality and modern design.,/abo-images-small (1)/images/small/fb/fbece1cb.jpg
D:\FYP Project\fypapp\abo-images-small (1)\images\small\69\6922079d.jpg,Cookware Set,Cookware,89.99,A high-quality cookware set — cookware product with excellent build quality and modern design.,/abo-images-small (1)/images/small/69/6922079d.jpg
D:\FYP Project\fypapp\abo-images-small (1)\images\small\b1\b11c9cd3.jpg,Resistance Bands,Sports,34.99,A high-quality resistance bands — sports product with excellent build quality and modern design.,/abo-images-small (1)/images/small/b1/b11c9cd3.jpg
D:\FYP Project\fypapp\abo-images-small (1)\images\small\6c\6c1d8845.jpg,Digital Tablet,Tablets,449.99,A high-quality digital tablet — tablets product with excellent build quality and modern design.,/abo-images-small (1)/images/small/6c/6c1d8845.jpg
D:\FYP Project\fypapp\abo-images-small (1)\images\small\e7\e7d36641.jpg,Windbreaker,Jackets,119.99,A high-quality windbreaker — jackets product with excellent build quality and modern design.,/abo-images-small (1)/images/small/e7/e7d36641.jpg
D:\FYP Project\fypapp\abo-images-small (1)\images\small\8e\8e7acd6a.jpg,Smartphone,Smartphones,699.99,A high-quality smartphone — smartphones product with excellent build quality and modern design.,/abo-images-small (1)/images/small/8e/8e7acd6a.jpg
D:\FYP Project\fypapp\abo-images-small (1)\images\small\71\71e61521.jpg,Maxi Dress,Dresses,59.99,A high-quality maxi dress — dresses product with excellent build quality and modern design.,/abo-images-small (1)/images/small/71/71e61521.jpg
D:\FYP Project\fypapp\abo-images-small (1)\images\small\8c\8c7c0242.jpg,Sectional Sofa,Sofas,799.99,A high-quality sectional sofa — sofas product with excellent build quality and modern design.,/abo-images-small (1)/images/small/8c/8c7c0242.jpg
D:\FYP Project\fypapp\abo-images-small (1)\images\small\f4\f4418f59.jpg,iPhone,Smartphones,699.99,A high-quality iphone — smartphones product with excellent build quality and modern design.,/abo-images-small (1)/images/small/f4/f4418f59.jpg
D:\FYP Project\fypapp\abo-images-small (1)\images\small\67\6793f4b9.jpg,Bed Frame,Beds,499.99,A high-quality bed frame — beds product with excellent build quality and modern design.,/abo-images-small (1)/images/small/67/6793f4b9.jpg
D:\FYP Project\fypapp\abo-images-small (1)\images\small\c0\c0e58afe.jpg,Microwave,Appliances,129.99,A high-quality microwave — appliances product with excellent build quality and modern design.,/abo-images-small (1)/images/small/c0/c0e58afe.jpg
D:\FYP Project\fypapp\abo-images-small (1)\images\small\2a\2af313aa.jpg,Accent Chair,Chairs,199.99,A high-quality accent chair — chairs product with excellent build quality and modern design.,/abo-images-small (1)/images/small/2a/2af313aa.jpg
D:\FYP Project\fypapp\abo-images-small (1)\images\small\43\439af459.jpg,Desk,Tables,299.99,A high-quality desk — tables product with excellent build quality and modern design.,/abo-images-small (1)/images/small/43/439af459.jpg
D:\FYP Project\fypapp\abo-images-small (1)\images\small\92\9290bd41.jpg,Jacket,Jackets,119.99,A high-quality jacket — jackets product with excellent build quality and modern design.,/abo-images-small (1)/images/small/92/9290bd41.jpg
D:\FYP Project\fypapp\abo-images-small (1)\images\small\e7\e72ff35f.jpg,Microwave,Appliances,129.99,A high-quality microwave — appliances product with excellent build quality and modern design.,/abo-images-small (1)/images/small/e7/e72ff35f.jpg
D:\FYP Project\fypapp\abo-images-small (1)\images\small\84\84b10f43.jpg,King Bed,Beds,499.99,A high-quality king bed — beds product with excellent build quality and modern design.,/abo-images-small (1)/images/small/84/84b10f43.jpg
D:\FYP Project\fypapp\abo-images-small (1)\images\small\ed\ed5ba86d.jpg,Denim Pants,Jeans,69.99,A high-quality denim pants — jeans product with excellent build quality and modern design.,/abo-images-small (1)/images/small/ed/ed5ba86d.jpg
D:\FYP Project\fypapp\abo-images-small (1)\images\small\3c\3c9d1131.jpg,Cookware Set,Cookware,89.99,A high-quality cookware set — cookware product with excellent build quality and modern design.,/abo-images-small (1)/images/small/3c/3c9d1131.jpg
D:\FYP Project\fypapp\abo-images-small (1)\images\small\d5\d58f0c5c.jpg,Running Shoes,Shoes,89.99,A high-quality running shoes — shoes product with excellent build quality and modern design.,/abo-images-small (1)/images/small/d5/d58f0c5c.jpg
D:\FYP Project\fypapp\abo-images-small (1)\images\small\c5\c5d6d320.jpg,Android Phone,Smartphones,699.99,A high-quality android phone — smartphones product with excellent build quality and modern design.,/abo-images-small (1)/images/small/c5/c5d6d320.jpg
D:\FYP Project\fypapp\abo-images-small (1)\images\small\69\695db1fc.jpg,Earphones,Headphones,149.99,A high-quality earphones — headphones product with excellent build quality and modern design.,/abo-images-small (1)/images/small/69/695db1fc.jpg
D:\FYP Project\fypapp\abo-images-small (1)\images\small\8d\8db862d5.jpg,Smartphone,Smartphones,699.99,A high-quality smartphone — smartphones product with excellent build quality and modern design.,/abo-images-small (1)/images/small/8d/8db862d5.jpg
D:\FYP Project\fypapp\abo-images-small (1)\images\small\be\beb83145.jpg,iPad,Tablets,449.99,A high-quality ipad — tablets product with excellent build quality and modern design.,/abo-images-small (1)/images/small/be/beb83145.jpg
D:\FYP Project\fypapp\abo-images-small (1)\images\small\00\001fcf42.jpg,Android Phone,Smartphones,699.99,A high-quality android phone — smartphones product with excellent build quality and modern design.,/abo-images-small (1)/images/small/00/001fcf42.jpg
D:\FYP Project\fypapp\abo-images-small (1)\images\small\6a\6a53d4b6.jpg,iPhone,Smartphones,699.99,A high-quality iphone — smartphones product with excellent build quality and modern design.,/abo-images-small (1)/images/small/6a/6a53d4b6.jpg
D:\FYP Project\fypapp\abo-images-small (1)\images\small\64\64a72fb6.jpg,Smartphone,Smartphones,699.99,A high-quality smartphone — smartphones product with excellent build quality and modern design.,/abo-images-small (1)/images/small/64/64a72fb6.jpg
D:\FYP Project\fypapp\abo-images-small (1)\images\small\4a\4ab5f6eb.jpg,Mobile Phone,Smartphones,699.99,A high-quality mobile phone — smartphones product with excellent build quality and modern design.,/abo-images-small (1)/images/small/4a/4ab5f6eb.jpg
D:\FYP Project\fypapp\abo-images-small (1)\images\small\95\95c5aee0.jpg,Android Phone,Smartphones,699.99,A high-quality android phone — smartphones product with excellent build quality and modern design.,/abo-images-small (1)/images/small/95/95c5aee0.jpg
D:\FYP Project\fypapp\abo-images-small (1)\images\small\c9\c991f5aa.jpg,Boots,Shoes,89.99,A high-quality boots — shoes product with excellent build quality and modern design.,/abo-images-small (1)/images/small/c9/c991f5aa.jpg
D:\FYP Project\fypapp\abo-images-small (1)\images\small\d2\d293b502.jpg,Sofa,Sofas,799.99,A high-quality sofa — sofas product with excellent build quality and modern design.,/abo-images-small (1)/images/small/d2/d293b502.jpg
D:\FYP Project\fypapp\abo-images-small (1)\images\small\e3\e3d6910e.jpg,Dining Chair,Chairs,199.99,A high-quality dining chair — chairs product with excellent build quality and modern design.,/abo-images-small (1)/images/small/e3/e3d6910e.jpg
D:\FYP Project\fypapp\abo-images-small (1)\images\small\70\7088251e.jpg,Android Phone,Smartphones,699.99,A high-quality android phone — smartphones product with excellent build quality and modern design.,/abo-images-small (1)/images/small/70/7088251e.jpg
D:\FYP Project\fypapp\abo-images-small (1)\images\small\a1\a1e6437b.jpg,iPhone,Smartphones,699.99,A high-quality iphone — smartphones product with excellent build quality and modern design.,/abo-images-small (1)/images/small/a1/a1e6437b.jpg
D:\FYP Project\fypapp\abo-images-small (1)\images\small\99\99b5910d.jpg,Smartphone,Smartphones,699.99,A high-quality smartphone — smartphones product with excellent build quality and modern design.,/abo-images-small (1)/images/small/99/99b5910d.jpg
D:\FYP Project\fypapp\abo-images-small (1)\images\small\99\99d8c9dc.jpg,Queen Bed,Beds,499.99,A high-quality queen bed — beds product with excellent build quality and modern design.,/abo-images-small (1)/images/small/99/99d8c9dc.jpg
D:\FYP Project\fypapp\abo-images-small (1)\images\small\eb\ebc134e7.jpg,Sectional Sofa,Sofas,799.99,A high-quality sectional sofa — sofas product with excellent build quality and modern design.,/abo-images-small (1)/images/small/eb/ebc134e7.jpg
D:\FYP Project\fypapp\abo-images-small (1)\images\small\4b\4beb1af7.jpg,Exercise Gear,Sports,34.99,A high-quality exercise gear — sports product with excellent build quality and modern design.,/abo-images-small (1)/images/small/4b/4beb1af7.jpg
D:\FYP Project\fypapp\abo-images-small (1)\images\small\b2\b2782a3b.jpg,Tablet,Tablets,449.99,A high-quality tablet — tablets product with excellent build quality and modern design.,/abo-images-small (1)/images/small/b2/b2782a3b.jpg
D:\FYP Project\fypapp\abo-images-small (1)\images\small\a5\a5b79e2c.jpg,iPad,Tablets,449.99,A high-quality ipad — tablets product with excellent build quality and modern design.,/abo-images-small (1)/images/small/a5/a5b79e2c.jpg
D:\FYP Project\fypapp\abo-images-small (1)\images\small\3b\3b29b0f6.jpg,Sectional Sofa,Sofas,799.99,A high-quality sectional sofa — sofas product with excellent build quality and modern design.,/abo-images-small (1)/images/small/3b/3b29b0f6.jpg
D:\FYP Project\fypapp\abo-images-small (1)\images\small\e5\e530bee8.jpg,Recliner,Chairs,199.99,A high-quality recliner — chairs product with excellent build quality and modern design.,/abo-images-small (1)/images/small/e5/e530bee8.jpg
D:\FYP Project\fypapp\abo-images-small (1)\images\small\1c\1ca848b7.jpg,Dining Table,Tables,299.99,A high-quality dining table — tables product with excellent build quality and modern design.,/abo-images-small (1)/images/small/1c/1ca848b7.jpg
D:\FYP Project\fypapp\abo-images-small (1)\images\small\63\63937384.jpg,Resistance Bands,Sports,34.99,A high-quality resistance bands — sports product with excellent build quality and modern design.,/abo-images-small (1)/images/small/63/63937384.jpg
D:\FYP Project\fypapp\abo-images-small (1)\images\small\b3\b3ebba6f.jpg,Cooking Pot,Cookware,89.99,A high-quality cooking pot — cookware product with excellent build quality and modern design.,/abo-images-small (1)/images/small/b3/b3ebba6f.jpg
D:\FYP Project\fypapp\abo-images-small (1)\images\small\e6\e6d6dcfc.jpg,Exercise Gear,Sports,34.99,A high-quality exercise gear — sports product with excellent build quality and modern design.,/abo-images-small (1)/images/small/e6/e6d6dcfc.jpg
D:\FYP Project\fypapp\abo-images-small (1)\images\small\db\db5f69fc.jpg,Sneakers,Shoes,89.99,A high-quality sneakers — shoes product with excellent build quality and modern design.,/abo-images-small (1)/images/small/db/db5f69fc.jpg
D:\FYP Project\fypapp\abo-images-small (1)\images\small\d6\d6d438e6.jpg,Mobile Phone,Smartphones,699.99,A high-quality mobile phone — smartphones product with excellent build quality and modern design.,/abo-images-small (1)/images/small/d6/d6d438e6.jpg
D:\FYP Project\fypapp\abo-images-small (1)\images\small\75\75f62394.jpg,Android Phone,Smartphones,699.99,A high-quality android phone — smartphones product with excellent build quality and modern design.,/abo-images-small (1)/images/small/75/75f62394.jpg
D:\FYP Project\fypapp\abo-images-small (1)\images\small\1f\1f9d0e7f.jpg,Mug Set,Dinnerware,49.99,A high-quality mug set — dinnerware product with excellent build quality and modern design.,/abo-images-small (1)/images/small/1f/1f9d0e7f.jpg
D:\FYP Project\fypapp\abo-images-small (1)\images\small\52\52fd4552.jpg,Tablet,Tablets,449.99,A high-quality tablet — tablets product with excellent build quality and modern design.,/abo-images-small (1)/images/small/52/52fd4552.jpg
D:\FYP Project\fypapp\abo-images-small (1)\images\small\e9\e9d14731.jpg,Microwave,Appliances,129.99,A high-quality microwave — appliances product with excellent build quality and modern design.,/abo-images-small (1)/images/small/e9/e9d14731.jpg
D:\FYP Project\fypapp\abo-images-small (1)\images\small\6c\6c855e06.jpg,King Bed,Beds,499.99,A high-quality king bed — beds product with excellent build quality and modern design.,/abo-images-small (1)/images/small/6c/6c855e06.jpg
D:\FYP Project\fypapp\abo-images-small (1)\images\small\4f\4f8ed55f.jpg,Desk,Tables,299.99,A high-quality desk — tables product with excellent build quality and modern design.,/abo-images-small (1)/images/small/4f/4f8ed55f.jpg
D:\FYP Project\fypapp\abo-images-small (1)\images\small\47\47078ded.jpg,Smartphone,Smartphones,699.99,A high-quality smartphone — smartphones product with excellent build quality and modern design.,/abo-images-small (1)/images/small/47/47078ded.jpg
D:\FYP Project\fypapp\abo-images-small (1)\images\small\31\31c6b21d.jpg,Mobile Phone,Smartphones,699.99,A high-quality mobile phone — smartphones product with excellent build quality and modern design.,/abo-images-small (1)/images/small/31/31c6b21d.jpg
D:\FYP Project\fypapp\abo-images-small (1)\images\small\08\084fa114.jpg,Android Phone,Smartphones,699.99,A high-quality android phone — smartphones product with excellent build quality and modern design.,/abo-images-small (1)/images/small/08/084fa114.jpg
D:\FYP Project\fypapp\abo-images-small (1)\images\small\0f\0f888091.jpg,Android Tablet,Tablets,449.99,A high-quality android tablet — tablets product with excellent build quality and modern design.,/abo-images-small (1)/images/small/0f/0f888091.jpg
D:\FYP Project\fypapp\abo-images-small (1)\images\small\56\5668c93b.jpg,Jacket,Jackets,119.99,A high-quality jacket — jackets product with excellent build quality and modern design.,/abo-images-small (1)/images/small/56/5668c93b.jpg
D:\FYP Project\fypapp\abo-images-small (1)\images\small\a6\a65d058e.jpg,Winter Coat,Jackets,119.99,A high-quality winter coat — jackets product with excellent build quality and modern design.,/abo-images-small (1)/images/small/a6/a65d058e.jpg
D:\FYP Project\fypapp\abo-images-small (1)\images\small\d4\d422b04c.jpg,Summer Dress,Dresses,59.99,A high-quality summer dress — dresses product with excellent build quality and modern design.,/abo-images-small (1)/images/small/d4/d422b04c.jpg
D:\FYP Project\fypapp\abo-images-small (1)\images\small\18\188cb633.jpg,Mug Set,Dinnerware,49.99,A high-quality mug set — dinnerware product with excellent build quality and modern design.,/abo-images-small (1)/images/small/18/188cb633.jpg
D:\FYP Project\fypapp\abo-images-small (1)\images\small\9e\9eac890f.jpg,Bed Frame,Beds,499.99,A high-quality bed frame — beds product with excellent build quality and modern design.,/abo-images-small (1)/images/small/9e/9eac890f.jpg
D:\FYP Project\fypapp\abo-images-small (1)\images\small\90\90890682.jpg,Queen Bed,Beds,499.99,A high-quality queen bed — beds product with excellent build quality and modern design.,/abo-images-small (1)/images/small/90/90890682.jpg
D:\FYP Project\fypapp\abo-images-small (1)\images\small\da\da524d99.jpg,Android Phone,Smartphones,699.99,A high-quality android phone — smartphones product with excellent build quality and modern design.,/abo-images-small (1)/images/small/da/da524d99.jpg
D:\FYP Project\fypapp\abo-images-small (1)\images\small\c8\c8145391.jpg,iPhone,Smartphones,699.99,A high-quality iphone — smartphones product with excellent build quality and modern design.,/abo-images-small (1)/images/small/c8/c8145391.jpg
D:\FYP Project\fypapp\abo-images-small (1)\images\small\44\446df682.jpg,Tablet,Tablets,449.99,A high-quality tablet — tablets product with excellent build quality and modern design.,/abo-images-small (1)/images/small/44/446df682.jpg
D:\FYP Project\fypapp\abo-images-small (1)\images\small\fb\fb67eac1.jpg,Coffee Table,Tables,299.99,A high-quality coffee table — tables product with excellent build quality and modern design.,/abo-images-small (1)/images/small/fb/fb67eac1.jpg
D:\FYP Project\fypapp\abo-images-small (1)\images\small\f3\f3fac2fc.jpg,Android Phone,Smartphones,699.99,A high-quality android phone — smartphones product with excellent build quality and modern design.,/abo-images-small (1)/images/small/f3/f3fac2fc.jpg
D:\FYP Project\fypapp\abo-images-small (1)\images\small\86\865698c1.jpg,Mug Set,Dinnerware,49.99,A high-quality mug set — dinnerware product with excellent build quality and modern design.,/abo-images-small (1)/images/small/86/865698c1.jpg
D:\FYP Project\fypapp\abo-images-small (1)\images\small\ac\acce6169.jpg,Smartphone,Smartphones,699.99,A high-quality smartphone — smartphones product with excellent build quality and modern design.,/abo-images-small (1)/images/small/ac/acce6169.jpg
D:\FYP Project\fypapp\abo-images-small (1)\images\small\8b\8b9167b3.jpg,Microwave,Appliances,129.99,A high-quality microwave — appliances product with excellent build quality and modern design.,/abo-images-small (1)/images/small/8b/8b9167b3.jpg
D:\FYP Project\fypapp\abo-images-small (1)\images\small\56\5620b89a.jpg,Fitness Equipment,Sports,34.99,A high-quality fitness equipment — sports product with excellent build quality and modern design.,/abo-images-small (1)/images/small/56/5620b89a.jpg
D:\FYP Project\fypapp\abo-images-small (1)\images\small\31\31d95d66.jpg,Casual Top,Shirts,39.99,A high-quality casual top — shirts product with excellent build quality and modern design.,/abo-images-small (1)/images/small/31/31d95d66.jpg
D:\FYP Project\fypapp\abo-images-small (1)\images\small\e4\e44272e6.jpg,Sofa,Sofas,799.99,A high-quality sofa — sofas product with excellent build quality and modern design.,/abo-images-small (1)/images/small/e4/e44272e6.jpg
D:\FYP Project\fypapp\abo-images-small (1)\images\small\f0\f0e292cf.jpg,Queen Bed,Beds,499.99,A high-quality queen bed — beds product with excellent build quality and modern design.,/abo-images-small (1)/images/small/f0/f0e292cf.jpg
D:\FYP Project\fypapp\abo-images-small (1)\images\small\01\01e6462f.jpg,Fitness Equipment,Sports,34.99,A high-quality fitness equipment — sports product with excellent build quality and modern design.,/abo-images-small (1)/images/small/01/01e6462f.jpg
D:\FYP Project\fypapp\abo-images-small (1)\images\small\23\23fa9538.jpg,Backpack,Outdoors,149.99,A high-quality backpack — outdoors product with excellent build quality and modern design.,/abo-images-small (1)/images/small/23/23fa9538.jpg
D:\FYP Project\fypapp\abo-images-small (1)\images\small\94\9428e401.jpg,Sofa,Sofas,799.99,A high-quality sofa — sofas product with excellent build quality and modern design.,/abo-images-small (1)/images/small/94/9428e401.jpg
D:\FYP Project\fypapp\abo-images-small (1)\images\small\4d\4da22300.jpg,Coffee Table,Tables,299.99,A high-quality coffee table — tables product with excellent build quality and modern design.,/abo-images-small (1)/images/small/4d/4da22300.jpg
D:\FYP Project\fypapp\abo-images-small (1)\images\small\3d\3d390bf0.jpg,Accent Chair,Chairs,199.99,A high-quality accent chair — chairs product with excellent build quality and modern design.,/abo-images-small (1)/images/small/3d/3d390bf0.jpg
D:\FYP Project\fypapp\abo-images-small (1)\images\small\f3\f3d21c4b.jpg,Boots,Shoes,89.99,A high-quality boots — shoes product with excellent build quality and modern design.,/abo-images-small (1)/images/small/f3/f3d21c4b.jpg
D:\FYP Project\fypapp\abo-images-small (1)\images\small\b4\b4c11312.jpg,Dress,Dresses,59.99,A high-quality dress — dresses product with excellent build quality and modern design.,/abo-images-small (1)/images/small/b4/b4c11312.jpg
D:\FYP Project\fypapp\abo-images-small (1)\images\small\a1\a1bf21cb.jpg,Mobile Phone,Smartphones,699.99,A high-quality mobile phone — smartphones product with excellent build quality and modern design.,/abo-images-small (1)/images/small/a1/a1bf21cb.jpg
D:\FYP Project\fypapp\abo-images-small (1)\images\small\10\10e277a3.jpg,Digital Tablet,Tablets,449.99,A high-quality digital tablet — tablets product with excellent build quality and modern design.,/abo-images-small (1)/images/small/10/10e277a3.jpg
D:\FYP Project\fypapp\abo-images-small (1)\images\small\c1\c1e5d0e6.jpg,Desk,Tables,299.99,A high-quality desk — tables product with excellent build quality and modern design.,/abo-images-small (1)/images/small/c1/c1e5d0e6.jpg
D:\FYP Project\fypapp\abo-images-small (1)\images\small\57\57e4c20e.jpg,Jacket,Jackets,119.99,A high-quality jacket — jackets product with excellent build quality and modern design.,/abo-images-small (1)/images/small/57/57e4c20e.jpg
D:\FYP Project\fypapp\abo-images-small (1)\images\small\28\28f3bb10.jpg,Resistance Bands,Sports,34.99,A high-quality resistance bands — sports product with excellent build quality and modern design.,/abo-images-small (1)/images/small/28/28f3bb10.jpg
D:\FYP Project\fypapp\abo-images-small (1)\images\small\9e\9efa8501.jpg,Casual Shoes,Shoes,89.99,A high-quality casual shoes — shoes product with excellent build quality and modern design.,/abo-images-small (1)/images/small/9e/9efa8501.jpg
D:\FYP Project\fypapp\abo-images-small (1)\images\small\2d\2d079be4.jpg,Platform Bed,Beds,499.99,A high-quality platform bed — beds product with excellent build quality and modern design.,/abo-images-small (1)/images/small/2d/2d079be4.jpg
D:\FYP Project\fypapp\abo-images-small (1)\images\small\a1\a1c8d7a9.jpg,Dining Table,Tables,299.99,A high-quality dining table — tables product with excellent build quality and modern design.,/abo-images-small (1)/images/small/a1/a1c8d7a9.jpg
D:\FYP Project\fypapp\abo-images-small (1)\images\small\e8\e80d4449.jpg,Running Shoes,Shoes,89.99,A high-quality running shoes — shoes product with excellent build quality and modern design.,/abo-images-small (1)/images/small/e8/e80d4449.jpg
D:\FYP Project\fypapp\abo-images-small (1)\images\small\b9\b9271ff9.jpg,Bowl Set,Dinnerware,49.99,A high-quality bowl set — dinnerware product with excellent build quality and modern design.,/abo-images-small (1)/images/small/b9/b9271ff9.jpg
D:\FYP Project\fypapp\abo-images-small (1)\images\small\c2\c2697d0d.jpg,iPhone,Smartphones,699.99,A high-quality iphone — smartphones product with excellent build quality and modern design.,/abo-images-small (1)/images/small/c2/c2697d0d.jpg
D:\FYP Project\fypapp\abo-images-small (1)\images\small\ce\cecc8614.jpg,Sneakers,Shoes,89.99,A high-quality sneakers — shoes product with excellent build quality and modern design.,/abo-images-small (1)/images/small/ce/cecc8614.jpg
D:\FYP Project\fypapp\abo-images-small (1)\images\small\6e\6ed9fea4.jpg,Microwave,Appliances,129.99,A high-quality microwave — appliances product with excellent build quality and modern design.,/abo-images-small (1)/images/small/6e/6ed9fea4.jpg
D:\FYP Project\fypapp\abo-images-small (1)\images\small\99\99fbaf2a.jpg,Bowl Set,Dinnerware,49.99,A high-quality bowl set — dinnerware product with excellent build quality and modern design.,/abo-images-small (1)/images/small/99/99fbaf2a.jpg
D:\FYP Project\fypapp\abo-images-small (1)\images\small\d4\d4951372.jpg,Coffee Maker,Appliances,129.99,A high-quality coffee maker — appliances product with excellent build quality and modern design.,/abo-images-small (1)/images/small/d4/d4951372.jpg
D:\FYP Project\fypapp\abo-images-small (1)\images\small\fb\fbbcc921.jpg,Bed Frame,Beds,499.99,A high-quality bed frame — beds product with excellent build quality and modern design.,/abo-images-small (1)/images/small/fb/fbbcc921.jpg
D:\FYP Project\fypapp\abo-images-small (1)\images\small\b0\b04bb350.jpg,Queen Bed,Beds,499.99,A high-quality queen bed — beds product with excellent build quality and modern design.,/abo-images-small (1)/images/small/b0/b04bb350.jpg
D:\FYP Project\fypapp\abo-images-small (1)\images\small\94\94b067af.jpg,Android Phone,Smartphones,699.99,A high-quality android phone — smartphones product with excellent build quality and modern design.,/abo-images-small (1)/images/small/94/94b067af.jpg
D:\FYP Project\fypapp\abo-images-small (1)\images\small\be\beb119b8.jpg,Android Tablet,Tablets,449.99,A high-quality android tablet — tablets product with excellent build quality and modern design.,/abo-images-small (1)/images/small/be/beb119b8.jpg
D:\FYP Project\fypapp\abo-images-small (1)\images\small\9b\9b734e03.jpg,Sofa,Sofas,799.99,A high-quality sofa — sofas product with excellent build quality and modern design.,/abo-images-small (1)/images/small/9b/9b734e03.jpg
D:\FYP Project\fypapp\abo-images-small (1)\images\small\37\37ba2bd3.jpg,Microwave,Appliances,129.99,A high-quality microwave — appliances product with excellent build quality and modern design.,/abo-images-small (1)/images/small/37/37ba2bd3.jpg
D:\FYP Project\fypapp\abo-images-small (1)\images\small\a6\a63682d3.jpg,Digital Tablet,Tablets,449.99,A high-quality digital tablet — tablets product with excellent build quality and modern design.,/abo-images-small (1)/images/small/a6/a63682d3.jpg
D:\FYP Project\fypapp\abo-images-small (1)\images\small\9c\9cd81c25.jpg,Platform Bed,Beds,499.99,A high-quality platform bed — beds product with excellent build quality and modern design.,/abo-images-small (1)/images/small/9c/9cd81c25.jpg
D:\FYP Project\fypapp\abo-images-small (1)\images\small\5b\5b3629e0.jpg,Sneakers,Shoes,89.99,A high-quality sneakers — shoes product with excellent build quality and modern design.,/abo-images-small (1)/images/small/5b/5b3629e0.jpg
D:\FYP Project\fypapp\abo-images-small (1)\images\small\57\57382a75.jpg,Resistance Bands,Sports,34.99,A high-quality resistance bands — sports product with excellent build quality and modern design.,/abo-images-small (1)/images/small/57/57382a75.jpg
D:\FYP Project\fypapp\abo-images-small (1)\images\small\dd\dd075b00.jpg,Puffer Jacket,Jackets,119.99,A high-quality puffer jacket — jackets product with excellent build quality and modern design.,/abo-images-small (1)/images/small/dd/dd075b00.jpg
D:\FYP Project\fypapp\abo-images-small (1)\images\small\61\615d345d.jpg,Backpack,Outdoors,149.99,A high-quality backpack — outdoors product with excellent build quality and modern design.,/abo-images-small (1)/images/small/61/615d345d.jpg
D:\FYP Project\fypapp\abo-images-small (1)\images\small\b5\b5d8e6b4.jpg,Dining Table,Tables,299.99,A high-quality dining table — tables product with excellent build quality and modern design.,/abo-images-small (1)/images/small/b5/b5d8e6b4.jpg
D:\FYP Project\fypapp\abo-images-small (1)\images\small\a9\a999cea5.jpg,Mobile Phone,Smartphones,699.99,A high-quality mobile phone — smartphones product with excellent build quality and modern design.,/abo-images-small (1)/images/small/a9/a999cea5.jpg
D:\FYP Project\fypapp\abo-images-small (1)\images\small\d9\d94ca92b.jpg,Android Phone,Smartphones,699.99,A high-quality android phone — smartphones product with excellent build quality and modern design.,/abo-images-small (1)/images/small/d9/d94ca92b.jpg
D:\FYP Project\fypapp\abo-images-small (1)\images\small\54\547f8144.jpg,Coffee Maker,Appliances,129.99,A high-quality coffee maker — appliances product with excellent build quality and modern design.,/abo-images-small (1)/images/small/54/547f8144.jpg
D:\FYP Project\fypapp\abo-images-small (1)\images\small\60\606ca45b.jpg,Tablet,Tablets,449.99,A high-quality tablet — tablets product with excellent build quality and modern design.,/abo-images-small (1)/images/small/60/606ca45b.jpg
D:\FYP Project\fypapp\abo-images-small (1)\images\small\99\9911f95a.jpg,Mobile Phone,Smartphones,699.99,A high-quality mobile phone — smartphones product with excellent build quality and modern design.,/abo-images-small (1)/images/small/99/9911f95a.jpg
D:\FYP Project\fypapp\abo-images-small (1)\images\small\1a\1a2ef909.jpg,Fitness Equipment,Sports,34.99,A high-quality fitness equipment — sports product with excellent build quality and modern design.,/abo-images-small (1)/images/small/1a/1a2ef909.jpg
D:\FYP Project\fypapp\abo-images-small (1)\images\small\f9\f9ce3fa5.jpg,Floral Dress,Dresses,59.99,A high-quality floral dress — dresses product with excellent build quality and modern design.,/abo-images-small (1)/images/small/f9/f9ce3fa5.jpg
D:\FYP Project\fypapp\abo-images-small (1)\images\small\64\643fa549.jpg,Smartphone,Smartphones,699.99,A high-quality smartphone — smartphones product with excellent build quality and modern design.,/abo-images-small (1)/images/small/64/643fa549.jpg
D:\FYP Project\fypapp\abo-images-small (1)\images\small\52\52dadc0d.jpg,Coffee Table,Tables,299.99,A high-quality coffee table — tables product with excellent build quality and modern design.,/abo-images-small (1)/images/small/52/52dadc0d.jpg
D:\FYP Project\fypapp\abo-images-small (1)\images\small\5f\5f6bf7da.jpg,Blender,Appliances,129.99,A high-quality blender — appliances product with excellent build quality and modern design.,/abo-images-small (1)/images/small/5f/5f6bf7da.jpg
D:\FYP Project\fypapp\abo-images-small (1)\images\small\76\762c802b.jpg,Skillet,Cookware,89.99,A high-quality skillet — cookware product with excellent build quality and modern design.,/abo-images-small (1)/images/small/76/762c802b.jpg
D:\FYP Project\fypapp\abo-images-small (1)\images\small\6f\6fa67b6c.jpg,Smartphone,Smartphones,699.99,A high-quality smartphone — smartphones product with excellent build quality and modern design.,/abo-images-small (1)/images/small/6f/6fa67b6c.jpg
D:\FYP Project\fypapp\abo-images-small (1)\images\small\bc\bc1ecc1e.jpg,Queen Bed,Beds,499.99,A high-quality queen bed — beds product with excellent build quality and modern design.,/abo-images-small (1)/images/small/bc/bc1ecc1e.jpg
D:\FYP Project\fypapp\abo-images-small (1)\images\small\1b\1b403a3e.jpg,Casual Shoes,Shoes,89.99,A high-quality casual shoes — shoes product with excellent build quality and modern design.,/abo-images-small (1)/images/small/1b/1b403a3e.jpg
D:\FYP Project\fypapp\abo-images-small (1)\images\small\2e\2ebb235b.jpg,Skillet,Cookware,89.99,A high-quality skillet — cookware product with excellent build quality and modern design.,/abo-images-small (1)/images/small/2e/2ebb235b.jpg
D:\FYP Project\fypapp\abo-images-small (1)\images\small\32\32f27df2.jpg,Smartphone,Smartphones,699.99,A high-quality smartphone — smartphones product with excellent build quality and modern design.,/abo-images-small (1)/images/small/32/32f27df2.jpg
D:\FYP Project\fypapp\abo-images-small (1)\images\small\51\51c8c34d.jpg,Mobile Phone,Smartphones,699.99,A high-quality mobile phone — smartphones product with excellent build quality and modern design.,/abo-images-small (1)/images/small/51/51c8c34d.jpg
D:\FYP Project\fypapp\abo-images-small (1)\images\small\86\86015972.jpg,Outdoor Equipment,Outdoors,149.99,A high-quality outdoor equipment — outdoors product with excellent build quality and modern design.,/abo-images-small (1)/images/small/86/86015972.jpg
D:\FYP Project\fypapp\abo-images-small (1)\images\small\f3\f319be27.jpg,Platform Bed,Beds,499.99,A high-quality platform bed — beds product with excellent build quality and modern design.,/abo-images-small (1)/images/small/f3/f319be27.jpg
D:\FYP Project\fypapp\abo-images-small (1)\images\small\34\3496462d.jpg,Sneakers,Shoes,89.99,A high-quality sneakers — shoes product with excellent build quality and modern design.,/abo-images-small (1)/images/small/34/3496462d.jpg
D:\FYP Project\fypapp\abo-images-small (1)\images\small\f7\f75f7e33.jpg,Mobile Phone,Smartphones,699.99,A high-quality mobile phone — smartphones product with excellent build quality and modern design.,/abo-images-small (1)/images/small/f7/f75f7e33.jpg
D:\FYP Project\fypapp\abo-images-small (1)\images\small\4b\4bfceafe.jpg,Android Phone,Smartphones,699.99,A high-quality android phone — smartphones product with excellent build quality and modern design.,/abo-images-small (1)/images/small/4b/4bfceafe.jpg
D:\FYP Project\fypapp\abo-images-small (1)\images\small\15\15a144ce.jpg,Loveseat,Sofas,799.99,A high-quality loveseat — sofas product with excellent build quality and modern design.,/abo-images-small (1)/images/small/15/15a144ce.jpg
D:\FYP Project\fypapp\abo-images-small (1)\images\small\90\90af3a53.jpg,Camping Tent,Outdoors,149.99,A high-quality camping tent — outdoors product with excellent build quality and modern design.,/abo-images-small (1)/images/small/90/90af3a53.jpg
D:\FYP Project\fypapp\abo-images-small (1)\images\small\8e\8e34720c.jpg,Mobile Phone,Smartphones,699.99,A high-quality mobile phone — smartphones product with excellent build quality and modern design.,/abo-images-small (1)/images/small/8e/8e34720c.jpg
D:\FYP Project\fypapp\abo-images-small (1)\images\small\74\7480b7f6.jpg,Fitness Equipment,Sports,34.99,A high-quality fitness equipment — sports product with excellent build quality and modern design.,/abo-images-small (1)/images/small/74/7480b7f6.jpg
D:\FYP Project\fypapp\abo-images-small (1)\images\small\bc\bcee81dc.jpg,Coffee Maker,Appliances,129.99,A high-quality coffee maker — appliances product with excellent build quality and modern design.,/abo-images-small (1)/images/small/bc/bcee81dc.jpg
D:\FYP Project\fypapp\abo-images-small (1)\images\small\a2\a2384240.jpg,T-Shirt,Shirts,39.99,A high-quality t-shirt — shirts product with excellent build quality and modern design.,/abo-images-small (1)/images/small/a2/a2384240.jpg
D:\FYP Project\fypapp\abo-images-small (1)\images\small\90\90fb11be.jpg,Non-Stick Pan,Cookware,89.99,A high-quality non-stick pan — cookware product with excellent build quality and modern design.,/abo-images-small (1)/images/small/90/90fb11be.jpg
D:\FYP Project\fypapp\abo-images-small (1)\images\small\14\14f25767.jpg,Side Table,Tables,299.99,A high-quality side table — tables product with excellent build quality and modern design.,/abo-images-small (1)/images/small/14/14f25767.jpg
D:\FYP Project\fypapp\abo-images-small (1)\images\small\49\4995ba51.jpg,Exercise Gear,Sports,34.99,A high-quality exercise gear — sports product with excellent build quality and modern design.,/abo-images-small (1)/images/small/49/4995ba51.jpg
D:\FYP Project\fypapp\abo-images-small (1)\images\small\92\9279d30a.jpg,Smartphone,Smartphones,699.99,A high-quality smartphone — smartphones product with excellent build quality and modern design.,/abo-images-small (1)/images/small/92/9279d30a.jpg
D:\FYP Project\fypapp\abo-images-small (1)\images\small\88\88276b60.jpg,Mobile Phone,Smartphones,699.99,A high-quality mobile phone — smartphones product with excellent build quality and modern design.,/abo-images-small (1)/images/small/88/88276b60.jpg
D:\FYP Project\fypapp\abo-images-small (1)\images\small\ca\caf840e4.jpg,Bowl Set,Dinnerware,49.99,A high-quality bowl set — dinnerware product with excellent build quality and modern design.,/abo-images-small (1)/images/small/ca/caf840e4.jpg
D:\FYP Project\fypapp\abo-images-small (1)\images\small\f3\f3ad9f90.jpg,iPhone,Smartphones,699.99,A high-quality iphone — smartphones product with excellent build quality and modern design.,/abo-images-small (1)/images/small/f3/f3ad9f90.jpg
D:\FYP Project\fypapp\abo-images-small (1)\images\small\06\06a53c43.jpg,Kitchen Appliance,Appliances,129.99,A high-quality kitchen appliance — appliances product with excellent build quality and modern design.,/abo-images-small (1)/images/small/06/06a53c43.jpg
D:\FYP Project\fypapp\abo-images-small (1)\images\small\c8\c8156aa4.jpg,Coffee Table,Tables,299.99,A high-quality coffee table — tables product with excellent build quality and modern design.,/abo-images-small (1)/images/small/c8/c8156aa4.jpg
D:\FYP Project\fypapp\abo-images-small (1)\images\small\85\851f20fe.jpg,Android Phone,Smartphones,699.99,A high-quality android phone — smartphones product with excellent build quality and modern design.,/abo-images-small (1)/images/small/85/851f20fe.jpg
D:\FYP Project\fypapp\abo-images-small (1)\images\small\a6\a6f734b6.jpg,iPhone,Smartphones,699.99,A high-quality iphone — smartphones product with excellent build quality and modern design.,/abo-images-small (1)/images/small/a6/a6f734b6.jpg
D:\FYP Project\fypapp\abo-images-small (1)\images\small\02\02020e07.jpg,Dining Table,Tables,299.99,A high-quality dining table — tables product with excellent build quality and modern design.,/abo-images-small (1)/images/small/02/02020e07.jpg
D:\FYP Project\fypapp\abo-images-small (1)\images\small\7b\7b8adfab.jpg,Couch,Sofas,799.99,A high-quality couch — sofas product with excellent build quality and modern design.,/abo-images-small (1)/images/small/7b/7b8adfab.jpg
D:\FYP Project\fypapp\abo-images-small (1)\images\small\68\688e3bf5.jpg,Fitness Equipment,Sports,34.99,A high-quality fitness equipment — sports product with excellent build quality and modern design.,/abo-images-small (1)/images/small/68/688e3bf5.jpg
D:\FYP Project\fypapp\abo-images-small (1)\images\small\88\88546475.jpg,iPhone,Smartphones,699.99,A high-quality iphone — smartphones product with excellent build quality and modern design.,/abo-images-small (1)/images/small/88/88546475.jpg
D:\FYP Project\fypapp\abo-images-small (1)\images\small\92\9214a70f.jpg,Office Chair,Chairs,199.99,A high-quality office chair — chairs product with excellent build quality and modern design.,/abo-images-small (1)/images/small/92/9214a70f.jpg
D:\FYP Project\fypapp\abo-images-small (1)\images\small\bb\bb7d19b8.jpg,iPad,Tablets,449.99,A high-quality ipad — tablets product with excellent build quality and modern design.,/abo-images-small (1)/images/small/bb/bb7d19b8.jpg
D:\FYP Project\fypapp\abo-images-small (1)\images\small\be\be2563b3.jpg,Cooking Pot,Cookware,89.99,A high-quality cooking pot — cookware product with excellent build quality and modern design.,/abo-images-small (1)/images/small/be/be2563b3.jpg
D:\FYP Project\fypapp\abo-images-small (1)\images\small\d1\d16f0824.jpg,iPhone,Smartphones,699.99,A high-quality iphone — smartphones product with excellent build quality and modern design.,/abo-images-small (1)/images/small/d1/d16f0824.jpg
D:\FYP Project\fypapp\abo-images-small (1)\images\small\4e\4e309eb8.jpg,Smartphone,Smartphones,699.99,A high-quality smartphone — smartphones product with excellent build quality and modern design.,/abo-images-small (1)/images/small/4e/4e309eb8.jpg
D:\FYP Project\fypapp\abo-images-small (1)\images\small\aa\aacda68d.jpg,Hiking Gear,Outdoors,149.99,A high-quality hiking gear — outdoors product with excellent build quality and modern design.,/abo-images-small (1)/images/small/aa/aacda68d.jpg
D:\FYP Project\fypapp\abo-images-small (1)\images\small\4d\4dd18045.jpg,Android Phone,Smartphones,699.99,A high-quality android phone — smartphones product with excellent build quality and modern design.,/abo-images-small (1)/images/small/4d/4dd18045.jpg
D:\FYP Project\fypapp\abo-images-small (1)\images\small\5f\5fd67482.jpg,Recliner,Chairs,199.99,A high-quality recliner — chairs product with excellent build quality and modern design.,/abo-images-small (1)/images/small/5f/5fd67482.jpg
D:\FYP Project\fypapp\abo-images-small (1)\images\small\97\97baa0ed.jpg,Dress,Dresses,59.99,A high-quality dress — dresses product with excellent build quality and modern design.,/abo-images-small (1)/images/small/97/97baa0ed.jpg
D:\FYP Project\fypapp\abo-images-small (1)\images\small\a9\a9ef04c7.jpg,Mobile Phone,Smartphones,699.99,A high-quality mobile phone — smartphones product with excellent build quality and modern design.,/abo-images-small (1)/images/small/a9/a9ef04c7.jpg
D:\FYP Project\fypapp\abo-images-small (1)\images\small\09\09e40e6d.jpg,Side Table,Tables,299.99,A high-quality side table — tables product with excellent build quality and modern design.,/abo-images-small (1)/images/small/09/09e40e6d.jpg
D:\FYP Project\fypapp\abo-images-small (1)\images\small\87\87f2dc9c.jpg,Coffee Maker,Appliances,129.99,A high-quality coffee maker — appliances product with excellent build quality and modern design.,/abo-images-small (1)/images/small/87/87f2dc9c.jpg
D:\FYP Project\fypapp\abo-images-small (1)\images\small\76\76473cfd.jpg,Cookware Set,Cookware,89.99,A high-quality cookware set — cookware product with excellent build quality and modern design.,/abo-images-small (1)/images/small/76/76473cfd.jpg
D:\FYP Project\fypapp\abo-images-small (1)\images\small\e8\e87e72c9.jpg,Slim Jeans,Jeans,69.99,A high-quality slim jeans — jeans product with excellent build quality and modern design.,/abo-images-small (1)/images/small/e8/e87e72c9.jpg
D:\FYP Project\fypapp\abo-images-small (1)\images\small\ee\ee085dc5.jpg,Over-Ear Headphones,Headphones,149.99,A high-quality over-ear headphones — headphones product with excellent build quality and modern design.,/abo-images-small (1)/images/small/ee/ee085dc5.jpg
D:\FYP Project\fypapp\abo-images-small (1)\images\small\8d\8d1fcf60.jpg,Desk,Tables,299.99,A high-quality desk — tables product with excellent build quality and modern design.,/abo-images-small (1)/images/small/8d/8d1fcf60.jpg
D:\FYP Project\fypapp\abo-images-small (1)\images\small\fe\fe6d5bfb.jpg,Dining Table,Tables,299.99,A high-quality dining table — tables product with excellent build quality and modern design.,/abo-images-small (1)/images/small/fe/fe6d5bfb.jpg
D:\FYP Project\fypapp\abo-images-small (1)\images\small\39\39a21a6c.jpg,Running Shoes,Shoes,89.99,A high-quality running shoes — shoes product with excellent build quality and modern design.,/abo-images-small (1)/images/small/39/39a21a6c.jpg
D:\FYP Project\fypapp\abo-images-small (1)\images\small\a2\a2b95a0f.jpg,Mirrorless Camera,Cameras,549.99,A high-quality mirrorless camera — cameras product with excellent build quality and modern design.,/abo-images-small (1)/images/small/a2/a2b95a0f.jpg
D:\FYP Project\fypapp\abo-images-small (1)\images\small\2b\2b133eed.jpg,Desk,Tables,299.99,A high-quality desk — tables product with excellent build quality and modern design.,/abo-images-small (1)/images/small/2b/2b133eed.jpg
D:\FYP Project\fypapp\abo-images-small (1)\images\small\d7\d7d4645d.jpg,Smartphone,Smartphones,699.99,A high-quality smartphone — smartphones product with excellent build quality and modern design.,/abo-images-small (1)/images/small/d7/d7d4645d.jpg
D:\FYP Project\fypapp\abo-images-small (1)\images\small\ba\ba291d49.jpg,Mobile Phone,Smartphones,699.99,A high-quality mobile phone — smartphones product with excellent build quality and modern design.,/abo-images-small (1)/images/small/ba/ba291d49.jpg
D:\FYP Project\fypapp\abo-images-small (1)\images\small\09\092beb81.jpg,Puffer Jacket,Jackets,119.99,A high-quality puffer jacket — jackets product with excellent build quality and modern design.,/abo-images-small (1)/images/small/09/092beb81.jpg
D:\FYP Project\fypapp\abo-images-small (1)\images\small\89\89a8d043.jpg,Windbreaker,Jackets,119.99,A high-quality windbreaker — jackets product with excellent build quality and modern design.,/abo-images-small (1)/images/small/89/89a8d043.jpg
D:\FYP Project\fypapp\abo-images-small (1)\images\small\cd\cd9f5499.jpg,Yoga Mat,Sports,34.99,A high-quality yoga mat — sports product with excellent build quality and modern design.,/abo-images-small (1)/images/small/cd/cd9f5499.jpg
D:\FYP Project\fypapp\abo-images-small (1)\images\small\c4\c43cc7bb.jpg,Dining Chair,Chairs,199.99,A high-quality dining chair — chairs product with excellent build quality and modern design.,/abo-images-small (1)/images/small/c4/c43cc7bb.jpg
D:\FYP Project\fypapp\abo-images-small (1)\images\small\e6\e6907fe7.jpg,Cooking Pot,Cookware,89.99,A high-quality cooking pot — cookware product with excellent build quality and modern design.,/abo-images-small (1)/images/small/e6/e6907fe7.jpg
D:\FYP Project\fypapp\abo-images-small (1)\images\small\09\09391bfd.jpg,Coffee Maker,Appliances,129.99,A high-quality coffee maker — appliances product with excellent build quality and modern design.,/abo-images-small (1)/images/small/09/09391bfd.jpg
D:\FYP Project\fypapp\abo-images-small (1)\images\small\1c\1c5eb982.jpg,Yoga Mat,Sports,34.99,A high-quality yoga mat — sports product with excellent build quality and modern design.,/abo-images-small (1)/images/small/1c/1c5eb982.jpg
D:\FYP Project\fypapp\abo-images-small (1)\images\small\df\dfc6a175.jpg,Running Shoes,Shoes,89.99,A high-quality running shoes — shoes product with excellent build quality and modern design.,/abo-images-small (1)/images/small/df/dfc6a175.jpg
D:\FYP Project\fypapp\abo-images-small (1)\images\small\95\9557f2cd.jpg,Android Phone,Smartphones,699.99,A high-quality android phone — smartphones product with excellent build quality and modern design.,/abo-images-small (1)/images/small/95/9557f2cd.jpg
D:\FYP Project\fypapp\abo-images-small (1)\images\small\2d\2dceb2b8.jpg,iPhone,Smartphones,699.99,A high-quality iphone — smartphones product with excellent build quality and modern design.,/abo-images-small (1)/images/small/2d/2dceb2b8.jpg
D:\FYP Project\fypapp\abo-images-small (1)\images\small\a0\a0c254c5.jpg,Sneakers,Shoes,89.99,A high-quality sneakers — shoes product with excellent build quality and modern design.,/abo-images-small (1)/images/small/a0/a0c254c5.jpg
D:\FYP Project\fypapp\abo-images-small (1)\images\small\3f\3f38d885.jpg,Running Shoes,Shoes,89.99,A high-quality running shoes — shoes product with excellent build quality and modern design.,/abo-images-small (1)/images/small/3f/3f38d885.jpg
D:\FYP Project\fypapp\abo-images-small (1)\images\small\10\10e7cecc.jpg,Straight Jeans,Jeans,69.99,A high-quality straight jeans — jeans product with excellent build quality and modern design.,/abo-images-small (1)/images/small/10/10e7cecc.jpg
D:\FYP Project\fypapp\abo-images-small (1)\images\small\5b\5b884583.jpg,Platform Bed,Beds,499.99,A high-quality platform bed — beds product with excellent build quality and modern design.,/abo-images-small (1)/images/small/5b/5b884583.jpg
D:\FYP Project\fypapp\abo-images-small (1)\images\small\84\84ad9cd3.jpg,Sofa,Sofas,799.99,A high-quality sofa — sofas product with excellent build quality and modern design.,/abo-images-small (1)/images/small/84/84ad9cd3.jpg
D:\FYP Project\fypapp\abo-images-small (1)\images\small\72\7254bf90.jpg,Running Shoes,Shoes,89.99,A high-quality running shoes — shoes product with excellent build quality and modern design.,/abo-images-small (1)/images/small/72/7254bf90.jpg
D:\FYP Project\fypapp\abo-images-small (1)\images\small\4b\4b36e0a9.jpg,Android Phone,Smartphones,699.99,A high-quality android phone — smartphones product with excellent build quality and modern design.,/abo-images-small (1)/images/small/4b/4b36e0a9.jpg
D:\FYP Project\fypapp\abo-images-small (1)\images\small\9e\9e70e38d.jpg,Desk,Tables,299.99,A high-quality desk — tables product with excellent build quality and modern design.,/abo-images-small (1)/images/small/9e/9e70e38d.jpg
D:\FYP Project\fypapp\abo-images-small (1)\images\small\72\72216413.jpg,Digital Camera,Cameras,549.99,A high-quality digital camera — cameras product with excellent build quality and modern design.,/abo-images-small (1)/images/small/72/72216413.jpg
D:\FYP Project\fypapp\abo-images-small (1)\images\small\76\76c119ba.jpg,Couch,Sofas,799.99,A high-quality couch — sofas product with excellent build quality and modern design.,/abo-images-small (1)/images/small/76/76c119ba.jpg
D:\FYP Project\fypapp\abo-images-small (1)\images\small\84\84af5ea6.jpg,Puffer Jacket,Jackets,119.99,A high-quality puffer jacket — jackets product with excellent build quality and modern design.,/abo-images-small (1)/images/small/84/84af5ea6.jpg
D:\FYP Project\fypapp\abo-images-small (1)\images\small\61\61ae7ed9.jpg,iPhone,Smartphones,699.99,A high-quality iphone — smartphones product with excellent build quality and modern design.,/abo-images-small (1)/images/small/61/61ae7ed9.jpg
D:\FYP Project\fypapp\abo-images-small (1)\images\small\92\92f18d2b.jpg,Kitchen Appliance,Appliances,129.99,A high-quality kitchen appliance — appliances product with excellent build quality and modern design.,/abo-images-small (1)/images/small/92/92f18d2b.jpg
D:\FYP Project\fypapp\abo-images-small (1)\images\small\58\58e8d0f0.jpg,Microwave,Appliances,129.99,A high-quality microwave — appliances product with excellent build quality and modern design.,/abo-images-small (1)/images/small/58/58e8d0f0.jpg
D:\FYP Project\fypapp\abo-images-small (1)\images\small\1b\1bad5b54.jpg,Accent Chair,Chairs,199.99,A high-quality accent chair — chairs product with excellent build quality and modern design.,/abo-images-small (1)/images/small/1b/1bad5b54.jpg
D:\FYP Project\fypapp\abo-images-small (1)\images\small\a4\a4b99058.jpg,Gaming Laptop,Laptops,899.99,A high-quality gaming laptop — laptops product with excellent build quality and modern design.,/abo-images-small (1)/images/small/a4/a4b99058.jpg
D:\FYP Project\fypapp\abo-images-small (1)\images\small\06\0697fe17.jpg,Dinnerware Set,Dinnerware,49.99,A high-quality dinnerware set — dinnerware product with excellent build quality and modern design.,/abo-images-small (1)/images/small/06/0697fe17.jpg
D:\FYP Project\fypapp\abo-images-small (1)\images\small\bb\bbe1d3d8.jpg,Mobile Phone,Smartphones,699.99,A high-quality mobile phone — smartphones product with excellent build quality and modern design.,/abo-images-small (1)/images/small/bb/bbe1d3d8.jpg
D:\FYP Project\fypapp\abo-images-small (1)\images\small\11\1189461f.jpg,Bowl Set,Dinnerware,49.99,A high-quality bowl set — dinnerware product with excellent build quality and modern design.,/abo-images-small (1)/images/small/11/1189461f.jpg
D:\FYP Project\fypapp\abo-images-small (1)\images\small\7a\7af4b8a7.jpg,Boots,Shoes,89.99,A high-quality boots — shoes product with excellent build quality and modern design.,/abo-images-small (1)/images/small/7a/7af4b8a7.jpg
D:\FYP Project\fypapp\abo-images-small (1)\images\small\4f\4f6aad46.jpg,Tablet,Tablets,449.99,A high-quality tablet — tablets product with excellent build quality and modern design.,/abo-images-small (1)/images/small/4f/4f6aad46.jpg
D:\FYP Project\fypapp\abo-images-small (1)\images\small\e2\e2462b11.jpg,Microwave,Appliances,129.99,A high-quality microwave — appliances product with excellent build quality and modern design.,/abo-images-small (1)/images/small/e2/e2462b11.jpg
D:\FYP Project\fypapp\abo-images-small (1)\images\small\17\17265212.jpg,Digital Tablet,Tablets,449.99,A high-quality digital tablet — tablets product with excellent build quality and modern design.,/abo-images-small (1)/images/small/17/17265212.jpg
D:\FYP Project\fypapp\abo-images-small (1)\images\small\e2\e2c75e28.jpg,Boots,Shoes,89.99,A high-quality boots — shoes product with excellent build quality and modern design.,/abo-images-small (1)/images/small/e2/e2c75e28.jpg
D:\FYP Project\fypapp\abo-images-small (1)\images\small\0d\0d8c88ea.jpg,Smartphone,Smartphones,699.99,A high-quality smartphone — smartphones product with excellent build quality and modern design.,/abo-images-small (1)/images/small/0d/0d8c88ea.jpg
D:\FYP Project\fypapp\abo-images-small (1)\images\small\0a\0a96aaef.jpg,Resistance Bands,Sports,34.99,A high-quality resistance bands — sports product with excellent build quality and modern design.,/abo-images-small (1)/images/small/0a/0a96aaef.jpg
D:\FYP Project\fypapp\abo-images-small (1)\images\small\57\573d4f3e.jpg,Android Phone,Smartphones,699.99,A high-quality android phone — smartphones product with excellent build quality and modern design.,/abo-images-small (1)/images/small/57/573d4f3e.jpg
D:\FYP Project\fypapp\abo-images-small (1)\images\small\47\4718be30.jpg,Boots,Shoes,89.99,A high-quality boots — shoes product with excellent build quality and modern design.,/abo-images-small (1)/images/small/47/4718be30.jpg
D:\FYP Project\fypapp\abo-images-small (1)\images\small\06\06e784d5.jpg,Bed Frame,Beds,499.99,A high-quality bed frame — beds product with excellent build quality and modern design.,/abo-images-small (1)/images/small/06/06e784d5.jpg
D:\FYP Project\fypapp\abo-images-small (1)\images\small\d7\d789ae17.jpg,Dress Shirt,Shirts,39.99,A high-quality dress shirt — shirts product with excellent build quality and modern design.,/abo-images-small (1)/images/small/d7/d789ae17.jpg
D:\FYP Project\fypapp\abo-images-small (1)\images\small\34\3470fcca.jpg,Cooking Pot,Cookware,89.99,A high-quality cooking pot — cookware product with excellent build quality and modern design.,/abo-images-small (1)/images/small/34/3470fcca.jpg
D:\FYP Project\fypapp\abo-images-small (1)\images\small\54\544471d3.jpg,Loveseat,Sofas,799.99,A high-quality loveseat — sofas product with excellent build quality and modern design.,/abo-images-small (1)/images/small/54/544471d3.jpg
D:\FYP Project\fypapp\abo-images-small (1)\images\small\2a\2a9add6a.jpg,Smartphone,Smartphones,699.99,A high-quality smartphone — smartphones product with excellent build quality and modern design.,/abo-images-small (1)/images/small/2a/2a9add6a.jpg
D:\FYP Project\fypapp\abo-images-small (1)\images\small\a5\a5d8cc94.jpg,Queen Bed,Beds,499.99,A high-quality queen bed — beds product with excellent build quality and modern design.,/abo-images-small (1)/images/small/a5/a5d8cc94.jpg
D:\FYP Project\fypapp\abo-images-small (1)\images\small\e8\e8b14171.jpg,Android Phone,Smartphones,699.99,A high-quality android phone — smartphones product with excellent build quality and modern design.,/abo-images-small (1)/images/small/e8/e8b14171.jpg
D:\FYP Project\fypapp\abo-images-small (1)\images\small\26\2695724d.jpg,Loveseat,Sofas,799.99,A high-quality loveseat — sofas product with excellent build quality and modern design.,/abo-images-small (1)/images/small/26/2695724d.jpg
D:\FYP Project\fypapp\abo-images-small (1)\images\small\c4\c4165ae6.jpg,Bed Frame,Beds,499.99,A high-quality bed frame — beds product with excellent build quality and modern design.,/abo-images-small (1)/images/small/c4/c4165ae6.jpg
D:\FYP Project\fypapp\abo-images-small (1)\images\small\4d\4d5657f1.jpg,Microwave,Appliances,129.99,A high-quality microwave — appliances product with excellent build quality and modern design.,/abo-images-small (1)/images/small/4d/4d5657f1.jpg
D:\FYP Project\fypapp\abo-images-small (1)\images\small\a1\a1e9d284.jpg,Android Phone,Smartphones,699.99,A high-quality android phone — smartphones product with excellent build quality and modern design.,/abo-images-small (1)/images/small/a1/a1e9d284.jpg
D:\FYP Project\fypapp\abo-images-small (1)\images\small\f5\f50b7bc8.jpg,iPhone,Smartphones,699.99,A high-quality iphone — smartphones product with excellent build quality and modern design.,/abo-images-small (1)/images/small/f5/f50b7bc8.jpg
D:\FYP Project\fypapp\abo-images-small (1)\images\small\5a\5a36cb92.jpg,Tablet,Tablets,449.99,A high-quality tablet — tablets product with excellent build quality and modern design.,/abo-images-small (1)/images/small/5a/5a36cb92.jpg
D:\FYP Project\fypapp\abo-images-small (1)\images\small\81\814a7137.jpg,iPad,Tablets,449.99,A high-quality ipad — tablets product with excellent build quality and modern design.,/abo-images-small (1)/images/small/81/814a7137.jpg
D:\FYP Project\fypapp\abo-images-small (1)\images\small\3a\3a8cb2f5.jpg,King Bed,Beds,499.99,A high-quality king bed — beds product with excellent build quality and modern design.,/abo-images-small (1)/images/small/3a/3a8cb2f5.jpg
D:\FYP Project\fypapp\abo-images-small (1)\images\small\d2\d255f1ef.jpg,Backpack,Outdoors,149.99,A high-quality backpack — outdoors product with excellent build quality and modern design.,/abo-images-small (1)/images/small/d2/d255f1ef.jpg
D:\FYP Project\fypapp\abo-images-small (1)\images\small\d2\d2c6cfa5.jpg,Cookware Set,Cookware,89.99,A high-quality cookware set — cookware product with excellent build quality and modern design.,/abo-images-small (1)/images/small/d2/d2c6cfa5.jpg
D:\FYP Project\fypapp\abo-images-small (1)\images\small\fb\fb688868.jpg,Notebook PC,Laptops,899.99,A high-quality notebook pc — laptops product with excellent build quality and modern design.,/abo-images-small (1)/images/small/fb/fb688868.jpg
D:\FYP Project\fypapp\abo-images-small (1)\images\small\26\26a1efcd.jpg,Android Phone,Smartphones,699.99,A high-quality android phone — smartphones product with excellent build quality and modern design.,/abo-images-small (1)/images/small/26/26a1efcd.jpg
D:\FYP Project\fypapp\abo-images-small (1)\images\small\39\393a70a0.jpg,Boots,Shoes,89.99,A high-quality boots — shoes product with excellent build quality and modern design.,/abo-images-small (1)/images/small/39/393a70a0.jpg
D:\FYP Project\fypapp\abo-images-small (1)\images\small\6c\6cbeaa26.jpg,Camping Tent,Outdoors,149.99,A high-quality camping tent — outdoors product with excellent build quality and modern design.,/abo-images-small (1)/images/small/6c/6cbeaa26.jpg
D:\FYP Project\fypapp\abo-images-small (1)\images\small\24\2481b938.jpg,Mobile Phone,Smartphones,699.99,A high-quality mobile phone — smartphones product with excellent build quality and modern design.,/abo-images-small (1)/images/small/24/2481b938.jpg
D:\FYP Project\fypapp\abo-images-small (1)\images\small\c9\c9238ab3.jpg,Android Phone,Smartphones,699.99,A high-quality android phone — smartphones product with excellent build quality and modern design.,/abo-images-small (1)/images/small/c9/c9238ab3.jpg
D:\FYP Project\fypapp\abo-images-small (1)\images\small\08\08bf4294.jpg,Platform Bed,Beds,499.99,A high-quality platform bed — beds product with excellent build quality and modern design.,/abo-images-small (1)/images/small/08/08bf4294.jpg
D:\FYP Project\fypapp\abo-images-small (1)\images\small\6d\6d0d22ae.jpg,Smartphone,Smartphones,699.99,A high-quality smartphone — smartphones product with excellent build quality and modern design.,/abo-images-small (1)/images/small/6d/6d0d22ae.jpg
D:\FYP Project\fypapp\abo-images-small (1)\images\small\c8\c8209f27.jpg,Running Shoes,Shoes,89.99,A high-quality running shoes — shoes product with excellent build quality and modern design.,/abo-images-small (1)/images/small/c8/c8209f27.jpg
D:\FYP Project\fypapp\abo-images-small (1)\images\small\ed\ed5da9b1.jpg,Android Phone,Smartphones,699.99,A high-quality android phone — smartphones product with excellent build quality and modern design.,/abo-images-small (1)/images/small/ed/ed5da9b1.jpg
D:\FYP Project\fypapp\abo-images-small (1)\images\small\83\836f6e1b.jpg,Recliner,Chairs,199.99,A high-quality recliner — chairs product with excellent build quality and modern design.,/abo-images-small (1)/images/small/83/836f6e1b.jpg
D:\FYP Project\fypapp\abo-images-small (1)\images\small\8a\8a92406d.jpg,Yoga Mat,Sports,34.99,A high-quality yoga mat — sports product with excellent build quality and modern design.,/abo-images-small (1)/images/small/8a/8a92406d.jpg
D:\FYP Project\fypapp\abo-images-small (1)\images\small\fa\fa4d6090.jpg,Running Shoes,Shoes,89.99,A high-quality running shoes — shoes product with excellent build quality and modern design.,/abo-images-small (1)/images/small/fa/fa4d6090.jpg
D:\FYP Project\fypapp\abo-images-small (1)\images\small\45\45c39d3e.jpg,Android Phone,Smartphones,699.99,A high-quality android phone — smartphones product with excellent build quality and modern design.,/abo-images-small (1)/images/small/45/45c39d3e.jpg
D:\FYP Project\fypapp\abo-images-small (1)\images\small\19\19a771a2.jpg,Android Tablet,Tablets,449.99,A high-quality android tablet — tablets product with excellent build quality and modern design.,/abo-images-small (1)/images/small/19/19a771a2.jpg
D:\FYP Project\fypapp\abo-images-small (1)\images\small\cd\cdb2eee3.jpg,Kitchen Appliance,Appliances,129.99,A high-quality kitchen appliance — appliances product with excellent build quality and modern design.,/abo-images-small (1)/images/small/cd/cdb2eee3.jpg
D:\FYP Project\fypapp\abo-images-small (1)\images\small\f1\f1f0f26a.jpg,Running Shoes,Shoes,89.99,A high-quality running shoes — shoes product with excellent build quality and modern design.,/abo-images-small (1)/images/small/f1/f1f0f26a.jpg
D:\FYP Project\fypapp\abo-images-small (1)\images\small\d9\d97b7744.jpg,Casual Shoes,Shoes,89.99,A high-quality casual shoes — shoes product with excellent build quality and modern design.,/abo-images-small (1)/images/small/d9/d97b7744.jpg
D:\FYP Project\fypapp\abo-images-small (1)\images\small\55\55c442fe.jpg,Skillet,Cookware,89.99,A high-quality skillet — cookware product with excellent build quality and modern design.,/abo-images-small (1)/images/small/55/55c442fe.jpg
D:\FYP Project\fypapp\abo-images-small (1)\images\small\22\226b9796.jpg,Smartphone,Smartphones,699.99,A high-quality smartphone — smartphones product with excellent build quality and modern design.,/abo-images-small (1)/images/small/22/226b9796.jpg
D:\FYP Project\fypapp\abo-images-small (1)\images\small\f4\f440b62e.jpg,Wireless Earbuds,Headphones,149.99,A high-quality wireless earbuds — headphones product with excellent build quality and modern design.,/abo-images-small (1)/images/small/f4/f440b62e.jpg
D:\FYP Project\fypapp\abo-images-small (1)\images\small\69\6992bac2.jpg,Sectional Sofa,Sofas,799.99,A high-quality sectional sofa — sofas product with excellent build quality and modern design.,/abo-images-small (1)/images/small/69/6992bac2.jpg
D:\FYP Project\fypapp\abo-images-small (1)\images\small\ef\efbaf198.jpg,iPhone,Smartphones,699.99,A high-quality iphone — smartphones product with excellent build quality and modern design.,/abo-images-small (1)/images/small/ef/efbaf198.jpg
D:\FYP Project\fypapp\abo-images-small (1)\images\small\d0\d078984a.jpg,Smartphone,Smartphones,699.99,A high-quality smartphone — smartphones product with excellent build quality and modern design.,/abo-images-small (1)/images/small/d0/d078984a.jpg
D:\FYP Project\fypapp\abo-images-small (1)\images\small\28\28d773b8.jpg,Dining Chair,Chairs,199.99,A high-quality dining chair — chairs product with excellent build quality and modern design.,/abo-images-small (1)/images/small/28/28d773b8.jpg
D:\FYP Project\fypapp\abo-images-small (1)\images\small\c4\c4c3b478.jpg,Android Phone,Smartphones,699.99,A high-quality android phone — smartphones product with excellent build quality and modern design.,/abo-images-small (1)/images/small/c4/c4c3b478.jpg
D:\FYP Project\fypapp\abo-images-small (1)\images\small\0d\0dca6668.jpg,Casual Top,Shirts,39.99,A high-quality casual top — shirts product with excellent build quality and modern design.,/abo-images-small (1)/images/small/0d/0dca6668.jpg
D:\FYP Project\fypapp\abo-images-small (1)\images\small\7a\7a114a5b.jpg,Yoga Mat,Sports,34.99,A high-quality yoga mat — sports product with excellent build quality and modern design.,/abo-images-small (1)/images/small/7a/7a114a5b.jpg
D:\FYP Project\fypapp\abo-images-small (1)\images\small\b9\b9bdc2b5.jpg,Mobile Phone,Smartphones,699.99,A high-quality mobile phone — smartphones product with excellent build quality and modern design.,/abo-images-small (1)/images/small/b9/b9bdc2b5.jpg
D:\FYP Project\fypapp\abo-images-small (1)\images\small\95\9540357c.jpg,Polo Shirt,Shirts,39.99,A high-quality polo shirt — shirts product with excellent build quality and modern design.,/abo-images-small (1)/images/small/95/9540357c.jpg
D:\FYP Project\fypapp\abo-images-small (1)\images\small\e6\e6136f1d.jpg,Loveseat,Sofas,799.99,A high-quality loveseat — sofas product with excellent build quality and modern design.,/abo-images-small (1)/images/small/e6/e6136f1d.jpg
D:\FYP Project\fypapp\abo-images-small (1)\images\small\81\81d43159.jpg,Cookware Set,Cookware,89.99,A high-quality cookware set — cookware product with excellent build quality and modern design.,/abo-images-small (1)/images/small/81/81d43159.jpg
D:\FYP Project\fypapp\abo-images-small (1)\images\small\17\174330f8.jpg,Winter Coat,Jackets,119.99,A high-quality winter coat — jackets product with excellent build quality and modern design.,/abo-images-small (1)/images/small/17/174330f8.jpg
D:\FYP Project\fypapp\abo-images-small (1)\images\small\b0\b0b64400.jpg,Android Phone,Smartphones,699.99,A high-quality android phone — smartphones product with excellent build quality and modern design.,/abo-images-small (1)/images/small/b0/b0b64400.jpg
D:\FYP Project\fypapp\abo-images-small (1)\images\small\e1\e168c5fa.jpg,Coffee Maker,Appliances,129.99,A high-quality coffee maker — appliances product with excellent build quality and modern design.,/abo-images-small (1)/images/small/e1/e168c5fa.jpg
D:\FYP Project\fypapp\abo-images-small (1)\images\small\78\78072adb.jpg,Laptop,Laptops,899.99,A high-quality laptop — laptops product with excellent build quality and modern design.,/abo-images-small (1)/images/small/78/78072adb.jpg
D:\FYP Project\fypapp\abo-images-small (1)\images\small\04\0445c613.jpg,Queen Bed,Beds,499.99,A high-quality queen bed — beds product with excellent build quality and modern design.,/abo-images-small (1)/images/small/04/0445c613.jpg
D:\FYP Project\fypapp\abo-images-small (1)\images\small\92\92731376.jpg,Android Phone,Smartphones,699.99,A high-quality android phone — smartphones product with excellent build quality and modern design.,/abo-images-small (1)/images/small/92/92731376.jpg
D:\FYP Project\fypapp\abo-images-small (1)\images\small\ab\ab722c79.jpg,iPhone,Smartphones,699.99,A high-quality iphone — smartphones product with excellent build quality and modern design.,/abo-images-small (1)/images/small/ab/ab722c79.jpg
D:\FYP Project\fypapp\abo-images-small (1)\images\small\23\239fef87.jpg,Dining Table,Tables,299.99,A high-quality dining table — tables product with excellent build quality and modern design.,/abo-images-small (1)/images/small/23/239fef87.jpg
D:\FYP Project\fypapp\abo-images-small (1)\images\small\96\96f72de7.jpg,Resistance Bands,Sports,34.99,A high-quality resistance bands — sports product with excellent build quality and modern design.,/abo-images-small (1)/images/small/96/96f72de7.jpg
D:\FYP Project\fypapp\abo-images-small (1)\images\small\7f\7f0fa3db.jpg,Android Phone,Smartphones,699.99,A high-quality android phone — smartphones product with excellent build quality and modern design.,/abo-images-small (1)/images/small/7f/7f0fa3db.jpg
D:\FYP Project\fypapp\abo-images-small (1)\images\small\dc\dc503178.jpg,iPhone,Smartphones,699.99,A high-quality iphone — smartphones product with excellent build quality and modern design.,/abo-images-small (1)/images/small/dc/dc503178.jpg
D:\FYP Project\fypapp\abo-images-small (1)\images\small\a0\a0271862.jpg,Cookware Set,Cookware,89.99,A high-quality cookware set — cookware product with excellent build quality and modern design.,/abo-images-small (1)/images/small/a0/a0271862.jpg
D:\FYP Project\fypapp\abo-images-small (1)\images\small\f7\f7ad0591.jpg,Coffee Table,Tables,299.99,A high-quality coffee table — tables product with excellent build quality and modern design.,/abo-images-small (1)/images/small/f7/f7ad0591.jpg
D:\FYP Project\fypapp\abo-images-small (1)\images\small\34\34a6eaad.jpg,Android Phone,Smartphones,699.99,A high-quality android phone — smartphones product with excellent build quality and modern design.,/abo-images-small (1)/images/small/34/34a6eaad.jpg
D:\FYP Project\fypapp\abo-images-small (1)\images\small\97\979cc833.jpg,iPhone,Smartphones,699.99,A high-quality iphone — smartphones product with excellent build quality and modern design.,/abo-images-small (1)/images/small/97/979cc833.jpg
D:\FYP Project\fypapp\abo-images-small (1)\images\small\3d\3d4eb45b.jpg,Smartphone,Smartphones,699.99,A high-quality smartphone — smartphones product with excellent build quality and modern design.,/abo-images-small (1)/images/small/3d/3d4eb45b.jpg
D:\FYP Project\fypapp\abo-images-small (1)\images\small\b5\b5fdff61.jpg,iPad,Tablets,449.99,A high-quality ipad — tablets product with excellent build quality and modern design.,/abo-images-small (1)/images/small/b5/b5fdff61.jpg
D:\FYP Project\fypapp\abo-images-small (1)\images\small\e2\e25d9e7c.jpg,King Bed,Beds,499.99,A high-quality king bed — beds product with excellent build quality and modern design.,/abo-images-small (1)/images/small/e2/e25d9e7c.jpg
D:\FYP Project\fypapp\abo-images-small (1)\images\small\5e\5edf3a45.jpg,Coffee Maker,Appliances,129.99,A high-quality coffee maker — appliances product with excellent build quality and modern design.,/abo-images-small (1)/images/small/5e/5edf3a45.jpg
D:\FYP Project\fypapp\abo-images-small (1)\images\small\d5\d5b51600.jpg,Smartphone,Smartphones,699.99,A high-quality smartphone — smartphones product with excellent build quality and modern design.,/abo-images-small (1)/images/small/d5/d5b51600.jpg
D:\FYP Project\fypapp\abo-images-small (1)\images\small\bb\bb78a1d7.jpg,Wireless Earbuds,Headphones,149.99,A high-quality wireless earbuds — headphones product with excellent build quality and modern design.,/abo-images-small (1)/images/small/bb/bb78a1d7.jpg
D:\FYP Project\fypapp\abo-images-small (1)\images\small\a9\a93d447f.jpg,Fitness Equipment,Sports,34.99,A high-quality fitness equipment — sports product with excellent build quality and modern design.,/abo-images-small (1)/images/small/a9/a93d447f.jpg
D:\FYP Project\fypapp\abo-images-small (1)\images\small\a1\a1dcba10.jpg,Coffee Maker,Appliances,129.99,A high-quality coffee maker — appliances product with excellent build quality and modern design.,/abo-images-small (1)/images/small/a1/a1dcba10.jpg
D:\FYP Project\fypapp\abo-images-small (1)\images\small\97\97a5a1be.jpg,Yoga Mat,Sports,34.99,A high-quality yoga mat — sports product with excellent build quality and modern design.,/abo-images-small (1)/images/small/97/97a5a1be.jpg
D:\FYP Project\fypapp\abo-images-small (1)\images\small\cd\cdd3a8c5.jpg,Running Shoes,Shoes,89.99,A high-quality running shoes — shoes product with excellent build quality and modern design.,/abo-images-small (1)/images/small/cd/cdd3a8c5.jpg
D:\FYP Project\fypapp\abo-images-small (1)\images\small\5e\5e4a1a44.jpg,Side Table,Tables,299.99,A high-quality side table — tables product with excellent build quality and modern design.,/abo-images-small (1)/images/small/5e/5e4a1a44.jpg
D:\FYP Project\fypapp\abo-images-small (1)\images\small\70\708cb010.jpg,Desk,Tables,299.99,A high-quality desk — tables product with excellent build quality and modern design.,/abo-images-small (1)/images/small/70/708cb010.jpg
D:\FYP Project\fypapp\abo-images-small (1)\images\small\56\56a49365.jpg,Dining Table,Tables,299.99,A high-quality dining table — tables product with excellent build quality and modern design.,/abo-images-small (1)/images/small/56/56a49365.jpg
D:\FYP Project\fypapp\abo-images-small (1)\images\small\1d\1d4442ba.jpg,Running Shoes,Shoes,89.99,A high-quality running shoes — shoes product with excellent build quality and modern design.,/abo-images-small (1)/images/small/1d/1d4442ba.jpg
D:\FYP Project\fypapp\abo-images-small (1)\images\small\61\61e45282.jpg,Android Phone,Smartphones,699.99,A high-quality android phone — smartphones product with excellent build quality and modern design.,/abo-images-small (1)/images/small/61/61e45282.jpg
D:\FYP Project\fypapp\abo-images-small (1)\images\small\9d\9d1945f0.jpg,iPhone,Smartphones,699.99,A high-quality iphone — smartphones product with excellent build quality and modern design.,/abo-images-small (1)/images/small/9d/9d1945f0.jpg
D:\FYP Project\fypapp\abo-images-small (1)\images\small\56\5616a052.jpg,Smartphone,Smartphones,699.99,A high-quality smartphone — smartphones product with excellent build quality and modern design.,/abo-images-small (1)/images/small/56/5616a052.jpg
D:\FYP Project\fypapp\abo-images-small (1)\images\small\a1\a1ce10ed.jpg,Running Shoes,Shoes,89.99,A high-quality running shoes — shoes product with excellent build quality and modern design.,/abo-images-small (1)/images/small/a1/a1ce10ed.jpg
D:\FYP Project\fypapp\abo-images-small (1)\images\small\c6\c616a62f.jpg,Android Phone,Smartphones,699.99,A high-quality android phone — smartphones product with excellent build quality and modern design.,/abo-images-small (1)/images/small/c6/c616a62f.jpg
D:\FYP Project\fypapp\abo-images-small (1)\images\small\d3\d3d8094f.jpg,Skillet,Cookware,89.99,A high-quality skillet — cookware product with excellent build quality and modern design.,/abo-images-small (1)/images/small/d3/d3d8094f.jpg
D:\FYP Project\fypapp\abo-images-small (1)\images\small\e8\e842f993.jpg,Camping Tent,Outdoors,149.99,A high-quality camping tent — outdoors product with excellent build quality and modern design.,/abo-images-small (1)/images/small/e8/e842f993.jpg
D:\FYP Project\fypapp\abo-images-small (1)\images\small\84\84a3e231.jpg,Microwave,Appliances,129.99,A high-quality microwave — appliances product with excellent build quality and modern design.,/abo-images-small (1)/images/small/84/84a3e231.jpg
D:\FYP Project\fypapp\abo-images-small (1)\images\small\76\765ee223.jpg,Fitness Equipment,Sports,34.99,A high-quality fitness equipment — sports product with excellent build quality and modern design.,/abo-images-small (1)/images/small/76/765ee223.jpg
D:\FYP Project\fypapp\abo-images-small (1)\images\small\09\09c71540.jpg,Coffee Maker,Appliances,129.99,A high-quality coffee maker — appliances product with excellent build quality and modern design.,/abo-images-small (1)/images/small/09/09c71540.jpg
D:\FYP Project\fypapp\abo-images-small (1)\images\small\ac\acc846cd.jpg,Sneakers,Shoes,89.99,A high-quality sneakers — shoes product with excellent build quality and modern design.,/abo-images-small (1)/images/small/ac/acc846cd.jpg
D:\FYP Project\fypapp\abo-images-small (1)\images\small\71\717d12b9.jpg,Running Shoes,Shoes,89.99,A high-quality running shoes — shoes product with excellent build quality and modern design.,/abo-images-small (1)/images/small/71/717d12b9.jpg
D:\FYP Project\fypapp\abo-images-small (1)\images\small\3f\3f424bff.jpg,Fitness Equipment,Sports,34.99,A high-quality fitness equipment — sports product with excellent build quality and modern design.,/abo-images-small (1)/images/small/3f/3f424bff.jpg
D:\FYP Project\fypapp\abo-images-small (1)\images\small\aa\aa91d8c9.jpg,Recliner,Chairs,199.99,A high-quality recliner — chairs product with excellent build quality and modern design.,/abo-images-small (1)/images/small/aa/aa91d8c9.jpg
D:\FYP Project\fypapp\abo-images-small (1)\images\small\4b\4b5d3e63.jpg,Yoga Mat,Sports,34.99,A high-quality yoga mat — sports product with excellent build quality and modern design.,/abo-images-small (1)/images/small/4b/4b5d3e63.jpg
D:\FYP Project\fypapp\abo-images-small (1)\images\small\7c\7c8a78d9.jpg,Queen Bed,Beds,499.99,A high-quality queen bed — beds product with excellent build quality and modern design.,/abo-images-small (1)/images/small/7c/7c8a78d9.jpg
D:\FYP Project\fypapp\abo-images-small (1)\images\small\5a\5aee4af3.jpg,Android Phone,Smartphones,699.99,A high-quality android phone — smartphones product with excellent build quality and modern design.,/abo-images-small (1)/images/small/5a/5aee4af3.jpg
D:\FYP Project\fypapp\abo-images-small (1)\images\small\77\77bb9af9.jpg,Boots,Shoes,89.99,A high-quality boots — shoes product with excellent build quality and modern design.,/abo-images-small (1)/images/small/77/77bb9af9.jpg
D:\FYP Project\fypapp\abo-images-small (1)\images\small\62\6226fd04.jpg,Smartphone,Smartphones,699.99,A high-quality smartphone — smartphones product with excellent build quality and modern design.,/abo-images-small (1)/images/small/62/6226fd04.jpg
D:\FYP Project\fypapp\abo-images-small (1)\images\small\cf\cf051d05.jpg,iPad,Tablets,449.99,A high-quality ipad — tablets product with excellent build quality and modern design.,/abo-images-small (1)/images/small/cf/cf051d05.jpg
D:\FYP Project\fypapp\abo-images-small (1)\images\small\f5\f59e078e.jpg,Outdoor Equipment,Outdoors,149.99,A high-quality outdoor equipment — outdoors product with excellent build quality and modern design.,/abo-images-small (1)/images/small/f5/f59e078e.jpg
D:\FYP Project\fypapp\abo-images-small (1)\images\small\61\6103881c.jpg,iPhone,Smartphones,699.99,A high-quality iphone — smartphones product with excellent build quality and modern design.,/abo-images-small (1)/images/small/61/6103881c.jpg
D:\FYP Project\fypapp\abo-images-small (1)\images\small\c1\c15c2f04.jpg,Kitchen Appliance,Appliances,129.99,A high-quality kitchen appliance — appliances product with excellent build quality and modern design.,/abo-images-small (1)/images/small/c1/c15c2f04.jpg
D:\FYP Project\fypapp\abo-images-small (1)\images\small\03\036e170d.jpg,Resistance Bands,Sports,34.99,A high-quality resistance bands — sports product with excellent build quality and modern design.,/abo-images-small (1)/images/small/03/036e170d.jpg
D:\FYP Project\fypapp\abo-images-small (1)\images\small\b4\b4517f4f.jpg,Android Phone,Smartphones,699.99,A high-quality android phone — smartphones product with excellent build quality and modern design.,/abo-images-small (1)/images/small/b4/b4517f4f.jpg
D:\FYP Project\fypapp\abo-images-small (1)\images\small\43\4358994e.jpg,Coffee Maker,Appliances,129.99,A high-quality coffee maker — appliances product with excellent build quality and modern design.,/abo-images-small (1)/images/small/43/4358994e.jpg
D:\FYP Project\fypapp\abo-images-small (1)\images\small\1c\1cebd154.jpg,Dining Table,Tables,299.99,A high-quality dining table — tables product with excellent build quality and modern design.,/abo-images-small (1)/images/small/1c/1cebd154.jpg
D:\FYP Project\fypapp\abo-images-small (1)\images\small\55\553f8940.jpg,Mobile Phone,Smartphones,699.99,A high-quality mobile phone — smartphones product with excellent build quality and modern design.,/abo-images-small (1)/images/small/55/553f8940.jpg
D:\FYP Project\fypapp\abo-images-small (1)\images\small\fc\fc0b1e83.jpg,Android Phone,Smartphones,699.99,A high-quality android phone — smartphones product with excellent build quality and modern design.,/abo-images-small (1)/images/small/fc/fc0b1e83.jpg
D:\FYP Project\fypapp\abo-images-small (1)\images\small\8d\8dd7541e.jpg,Coffee Maker,Appliances,129.99,A high-quality coffee maker — appliances product with excellent build quality and modern design.,/abo-images-small (1)/images/small/8d/8dd7541e.jpg
D:\FYP Project\fypapp\abo-images-small (1)\images\small\aa\aae76fc7.jpg,Headphones,Headphones,149.99,A high-quality headphones — headphones product with excellent build quality and modern design.,/abo-images-small (1)/images/small/aa/aae76fc7.jpg
D:\FYP Project\fypapp\abo-images-small (1)\images\small\c1\c125af15.jpg,Non-Stick Pan,Cookware,89.99,A high-quality non-stick pan — cookware product with excellent build quality and modern design.,/abo-images-small (1)/images/small/c1/c125af15.jpg
D:\FYP Project\fypapp\abo-images-small (1)\images\small\54\54e34c05.jpg,Android Phone,Smartphones,699.99,A high-quality android phone — smartphones product with excellent build quality and modern design.,/abo-images-small (1)/images/small/54/54e34c05.jpg
D:\FYP Project\fypapp\abo-images-small (1)\images\small\f1\f1f0bc64.jpg,Recliner,Chairs,199.99,A high-quality recliner — chairs product with excellent build quality and modern design.,/abo-images-small (1)/images/small/f1/f1f0bc64.jpg
D:\FYP Project\fypapp\abo-images-small (1)\images\small\a6\a6acbba2.jpg,Bed Frame,Beds,499.99,A high-quality bed frame — beds product with excellent build quality and modern design.,/abo-images-small (1)/images/small/a6/a6acbba2.jpg
D:\FYP Project\fypapp\abo-images-small (1)\images\small\e0\e0d76731.jpg,Queen Bed,Beds,499.99,A high-quality queen bed — beds product with excellent build quality and modern design.,/abo-images-small (1)/images/small/e0/e0d76731.jpg
D:\FYP Project\fypapp\abo-images-small (1)\images\small\f9\f93d301c.jpg,Digital Tablet,Tablets,449.99,A high-quality digital tablet — tablets product with excellent build quality and modern design.,/abo-images-small (1)/images/small/f9/f93d301c.jpg
D:\FYP Project\fypapp\abo-images-small (1)\images\small\ab\aba63f67.jpg,iPhone,Smartphones,699.99,A high-quality iphone — smartphones product with excellent build quality and modern design.,/abo-images-small (1)/images/small/ab/aba63f67.jpg
D:\FYP Project\fypapp\abo-images-small (1)\images\small\9c\9c312e06.jpg,Office Chair,Chairs,199.99,A high-quality office chair — chairs product with excellent build quality and modern design.,/abo-images-small (1)/images/small/9c/9c312e06.jpg
D:\FYP Project\fypapp\abo-images-small (1)\images\small\05\05e1682e.jpg,Mobile Phone,Smartphones,699.99,A high-quality mobile phone — smartphones product with excellent build quality and modern design.,/abo-images-small (1)/images/small/05/05e1682e.jpg
D:\FYP Project\fypapp\abo-images-small (1)\images\small\1f\1f804cd9.jpg,Android Phone,Smartphones,699.99,A high-quality android phone — smartphones product with excellent build quality and modern design.,/abo-images-small (1)/images/small/1f/1f804cd9.jpg
D:\FYP Project\fypapp\abo-images-small (1)\images\small\67\671a268d.jpg,Exercise Gear,Sports,34.99,A high-quality exercise gear — sports product with excellent build quality and modern design.,/abo-images-small (1)/images/small/67/671a268d.jpg
D:\FYP Project\fypapp\abo-images-small (1)\images\small\4e\4e840f83.jpg,Kitchen Appliance,Appliances,129.99,A high-quality kitchen appliance — appliances product with excellent build quality and modern design.,/abo-images-small (1)/images/small/4e/4e840f83.jpg
D:\FYP Project\fypapp\abo-images-small (1)\images\small\8d\8d284fb9.jpg,Mobile Phone,Smartphones,699.99,A high-quality mobile phone — smartphones product with excellent build quality and modern design.,/abo-images-small (1)/images/small/8d/8d284fb9.jpg
D:\FYP Project\fypapp\abo-images-small (1)\images\small\f2\f2567d9c.jpg,Android Phone,Smartphones,699.99,A high-quality android phone — smartphones product with excellent build quality and modern design.,/abo-images-small (1)/images/small/f2/f2567d9c.jpg
D:\FYP Project\fypapp\abo-images-small (1)\images\small\55\55e8d701.jpg,Exercise Gear,Sports,34.99,A high-quality exercise gear — sports product with excellent build quality and modern design.,/abo-images-small (1)/images/small/55/55e8d701.jpg
D:\FYP Project\fypapp\abo-images-small (1)\images\small\6b\6b17d8de.jpg,Headphones,Headphones,149.99,A high-quality headphones — headphones product with excellent build quality and modern design.,/abo-images-small (1)/images/small/6b/6b17d8de.jpg
D:\FYP Project\fypapp\abo-images-small (1)\images\small\e6\e6e13ae2.jpg,Mobile Phone,Smartphones,699.99,A high-quality mobile phone — smartphones product with excellent build quality and modern design.,/abo-images-small (1)/images/small/e6/e6e13ae2.jpg
D:\FYP Project\fypapp\abo-images-small (1)\images\small\ca\ca1d9897.jpg,Android Phone,Smartphones,699.99,A high-quality android phone — smartphones product with excellent build quality and modern design.,/abo-images-small (1)/images/small/ca/ca1d9897.jpg
D:\FYP Project\fypapp\abo-images-small (1)\images\small\81\8154e67e.jpg,iPhone,Smartphones,699.99,A high-quality iphone — smartphones product with excellent build quality and modern design.,/abo-images-small (1)/images/small/81/8154e67e.jpg
D:\FYP Project\fypapp\abo-images-small (1)\images\small\a5\a5beb95a.jpg,Camping Tent,Outdoors,149.99,A high-quality camping tent — outdoors product with excellent build quality and modern design.,/abo-images-small (1)/images/small/a5/a5beb95a.jpg
D:\FYP Project\fypapp\abo-images-small (1)\images\small\c0\c0958fe4.jpg,Queen Bed,Beds,499.99,A high-quality queen bed — beds product with excellent build quality and modern design.,/abo-images-small (1)/images/small/c0/c0958fe4.jpg
D:\FYP Project\fypapp\abo-images-small (1)\images\small\b9\b915293a.jpg,Casual Shoes,Shoes,89.99,A high-quality casual shoes — shoes product with excellent build quality and modern design.,/abo-images-small (1)/images/small/b9/b915293a.jpg
D:\FYP Project\fypapp\abo-images-small (1)\images\small\78\78e88034.jpg,Platform Bed,Beds,499.99,A high-quality platform bed — beds product with excellent build quality and modern design.,/abo-images-small (1)/images/small/78/78e88034.jpg
D:\FYP Project\fypapp\abo-images-small (1)\images\small\94\944830e4.jpg,Smartphone,Smartphones,699.99,A high-quality smartphone — smartphones product with excellent build quality and modern design.,/abo-images-small (1)/images/small/94/944830e4.jpg
D:\FYP Project\fypapp\abo-images-small (1)\images\small\bf\bf8139b0.jpg,Ceramic Plates,Dinnerware,49.99,A high-quality ceramic plates — dinnerware product with excellent build quality and modern design.,/abo-images-small (1)/images/small/bf/bf8139b0.jpg
D:\FYP Project\fypapp\abo-images-small (1)\images\small\74\747891ee.jpg,Android Phone,Smartphones,699.99,A high-quality android phone — smartphones product with excellent build quality and modern design.,/abo-images-small (1)/images/small/74/747891ee.jpg
D:\FYP Project\fypapp\abo-images-small (1)\images\small\7b\7b8db620.jpg,Loveseat,Sofas,799.99,A high-quality loveseat — sofas product with excellent build quality and modern design.,/abo-images-small (1)/images/small/7b/7b8db620.jpg
D:\FYP Project\fypapp\abo-images-small (1)\images\small\f6\f6315356.jpg,Sneakers,Shoes,89.99,A high-quality sneakers — shoes product with excellent build quality and modern design.,/abo-images-small (1)/images/small/f6/f6315356.jpg
D:\FYP Project\fypapp\abo-images-small (1)\images\small\9e\9e1b6698.jpg,Mobile Phone,Smartphones,699.99,A high-quality mobile phone — smartphones product with excellent build quality and modern design.,/abo-images-small (1)/images/small/9e/9e1b6698.jpg
D:\FYP Project\fypapp\abo-images-small (1)\images\small\5f\5f28f1f3.jpg,Android Phone,Smartphones,699.99,A high-quality android phone — smartphones product with excellent build quality and modern design.,/abo-images-small (1)/images/small/5f/5f28f1f3.jpg
D:\FYP Project\fypapp\abo-images-small (1)\images\small\6b\6b3a42c4.jpg,iPhone,Smartphones,699.99,A high-quality iphone — smartphones product with excellent build quality and modern design.,/abo-images-small (1)/images/small/6b/6b3a42c4.jpg
D:\FYP Project\fypapp\abo-images-small (1)\images\small\58\589d24c7.jpg,Bed Frame,Beds,499.99,A high-quality bed frame — beds product with excellent build quality and modern design.,/abo-images-small (1)/images/small/58/589d24c7.jpg
D:\FYP Project\fypapp\abo-images-small (1)\images\small\51\518ca417.jpg,Microwave,Appliances,129.99,A high-quality microwave — appliances product with excellent build quality and modern design.,/abo-images-small (1)/images/small/51/518ca417.jpg
D:\FYP Project\fypapp\abo-images-small (1)\images\small\28\28b4f991.jpg,Casual Shoes,Shoes,89.99,A high-quality casual shoes — shoes product with excellent build quality and modern design.,/abo-images-small (1)/images/small/28/28b4f991.jpg
D:\FYP Project\fypapp\abo-images-small (1)\images\small\fc\fc6f3b51.jpg,Mug Set,Dinnerware,49.99,A high-quality mug set — dinnerware product with excellent build quality and modern design.,/abo-images-small (1)/images/small/fc/fc6f3b51.jpg
D:\FYP Project\fypapp\abo-images-small (1)\images\small\43\43d86c99.jpg,Sofa,Sofas,799.99,A high-quality sofa — sofas product with excellent build quality and modern design.,/abo-images-small (1)/images/small/43/43d86c99.jpg
D:\FYP Project\fypapp\abo-images-small (1)\images\small\6e\6e3dc690.jpg,Microwave,Appliances,129.99,A high-quality microwave — appliances product with excellent build quality and modern design.,/abo-images-small (1)/images/small/6e/6e3dc690.jpg
D:\FYP Project\fypapp\abo-images-small (1)\images\small\28\2850480f.jpg,Android Phone,Smartphones,699.99,A high-quality android phone — smartphones product with excellent build quality and modern design.,/abo-images-small (1)/images/small/28/2850480f.jpg
D:\FYP Project\fypapp\abo-images-small (1)\images\small\ba\bac1de72.jpg,iPhone,Smartphones,699.99,A high-quality iphone — smartphones product with excellent build quality and modern design.,/abo-images-small (1)/images/small/ba/bac1de72.jpg
D:\FYP Project\fypapp\abo-images-small (1)\images\small\f1\f1c5db93.jpg,Cookware Set,Cookware,89.99,A high-quality cookware set — cookware product with excellent build quality and modern design.,/abo-images-small (1)/images/small/f1/f1c5db93.jpg
D:\FYP Project\fypapp\abo-images-small (1)\images\small\41\415b985d.jpg,Mobile Phone,Smartphones,699.99,A high-quality mobile phone — smartphones product with excellent build quality and modern design.,/abo-images-small (1)/images/small/41/415b985d.jpg
D:\FYP Project\fypapp\abo-images-small (1)\images\small\43\43816387.jpg,Android Phone,Smartphones,699.99,A high-quality android phone — smartphones product with excellent build quality and modern design.,/abo-images-small (1)/images/small/43/43816387.jpg
D:\FYP Project\fypapp\abo-images-small (1)\images\small\4c\4ccb8b3e.jpg,Floral Dress,Dresses,59.99,A high-quality floral dress — dresses product with excellent build quality and modern design.,/abo-images-small (1)/images/small/4c/4ccb8b3e.jpg
D:\FYP Project\fypapp\abo-images-small (1)\images\small\a9\a977961c.jpg,Tablet,Tablets,449.99,A high-quality tablet — tablets product with excellent build quality and modern design.,/abo-images-small (1)/images/small/a9/a977961c.jpg
D:\FYP Project\fypapp\abo-images-small (1)\images\small\61\61180a03.jpg,Couch,Sofas,799.99,A high-quality couch — sofas product with excellent build quality and modern design.,/abo-images-small (1)/images/small/61/61180a03.jpg
D:\FYP Project\fypapp\abo-images-small (1)\images\small\fe\fe912649.jpg,Side Table,Tables,299.99,A high-quality side table — tables product with excellent build quality and modern design.,/abo-images-small (1)/images/small/fe/fe912649.jpg
D:\FYP Project\fypapp\abo-images-small (1)\images\small\cc\ccd2dcba.jpg,Coffee Maker,Appliances,129.99,A high-quality coffee maker — appliances product with excellent build quality and modern design.,/abo-images-small (1)/images/small/cc/ccd2dcba.jpg
D:\FYP Project\fypapp\abo-images-small (1)\images\small\b6\b6f853ec.jpg,Yoga Mat,Sports,34.99,A high-quality yoga mat — sports product with excellent build quality and modern design.,/abo-images-small (1)/images/small/b6/b6f853ec.jpg
D:\FYP Project\fypapp\abo-images-small (1)\images\small\cf\cf398291.jpg,Maxi Dress,Dresses,59.99,A high-quality maxi dress — dresses product with excellent build quality and modern design.,/abo-images-small (1)/images/small/cf/cf398291.jpg
D:\FYP Project\fypapp\abo-images-small (1)\images\small\63\63535479.jpg,Sectional Sofa,Sofas,799.99,A high-quality sectional sofa — sofas product with excellent build quality and modern design.,/abo-images-small (1)/images/small/63/63535479.jpg
D:\FYP Project\fypapp\abo-images-small (1)\images\small\21\21f4bafa.jpg,Coffee Maker,Appliances,129.99,A high-quality coffee maker — appliances product with excellent build quality and modern design.,/abo-images-small (1)/images/small/21/21f4bafa.jpg
D:\FYP Project\fypapp\abo-images-small (1)\images\small\44\44559855.jpg,Sneakers,Shoes,89.99,A high-quality sneakers — shoes product with excellent build quality and modern design.,/abo-images-small (1)/images/small/44/44559855.jpg
D:\FYP Project\fypapp\abo-images-small (1)\images\small\67\67c644b5.jpg,Running Shoes,Shoes,89.99,A high-quality running shoes — shoes product with excellent build quality and modern design.,/abo-images-small (1)/images/small/67/67c644b5.jpg
D:\FYP Project\fypapp\abo-images-small (1)\images\small\50\5087e51d.jpg,Polo Shirt,Shirts,39.99,A high-quality polo shirt — shirts product with excellent build quality and modern design.,/abo-images-small (1)/images/small/50/5087e51d.jpg
D:\FYP Project\fypapp\abo-images-small (1)\images\small\7e\7ea1da70.jpg,iPhone,Smartphones,699.99,A high-quality iphone — smartphones product with excellent build quality and modern design.,/abo-images-small (1)/images/small/7e/7ea1da70.jpg
D:\FYP Project\fypapp\abo-images-small (1)\images\small\3e\3e74998a.jpg,Dining Table,Tables,299.99,A high-quality dining table — tables product with excellent build quality and modern design.,/abo-images-small (1)/images/small/3e/3e74998a.jpg
D:\FYP Project\fypapp\abo-images-small (1)\images\small\69\69cdeb1b.jpg,Mobile Phone,Smartphones,699.99,A high-quality mobile phone — smartphones product with excellent build quality and modern design.,/abo-images-small (1)/images/small/69/69cdeb1b.jpg
D:\FYP Project\fypapp\abo-images-small (1)\images\small\04\04c83a86.jpg,Android Phone,Smartphones,699.99,A high-quality android phone — smartphones product with excellent build quality and modern design.,/abo-images-small (1)/images/small/04/04c83a86.jpg
D:\FYP Project\fypapp\abo-images-small (1)\images\small\f7\f7ec9dc1.jpg,iPhone,Smartphones,699.99,A high-quality iphone — smartphones product with excellent build quality and modern design.,/abo-images-small (1)/images/small/f7/f7ec9dc1.jpg
D:\FYP Project\fypapp\abo-images-small (1)\images\small\ba\ba29ab51.jpg,Sneakers,Shoes,89.99,A high-quality sneakers — shoes product with excellent build quality and modern design.,/abo-images-small (1)/images/small/ba/ba29ab51.jpg
D:\FYP Project\fypapp\abo-images-small (1)\images\small\2a\2ab7979d.jpg,Couch,Sofas,799.99,A high-quality couch — sofas product with excellent build quality and modern design.,/abo-images-small (1)/images/small/2a/2ab7979d.jpg
D:\FYP Project\fypapp\abo-images-small (1)\images\small\60\6050a27d.jpg,Android Phone,Smartphones,699.99,A high-quality android phone — smartphones product with excellent build quality and modern design.,/abo-images-small (1)/images/small/60/6050a27d.jpg
D:\FYP Project\fypapp\abo-images-small (1)\images\small\0f\0f4c4b87.jpg,Platform Bed,Beds,499.99,A high-quality platform bed — beds product with excellent build quality and modern design.,/abo-images-small (1)/images/small/0f/0f4c4b87.jpg
D:\FYP Project\fypapp\abo-images-small (1)\images\small\12\12537f46.jpg,Headphones,Headphones,149.99,A high-quality headphones — headphones product with excellent build quality and modern design.,/abo-images-small (1)/images/small/12/12537f46.jpg
D:\FYP Project\fypapp\abo-images-small (1)\images\small\c0\c08c46e1.jpg,Queen Bed,Beds,499.99,A high-quality queen bed — beds product with excellent build quality and modern design.,/abo-images-small (1)/images/small/c0/c08c46e1.jpg
D:\FYP Project\fypapp\abo-images-small (1)\images\small\66\666314be.jpg,Cooking Pot,Cookware,89.99,A high-quality cooking pot — cookware product with excellent build quality and modern design.,/abo-images-small (1)/images/small/66/666314be.jpg
D:\FYP Project\fypapp\abo-images-small (1)\images\small\f4\f451f8e3.jpg,Exercise Gear,Sports,34.99,A high-quality exercise gear — sports product with excellent build quality and modern design.,/abo-images-small (1)/images/small/f4/f451f8e3.jpg
D:\FYP Project\fypapp\abo-images-small (1)\images\small\2a\2a9f7d34.jpg,Yoga Mat,Sports,34.99,A high-quality yoga mat — sports product with excellent build quality and modern design.,/abo-images-small (1)/images/small/2a/2a9f7d34.jpg
D:\FYP Project\fypapp\abo-images-small (1)\images\small\dd\dd1b4a10.jpg,Resistance Bands,Sports,34.99,A high-quality resistance bands — sports product with excellent build quality and modern design.,/abo-images-small (1)/images/small/dd/dd1b4a10.jpg
D:\FYP Project\fypapp\abo-images-small (1)\images\small\ab\abaaf996.jpg,King Bed,Beds,499.99,A high-quality king bed — beds product with excellent build quality and modern design.,/abo-images-small (1)/images/small/ab/abaaf996.jpg
D:\FYP Project\fypapp\abo-images-small (1)\images\small\22\22aa030b.jpg,Earphones,Headphones,149.99,A high-quality earphones — headphones product with excellent build quality and modern design.,/abo-images-small (1)/images/small/22/22aa030b.jpg
D:\FYP Project\fypapp\abo-images-small (1)\images\small\04\04227559.jpg,Smartphone,Smartphones,699.99,A high-quality smartphone — smartphones product with excellent build quality and modern design.,/abo-images-small (1)/images/small/04/04227559.jpg
D:\FYP Project\fypapp\abo-images-small (1)\images\small\c7\c788bbb6.jpg,Mobile Phone,Smartphones,699.99,A high-quality mobile phone — smartphones product with excellent build quality and modern design.,/abo-images-small (1)/images/small/c7/c788bbb6.jpg
D:\FYP Project\fypapp\abo-images-small (1)\images\small\63\63c0e187.jpg,Digital Tablet,Tablets,449.99,A high-quality digital tablet — tablets product with excellent build quality and modern design.,/abo-images-small (1)/images/small/63/63c0e187.jpg
D:\FYP Project\fypapp\abo-images-small (1)\images\small\a4\a46d3951.jpg,iPhone,Smartphones,699.99,A high-quality iphone — smartphones product with excellent build quality and modern design.,/abo-images-small (1)/images/small/a4/a46d3951.jpg
D:\FYP Project\fypapp\abo-images-small (1)\images\small\a7\a78ddfa4.jpg,Dining Table,Tables,299.99,A high-quality dining table — tables product with excellent build quality and modern design.,/abo-images-small (1)/images/small/a7/a78ddfa4.jpg
D:\FYP Project\fypapp\abo-images-small (1)\images\small\99\9948f3cb.jpg,Mobile Phone,Smartphones,699.99,A high-quality mobile phone — smartphones product with excellent build quality and modern design.,/abo-images-small (1)/images/small/99/9948f3cb.jpg
D:\FYP Project\fypapp\abo-images-small (1)\images\small\77\77d7dd7c.jpg,Blender,Appliances,129.99,A high-quality blender — appliances product with excellent build quality and modern design.,/abo-images-small (1)/images/small/77/77d7dd7c.jpg
D:\FYP Project\fypapp\abo-images-small (1)\images\small\41\41192ad9.jpg,iPhone,Smartphones,699.99,A high-quality iphone — smartphones product with excellent build quality and modern design.,/abo-images-small (1)/images/small/41/41192ad9.jpg
D:\FYP Project\fypapp\abo-images-small (1)\images\small\11\1146489d.jpg,Dress,Dresses,59.99,A high-quality dress — dresses product with excellent build quality and modern design.,/abo-images-small (1)/images/small/11/1146489d.jpg
D:\FYP Project\fypapp\abo-images-small (1)\images\small\58\58fad96c.jpg,Mobile Phone,Smartphones,699.99,A high-quality mobile phone — smartphones product with excellent build quality and modern design.,/abo-images-small (1)/images/small/58/58fad96c.jpg
D:\FYP Project\fypapp\abo-images-small (1)\images\small\a7\a73ac7d4.jpg,Android Phone,Smartphones,699.99,A high-quality android phone — smartphones product with excellent build quality and modern design.,/abo-images-small (1)/images/small/a7/a73ac7d4.jpg
D:\FYP Project\fypapp\abo-images-small (1)\images\small\26\267c12dd.jpg,iPhone,Smartphones,699.99,A high-quality iphone — smartphones product with excellent build quality and modern design.,/abo-images-small (1)/images/small/26/267c12dd.jpg
D:\FYP Project\fypapp\abo-images-small (1)\images\small\15\15fb1c73.jpg,Cookware Set,Cookware,89.99,A high-quality cookware set — cookware product with excellent build quality and modern design.,/abo-images-small (1)/images/small/15/15fb1c73.jpg
D:\FYP Project\fypapp\abo-images-small (1)\images\small\8b\8be92c21.jpg,Mobile Phone,Smartphones,699.99,A high-quality mobile phone — smartphones product with excellent build quality and modern design.,/abo-images-small (1)/images/small/8b/8be92c21.jpg
D:\FYP Project\fypapp\abo-images-small (1)\images\small\ab\abeeadd1.jpg,Bowl Set,Dinnerware,49.99,A high-quality bowl set — dinnerware product with excellent build quality and modern design.,/abo-images-small (1)/images/small/ab/abeeadd1.jpg
D:\FYP Project\fypapp\abo-images-small (1)\images\small\18\18fbbfca.jpg,Backpack,Outdoors,149.99,A high-quality backpack — outdoors product with excellent build quality and modern design.,/abo-images-small (1)/images/small/18/18fbbfca.jpg
D:\FYP Project\fypapp\abo-images-small (1)\images\small\c8\c88ccf5d.jpg,Sofa,Sofas,799.99,A high-quality sofa — sofas product with excellent build quality and modern design.,/abo-images-small (1)/images/small/c8/c88ccf5d.jpg
D:\FYP Project\fypapp\abo-images-small (1)\images\small\da\da357244.jpg,Dining Chair,Chairs,199.99,A high-quality dining chair — chairs product with excellent build quality and modern design.,/abo-images-small (1)/images/small/da/da357244.jpg
D:\FYP Project\fypapp\abo-images-small (1)\images\small\f0\f07ac7d9.jpg,Cooking Pot,Cookware,89.99,A high-quality cooking pot — cookware product with excellent build quality and modern design.,/abo-images-small (1)/images/small/f0/f07ac7d9.jpg
D:\FYP Project\fypapp\abo-images-small (1)\images\small\12\12063b08.jpg,Action Camera,Cameras,549.99,A high-quality action camera — cameras product with excellent build quality and modern design.,/abo-images-small (1)/images/small/12/12063b08.jpg
D:\FYP Project\fypapp\abo-images-small (1)\images\small\34\343a8f0b.jpg,Bed Frame,Beds,499.99,A high-quality bed frame — beds product with excellent build quality and modern design.,/abo-images-small (1)/images/small/34/343a8f0b.jpg
D:\FYP Project\fypapp\abo-images-small (1)\images\small\32\32625a6a.jpg,Queen Bed,Beds,499.99,A high-quality queen bed — beds product with excellent build quality and modern design.,/abo-images-small (1)/images/small/32/32625a6a.jpg
D:\FYP Project\fypapp\abo-images-small (1)\images\small\c3\c3b4a3be.jpg,Side Table,Tables,299.99,A high-quality side table — tables product with excellent build quality and modern design.,/abo-images-small (1)/images/small/c3/c3b4a3be.jpg
D:\FYP Project\fypapp\abo-images-small (1)\images\small\6a\6a519e79.jpg,Exercise Gear,Sports,34.99,A high-quality exercise gear — sports product with excellent build quality and modern design.,/abo-images-small (1)/images/small/6a/6a519e79.jpg
D:\FYP Project\fypapp\abo-images-small (1)\images\small\1c\1cc89c89.jpg,Headphones,Headphones,149.99,A high-quality headphones — headphones product with excellent build quality and modern design.,/abo-images-small (1)/images/small/1c/1cc89c89.jpg
D:\FYP Project\fypapp\abo-images-small (1)\images\small\57\578bb1da.jpg,Couch,Sofas,799.99,A high-quality couch — sofas product with excellent build quality and modern design.,/abo-images-small (1)/images/small/57/578bb1da.jpg
D:\FYP Project\fypapp\abo-images-small (1)\images\small\27\27f05461.jpg,Blender,Appliances,129.99,A high-quality blender — appliances product with excellent build quality and modern design.,/abo-images-small (1)/images/small/27/27f05461.jpg
D:\FYP Project\fypapp\abo-images-small (1)\images\small\c2\c22283a2.jpg,iPhone,Smartphones,699.99,A high-quality iphone — smartphones product with excellent build quality and modern design.,/abo-images-small (1)/images/small/c2/c22283a2.jpg
D:\FYP Project\fypapp\abo-images-small (1)\images\small\91\911fd023.jpg,Kitchen Appliance,Appliances,129.99,A high-quality kitchen appliance — appliances product with excellent build quality and modern design.,/abo-images-small (1)/images/small/91/911fd023.jpg
D:\FYP Project\fypapp\abo-images-small (1)\images\small\d2\d2779909.jpg,Wireless Earbuds,Headphones,149.99,A high-quality wireless earbuds — headphones product with excellent build quality and modern design.,/abo-images-small (1)/images/small/d2/d2779909.jpg
D:\FYP Project\fypapp\abo-images-small (1)\images\small\cf\cf02bfec.jpg,Side Table,Tables,299.99,A high-quality side table — tables product with excellent build quality and modern design.,/abo-images-small (1)/images/small/cf/cf02bfec.jpg
D:\FYP Project\fypapp\abo-images-small (1)\images\small\d6\d68fd9f4.jpg,iPhone,Smartphones,699.99,A high-quality iphone — smartphones product with excellent build quality and modern design.,/abo-images-small (1)/images/small/d6/d68fd9f4.jpg
D:\FYP Project\fypapp\abo-images-small (1)\images\small\4f\4fee284f.jpg,Dress,Dresses,59.99,A high-quality dress — dresses product with excellent build quality and modern design.,/abo-images-small (1)/images/small/4f/4fee284f.jpg
D:\FYP Project\fypapp\abo-images-small (1)\images\small\b6\b64925d5.jpg,Coffee Table,Tables,299.99,A high-quality coffee table — tables product with excellent build quality and modern design.,/abo-images-small (1)/images/small/b6/b64925d5.jpg
D:\FYP Project\fypapp\abo-images-small (1)\images\small\85\851eebc7.jpg,Sectional Sofa,Sofas,799.99,A high-quality sectional sofa — sofas product with excellent build quality and modern design.,/abo-images-small (1)/images/small/85/851eebc7.jpg
D:\FYP Project\fypapp\abo-images-small (1)\images\small\9d\9d006edf.jpg,iPhone,Smartphones,699.99,A high-quality iphone — smartphones product with excellent build quality and modern design.,/abo-images-small (1)/images/small/9d/9d006edf.jpg
D:\FYP Project\fypapp\abo-images-small (1)\images\small\9a\9a0cc9ee.jpg,Smartphone,Smartphones,699.99,A high-quality smartphone — smartphones product with excellent build quality and modern design.,/abo-images-small (1)/images/small/9a/9a0cc9ee.jpg
D:\FYP Project\fypapp\abo-images-small (1)\images\small\68\68249806.jpg,Running Shoes,Shoes,89.99,A high-quality running shoes — shoes product with excellent build quality and modern design.,/abo-images-small (1)/images/small/68/68249806.jpg
D:\FYP Project\fypapp\abo-images-small (1)\images\small\cc\cc7406db.jpg,Cooking Pot,Cookware,89.99,A high-quality cooking pot — cookware product with excellent build quality and modern design.,/abo-images-small (1)/images/small/cc/cc7406db.jpg
D:\FYP Project\fypapp\abo-images-small (1)\images\small\95\956a48c9.jpg,iPhone,Smartphones,699.99,A high-quality iphone — smartphones product with excellent build quality and modern design.,/abo-images-small (1)/images/small/95/956a48c9.jpg
D:\FYP Project\fypapp\abo-images-small (1)\images\small\6a\6acf4af8.jpg,Yoga Mat,Sports,34.99,A high-quality yoga mat — sports product with excellent build quality and modern design.,/abo-images-small (1)/images/small/6a/6acf4af8.jpg
D:\FYP Project\fypapp\abo-images-small (1)\images\small\c5\c5aca57a.jpg,Running Shoes,Shoes,89.99,A high-quality running shoes — shoes product with excellent build quality and modern design.,/abo-images-small (1)/images/small/c5/c5aca57a.jpg
D:\FYP Project\fypapp\abo-images-small (1)\images\small\d7\d76c98c2.jpg,Android Phone,Smartphones,699.99,A high-quality android phone — smartphones product with excellent build quality and modern design.,/abo-images-small (1)/images/small/d7/d76c98c2.jpg
D:\FYP Project\fypapp\abo-images-small (1)\images\small\14\1442cd60.jpg,iPhone,Smartphones,699.99,A high-quality iphone — smartphones product with excellent build quality and modern design.,/abo-images-small (1)/images/small/14/1442cd60.jpg
D:\FYP Project\fypapp\abo-images-small (1)\images\small\d3\d3952963.jpg,Kitchen Appliance,Appliances,129.99,A high-quality kitchen appliance — appliances product with excellent build quality and modern design.,/abo-images-small (1)/images/small/d3/d3952963.jpg
D:\FYP Project\fypapp\abo-images-small (1)\images\small\21\218a198f.jpg,Coffee Table,Tables,299.99,A high-quality coffee table — tables product with excellent build quality and modern design.,/abo-images-small (1)/images/small/21/218a198f.jpg
D:\FYP Project\fypapp\abo-images-small (1)\images\small\49\49ec7605.jpg,Sectional Sofa,Sofas,799.99,A high-quality sectional sofa — sofas product with excellent build quality and modern design.,/abo-images-small (1)/images/small/49/49ec7605.jpg
D:\FYP Project\fypapp\abo-images-small (1)\images\small\d8\d8e86402.jpg,Exercise Gear,Sports,34.99,A high-quality exercise gear — sports product with excellent build quality and modern design.,/abo-images-small (1)/images/small/d8/d8e86402.jpg
D:\FYP Project\fypapp\abo-images-small (1)\images\small\4a\4aff7352.jpg,Yoga Mat,Sports,34.99,A high-quality yoga mat — sports product with excellent build quality and modern design.,/abo-images-small (1)/images/small/4a/4aff7352.jpg
D:\FYP Project\fypapp\abo-images-small (1)\images\small\5d\5d080465.jpg,Mobile Phone,Smartphones,699.99,A high-quality mobile phone — smartphones product with excellent build quality and modern design.,/abo-images-small (1)/images/small/5d/5d080465.jpg
D:\FYP Project\fypapp\abo-images-small (1)\images\small\e5\e5b8a1eb.jpg,Casual Shoes,Shoes,89.99,A high-quality casual shoes — shoes product with excellent build quality and modern design.,/abo-images-small (1)/images/small/e5/e5b8a1eb.jpg
D:\FYP Project\fypapp\abo-images-small (1)\images\small\1b\1b725e2a.jpg,Loveseat,Sofas,799.99,A high-quality loveseat — sofas product with excellent build quality and modern design.,/abo-images-small (1)/images/small/1b/1b725e2a.jpg
D:\FYP Project\fypapp\abo-images-small (1)\images\small\37\3705883d.jpg,Dining Table,Tables,299.99,A high-quality dining table — tables product with excellent build quality and modern design.,/abo-images-small (1)/images/small/37/3705883d.jpg
D:\FYP Project\fypapp\abo-images-small (1)\images\small\54\54b783a3.jpg,Queen Bed,Beds,499.99,A high-quality queen bed — beds product with excellent build quality and modern design.,/abo-images-small (1)/images/small/54/54b783a3.jpg
D:\FYP Project\fypapp\abo-images-small (1)\images\small\3c\3c8b47c0.jpg,Android Phone,Smartphones,699.99,A high-quality android phone — smartphones product with excellent build quality and modern design.,/abo-images-small (1)/images/small/3c/3c8b47c0.jpg
D:\FYP Project\fypapp\abo-images-small (1)\images\small\c0\c014ef88.jpg,Windbreaker,Jackets,119.99,A high-quality windbreaker — jackets product with excellent build quality and modern design.,/abo-images-small (1)/images/small/c0/c014ef88.jpg
D:\FYP Project\fypapp\abo-images-small (1)\images\small\19\195275cb.jpg,Sneakers,Shoes,89.99,A high-quality sneakers — shoes product with excellent build quality and modern design.,/abo-images-small (1)/images/small/19/195275cb.jpg
D:\FYP Project\fypapp\abo-images-small (1)\images\small\36\36da3718.jpg,Running Shoes,Shoes,89.99,A high-quality running shoes — shoes product with excellent build quality and modern design.,/abo-images-small (1)/images/small/36/36da3718.jpg
D:\FYP Project\fypapp\abo-images-small (1)\images\small\00\00ee2aa6.jpg,Android Phone,Smartphones,699.99,A high-quality android phone — smartphones product with excellent build quality and modern design.,/abo-images-small (1)/images/small/00/00ee2aa6.jpg
D:\FYP Project\fypapp\abo-images-small (1)\images\small\8e\8e860c2f.jpg,iPhone,Smartphones,699.99,A high-quality iphone — smartphones product with excellent build quality and modern design.,/abo-images-small (1)/images/small/8e/8e860c2f.jpg
D:\FYP Project\fypapp\abo-images-small (1)\images\small\9c\9cfefc28.jpg,Kitchen Appliance,Appliances,129.99,A high-quality kitchen appliance — appliances product with excellent build quality and modern design.,/abo-images-small (1)/images/small/9c/9cfefc28.jpg
D:\FYP Project\fypapp\abo-images-small (1)\images\small\f1\f17e56be.jpg,Dining Chair,Chairs,199.99,A high-quality dining chair — chairs product with excellent build quality and modern design.,/abo-images-small (1)/images/small/f1/f17e56be.jpg
D:\FYP Project\fypapp\abo-images-small (1)\images\small\ce\ce4764ee.jpg,Straight Jeans,Jeans,69.99,A high-quality straight jeans — jeans product with excellent build quality and modern design.,/abo-images-small (1)/images/small/ce/ce4764ee.jpg
D:\FYP Project\fypapp\abo-images-small (1)\images\small\a4\a496bd3e.jpg,iPhone,Smartphones,699.99,A high-quality iphone — smartphones product with excellent build quality and modern design.,/abo-images-small (1)/images/small/a4/a496bd3e.jpg
D:\FYP Project\fypapp\abo-images-small (1)\images\small\66\66148e8b.jpg,Kitchen Appliance,Appliances,129.99,A high-quality kitchen appliance — appliances product with excellent build quality and modern design.,/abo-images-small (1)/images/small/66/66148e8b.jpg
D:\FYP Project\fypapp\abo-images-small (1)\images\small\0b\0b215593.jpg,Winter Coat,Jackets,119.99,A high-quality winter coat — jackets product with excellent build quality and modern design.,/abo-images-small (1)/images/small/0b/0b215593.jpg
D:\FYP Project\fypapp\abo-images-small (1)\images\small\51\51dbaf34.jpg,Cooking Pot,Cookware,89.99,A high-quality cooking pot — cookware product with excellent build quality and modern design.,/abo-images-small (1)/images/small/51/51dbaf34.jpg
D:\FYP Project\fypapp\abo-images-small (1)\images\small\65\650afe70.jpg,Recliner,Chairs,199.99,A high-quality recliner — chairs product with excellent build quality and modern design.,/abo-images-small (1)/images/small/65/650afe70.jpg
D:\FYP Project\fypapp\abo-images-small (1)\images\small\f7\f78efc1c.jpg,Office Chair,Chairs,199.99,A high-quality office chair — chairs product with excellent build quality and modern design.,/abo-images-small (1)/images/small/f7/f78efc1c.jpg
D:\FYP Project\fypapp\abo-images-small (1)\images\small\63\633c1a7d.jpg,Resistance Bands,Sports,34.99,A high-quality resistance bands — sports product with excellent build quality and modern design.,/abo-images-small (1)/images/small/63/633c1a7d.jpg
D:\FYP Project\fypapp\abo-images-small (1)\images\small\f6\f63c45ee.jpg,Android Phone,Smartphones,699.99,A high-quality android phone — smartphones product with excellent build quality and modern design.,/abo-images-small (1)/images/small/f6/f63c45ee.jpg
D:\FYP Project\fypapp\abo-images-small (1)\images\small\9e\9e33ac7b.jpg,iPhone,Smartphones,699.99,A high-quality iphone — smartphones product with excellent build quality and modern design.,/abo-images-small (1)/images/small/9e/9e33ac7b.jpg
D:\FYP Project\fypapp\abo-images-small (1)\images\small\18\18045e58.jpg,Camping Tent,Outdoors,149.99,A high-quality camping tent — outdoors product with excellent build quality and modern design.,/abo-images-small (1)/images/small/18/18045e58.jpg
D:\FYP Project\fypapp\abo-images-small (1)\images\small\f0\f0cff8d0.jpg,Resistance Bands,Sports,34.99,A high-quality resistance bands — sports product with excellent build quality and modern design.,/abo-images-small (1)/images/small/f0/f0cff8d0.jpg
D:\FYP Project\fypapp\abo-images-small (1)\images\small\52\528126f6.jpg,Fitness Equipment,Sports,34.99,A high-quality fitness equipment — sports product with excellent build quality and modern design.,/abo-images-small (1)/images/small/52/528126f6.jpg
D:\FYP Project\fypapp\abo-images-small (1)\images\small\5c\5cffc3b7.jpg,Recliner,Chairs,199.99,A high-quality recliner — chairs product with excellent build quality and modern design.,/abo-images-small (1)/images/small/5c/5cffc3b7.jpg
D:\FYP Project\fypapp\abo-images-small (1)\images\small\d8\d8c46389.jpg,Bed Frame,Beds,499.99,A high-quality bed frame — beds product with excellent build quality and modern design.,/abo-images-small (1)/images/small/d8/d8c46389.jpg
D:\FYP Project\fypapp\abo-images-small (1)\images\small\cc\cce52993.jpg,Non-Stick Pan,Cookware,89.99,A high-quality non-stick pan — cookware product with excellent build quality and modern design.,/abo-images-small (1)/images/small/cc/cce52993.jpg
D:\FYP Project\fypapp\abo-images-small (1)\images\small\e5\e5f92f9c.jpg,Android Phone,Smartphones,699.99,A high-quality android phone — smartphones product with excellent build quality and modern design.,/abo-images-small (1)/images/small/e5/e5f92f9c.jpg
D:\FYP Project\fypapp\abo-images-small (1)\images\small\45\459b2941.jpg,Exercise Gear,Sports,34.99,A high-quality exercise gear — sports product with excellent build quality and modern design.,/abo-images-small (1)/images/small/45/459b2941.jpg
D:\FYP Project\fypapp\abo-images-small (1)\images\small\94\9428ac40.jpg,Sneakers,Shoes,89.99,A high-quality sneakers — shoes product with excellent build quality and modern design.,/abo-images-small (1)/images/small/94/9428ac40.jpg
D:\FYP Project\fypapp\abo-images-small (1)\images\small\26\26b795fd.jpg,Microwave,Appliances,129.99,A high-quality microwave — appliances product with excellent build quality and modern design.,/abo-images-small (1)/images/small/26/26b795fd.jpg
D:\FYP Project\fypapp\abo-images-small (1)\images\small\bd\bd9985b3.jpg,Accent Chair,Chairs,199.99,A high-quality accent chair — chairs product with excellent build quality and modern design.,/abo-images-small (1)/images/small/bd/bd9985b3.jpg
D:\FYP Project\fypapp\abo-images-small (1)\images\small\4f\4f9f144f.jpg,Boots,Shoes,89.99,A high-quality boots — shoes product with excellent build quality and modern design.,/abo-images-small (1)/images/small/4f/4f9f144f.jpg
D:\FYP Project\fypapp\abo-images-small (1)\images\small\e1\e1700062.jpg,Office Chair,Chairs,199.99,A high-quality office chair — chairs product with excellent build quality and modern design.,/abo-images-small (1)/images/small/e1/e1700062.jpg
D:\FYP Project\fypapp\abo-images-small (1)\images\small\32\32509ac0.jpg,Mobile Phone,Smartphones,699.99,A high-quality mobile phone — smartphones product with excellent build quality and modern design.,/abo-images-small (1)/images/small/32/32509ac0.jpg
D:\FYP Project\fypapp\abo-images-small (1)\images\small\5d\5d5ec8c3.jpg,Straight Jeans,Jeans,69.99,A high-quality straight jeans — jeans product with excellent build quality and modern design.,/abo-images-small (1)/images/small/5d/5d5ec8c3.jpg
D:\FYP Project\fypapp\abo-images-small (1)\images\small\30\3004fb71.jpg,Skillet,Cookware,89.99,A high-quality skillet — cookware product with excellent build quality and modern design.,/abo-images-small (1)/images/small/30/3004fb71.jpg
D:\FYP Project\fypapp\abo-images-small (1)\images\small\18\18194e46.jpg,Jacket,Jackets,119.99,A high-quality jacket — jackets product with excellent build quality and modern design.,/abo-images-small (1)/images/small/18/18194e46.jpg
D:\FYP Project\fypapp\abo-images-small (1)\images\small\14\1411a15c.jpg,Mobile Phone,Smartphones,699.99,A high-quality mobile phone — smartphones product with excellent build quality and modern design.,/abo-images-small (1)/images/small/14/1411a15c.jpg
D:\FYP Project\fypapp\abo-images-small (1)\images\small\39\39ed65cc.jpg,Android Phone,Smartphones,699.99,A high-quality android phone — smartphones product with excellent build quality and modern design.,/abo-images-small (1)/images/small/39/39ed65cc.jpg
D:\FYP Project\fypapp\abo-images-small (1)\images\small\6b\6b8d5a41.jpg,Floral Dress,Dresses,59.99,A high-quality floral dress — dresses product with excellent build quality and modern design.,/abo-images-small (1)/images/small/6b/6b8d5a41.jpg
D:\FYP Project\fypapp\abo-images-small (1)\images\small\ce\ceaaf442.jpg,Smartphone,Smartphones,699.99,A high-quality smartphone — smartphones product with excellent build quality and modern design.,/abo-images-small (1)/images/small/ce/ceaaf442.jpg
D:\FYP Project\fypapp\abo-images-small (1)\images\small\c5\c5dff91b.jpg,iPad,Tablets,449.99,A high-quality ipad — tablets product with excellent build quality and modern design.,/abo-images-small (1)/images/small/c5/c5dff91b.jpg
D:\FYP Project\fypapp\abo-images-small (1)\images\small\65\653771a0.jpg,Sectional Sofa,Sofas,799.99,A high-quality sectional sofa — sofas product with excellent build quality and modern design.,/abo-images-small (1)/images/small/65/653771a0.jpg
D:\FYP Project\fypapp\abo-images-small (1)\images\small\98\98d6969a.jpg,Loveseat,Sofas,799.99,A high-quality loveseat — sofas product with excellent build quality and modern design.,/abo-images-small (1)/images/small/98/98d6969a.jpg
D:\FYP Project\fypapp\abo-images-small (1)\images\small\29\29f46f1a.jpg,Camping Tent,Outdoors,149.99,A high-quality camping tent — outdoors product with excellent build quality and modern design.,/abo-images-small (1)/images/small/29/29f46f1a.jpg
D:\FYP Project\fypapp\abo-images-small (1)\images\small\a4\a42dc0ee.jpg,Queen Bed,Beds,499.99,A high-quality queen bed — beds product with excellent build quality and modern design.,/abo-images-small (1)/images/small/a4/a42dc0ee.jpg
D:\FYP Project\fypapp\abo-images-small (1)\images\small\f1\f14167c5.jpg,Android Phone,Smartphones,699.99,A high-quality android phone — smartphones product with excellent build quality and modern design.,/abo-images-small (1)/images/small/f1/f14167c5.jpg
D:\FYP Project\fypapp\abo-images-small (1)\images\small\6a\6a667d51.jpg,Boots,Shoes,89.99,A high-quality boots — shoes product with excellent build quality and modern design.,/abo-images-small (1)/images/small/6a/6a667d51.jpg
D:\FYP Project\fypapp\abo-images-small (1)\images\small\f5\f521636e.jpg,Sofa,Sofas,799.99,A high-quality sofa — sofas product with excellent build quality and modern design.,/abo-images-small (1)/images/small/f5/f521636e.jpg
D:\FYP Project\fypapp\abo-images-small (1)\images\small\8c\8c84aa3b.jpg,Wireless Earbuds,Headphones,149.99,A high-quality wireless earbuds — headphones product with excellent build quality and modern design.,/abo-images-small (1)/images/small/8c/8c84aa3b.jpg
D:\FYP Project\fypapp\abo-images-small (1)\images\small\5f\5f9aaa35.jpg,King Bed,Beds,499.99,A high-quality king bed — beds product with excellent build quality and modern design.,/abo-images-small (1)/images/small/5f/5f9aaa35.jpg
D:\FYP Project\fypapp\abo-images-small (1)\images\small\ae\aed970b5.jpg,iPhone,Smartphones,699.99,A high-quality iphone — smartphones product with excellent build quality and modern design.,/abo-images-small (1)/images/small/ae/aed970b5.jpg
D:\FYP Project\fypapp\abo-images-small (1)\images\small\bc\bc0f993d.jpg,Office Chair,Chairs,199.99,A high-quality office chair — chairs product with excellent build quality and modern design.,/abo-images-small (1)/images/small/bc/bc0f993d.jpg
D:\FYP Project\fypapp\abo-images-small (1)\images\small\ac\ac9ad00e.jpg,Queen Bed,Beds,499.99,A high-quality queen bed — beds product with excellent build quality and modern design.,/abo-images-small (1)/images/small/ac/ac9ad00e.jpg
D:\FYP Project\fypapp\abo-images-small (1)\images\small\98\98625762.jpg,Blender,Appliances,129.99,A high-quality blender — appliances product with excellent build quality and modern design.,/abo-images-small (1)/images/small/98/98625762.jpg
D:\FYP Project\fypapp\abo-images-small (1)\images\small\1b\1b322a62.jpg,Coffee Maker,Appliances,129.99,A high-quality coffee maker — appliances product with excellent build quality and modern design.,/abo-images-small (1)/images/small/1b/1b322a62.jpg
D:\FYP Project\fypapp\abo-images-small (1)\images\small\cf\cfa5e349.jpg,Headphones,Headphones,149.99,A high-quality headphones — headphones product with excellent build quality and modern design.,/abo-images-small (1)/images/small/cf/cfa5e349.jpg
D:\FYP Project\fypapp\abo-images-small (1)\images\small\0d\0d6d2831.jpg,Ceramic Plates,Dinnerware,49.99,A high-quality ceramic plates — dinnerware product with excellent build quality and modern design.,/abo-images-small (1)/images/small/0d/0d6d2831.jpg
D:\FYP Project\fypapp\abo-images-small (1)\images\small\96\967cedf4.jpg,Puffer Jacket,Jackets,119.99,A high-quality puffer jacket — jackets product with excellent build quality and modern design.,/abo-images-small (1)/images/small/96/967cedf4.jpg
D:\FYP Project\fypapp\abo-images-small (1)\images\small\70\708e237d.jpg,iPhone,Smartphones,699.99,A high-quality iphone — smartphones product with excellent build quality and modern design.,/abo-images-small (1)/images/small/70/708e237d.jpg
D:\FYP Project\fypapp\abo-images-small (1)\images\small\d1\d194ca8b.jpg,Camping Tent,Outdoors,149.99,A high-quality camping tent — outdoors product with excellent build quality and modern design.,/abo-images-small (1)/images/small/d1/d194ca8b.jpg
D:\FYP Project\fypapp\abo-images-small (1)\images\small\58\58449b25.jpg,iPad,Tablets,449.99,A high-quality ipad — tablets product with excellent build quality and modern design.,/abo-images-small (1)/images/small/58/58449b25.jpg
D:\FYP Project\fypapp\abo-images-small (1)\images\small\08\08d0b0c0.jpg,King Bed,Beds,499.99,A high-quality king bed — beds product with excellent build quality and modern design.,/abo-images-small (1)/images/small/08/08d0b0c0.jpg
D:\FYP Project\fypapp\abo-images-small (1)\images\small\1e\1ee32f46.jpg,Exercise Gear,Sports,34.99,A high-quality exercise gear — sports product with excellent build quality and modern design.,/abo-images-small (1)/images/small/1e/1ee32f46.jpg
D:\FYP Project\fypapp\abo-images-small (1)\images\small\51\5101fded.jpg,Yoga Mat,Sports,34.99,A high-quality yoga mat — sports product with excellent build quality and modern design.,/abo-images-small (1)/images/small/51/5101fded.jpg
D:\FYP Project\fypapp\abo-images-small (1)\images\small\eb\eb4d8fef.jpg,Queen Bed,Beds,499.99,A high-quality queen bed — beds product with excellent build quality and modern design.,/abo-images-small (1)/images/small/eb/eb4d8fef.jpg
D:\FYP Project\fypapp\abo-images-small (1)\images\small\c7\c7ede937.jpg,Android Phone,Smartphones,699.99,A high-quality android phone — smartphones product with excellent build quality and modern design.,/abo-images-small (1)/images/small/c7/c7ede937.jpg
D:\FYP Project\fypapp\abo-images-small (1)\images\small\cb\cbfbd90e.jpg,iPhone,Smartphones,699.99,A high-quality iphone — smartphones product with excellent build quality and modern design.,/abo-images-small (1)/images/small/cb/cbfbd90e.jpg
D:\FYP Project\fypapp\abo-images-small (1)\images\small\07\070a1ca7.jpg,Smartphone,Smartphones,699.99,A high-quality smartphone — smartphones product with excellent build quality and modern design.,/abo-images-small (1)/images/small/07/070a1ca7.jpg
D:\FYP Project\fypapp\abo-images-small (1)\images\small\e9\e9a77f1b.jpg,Mobile Phone,Smartphones,699.99,A high-quality mobile phone — smartphones product with excellent build quality and modern design.,/abo-images-small (1)/images/small/e9/e9a77f1b.jpg
D:\FYP Project\fypapp\abo-images-small (1)\images\small\5e\5eae5dd8.jpg,Fitness Equipment,Sports,34.99,A high-quality fitness equipment — sports product with excellent build quality and modern design.,/abo-images-small (1)/images/small/5e/5eae5dd8.jpg
D:\FYP Project\fypapp\abo-images-small (1)\images\small\c8\c848631c.jpg,Skillet,Cookware,89.99,A high-quality skillet — cookware product with excellent build quality and modern design.,/abo-images-small (1)/images/small/c8/c848631c.jpg
D:\FYP Project\fypapp\abo-images-small (1)\images\small\0d\0d8a3597.jpg,Dining Table,Tables,299.99,A high-quality dining table — tables product with excellent build quality and modern design.,/abo-images-small (1)/images/small/0d/0d8a3597.jpg
D:\FYP Project\fypapp\abo-images-small (1)\images\small\3d\3d001567.jpg,Microwave,Appliances,129.99,A high-quality microwave — appliances product with excellent build quality and modern design.,/abo-images-small (1)/images/small/3d/3d001567.jpg
D:\FYP Project\fypapp\abo-images-small (1)\images\small\a4\a4cb0556.jpg,Blender,Appliances,129.99,A high-quality blender — appliances product with excellent build quality and modern design.,/abo-images-small (1)/images/small/a4/a4cb0556.jpg
D:\FYP Project\fypapp\abo-images-small (1)\images\small\b5\b5121ed6.jpg,Boots,Shoes,89.99,A high-quality boots — shoes product with excellent build quality and modern design.,/abo-images-small (1)/images/small/b5/b5121ed6.jpg
D:\FYP Project\fypapp\abo-images-small (1)\images\small\e2\e2b22175.jpg,Smartphone,Smartphones,699.99,A high-quality smartphone — smartphones product with excellent build quality and modern design.,/abo-images-small (1)/images/small/e2/e2b22175.jpg
D:\FYP Project\fypapp\abo-images-small (1)\images\small\99\99df98c7.jpg,Dress Shirt,Shirts,39.99,A high-quality dress shirt — shirts product with excellent build quality and modern design.,/abo-images-small (1)/images/small/99/99df98c7.jpg
D:\FYP Project\fypapp\abo-images-small (1)\images\small\61\61a5723a.jpg,Digital Tablet,Tablets,449.99,A high-quality digital tablet — tablets product with excellent build quality and modern design.,/abo-images-small (1)/images/small/61/61a5723a.jpg
D:\FYP Project\fypapp\abo-images-small (1)\images\small\3f\3f2319ce.jpg,Exercise Gear,Sports,34.99,A high-quality exercise gear — sports product with excellent build quality and modern design.,/abo-images-small (1)/images/small/3f/3f2319ce.jpg
D:\FYP Project\fypapp\abo-images-small (1)\images\small\cb\cb6415e0.jpg,Sneakers,Shoes,89.99,A high-quality sneakers — shoes product with excellent build quality and modern design.,/abo-images-small (1)/images/small/cb/cb6415e0.jpg
D:\FYP Project\fypapp\abo-images-small (1)\images\small\97\97bf3953.jpg,Ceramic Plates,Dinnerware,49.99,A high-quality ceramic plates — dinnerware product with excellent build quality and modern design.,/abo-images-small (1)/images/small/97/97bf3953.jpg
D:\FYP Project\fypapp\abo-images-small (1)\images\small\dc\dc01876e.jpg,Fitness Equipment,Sports,34.99,A high-quality fitness equipment — sports product with excellent build quality and modern design.,/abo-images-small (1)/images/small/dc/dc01876e.jpg
D:\FYP Project\fypapp\abo-images-small (1)\images\small\ab\abed6f1f.jpg,iPhone,Smartphones,699.99,A high-quality iphone — smartphones product with excellent build quality and modern design.,/abo-images-small (1)/images/small/ab/abed6f1f.jpg
D:\FYP Project\fypapp\abo-images-small (1)\images\small\1e\1edb897c.jpg,T-Shirt,Shirts,39.99,A high-quality t-shirt — shirts product with excellent build quality and modern design.,/abo-images-small (1)/images/small/1e/1edb897c.jpg
D:\FYP Project\fypapp\abo-images-small (1)\images\small\a4\a49f4795.jpg,Mobile Phone,Smartphones,699.99,A high-quality mobile phone — smartphones product with excellent build quality and modern design.,/abo-images-small (1)/images/small/a4/a49f4795.jpg
D:\FYP Project\fypapp\abo-images-small (1)\images\small\7a\7a4f4782.jpg,Bowl Set,Dinnerware,49.99,A high-quality bowl set — dinnerware product with excellent build quality and modern design.,/abo-images-small (1)/images/small/7a/7a4f4782.jpg
D:\FYP Project\fypapp\abo-images-small (1)\images\small\8e\8e7769be.jpg,Desk,Tables,299.99,A high-quality desk — tables product with excellent build quality and modern design.,/abo-images-small (1)/images/small/8e/8e7769be.jpg
D:\FYP Project\fypapp\abo-images-small (1)\images\small\75\754fb60d.jpg,Smartphone,Smartphones,699.99,A high-quality smartphone — smartphones product with excellent build quality and modern design.,/abo-images-small (1)/images/small/75/754fb60d.jpg
D:\FYP Project\fypapp\abo-images-small (1)\images\small\70\70226783.jpg,iPad,Tablets,449.99,A high-quality ipad — tablets product with excellent build quality and modern design.,/abo-images-small (1)/images/small/70/70226783.jpg
D:\FYP Project\fypapp\abo-images-small (1)\images\small\e8\e8e950d6.jpg,Cooking Pot,Cookware,89.99,A high-quality cooking pot — cookware product with excellent build quality and modern design.,/abo-images-small (1)/images/small/e8/e8e950d6.jpg
D:\FYP Project\fypapp\abo-images-small (1)\images\small\23\234bc84c.jpg,Loveseat,Sofas,799.99,A high-quality loveseat — sofas product with excellent build quality and modern design.,/abo-images-small (1)/images/small/23/234bc84c.jpg
D:\FYP Project\fypapp\abo-images-small (1)\images\small\38\3843b575.jpg,Kitchen Appliance,Appliances,129.99,A high-quality kitchen appliance — appliances product with excellent build quality and modern design.,/abo-images-small (1)/images/small/38/3843b575.jpg
D:\FYP Project\fypapp\abo-images-small (1)\images\small\74\7426188d.jpg,Resistance Bands,Sports,34.99,A high-quality resistance bands — sports product with excellent build quality and modern design.,/abo-images-small (1)/images/small/74/7426188d.jpg
D:\FYP Project\fypapp\abo-images-small (1)\images\small\8f\8f91b1c8.jpg,Blender,Appliances,129.99,A high-quality blender — appliances product with excellent build quality and modern design.,/abo-images-small (1)/images/small/8f/8f91b1c8.jpg
D:\FYP Project\fypapp\abo-images-small (1)\images\small\f2\f2fcf3e7.jpg,Boots,Shoes,89.99,A high-quality boots — shoes product with excellent build quality and modern design.,/abo-images-small (1)/images/small/f2/f2fcf3e7.jpg
D:\FYP Project\fypapp\abo-images-small (1)\images\small\ad\ad2cee23.jpg,T-Shirt,Shirts,39.99,A high-quality t-shirt — shirts product with excellent build quality and modern design.,/abo-images-small (1)/images/small/ad/ad2cee23.jpg
D:\FYP Project\fypapp\abo-images-small (1)\images\small\65\65141910.jpg,Mobile Phone,Smartphones,699.99,A high-quality mobile phone — smartphones product with excellent build quality and modern design.,/abo-images-small (1)/images/small/65/65141910.jpg
D:\FYP Project\fypapp\abo-images-small (1)\images\small\e6\e66f2b73.jpg,Over-Ear Headphones,Headphones,149.99,A high-quality over-ear headphones — headphones product with excellent build quality and modern design.,/abo-images-small (1)/images/small/e6/e66f2b73.jpg
D:\FYP Project\fypapp\abo-images-small (1)\images\small\8b\8bd4039c.jpg,Android Tablet,Tablets,449.99,A high-quality android tablet — tablets product with excellent build quality and modern design.,/abo-images-small (1)/images/small/8b/8bd4039c.jpg
D:\FYP Project\fypapp\abo-images-small (1)\images\small\bf\bf6ae0fb.jpg,Kitchen Appliance,Appliances,129.99,A high-quality kitchen appliance — appliances product with excellent build quality and modern design.,/abo-images-small (1)/images/small/bf/bf6ae0fb.jpg
D:\FYP Project\fypapp\abo-images-small (1)\images\small\0c\0c6bb1fd.jpg,Running Shoes,Shoes,89.99,A high-quality running shoes — shoes product with excellent build quality and modern design.,/abo-images-small (1)/images/small/0c/0c6bb1fd.jpg
D:\FYP Project\fypapp\abo-images-small (1)\images\small\9e\9e7b4aa1.jpg,Android Phone,Smartphones,699.99,A high-quality android phone — smartphones product with excellent build quality and modern design.,/abo-images-small (1)/images/small/9e/9e7b4aa1.jpg
D:\FYP Project\fypapp\abo-images-small (1)\images\small\1d\1dc4171e.jpg,Coffee Maker,Appliances,129.99,A high-quality coffee maker — appliances product with excellent build quality and modern design.,/abo-images-small (1)/images/small/1d/1dc4171e.jpg
D:\FYP Project\fypapp\abo-images-small (1)\images\small\6d\6de75af6.jpg,Smartphone,Smartphones,699.99,A high-quality smartphone — smartphones product with excellent build quality and modern design.,/abo-images-small (1)/images/small/6d/6de75af6.jpg
D:\FYP Project\fypapp\abo-images-small (1)\images\small\58\58f39fd1.jpg,Queen Bed,Beds,499.99,A high-quality queen bed — beds product with excellent build quality and modern design.,/abo-images-small (1)/images/small/58/58f39fd1.jpg
D:\FYP Project\fypapp\abo-images-small (1)\images\small\70\70dff8df.jpg,Sectional Sofa,Sofas,799.99,A high-quality sectional sofa — sofas product with excellent build quality and modern design.,/abo-images-small (1)/images/small/70/70dff8df.jpg
D:\FYP Project\fypapp\abo-images-small (1)\images\small\27\2717afb3.jpg,Boots,Shoes,89.99,A high-quality boots — shoes product with excellent build quality and modern design.,/abo-images-small (1)/images/small/27/2717afb3.jpg
D:\FYP Project\fypapp\abo-images-small (1)\images\small\8d\8d137261.jpg,Smartphone,Smartphones,699.99,A high-quality smartphone — smartphones product with excellent build quality and modern design.,/abo-images-small (1)/images/small/8d/8d137261.jpg
D:\FYP Project\fypapp\abo-images-small (1)\images\small\b3\b3a29c07.jpg,Microwave,Appliances,129.99,A high-quality microwave — appliances product with excellent build quality and modern design.,/abo-images-small (1)/images/small/b3/b3a29c07.jpg
D:\FYP Project\fypapp\abo-images-small (1)\images\small\00\0063bffb.jpg,Accent Chair,Chairs,199.99,A high-quality accent chair — chairs product with excellent build quality and modern design.,/abo-images-small (1)/images/small/00/0063bffb.jpg
D:\FYP Project\fypapp\abo-images-small (1)\images\small\e4\e4d021eb.jpg,iPhone,Smartphones,699.99,A high-quality iphone — smartphones product with excellent build quality and modern design.,/abo-images-small (1)/images/small/e4/e4d021eb.jpg
D:\FYP Project\fypapp\abo-images-small (1)\images\small\bc\bcecd6d7.jpg,Smartphone,Smartphones,699.99,A high-quality smartphone — smartphones product with excellent build quality and modern design.,/abo-images-small (1)/images/small/bc/bcecd6d7.jpg
D:\FYP Project\fypapp\abo-images-small (1)\images\small\a0\a0db9150.jpg,Couch,Sofas,799.99,A high-quality couch — sofas product with excellent build quality and modern design.,/abo-images-small (1)/images/small/a0/a0db9150.jpg
D:\FYP Project\fypapp\abo-images-small (1)\images\small\90\90224260.jpg,Android Phone,Smartphones,699.99,A high-quality android phone — smartphones product with excellent build quality and modern design.,/abo-images-small (1)/images/small/90/90224260.jpg
D:\FYP Project\fypapp\abo-images-small (1)\images\small\12\1236dfb9.jpg,iPhone,Smartphones,699.99,A high-quality iphone — smartphones product with excellent build quality and modern design.,/abo-images-small (1)/images/small/12/1236dfb9.jpg
D:\FYP Project\fypapp\abo-images-small (1)\images\small\42\422d6e66.jpg,Cookware Set,Cookware,89.99,A high-quality cookware set — cookware product with excellent build quality and modern design.,/abo-images-small (1)/images/small/42/422d6e66.jpg
D:\FYP Project\fypapp\abo-images-small (1)\images\small\b4\b4e8f3a2.jpg,Microwave,Appliances,129.99,A high-quality microwave — appliances product with excellent build quality and modern design.,/abo-images-small (1)/images/small/b4/b4e8f3a2.jpg
D:\FYP Project\fypapp\abo-images-small (1)\images\small\7e\7eec2f09.jpg,Accent Chair,Chairs,199.99,A high-quality accent chair — chairs product with excellent build quality and modern design.,/abo-images-small (1)/images/small/7e/7eec2f09.jpg
D:\FYP Project\fypapp\abo-images-small (1)\images\small\d7\d7efd69a.jpg,iPhone,Smartphones,699.99,A high-quality iphone — smartphones product with excellent build quality and modern design.,/abo-images-small (1)/images/small/d7/d7efd69a.jpg
D:\FYP Project\fypapp\abo-images-small (1)\images\small\ae\ae2f03d1.jpg,Sneakers,Shoes,89.99,A high-quality sneakers — shoes product with excellent build quality and modern design.,/abo-images-small (1)/images/small/ae/ae2f03d1.jpg
D:\FYP Project\fypapp\abo-images-small (1)\images\small\d8\d8e0014e.jpg,Coffee Table,Tables,299.99,A high-quality coffee table — tables product with excellent build quality and modern design.,/abo-images-small (1)/images/small/d8/d8e0014e.jpg
D:\FYP Project\fypapp\abo-images-small (1)\images\small\99\99cdc98e.jpg,Side Table,Tables,299.99,A high-quality side table — tables product with excellent build quality and modern design.,/abo-images-small (1)/images/small/99/99cdc98e.jpg
D:\FYP Project\fypapp\abo-images-small (1)\images\small\11\1159080c.jpg,Gaming Laptop,Laptops,899.99,A high-quality gaming laptop — laptops product with excellent build quality and modern design.,/abo-images-small (1)/images/small/11/1159080c.jpg
D:\FYP Project\fypapp\abo-images-small (1)\images\small\48\4882b777.jpg,Sofa,Sofas,799.99,A high-quality sofa — sofas product with excellent build quality and modern design.,/abo-images-small (1)/images/small/48/4882b777.jpg
D:\FYP Project\fypapp\abo-images-small (1)\images\small\5d\5dd2af6d.jpg,Non-Stick Pan,Cookware,89.99,A high-quality non-stick pan — cookware product with excellent build quality and modern design.,/abo-images-small (1)/images/small/5d/5dd2af6d.jpg
D:\FYP Project\fypapp\abo-images-small (1)\images\small\bf\bf1de2ec.jpg,Outdoor Equipment,Outdoors,149.99,A high-quality outdoor equipment — outdoors product with excellent build quality and modern design.,/abo-images-small (1)/images/small/bf/bf1de2ec.jpg
D:\FYP Project\fypapp\abo-images-small (1)\images\small\2c\2c352f74.jpg,Coffee Maker,Appliances,129.99,A high-quality coffee maker — appliances product with excellent build quality and modern design.,/abo-images-small (1)/images/small/2c/2c352f74.jpg
D:\FYP Project\fypapp\abo-images-small (1)\images\small\65\65034b8b.jpg,Jacket,Jackets,119.99,A high-quality jacket — jackets product with excellent build quality and modern design.,/abo-images-small (1)/images/small/65/65034b8b.jpg
D:\FYP Project\fypapp\abo-images-small (1)\images\small\98\987dd917.jpg,Mobile Phone,Smartphones,699.99,A high-quality mobile phone — smartphones product with excellent build quality and modern design.,/abo-images-small (1)/images/small/98/987dd917.jpg
D:\FYP Project\fypapp\abo-images-small (1)\images\small\f4\f49fd941.jpg,Outdoor Equipment,Outdoors,149.99,A high-quality outdoor equipment — outdoors product with excellent build quality and modern design.,/abo-images-small (1)/images/small/f4/f49fd941.jpg
D:\FYP Project\fypapp\abo-images-small (1)\images\small\a9\a9a17c41.jpg,Loveseat,Sofas,799.99,A high-quality loveseat — sofas product with excellent build quality and modern design.,/abo-images-small (1)/images/small/a9/a9a17c41.jpg
D:\FYP Project\fypapp\abo-images-small (1)\images\small\28\28f98099.jpg,Smartphone,Smartphones,699.99,A high-quality smartphone — smartphones product with excellent build quality and modern design.,/abo-images-small (1)/images/small/28/28f98099.jpg
D:\FYP Project\fypapp\abo-images-small (1)\images\small\09\09d5b974.jpg,Dress Shirt,Shirts,39.99,A high-quality dress shirt — shirts product with excellent build quality and modern design.,/abo-images-small (1)/images/small/09/09d5b974.jpg
D:\FYP Project\fypapp\abo-images-small (1)\images\small\da\da67e899.jpg,Fitness Equipment,Sports,34.99,A high-quality fitness equipment — sports product with excellent build quality and modern design.,/abo-images-small (1)/images/small/da/da67e899.jpg
D:\FYP Project\fypapp\abo-images-small (1)\images\small\d3\d350b5ef.jpg,iPhone,Smartphones,699.99,A high-quality iphone — smartphones product with excellent build quality and modern design.,/abo-images-small (1)/images/small/d3/d350b5ef.jpg
D:\FYP Project\fypapp\abo-images-small (1)\images\small\54\54839f89.jpg,Dinnerware Set,Dinnerware,49.99,A high-quality dinnerware set — dinnerware product with excellent build quality and modern design.,/abo-images-small (1)/images/small/54/54839f89.jpg
D:\FYP Project\fypapp\abo-images-small (1)\images\small\f8\f884b96a.jpg,Couch,Sofas,799.99,A high-quality couch — sofas product with excellent build quality and modern design.,/abo-images-small (1)/images/small/f8/f884b96a.jpg
D:\FYP Project\fypapp\abo-images-small (1)\images\small\37\37775c9e.jpg,Casual Shoes,Shoes,89.99,A high-quality casual shoes — shoes product with excellent build quality and modern design.,/abo-images-small (1)/images/small/37/37775c9e.jpg
D:\FYP Project\fypapp\abo-images-small (1)\images\small\6c\6ca285ca.jpg,Exercise Gear,Sports,34.99,A high-quality exercise gear — sports product with excellent build quality and modern design.,/abo-images-small (1)/images/small/6c/6ca285ca.jpg
D:\FYP Project\fypapp\abo-images-small (1)\images\small\bf\bfab6930.jpg,Yoga Mat,Sports,34.99,A high-quality yoga mat — sports product with excellent build quality and modern design.,/abo-images-small (1)/images/small/bf/bfab6930.jpg
D:\FYP Project\fypapp\abo-images-small (1)\images\small\04\04a01c80.jpg,Mobile Phone,Smartphones,699.99,A high-quality mobile phone — smartphones product with excellent build quality and modern design.,/abo-images-small (1)/images/small/04/04a01c80.jpg
D:\FYP Project\fypapp\abo-images-small (1)\images\small\c0\c02d1146.jpg,Digital Tablet,Tablets,449.99,A high-quality digital tablet — tablets product with excellent build quality and modern design.,/abo-images-small (1)/images/small/c0/c02d1146.jpg
D:\FYP Project\fypapp\abo-images-small (1)\images\small\8e\8e564732.jpg,iPhone,Smartphones,699.99,A high-quality iphone — smartphones product with excellent build quality and modern design.,/abo-images-small (1)/images/small/8e/8e564732.jpg
D:\FYP Project\fypapp\abo-images-small (1)\images\small\1f\1f8d97da.jpg,Smartphone,Smartphones,699.99,A high-quality smartphone — smartphones product with excellent build quality and modern design.,/abo-images-small (1)/images/small/1f/1f8d97da.jpg
D:\FYP Project\fypapp\abo-images-small (1)\images\small\4f\4f94c7d0.jpg,iPad,Tablets,449.99,A high-quality ipad — tablets product with excellent build quality and modern design.,/abo-images-small (1)/images/small/4f/4f94c7d0.jpg
D:\FYP Project\fypapp\abo-images-small (1)\images\small\26\26484624.jpg,Accent Chair,Chairs,199.99,A high-quality accent chair — chairs product with excellent build quality and modern design.,/abo-images-small (1)/images/small/26/26484624.jpg
D:\FYP Project\fypapp\abo-images-small (1)\images\small\a0\a0ae4dbb.jpg,Exercise Gear,Sports,34.99,A high-quality exercise gear — sports product with excellent build quality and modern design.,/abo-images-small (1)/images/small/a0/a0ae4dbb.jpg
D:\FYP Project\fypapp\abo-images-small (1)\images\small\27\279b09b0.jpg,Smartphone,Smartphones,699.99,A high-quality smartphone — smartphones product with excellent build quality and modern design.,/abo-images-small (1)/images/small/27/279b09b0.jpg
D:\FYP Project\fypapp\abo-images-small (1)\images\small\e1\e176173c.jpg,Couch,Sofas,799.99,A high-quality couch — sofas product with excellent build quality and modern design.,/abo-images-small (1)/images/small/e1/e176173c.jpg
D:\FYP Project\fypapp\abo-images-small (1)\images\small\34\34fc088c.jpg,Fitness Equipment,Sports,34.99,A high-quality fitness equipment — sports product with excellent build quality and modern design.,/abo-images-small (1)/images/small/34/34fc088c.jpg
D:\FYP Project\fypapp\abo-images-small (1)\images\small\ae\ae246d7f.jpg,iPhone,Smartphones,699.99,A high-quality iphone — smartphones product with excellent build quality and modern design.,/abo-images-small (1)/images/small/ae/ae246d7f.jpg
D:\FYP Project\fypapp\abo-images-small (1)\images\small\fa\fad8f6a2.jpg,Smartphone,Smartphones,699.99,A high-quality smartphone — smartphones product with excellent build quality and modern design.,/abo-images-small (1)/images/small/fa/fad8f6a2.jpg
D:\FYP Project\fypapp\abo-images-small (1)\images\small\66\66484422.jpg,Queen Bed,Beds,499.99,A high-quality queen bed — beds product with excellent build quality and modern design.,/abo-images-small (1)/images/small/66/66484422.jpg
D:\FYP Project\fypapp\abo-images-small (1)\images\small\b1\b1b45541.jpg,Blender,Appliances,129.99,A high-quality blender — appliances product with excellent build quality and modern design.,/abo-images-small (1)/images/small/b1/b1b45541.jpg
D:\FYP Project\fypapp\abo-images-small (1)\images\small\f7\f70f1e72.jpg,Platform Bed,Beds,499.99,A high-quality platform bed — beds product with excellent build quality and modern design.,/abo-images-small (1)/images/small/f7/f70f1e72.jpg
D:\FYP Project\fypapp\abo-images-small (1)\images\small\5f\5fffacaf.jpg,Headphones,Headphones,149.99,A high-quality headphones — headphones product with excellent build quality and modern design.,/abo-images-small (1)/images/small/5f/5fffacaf.jpg
D:\FYP Project\fypapp\abo-images-small (1)\images\small\90\90e44e37.jpg,DSLR Camera,Cameras,549.99,A high-quality dslr camera — cameras product with excellent build quality and modern design.,/abo-images-small (1)/images/small/90/90e44e37.jpg
D:\FYP Project\fypapp\abo-images-small (1)\images\small\a8\a8e26570.jpg,Side Table,Tables,299.99,A high-quality side table — tables product with excellent build quality and modern design.,/abo-images-small (1)/images/small/a8/a8e26570.jpg
D:\FYP Project\fypapp\abo-images-small (1)\images\small\a5\a56359af.jpg,Earphones,Headphones,149.99,A high-quality earphones — headphones product with excellent build quality and modern design.,/abo-images-small (1)/images/small/a5/a56359af.jpg
D:\FYP Project\fypapp\abo-images-small (1)\images\small\56\5609e73f.jpg,Smartphone,Smartphones,699.99,A high-quality smartphone — smartphones product with excellent build quality and modern design.,/abo-images-small (1)/images/small/56/5609e73f.jpg
D:\FYP Project\fypapp\abo-images-small (1)\images\small\9f\9f175564.jpg,Mobile Phone,Smartphones,699.99,A high-quality mobile phone — smartphones product with excellent build quality and modern design.,/abo-images-small (1)/images/small/9f/9f175564.jpg
D:\FYP Project\fypapp\abo-images-small (1)\images\small\bf\bfd2ec9a.jpg,Puffer Jacket,Jackets,119.99,A high-quality puffer jacket — jackets product with excellent build quality and modern design.,/abo-images-small (1)/images/small/bf/bfd2ec9a.jpg
D:\FYP Project\fypapp\abo-images-small (1)\images\small\30\30d46b23.jpg,Android Tablet,Tablets,449.99,A high-quality android tablet — tablets product with excellent build quality and modern design.,/abo-images-small (1)/images/small/30/30d46b23.jpg
D:\FYP Project\fypapp\abo-images-small (1)\images\small\86\86328755.jpg,Smartphone,Smartphones,699.99,A high-quality smartphone — smartphones product with excellent build quality and modern design.,/abo-images-small (1)/images/small/86/86328755.jpg
D:\FYP Project\fypapp\abo-images-small (1)\images\small\43\43360712.jpg,Maxi Dress,Dresses,59.99,A high-quality maxi dress — dresses product with excellent build quality and modern design.,/abo-images-small (1)/images/small/43/43360712.jpg
D:\FYP Project\fypapp\abo-images-small (1)\images\small\d0\d01aee98.jpg,Cooking Pot,Cookware,89.99,A high-quality cooking pot — cookware product with excellent build quality and modern design.,/abo-images-small (1)/images/small/d0/d01aee98.jpg
D:\FYP Project\fypapp\abo-images-small (1)\images\small\b1\b17a9a47.jpg,iPhone,Smartphones,699.99,A high-quality iphone — smartphones product with excellent build quality and modern design.,/abo-images-small (1)/images/small/b1/b17a9a47.jpg
D:\FYP Project\fypapp\abo-images-small (1)\images\small\2e\2e1d44a7.jpg,Yoga Mat,Sports,34.99,A high-quality yoga mat — sports product with excellent build quality and modern design.,/abo-images-small (1)/images/small/2e/2e1d44a7.jpg
D:\FYP Project\fypapp\abo-images-small (1)\images\small\17\178c1bdc.jpg,Mobile Phone,Smartphones,699.99,A high-quality mobile phone — smartphones product with excellent build quality and modern design.,/abo-images-small (1)/images/small/17/178c1bdc.jpg
D:\FYP Project\fypapp\abo-images-small (1)\images\small\61\6100da7d.jpg,Android Phone,Smartphones,699.99,A high-quality android phone — smartphones product with excellent build quality and modern design.,/abo-images-small (1)/images/small/61/6100da7d.jpg
D:\FYP Project\fypapp\abo-images-small (1)\images\small\90\90b5b249.jpg,Boots,Shoes,89.99,A high-quality boots — shoes product with excellent build quality and modern design.,/abo-images-small (1)/images/small/90/90b5b249.jpg
D:\FYP Project\fypapp\abo-images-small (1)\images\small\77\779177d8.jpg,Tablet,Tablets,449.99,A high-quality tablet — tablets product with excellent build quality and modern design.,/abo-images-small (1)/images/small/77/779177d8.jpg
D:\FYP Project\fypapp\abo-images-small (1)\images\small\b1\b1503c35.jpg,Mobile Phone,Smartphones,699.99,A high-quality mobile phone — smartphones product with excellent build quality and modern design.,/abo-images-small (1)/images/small/b1/b1503c35.jpg
D:\FYP Project\fypapp\abo-images-small (1)\images\small\5d\5dddfa05.jpg,Puffer Jacket,Jackets,119.99,A high-quality puffer jacket — jackets product with excellent build quality and modern design.,/abo-images-small (1)/images/small/5d/5dddfa05.jpg
D:\FYP Project\fypapp\abo-images-small (1)\images\small\00\00e1cf35.jpg,Skillet,Cookware,89.99,A high-quality skillet — cookware product with excellent build quality and modern design.,/abo-images-small (1)/images/small/00/00e1cf35.jpg
D:\FYP Project\fypapp\abo-images-small (1)\images\small\63\6347874f.jpg,Cookware Set,Cookware,89.99,A high-quality cookware set — cookware product with excellent build quality and modern design.,/abo-images-small (1)/images/small/63/6347874f.jpg
D:\FYP Project\fypapp\abo-images-small (1)\images\small\ff\ff110e27.jpg,Queen Bed,Beds,499.99,A high-quality queen bed — beds product with excellent build quality and modern design.,/abo-images-small (1)/images/small/ff/ff110e27.jpg
D:\FYP Project\fypapp\abo-images-small (1)\images\small\68\688842a5.jpg,Casual Shoes,Shoes,89.99,A high-quality casual shoes — shoes product with excellent build quality and modern design.,/abo-images-small (1)/images/small/68/688842a5.jpg
D:\FYP Project\fypapp\abo-images-small (1)\images\small\cb\cbeea75a.jpg,Desk,Tables,299.99,A high-quality desk — tables product with excellent build quality and modern design.,/abo-images-small (1)/images/small/cb/cbeea75a.jpg
D:\FYP Project\fypapp\abo-images-small (1)\images\small\c9\c98d858b.jpg,Yoga Mat,Sports,34.99,A high-quality yoga mat — sports product with excellent build quality and modern design.,/abo-images-small (1)/images/small/c9/c98d858b.jpg
D:\FYP Project\fypapp\abo-images-small (1)\images\small\e5\e58e5b06.jpg,Mobile Phone,Smartphones,699.99,A high-quality mobile phone — smartphones product with excellent build quality and modern design.,/abo-images-small (1)/images/small/e5/e58e5b06.jpg
D:\FYP Project\fypapp\abo-images-small (1)\images\small\ab\ab40d524.jpg,Android Phone,Smartphones,699.99,A high-quality android phone — smartphones product with excellent build quality and modern design.,/abo-images-small (1)/images/small/ab/ab40d524.jpg
D:\FYP Project\fypapp\abo-images-small (1)\images\small\32\322cf453.jpg,Mug Set,Dinnerware,49.99,A high-quality mug set — dinnerware product with excellent build quality and modern design.,/abo-images-small (1)/images/small/32/322cf453.jpg
D:\FYP Project\fypapp\abo-images-small (1)\images\small\9b\9ba7191e.jpg,Yoga Mat,Sports,34.99,A high-quality yoga mat — sports product with excellent build quality and modern design.,/abo-images-small (1)/images/small/9b/9ba7191e.jpg
D:\FYP Project\fypapp\abo-images-small (1)\images\small\bb\bb98e35b.jpg,iPad,Tablets,449.99,A high-quality ipad — tablets product with excellent build quality and modern design.,/abo-images-small (1)/images/small/bb/bb98e35b.jpg
D:\FYP Project\fypapp\abo-images-small (1)\images\small\a9\a983ced5.jpg,Android Phone,Smartphones,699.99,A high-quality android phone — smartphones product with excellent build quality and modern design.,/abo-images-small (1)/images/small/a9/a983ced5.jpg
D:\FYP Project\fypapp\abo-images-small (1)\images\small\79\795f18d1.jpg,iPhone,Smartphones,699.99,A high-quality iphone — smartphones product with excellent build quality and modern design.,/abo-images-small (1)/images/small/79/795f18d1.jpg
D:\FYP Project\fypapp\abo-images-small (1)\images\small\75\7508f2d9.jpg,Smartphone,Smartphones,699.99,A high-quality smartphone — smartphones product with excellent build quality and modern design.,/abo-images-small (1)/images/small/75/7508f2d9.jpg
D:\FYP Project\fypapp\abo-images-small (1)\images\small\c0\c00e2280.jpg,Mobile Phone,Smartphones,699.99,A high-quality mobile phone — smartphones product with excellent build quality and modern design.,/abo-images-small (1)/images/small/c0/c00e2280.jpg
D:\FYP Project\fypapp\abo-images-small (1)\images\small\bd\bd3681f0.jpg,Bowl Set,Dinnerware,49.99,A high-quality bowl set — dinnerware product with excellent build quality and modern design.,/abo-images-small (1)/images/small/bd/bd3681f0.jpg
D:\FYP Project\fypapp\abo-images-small (1)\images\small\84\840cc039.jpg,Desk,Tables,299.99,A high-quality desk — tables product with excellent build quality and modern design.,/abo-images-small (1)/images/small/84/840cc039.jpg
D:\FYP Project\fypapp\abo-images-small (1)\images\small\9e\9ea753f3.jpg,Jacket,Jackets,119.99,A high-quality jacket — jackets product with excellent build quality and modern design.,/abo-images-small (1)/images/small/9e/9ea753f3.jpg
D:\FYP Project\fypapp\abo-images-small (1)\images\small\70\705ef95b.jpg,Coffee Table,Tables,299.99,A high-quality coffee table — tables product with excellent build quality and modern design.,/abo-images-small (1)/images/small/70/705ef95b.jpg
D:\FYP Project\fypapp\abo-images-small (1)\images\small\42\4287e38c.jpg,Android Phone,Smartphones,699.99,A high-quality android phone — smartphones product with excellent build quality and modern design.,/abo-images-small (1)/images/small/42/4287e38c.jpg
D:\FYP Project\fypapp\abo-images-small (1)\images\small\f4\f457ccf5.jpg,Denim Pants,Jeans,69.99,A high-quality denim pants — jeans product with excellent build quality and modern design.,/abo-images-small (1)/images/small/f4/f457ccf5.jpg
D:\FYP Project\fypapp\abo-images-small (1)\images\small\54\5459fd03.jpg,Headphones,Headphones,149.99,A high-quality headphones — headphones product with excellent build quality and modern design.,/abo-images-small (1)/images/small/54/5459fd03.jpg
D:\FYP Project\fypapp\abo-images-small (1)\images\small\c6\c6be675b.jpg,Hiking Gear,Outdoors,149.99,A high-quality hiking gear — outdoors product with excellent build quality and modern design.,/abo-images-small (1)/images/small/c6/c6be675b.jpg
D:\FYP Project\fypapp\abo-images-small (1)\images\small\85\85fb1ae2.jpg,Summer Dress,Dresses,59.99,A high-quality summer dress — dresses product with excellent build quality and modern design.,/abo-images-small (1)/images/small/85/85fb1ae2.jpg
D:\FYP Project\fypapp\abo-images-small (1)\images\small\52\528c7ac7.jpg,Mug Set,Dinnerware,49.99,A high-quality mug set — dinnerware product with excellent build quality and modern design.,/abo-images-small (1)/images/small/52/528c7ac7.jpg
D:\FYP Project\fypapp\abo-images-small (1)\images\small\8f\8f48a0e2.jpg,Yoga Mat,Sports,34.99,A high-quality yoga mat — sports product with excellent build quality and modern design.,/abo-images-small (1)/images/small/8f/8f48a0e2.jpg
D:\FYP Project\fypapp\abo-images-small (1)\images\small\0e\0eafafb4.jpg,Couch,Sofas,799.99,A high-quality couch — sofas product with excellent build quality and modern design.,/abo-images-small (1)/images/small/0e/0eafafb4.jpg
D:\FYP Project\fypapp\abo-images-small (1)\images\small\6f\6f26b68a.jpg,Casual Shoes,Shoes,89.99,A high-quality casual shoes — shoes product with excellent build quality and modern design.,/abo-images-small (1)/images/small/6f/6f26b68a.jpg
D:\FYP Project\fypapp\abo-images-small (1)\images\small\a5\a5a48423.jpg,Coffee Maker,Appliances,129.99,A high-quality coffee maker — appliances product with excellent build quality and modern design.,/abo-images-small (1)/images/small/a5/a5a48423.jpg
D:\FYP Project\fypapp\abo-images-small (1)\images\small\f7\f7003bed.jpg,Kitchen Appliance,Appliances,129.99,A high-quality kitchen appliance — appliances product with excellent build quality and modern design.,/abo-images-small (1)/images/small/f7/f7003bed.jpg
D:\FYP Project\fypapp\abo-images-small (1)\images\small\85\8567b766.jpg,Couch,Sofas,799.99,A high-quality couch — sofas product with excellent build quality and modern design.,/abo-images-small (1)/images/small/85/8567b766.jpg
D:\FYP Project\fypapp\abo-images-small (1)\images\small\87\8706a8ad.jpg,Summer Dress,Dresses,59.99,A high-quality summer dress — dresses product with excellent build quality and modern design.,/abo-images-small (1)/images/small/87/8706a8ad.jpg
D:\FYP Project\fypapp\abo-images-small (1)\images\small\e6\e6c8f04a.jpg,Floral Dress,Dresses,59.99,A high-quality floral dress — dresses product with excellent build quality and modern design.,/abo-images-small (1)/images/small/e6/e6c8f04a.jpg
D:\FYP Project\fypapp\abo-images-small (1)\images\small\e2\e2e1ffbc.jpg,Jeans,Jeans,69.99,A high-quality jeans — jeans product with excellent build quality and modern design.,/abo-images-small (1)/images/small/e2/e2e1ffbc.jpg
D:\FYP Project\fypapp\abo-images-small (1)\images\small\34\345b1453.jpg,Hiking Gear,Outdoors,149.99,A high-quality hiking gear — outdoors product with excellent build quality and modern design.,/abo-images-small (1)/images/small/34/345b1453.jpg
D:\FYP Project\fypapp\abo-images-small (1)\images\small\ad\ad1f82e6.jpg,Over-Ear Headphones,Headphones,149.99,A high-quality over-ear headphones — headphones product with excellent build quality and modern design.,/abo-images-small (1)/images/small/ad/ad1f82e6.jpg
D:\FYP Project\fypapp\abo-images-small (1)\images\small\0c\0c851ace.jpg,iPhone,Smartphones,699.99,A high-quality iphone — smartphones product with excellent build quality and modern design.,/abo-images-small (1)/images/small/0c/0c851ace.jpg
D:\FYP Project\fypapp\abo-images-small (1)\images\small\2a\2a9c50eb.jpg,Smartphone,Smartphones,699.99,A high-quality smartphone — smartphones product with excellent build quality and modern design.,/abo-images-small (1)/images/small/2a/2a9c50eb.jpg
D:\FYP Project\fypapp\abo-images-small (1)\images\small\af\af6db36f.jpg,Dining Chair,Chairs,199.99,A high-quality dining chair — chairs product with excellent build quality and modern design.,/abo-images-small (1)/images/small/af/af6db36f.jpg
D:\FYP Project\fypapp\abo-images-small (1)\images\small\cd\cd05744b.jpg,Over-Ear Headphones,Headphones,149.99,A high-quality over-ear headphones — headphones product with excellent build quality and modern design.,/abo-images-small (1)/images/small/cd/cd05744b.jpg
D:\FYP Project\fypapp\abo-images-small (1)\images\small\74\74e3586e.jpg,Boots,Shoes,89.99,A high-quality boots — shoes product with excellent build quality and modern design.,/abo-images-small (1)/images/small/74/74e3586e.jpg
D:\FYP Project\fypapp\abo-images-small (1)\images\small\21\21ea3917.jpg,Smartphone,Smartphones,699.99,A high-quality smartphone — smartphones product with excellent build quality and modern design.,/abo-images-small (1)/images/small/21/21ea3917.jpg
D:\FYP Project\fypapp\abo-images-small (1)\images\small\99\993bad43.jpg,Coffee Table,Tables,299.99,A high-quality coffee table — tables product with excellent build quality and modern design.,/abo-images-small (1)/images/small/99/993bad43.jpg
D:\FYP Project\fypapp\abo-images-small (1)\images\small\21\21b26980.jpg,Casual Shoes,Shoes,89.99,A high-quality casual shoes — shoes product with excellent build quality and modern design.,/abo-images-small (1)/images/small/21/21b26980.jpg
D:\FYP Project\fypapp\abo-images-small (1)\images\small\b7\b76c6fdc.jpg,iPhone,Smartphones,699.99,A high-quality iphone — smartphones product with excellent build quality and modern design.,/abo-images-small (1)/images/small/b7/b76c6fdc.jpg
D:\FYP Project\fypapp\abo-images-small (1)\images\small\9f\9f237b0d.jpg,Yoga Mat,Sports,34.99,A high-quality yoga mat — sports product with excellent build quality and modern design.,/abo-images-small (1)/images/small/9f/9f237b0d.jpg
D:\FYP Project\fypapp\abo-images-small (1)\images\small\05\0534dbb7.jpg,Queen Bed,Beds,499.99,A high-quality queen bed — beds product with excellent build quality and modern design.,/abo-images-small (1)/images/small/05/0534dbb7.jpg
D:\FYP Project\fypapp\abo-images-small (1)\images\small\fc\fcd743e7.jpg,Bowl Set,Dinnerware,49.99,A high-quality bowl set — dinnerware product with excellent build quality and modern design.,/abo-images-small (1)/images/small/fc/fcd743e7.jpg
D:\FYP Project\fypapp\abo-images-small (1)\images\small\30\30a876d4.jpg,iPhone,Smartphones,699.99,A high-quality iphone — smartphones product with excellent build quality and modern design.,/abo-images-small (1)/images/small/30/30a876d4.jpg
D:\FYP Project\fypapp\abo-images-small (1)\images\small\8f\8f03406b.jpg,Bed Frame,Beds,499.99,A high-quality bed frame — beds product with excellent build quality and modern design.,/abo-images-small (1)/images/small/8f/8f03406b.jpg
D:\FYP Project\fypapp\abo-images-small (1)\images\small\e3\e3dd8a89.jpg,Resistance Bands,Sports,34.99,A high-quality resistance bands — sports product with excellent build quality and modern design.,/abo-images-small (1)/images/small/e3/e3dd8a89.jpg
D:\FYP Project\fypapp\abo-images-small (1)\images\small\36\362114a2.jpg,Straight Jeans,Jeans,69.99,A high-quality straight jeans — jeans product with excellent build quality and modern design.,/abo-images-small (1)/images/small/36/362114a2.jpg
D:\FYP Project\fypapp\abo-images-small (1)\images\small\19\193ec52e.jpg,Exercise Gear,Sports,34.99,A high-quality exercise gear — sports product with excellent build quality and modern design.,/abo-images-small (1)/images/small/19/193ec52e.jpg
D:\FYP Project\fypapp\abo-images-small (1)\images\small\a4\a47569a1.jpg,Smartphone,Smartphones,699.99,A high-quality smartphone — smartphones product with excellent build quality and modern design.,/abo-images-small (1)/images/small/a4/a47569a1.jpg
D:\FYP Project\fypapp\abo-images-small (1)\images\small\5d\5d2bbc42.jpg,Running Shoes,Shoes,89.99,A high-quality running shoes — shoes product with excellent build quality and modern design.,/abo-images-small (1)/images/small/5d/5d2bbc42.jpg
D:\FYP Project\fypapp\abo-images-small (1)\images\small\77\771e40c3.jpg,King Bed,Beds,499.99,A high-quality king bed — beds product with excellent build quality and modern design.,/abo-images-small (1)/images/small/77/771e40c3.jpg
D:\FYP Project\fypapp\abo-images-small (1)\images\small\d8\d81f61ec.jpg,Coffee Maker,Appliances,129.99,A high-quality coffee maker — appliances product with excellent build quality and modern design.,/abo-images-small (1)/images/small/d8/d81f61ec.jpg
D:\FYP Project\fypapp\abo-images-small (1)\images\small\f2\f2a49e5e.jpg,Jeans,Jeans,69.99,A high-quality jeans — jeans product with excellent build quality and modern design.,/abo-images-small (1)/images/small/f2/f2a49e5e.jpg
D:\FYP Project\fypapp\abo-images-small (1)\images\small\8a\8ad80595.jpg,iPad,Tablets,449.99,A high-quality ipad — tablets product with excellent build quality and modern design.,/abo-images-small (1)/images/small/8a/8ad80595.jpg
D:\FYP Project\fypapp\abo-images-small (1)\images\small\e2\e22d4f0f.jpg,Android Phone,Smartphones,699.99,A high-quality android phone — smartphones product with excellent build quality and modern design.,/abo-images-small (1)/images/small/e2/e22d4f0f.jpg
D:\FYP Project\fypapp\abo-images-small (1)\images\small\1b\1b27f778.jpg,Exercise Gear,Sports,34.99,A high-quality exercise gear — sports product with excellent build quality and modern design.,/abo-images-small (1)/images/small/1b/1b27f778.jpg
D:\FYP Project\fypapp\abo-images-small (1)\images\small\72\72bd493c.jpg,Yoga Mat,Sports,34.99,A high-quality yoga mat — sports product with excellent build quality and modern design.,/abo-images-small (1)/images/small/72/72bd493c.jpg
D:\FYP Project\fypapp\abo-images-small (1)\images\small\eb\eb52e57a.jpg,Non-Stick Pan,Cookware,89.99,A high-quality non-stick pan — cookware product with excellent build quality and modern design.,/abo-images-small (1)/images/small/eb/eb52e57a.jpg
D:\FYP Project\fypapp\abo-images-small (1)\images\small\ba\ba02e794.jpg,King Bed,Beds,499.99,A high-quality king bed — beds product with excellent build quality and modern design.,/abo-images-small (1)/images/small/ba/ba02e794.jpg
D:\FYP Project\fypapp\abo-images-small (1)\images\small\84\84ff0c07.jpg,Gaming Laptop,Laptops,899.99,A high-quality gaming laptop — laptops product with excellent build quality and modern design.,/abo-images-small (1)/images/small/84/84ff0c07.jpg
D:\FYP Project\fypapp\abo-images-small (1)\images\small\6e\6e9f22f3.jpg,Dinnerware Set,Dinnerware,49.99,A high-quality dinnerware set — dinnerware product with excellent build quality and modern design.,/abo-images-small (1)/images/small/6e/6e9f22f3.jpg
D:\FYP Project\fypapp\abo-images-small (1)\images\small\d9\d951a476.jpg,Mobile Phone,Smartphones,699.99,A high-quality mobile phone — smartphones product with excellent build quality and modern design.,/abo-images-small (1)/images/small/d9/d951a476.jpg
D:\FYP Project\fypapp\abo-images-small (1)\images\small\fb\fb8a45a1.jpg,Android Phone,Smartphones,699.99,A high-quality android phone — smartphones product with excellent build quality and modern design.,/abo-images-small (1)/images/small/fb/fb8a45a1.jpg
D:\FYP Project\fypapp\abo-images-small (1)\images\small\aa\aab3e333.jpg,iPhone,Smartphones,699.99,A high-quality iphone — smartphones product with excellent build quality and modern design.,/abo-images-small (1)/images/small/aa/aab3e333.jpg
D:\FYP Project\fypapp\abo-images-small (1)\images\small\bc\bc68d3c4.jpg,Kitchen Appliance,Appliances,129.99,A high-quality kitchen appliance — appliances product with excellent build quality and modern design.,/abo-images-small (1)/images/small/bc/bc68d3c4.jpg
D:\FYP Project\fypapp\abo-images-small (1)\images\small\0c\0c272c14.jpg,iPad,Tablets,449.99,A high-quality ipad — tablets product with excellent build quality and modern design.,/abo-images-small (1)/images/small/0c/0c272c14.jpg
D:\FYP Project\fypapp\abo-images-small (1)\images\small\d6\d64194c5.jpg,Ultrabook,Laptops,899.99,A high-quality ultrabook — laptops product with excellent build quality and modern design.,/abo-images-small (1)/images/small/d6/d64194c5.jpg
D:\FYP Project\fypapp\abo-images-small (1)\images\small\17\17162380.jpg,Loveseat,Sofas,799.99,A high-quality loveseat — sofas product with excellent build quality and modern design.,/abo-images-small (1)/images/small/17/17162380.jpg
D:\FYP Project\fypapp\abo-images-small (1)\images\small\52\52f3a36f.jpg,Camping Tent,Outdoors,149.99,A high-quality camping tent — outdoors product with excellent build quality and modern design.,/abo-images-small (1)/images/small/52/52f3a36f.jpg
D:\FYP Project\fypapp\abo-images-small (1)\images\small\da\daccf60a.jpg,Mobile Phone,Smartphones,699.99,A high-quality mobile phone — smartphones product with excellent build quality and modern design.,/abo-images-small (1)/images/small/da/daccf60a.jpg
D:\FYP Project\fypapp\abo-images-small (1)\images\small\ef\efc66f5f.jpg,Android Phone,Smartphones,699.99,A high-quality android phone — smartphones product with excellent build quality and modern design.,/abo-images-small (1)/images/small/ef/efc66f5f.jpg
D:\FYP Project\fypapp\abo-images-small (1)\images\small\64\64ce005f.jpg,Platform Bed,Beds,499.99,A high-quality platform bed — beds product with excellent build quality and modern design.,/abo-images-small (1)/images/small/64/64ce005f.jpg
D:\FYP Project\fypapp\abo-images-small (1)\images\small\50\50881a96.jpg,Jacket,Jackets,119.99,A high-quality jacket — jackets product with excellent build quality and modern design.,/abo-images-small (1)/images/small/50/50881a96.jpg
D:\FYP Project\fypapp\abo-images-small (1)\images\small\1e\1e8ff39c.jpg,Coffee Table,Tables,299.99,A high-quality coffee table — tables product with excellent build quality and modern design.,/abo-images-small (1)/images/small/1e/1e8ff39c.jpg
D:\FYP Project\fypapp\abo-images-small (1)\images\small\97\971e049b.jpg,Android Phone,Smartphones,699.99,A high-quality android phone — smartphones product with excellent build quality and modern design.,/abo-images-small (1)/images/small/97/971e049b.jpg
D:\FYP Project\fypapp\abo-images-small (1)\images\small\21\214259eb.jpg,Desk,Tables,299.99,A high-quality desk — tables product with excellent build quality and modern design.,/abo-images-small (1)/images/small/21/214259eb.jpg
D:\FYP Project\fypapp\abo-images-small (1)\images\small\db\db9fc46c.jpg,Bed Frame,Beds,499.99,A high-quality bed frame — beds product with excellent build quality and modern design.,/abo-images-small (1)/images/small/db/db9fc46c.jpg
D:\FYP Project\fypapp\abo-images-small (1)\images\small\f6\f6898297.jpg,Mobile Phone,Smartphones,699.99,A high-quality mobile phone — smartphones product with excellent build quality and modern design.,/abo-images-small (1)/images/small/f6/f6898297.jpg
D:\FYP Project\fypapp\abo-images-small (1)\images\small\21\21f331ff.jpg,Side Table,Tables,299.99,A high-quality side table — tables product with excellent build quality and modern design.,/abo-images-small (1)/images/small/21/21f331ff.jpg
D:\FYP Project\fypapp\abo-images-small (1)\images\small\9a\9a84a230.jpg,iPhone,Smartphones,699.99,A high-quality iphone — smartphones product with excellent build quality and modern design.,/abo-images-small (1)/images/small/9a/9a84a230.jpg
D:\FYP Project\fypapp\abo-images-small (1)\images\small\3a\3a1109db.jpg,Cookware Set,Cookware,89.99,A high-quality cookware set — cookware product with excellent build quality and modern design.,/abo-images-small (1)/images/small/3a/3a1109db.jpg
D:\FYP Project\fypapp\abo-images-small (1)\images\small\f3\f31d7fb3.jpg,Queen Bed,Beds,499.99,A high-quality queen bed — beds product with excellent build quality and modern design.,/abo-images-small (1)/images/small/f3/f31d7fb3.jpg
D:\FYP Project\fypapp\abo-images-small (1)\images\small\68\68d9d6b5.jpg,Cooking Pot,Cookware,89.99,A high-quality cooking pot — cookware product with excellent build quality and modern design.,/abo-images-small (1)/images/small/68/68d9d6b5.jpg
D:\FYP Project\fypapp\abo-images-small (1)\images\small\09\09dc9cbe.jpg,Coffee Maker,Appliances,129.99,A high-quality coffee maker — appliances product with excellent build quality and modern design.,/abo-images-small (1)/images/small/09/09dc9cbe.jpg
D:\FYP Project\fypapp\abo-images-small (1)\images\small\0f\0f722356.jpg,Smartphone,Smartphones,699.99,A high-quality smartphone — smartphones product with excellent build quality and modern design.,/abo-images-small (1)/images/small/0f/0f722356.jpg
D:\FYP Project\fypapp\abo-images-small (1)\images\small\71\713f6523.jpg,Queen Bed,Beds,499.99,A high-quality queen bed — beds product with excellent build quality and modern design.,/abo-images-small (1)/images/small/71/713f6523.jpg
D:\FYP Project\fypapp\abo-images-small (1)\images\small\12\12d40337.jpg,Cooking Pot,Cookware,89.99,A high-quality cooking pot — cookware product with excellent build quality and modern design.,/abo-images-small (1)/images/small/12/12d40337.jpg
D:\FYP Project\fypapp\abo-images-small (1)\images\small\66\66d2cc5b.jpg,Backpack,Outdoors,149.99,A high-quality backpack — outdoors product with excellent build quality and modern design.,/abo-images-small (1)/images/small/66/66d2cc5b.jpg
D:\FYP Project\fypapp\abo-images-small (1)\images\small\7d\7dcfd853.jpg,Kitchen Appliance,Appliances,129.99,A high-quality kitchen appliance — appliances product with excellent build quality and modern design.,/abo-images-small (1)/images/small/7d/7dcfd853.jpg
D:\FYP Project\fypapp\abo-images-small (1)\images\small\83\834ac873.jpg,Mobile Phone,Smartphones,699.99,A high-quality mobile phone — smartphones product with excellent build quality and modern design.,/abo-images-small (1)/images/small/83/834ac873.jpg
D:\FYP Project\fypapp\abo-images-small (1)\images\small\96\96064a82.jpg,Android Phone,Smartphones,699.99,A high-quality android phone — smartphones product with excellent build quality and modern design.,/abo-images-small (1)/images/small/96/96064a82.jpg
D:\FYP Project\fypapp\abo-images-small (1)\images\small\31\312797bd.jpg,Mug Set,Dinnerware,49.99,A high-quality mug set — dinnerware product with excellent build quality and modern design.,/abo-images-small (1)/images/small/31/312797bd.jpg
D:\FYP Project\fypapp\abo-images-small (1)\images\small\56\5631ce56.jpg,Sofa,Sofas,799.99,A high-quality sofa — sofas product with excellent build quality and modern design.,/abo-images-small (1)/images/small/56/5631ce56.jpg
D:\FYP Project\fypapp\abo-images-small (1)\images\small\b9\b92936de.jpg,Queen Bed,Beds,499.99,A high-quality queen bed — beds product with excellent build quality and modern design.,/abo-images-small (1)/images/small/b9/b92936de.jpg
D:\FYP Project\fypapp\abo-images-small (1)\images\small\8f\8fb6579f.jpg,Side Table,Tables,299.99,A high-quality side table — tables product with excellent build quality and modern design.,/abo-images-small (1)/images/small/8f/8fb6579f.jpg
D:\FYP Project\fypapp\abo-images-small (1)\images\small\c4\c4c3a929.jpg,Backpack,Outdoors,149.99,A high-quality backpack — outdoors product with excellent build quality and modern design.,/abo-images-small (1)/images/small/c4/c4c3a929.jpg
D:\FYP Project\fypapp\abo-images-small (1)\images\small\ee\eeeb2794.jpg,Kitchen Appliance,Appliances,129.99,A high-quality kitchen appliance — appliances product with excellent build quality and modern design.,/abo-images-small (1)/images/small/ee/eeeb2794.jpg
D:\FYP Project\fypapp\abo-images-small (1)\images\small\3e\3eaac17f.jpg,iPad,Tablets,449.99,A high-quality ipad — tablets product with excellent build quality and modern design.,/abo-images-small (1)/images/small/3e/3eaac17f.jpg
D:\FYP Project\fypapp\abo-images-small (1)\images\small\3b\3b425cd5.jpg,Android Phone,Smartphones,699.99,A high-quality android phone — smartphones product with excellent build quality and modern design.,/abo-images-small (1)/images/small/3b/3b425cd5.jpg
D:\FYP Project\fypapp\abo-images-small (1)\images\small\3c\3cf4f7f5.jpg,iPhone,Smartphones,699.99,A high-quality iphone — smartphones product with excellent build quality and modern design.,/abo-images-small (1)/images/small/3c/3cf4f7f5.jpg
D:\FYP Project\fypapp\abo-images-small (1)\images\small\1a\1ab4cc54.jpg,Yoga Mat,Sports,34.99,A high-quality yoga mat — sports product with excellent build quality and modern design.,/abo-images-small (1)/images/small/1a/1ab4cc54.jpg
D:\FYP Project\fypapp\abo-images-small (1)\images\small\d3\d387f19f.jpg,Slim Jeans,Jeans,69.99,A high-quality slim jeans — jeans product with excellent build quality and modern design.,/abo-images-small (1)/images/small/d3/d387f19f.jpg
D:\FYP Project\fypapp\abo-images-small (1)\images\small\85\85d9477a.jpg,King Bed,Beds,499.99,A high-quality king bed — beds product with excellent build quality and modern design.,/abo-images-small (1)/images/small/85/85d9477a.jpg
D:\FYP Project\fypapp\abo-images-small (1)\images\small\d6\d6fa4db8.jpg,Boots,Shoes,89.99,A high-quality boots — shoes product with excellent build quality and modern design.,/abo-images-small (1)/images/small/d6/d6fa4db8.jpg
D:\FYP Project\fypapp\abo-images-small (1)\images\small\ef\ef592827.jpg,Smartphone,Smartphones,699.99,A high-quality smartphone — smartphones product with excellent build quality and modern design.,/abo-images-small (1)/images/small/ef/ef592827.jpg
D:\FYP Project\fypapp\abo-images-small (1)\images\small\55\550f74ad.jpg,Couch,Sofas,799.99,A high-quality couch — sofas product with excellent build quality and modern design.,/abo-images-small (1)/images/small/55/550f74ad.jpg
D:\FYP Project\fypapp\abo-images-small (1)\images\small\ad\ade642e5.jpg,Outdoor Equipment,Outdoors,149.99,A high-quality outdoor equipment — outdoors product with excellent build quality and modern design.,/abo-images-small (1)/images/small/ad/ade642e5.jpg
D:\FYP Project\fypapp\abo-images-small (1)\images\small\ca\caa41387.jpg,Coffee Maker,Appliances,129.99,A high-quality coffee maker — appliances product with excellent build quality and modern design.,/abo-images-small (1)/images/small/ca/caa41387.jpg
D:\FYP Project\fypapp\abo-images-small (1)\images\small\30\3053cdd3.jpg,Sneakers,Shoes,89.99,A high-quality sneakers — shoes product with excellent build quality and modern design.,/abo-images-small (1)/images/small/30/3053cdd3.jpg
D:\FYP Project\fypapp\abo-images-small (1)\images\small\52\521735cc.jpg,Non-Stick Pan,Cookware,89.99,A high-quality non-stick pan — cookware product with excellent build quality and modern design.,/abo-images-small (1)/images/small/52/521735cc.jpg
D:\FYP Project\fypapp\abo-images-small (1)\images\small\a0\a094b01d.jpg,Android Phone,Smartphones,699.99,A high-quality android phone — smartphones product with excellent build quality and modern design.,/abo-images-small (1)/images/small/a0/a094b01d.jpg
D:\FYP Project\fypapp\abo-images-small (1)\images\small\dd\dd1dc91f.jpg,Desk,Tables,299.99,A high-quality desk — tables product with excellent build quality and modern design.,/abo-images-small (1)/images/small/dd/dd1dc91f.jpg
D:\FYP Project\fypapp\abo-images-small (1)\images\small\59\59741676.jpg,Kitchen Appliance,Appliances,129.99,A high-quality kitchen appliance — appliances product with excellent build quality and modern design.,/abo-images-small (1)/images/small/59/59741676.jpg
D:\FYP Project\fypapp\abo-images-small (1)\images\small\a0\a017fa4b.jpg,Non-Stick Pan,Cookware,89.99,A high-quality non-stick pan — cookware product with excellent build quality and modern design.,/abo-images-small (1)/images/small/a0/a017fa4b.jpg
D:\FYP Project\fypapp\abo-images-small (1)\images\small\59\59e8c5ff.jpg,Cooking Pot,Cookware,89.99,A high-quality cooking pot — cookware product with excellent build quality and modern design.,/abo-images-small (1)/images/small/59/59e8c5ff.jpg
D:\FYP Project\fypapp\abo-images-small (1)\images\small\e7\e7d0087f.jpg,iPhone,Smartphones,699.99,A high-quality iphone — smartphones product with excellent build quality and modern design.,/abo-images-small (1)/images/small/e7/e7d0087f.jpg
D:\FYP Project\fypapp\abo-images-small (1)\images\small\03\032d170c.jpg,Camping Tent,Outdoors,149.99,A high-quality camping tent — outdoors product with excellent build quality and modern design.,/abo-images-small (1)/images/small/03/032d170c.jpg
D:\FYP Project\fypapp\abo-images-small (1)\images\small\a1\a1fc1d88.jpg,Non-Stick Pan,Cookware,89.99,A high-quality non-stick pan — cookware product with excellent build quality and modern design.,/abo-images-small (1)/images/small/a1/a1fc1d88.jpg
D:\FYP Project\fypapp\abo-images-small (1)\images\small\64\64e19c07.jpg,Android Phone,Smartphones,699.99,A high-quality android phone — smartphones product with excellent build quality and modern design.,/abo-images-small (1)/images/small/64/64e19c07.jpg
D:\FYP Project\fypapp\abo-images-small (1)\images\small\ed\ed78b722.jpg,iPhone,Smartphones,699.99,A high-quality iphone — smartphones product with excellent build quality and modern design.,/abo-images-small (1)/images/small/ed/ed78b722.jpg
D:\FYP Project\fypapp\abo-images-small (1)\images\small\be\be492e8c.jpg,Smartphone,Smartphones,699.99,A high-quality smartphone — smartphones product with excellent build quality and modern design.,/abo-images-small (1)/images/small/be/be492e8c.jpg
D:\FYP Project\fypapp\abo-images-small (1)\images\small\37\3751b283.jpg,Dress Shirt,Shirts,39.99,A high-quality dress shirt — shirts product with excellent build quality and modern design.,/abo-images-small (1)/images/small/37/3751b283.jpg
D:\FYP Project\fypapp\abo-images-small (1)\images\small\18\18e6d8da.jpg,Digital Tablet,Tablets,449.99,A high-quality digital tablet — tablets product with excellent build quality and modern design.,/abo-images-small (1)/images/small/18/18e6d8da.jpg
D:\FYP Project\fypapp\abo-images-small (1)\images\small\99\99b1b6c5.jpg,iPhone,Smartphones,699.99,A high-quality iphone — smartphones product with excellent build quality and modern design.,/abo-images-small (1)/images/small/99/99b1b6c5.jpg
D:\FYP Project\fypapp\abo-images-small (1)\images\small\79\7984575a.jpg,Smartphone,Smartphones,699.99,A high-quality smartphone — smartphones product with excellent build quality and modern design.,/abo-images-small (1)/images/small/79/7984575a.jpg
D:\FYP Project\fypapp\abo-images-small (1)\images\small\cc\cc21f216.jpg,Winter Coat,Jackets,119.99,A high-quality winter coat — jackets product with excellent build quality and modern design.,/abo-images-small (1)/images/small/cc/cc21f216.jpg
D:\FYP Project\fypapp\abo-images-small (1)\images\small\68\68bc92ac.jpg,Blender,Appliances,129.99,A high-quality blender — appliances product with excellent build quality and modern design.,/abo-images-small (1)/images/small/68/68bc92ac.jpg
D:\FYP Project\fypapp\abo-images-small (1)\images\small\dd\dd779ef1.jpg,Coffee Maker,Appliances,129.99,A high-quality coffee maker — appliances product with excellent build quality and modern design.,/abo-images-small (1)/images/small/dd/dd779ef1.jpg
D:\FYP Project\fypapp\abo-images-small (1)\images\small\93\93de9e07.jpg,Smartphone,Smartphones,699.99,A high-quality smartphone — smartphones product with excellent build quality and modern design.,/abo-images-small (1)/images/small/93/93de9e07.jpg
D:\FYP Project\fypapp\abo-images-small (1)\images\small\f1\f1d29d0e.jpg,Mobile Phone,Smartphones,699.99,A high-quality mobile phone — smartphones product with excellent build quality and modern design.,/abo-images-small (1)/images/small/f1/f1d29d0e.jpg
D:\FYP Project\fypapp\abo-images-small (1)\images\small\58\582cf00e.jpg,Cooking Pot,Cookware,89.99,A high-quality cooking pot — cookware product with excellent build quality and modern design.,/abo-images-small (1)/images/small/58/582cf00e.jpg
D:\FYP Project\fypapp\abo-images-small (1)\images\small\9f\9f1b8d91.jpg,iPhone,Smartphones,699.99,A high-quality iphone — smartphones product with excellent build quality and modern design.,/abo-images-small (1)/images/small/9f/9f1b8d91.jpg
D:\FYP Project\fypapp\abo-images-small (1)\images\small\69\69c0936c.jpg,Bed Frame,Beds,499.99,A high-quality bed frame — beds product with excellent build quality and modern design.,/abo-images-small (1)/images/small/69/69c0936c.jpg
D:\FYP Project\fypapp\abo-images-small (1)\images\small\47\470eba77.jpg,Winter Coat,Jackets,119.99,A high-quality winter coat — jackets product with excellent build quality and modern design.,/abo-images-small (1)/images/small/47/470eba77.jpg
D:\FYP Project\fypapp\abo-images-small (1)\images\small\86\86916e30.jpg,Cooking Pot,Cookware,89.99,A high-quality cooking pot — cookware product with excellent build quality and modern design.,/abo-images-small (1)/images/small/86/86916e30.jpg
D:\FYP Project\fypapp\abo-images-small (1)\images\small\a9\a9215e1b.jpg,iPhone,Smartphones,699.99,A high-quality iphone — smartphones product with excellent build quality and modern design.,/abo-images-small (1)/images/small/a9/a9215e1b.jpg
D:\FYP Project\fypapp\abo-images-small (1)\images\small\24\24016bb2.jpg,Sofa,Sofas,799.99,A high-quality sofa — sofas product with excellent build quality and modern design.,/abo-images-small (1)/images/small/24/24016bb2.jpg
D:\FYP Project\fypapp\abo-images-small (1)\images\small\53\53cad37a.jpg,Running Shoes,Shoes,89.99,A high-quality running shoes — shoes product with excellent build quality and modern design.,/abo-images-small (1)/images/small/53/53cad37a.jpg
D:\FYP Project\fypapp\abo-images-small (1)\images\small\85\8572dbfd.jpg,Blender,Appliances,129.99,A high-quality blender — appliances product with excellent build quality and modern design.,/abo-images-small (1)/images/small/85/8572dbfd.jpg
D:\FYP Project\fypapp\abo-images-small (1)\images\small\c6\c6c7cbb6.jpg,iPhone,Smartphones,699.99,A high-quality iphone — smartphones product with excellent build quality and modern design.,/abo-images-small (1)/images/small/c6/c6c7cbb6.jpg
D:\FYP Project\fypapp\abo-images-small (1)\images\small\7d\7dfaa310.jpg,Tablet,Tablets,449.99,A high-quality tablet — tablets product with excellent build quality and modern design.,/abo-images-small (1)/images/small/7d/7dfaa310.jpg
D:\FYP Project\fypapp\abo-images-small (1)\images\small\c7\c7cacb7b.jpg,Queen Bed,Beds,499.99,A high-quality queen bed — beds product with excellent build quality and modern design.,/abo-images-small (1)/images/small/c7/c7cacb7b.jpg
D:\FYP Project\fypapp\abo-images-small (1)\images\small\67\67a437b8.jpg,Android Phone,Smartphones,699.99,A high-quality android phone — smartphones product with excellent build quality and modern design.,/abo-images-small (1)/images/small/67/67a437b8.jpg
D:\FYP Project\fypapp\abo-images-small (1)\images\small\f4\f4fcd632.jpg,Coffee Maker,Appliances,129.99,A high-quality coffee maker — appliances product with excellent build quality and modern design.,/abo-images-small (1)/images/small/f4/f4fcd632.jpg
D:\FYP Project\fypapp\abo-images-small (1)\images\small\67\67738fd0.jpg,Bed Frame,Beds,499.99,A high-quality bed frame — beds product with excellent build quality and modern design.,/abo-images-small (1)/images/small/67/67738fd0.jpg
D:\FYP Project\fypapp\abo-images-small (1)\images\small\07\077ab402.jpg,Coffee Table,Tables,299.99,A high-quality coffee table — tables product with excellent build quality and modern design.,/abo-images-small (1)/images/small/07/077ab402.jpg
D:\FYP Project\fypapp\abo-images-small (1)\images\small\e5\e500ea73.jpg,Sectional Sofa,Sofas,799.99,A high-quality sectional sofa — sofas product with excellent build quality and modern design.,/abo-images-small (1)/images/small/e5/e500ea73.jpg
D:\FYP Project\fypapp\abo-images-small (1)\images\small\8a\8a46b76f.jpg,Desk,Tables,299.99,A high-quality desk — tables product with excellent build quality and modern design.,/abo-images-small (1)/images/small/8a/8a46b76f.jpg
D:\FYP Project\fypapp\abo-images-small (1)\images\small\60\60619e67.jpg,Dining Table,Tables,299.99,A high-quality dining table — tables product with excellent build quality and modern design.,/abo-images-small (1)/images/small/60/60619e67.jpg
D:\FYP Project\fypapp\abo-images-small (1)\images\small\02\02bd7b77.jpg,iPad,Tablets,449.99,A high-quality ipad — tablets product with excellent build quality and modern design.,/abo-images-small (1)/images/small/02/02bd7b77.jpg
D:\FYP Project\fypapp\abo-images-small (1)\images\small\f0\f0434d9e.jpg,Fitness Equipment,Sports,34.99,A high-quality fitness equipment — sports product with excellent build quality and modern design.,/abo-images-small (1)/images/small/f0/f0434d9e.jpg
D:\FYP Project\fypapp\abo-images-small (1)\images\small\10\1080577f.jpg,Action Camera,Cameras,549.99,A high-quality action camera — cameras product with excellent build quality and modern design.,/abo-images-small (1)/images/small/10/1080577f.jpg
D:\FYP Project\fypapp\abo-images-small (1)\images\small\d2\d27e519d.jpg,Dining Table,Tables,299.99,A high-quality dining table — tables product with excellent build quality and modern design.,/abo-images-small (1)/images/small/d2/d27e519d.jpg
D:\FYP Project\fypapp\abo-images-small (1)\images\small\ad\ad98a272.jpg,Microwave,Appliances,129.99,A high-quality microwave — appliances product with excellent build quality and modern design.,/abo-images-small (1)/images/small/ad/ad98a272.jpg
D:\FYP Project\fypapp\abo-images-small (1)\images\small\64\6465888a.jpg,Blender,Appliances,129.99,A high-quality blender — appliances product with excellent build quality and modern design.,/abo-images-small (1)/images/small/64/6465888a.jpg
D:\FYP Project\fypapp\abo-images-small (1)\images\small\51\516bc002.jpg,Coffee Maker,Appliances,129.99,A high-quality coffee maker — appliances product with excellent build quality and modern design.,/abo-images-small (1)/images/small/51/516bc002.jpg
D:\FYP Project\fypapp\abo-images-small (1)\images\small\d2\d2b7c81e.jpg,Smartphone,Smartphones,699.99,A high-quality smartphone — smartphones product with excellent build quality and modern design.,/abo-images-small (1)/images/small/d2/d2b7c81e.jpg
D:\FYP Project\fypapp\abo-images-small (1)\images\small\7b\7bb3d068.jpg,Non-Stick Pan,Cookware,89.99,A high-quality non-stick pan — cookware product with excellent build quality and modern design.,/abo-images-small (1)/images/small/7b/7bb3d068.jpg
D:\FYP Project\fypapp\abo-images-small (1)\images\small\4d\4db0dd56.jpg,Puffer Jacket,Jackets,119.99,A high-quality puffer jacket — jackets product with excellent build quality and modern design.,/abo-images-small (1)/images/small/4d/4db0dd56.jpg
D:\FYP Project\fypapp\abo-images-small (1)\images\small\dc\dcaafd61.jpg,Mug Set,Dinnerware,49.99,A high-quality mug set — dinnerware product with excellent build quality and modern design.,/abo-images-small (1)/images/small/dc/dcaafd61.jpg
D:\FYP Project\fypapp\abo-images-small (1)\images\small\43\430e28a7.jpg,Sneakers,Shoes,89.99,A high-quality sneakers — shoes product with excellent build quality and modern design.,/abo-images-small (1)/images/small/43/430e28a7.jpg
D:\FYP Project\fypapp\abo-images-small (1)\images\small\d7\d7627ea8.jpg,Mobile Phone,Smartphones,699.99,A high-quality mobile phone — smartphones product with excellent build quality and modern design.,/abo-images-small (1)/images/small/d7/d7627ea8.jpg
D:\FYP Project\fypapp\abo-images-small (1)\images\small\58\585acfe8.jpg,Fitness Equipment,Sports,34.99,A high-quality fitness equipment — sports product with excellent build quality and modern design.,/abo-images-small (1)/images/small/58/585acfe8.jpg
D:\FYP Project\fypapp\abo-images-small (1)\images\small\ed\ed87f33f.jpg,iPhone,Smartphones,699.99,A high-quality iphone — smartphones product with excellent build quality and modern design.,/abo-images-small (1)/images/small/ed/ed87f33f.jpg
D:\FYP Project\fypapp\abo-images-small (1)\images\small\fc\fc51dd8a.jpg,Yoga Mat,Sports,34.99,A high-quality yoga mat — sports product with excellent build quality and modern design.,/abo-images-small (1)/images/small/fc/fc51dd8a.jpg
D:\FYP Project\fypapp\abo-images-small (1)\images\small\e5\e54f36c0.jpg,Running Shoes,Shoes,89.99,A high-quality running shoes — shoes product with excellent build quality and modern design.,/abo-images-small (1)/images/small/e5/e54f36c0.jpg
D:\FYP Project\fypapp\abo-images-small (1)\images\small\ee\ee9bab16.jpg,King Bed,Beds,499.99,A high-quality king bed — beds product with excellent build quality and modern design.,/abo-images-small (1)/images/small/ee/ee9bab16.jpg
D:\FYP Project\fypapp\abo-images-small (1)\images\small\2e\2e3702b0.jpg,Mug Set,Dinnerware,49.99,A high-quality mug set — dinnerware product with excellent build quality and modern design.,/abo-images-small (1)/images/small/2e/2e3702b0.jpg
D:\FYP Project\fypapp\abo-images-small (1)\images\small\d9\d9cc3df2.jpg,Kitchen Appliance,Appliances,129.99,A high-quality kitchen appliance — appliances product with excellent build quality and modern design.,/abo-images-small (1)/images/small/d9/d9cc3df2.jpg
D:\FYP Project\fypapp\abo-images-small (1)\images\small\20\20d43c4e.jpg,Mobile Phone,Smartphones,699.99,A high-quality mobile phone — smartphones product with excellent build quality and modern design.,/abo-images-small (1)/images/small/20/20d43c4e.jpg
D:\FYP Project\fypapp\abo-images-small (1)\images\small\d9\d98d8b5a.jpg,Bowl Set,Dinnerware,49.99,A high-quality bowl set — dinnerware product with excellent build quality and modern design.,/abo-images-small (1)/images/small/d9/d98d8b5a.jpg
D:\FYP Project\fypapp\abo-images-small (1)\images\small\e0\e0ff3d83.jpg,iPhone,Smartphones,699.99,A high-quality iphone — smartphones product with excellent build quality and modern design.,/abo-images-small (1)/images/small/e0/e0ff3d83.jpg
D:\FYP Project\fypapp\abo-images-small (1)\images\small\0d\0d484177.jpg,Smartphone,Smartphones,699.99,A high-quality smartphone — smartphones product with excellent build quality and modern design.,/abo-images-small (1)/images/small/0d/0d484177.jpg
D:\FYP Project\fypapp\abo-images-small (1)\images\small\6b\6bfe7b66.jpg,Mobile Phone,Smartphones,699.99,A high-quality mobile phone — smartphones product with excellent build quality and modern design.,/abo-images-small (1)/images/small/6b/6bfe7b66.jpg
D:\FYP Project\fypapp\abo-images-small (1)\images\small\99\9964bcce.jpg,Blender,Appliances,129.99,A high-quality blender — appliances product with excellent build quality and modern design.,/abo-images-small (1)/images/small/99/9964bcce.jpg
D:\FYP Project\fypapp\abo-images-small (1)\images\small\0b\0b5f385e.jpg,Floral Dress,Dresses,59.99,A high-quality floral dress — dresses product with excellent build quality and modern design.,/abo-images-small (1)/images/small/0b/0b5f385e.jpg
D:\FYP Project\fypapp\abo-images-small (1)\images\small\c9\c96f2990.jpg,Bed Frame,Beds,499.99,A high-quality bed frame — beds product with excellent build quality and modern design.,/abo-images-small (1)/images/small/c9/c96f2990.jpg
D:\FYP Project\fypapp\abo-images-small (1)\images\small\7f\7ff138c8.jpg,Winter Coat,Jackets,119.99,A high-quality winter coat — jackets product with excellent build quality and modern design.,/abo-images-small (1)/images/small/7f/7ff138c8.jpg
D:\FYP Project\fypapp\abo-images-small (1)\images\small\2c\2c5a42f7.jpg,Android Phone,Smartphones,699.99,A high-quality android phone — smartphones product with excellent build quality and modern design.,/abo-images-small (1)/images/small/2c/2c5a42f7.jpg
D:\FYP Project\fypapp\abo-images-small (1)\images\small\1e\1e784e44.jpg,Boots,Shoes,89.99,A high-quality boots — shoes product with excellent build quality and modern design.,/abo-images-small (1)/images/small/1e/1e784e44.jpg
D:\FYP Project\fypapp\abo-images-small (1)\images\small\67\6767efde.jpg,Smartphone,Smartphones,699.99,A high-quality smartphone — smartphones product with excellent build quality and modern design.,/abo-images-small (1)/images/small/67/6767efde.jpg
D:\FYP Project\fypapp\abo-images-small (1)\images\small\72\7216b95a.jpg,Mobile Phone,Smartphones,699.99,A high-quality mobile phone — smartphones product with excellent build quality and modern design.,/abo-images-small (1)/images/small/72/7216b95a.jpg
D:\FYP Project\fypapp\abo-images-small (1)\images\small\90\90e57482.jpg,Side Table,Tables,299.99,A high-quality side table — tables product with excellent build quality and modern design.,/abo-images-small (1)/images/small/90/90e57482.jpg
D:\FYP Project\fypapp\abo-images-small (1)\images\small\3d\3d26de63.jpg,Boots,Shoes,89.99,A high-quality boots — shoes product with excellent build quality and modern design.,/abo-images-small (1)/images/small/3d/3d26de63.jpg
D:\FYP Project\fypapp\abo-images-small (1)\images\small\47\47919748.jpg,Sneakers,Shoes,89.99,A high-quality sneakers — shoes product with excellent build quality and modern design.,/abo-images-small (1)/images/small/47/47919748.jpg
D:\FYP Project\fypapp\abo-images-small (1)\images\small\2c\2ca108e2.jpg,Mobile Phone,Smartphones,699.99,A high-quality mobile phone — smartphones product with excellent build quality and modern design.,/abo-images-small (1)/images/small/2c/2ca108e2.jpg
D:\FYP Project\fypapp\abo-images-small (1)\images\small\bb\bbe0af86.jpg,Mirrorless Camera,Cameras,549.99,A high-quality mirrorless camera — cameras product with excellent build quality and modern design.,/abo-images-small (1)/images/small/bb/bbe0af86.jpg
D:\FYP Project\fypapp\abo-images-small (1)\images\small\80\8043d717.jpg,iPhone,Smartphones,699.99,A high-quality iphone — smartphones product with excellent build quality and modern design.,/abo-images-small (1)/images/small/80/8043d717.jpg
D:\FYP Project\fypapp\abo-images-small (1)\images\small\b9\b90fee30.jpg,Sneakers,Shoes,89.99,A high-quality sneakers — shoes product with excellent build quality and modern design.,/abo-images-small (1)/images/small/b9/b90fee30.jpg
D:\FYP Project\fypapp\abo-images-small (1)\images\small\af\af454ac2.jpg,Mobile Phone,Smartphones,699.99,A high-quality mobile phone — smartphones product with excellent build quality and modern design.,/abo-images-small (1)/images/small/af/af454ac2.jpg
D:\FYP Project\fypapp\abo-images-small (1)\images\small\5f\5fb3c702.jpg,King Bed,Beds,499.99,A high-quality king bed — beds product with excellent build quality and modern design.,/abo-images-small (1)/images/small/5f/5fb3c702.jpg
D:\FYP Project\fypapp\abo-images-small (1)\images\small\39\397c1f9c.jpg,Floral Dress,Dresses,59.99,A high-quality floral dress — dresses product with excellent build quality and modern design.,/abo-images-small (1)/images/small/39/397c1f9c.jpg
D:\FYP Project\fypapp\abo-images-small (1)\images\small\5a\5a700880.jpg,Sneakers,Shoes,89.99,A high-quality sneakers — shoes product with excellent build quality and modern design.,/abo-images-small (1)/images/small/5a/5a700880.jpg
D:\FYP Project\fypapp\abo-images-small (1)\images\small\a8\a8a5b699.jpg,Maxi Dress,Dresses,59.99,A high-quality maxi dress — dresses product with excellent build quality and modern design.,/abo-images-small (1)/images/small/a8/a8a5b699.jpg
D:\FYP Project\fypapp\abo-images-small (1)\images\small\67\676b5bd3.jpg,Side Table,Tables,299.99,A high-quality side table — tables product with excellent build quality and modern design.,/abo-images-small (1)/images/small/67/676b5bd3.jpg
D:\FYP Project\fypapp\abo-images-small (1)\images\small\77\772b6ec6.jpg,iPhone,Smartphones,699.99,A high-quality iphone — smartphones product with excellent build quality and modern design.,/abo-images-small (1)/images/small/77/772b6ec6.jpg
D:\FYP Project\fypapp\abo-images-small (1)\images\small\26\26d5b380.jpg,Tablet,Tablets,449.99,A high-quality tablet — tablets product with excellent build quality and modern design.,/abo-images-small (1)/images/small/26/26d5b380.jpg
D:\FYP Project\fypapp\abo-images-small (1)\images\small\a4\a40bdd0b.jpg,Mobile Phone,Smartphones,699.99,A high-quality mobile phone — smartphones product with excellent build quality and modern design.,/abo-images-small (1)/images/small/a4/a40bdd0b.jpg
D:\FYP Project\fypapp\abo-images-small (1)\images\small\19\1967d1a7.jpg,Android Phone,Smartphones,699.99,A high-quality android phone — smartphones product with excellent build quality and modern design.,/abo-images-small (1)/images/small/19/1967d1a7.jpg
D:\FYP Project\fypapp\abo-images-small (1)\images\small\2f\2f7ff7be.jpg,iPhone,Smartphones,699.99,A high-quality iphone — smartphones product with excellent build quality and modern design.,/abo-images-small (1)/images/small/2f/2f7ff7be.jpg
D:\FYP Project\fypapp\abo-images-small (1)\images\small\4f\4fe6fee6.jpg,Smartphone,Smartphones,699.99,A high-quality smartphone — smartphones product with excellent build quality and modern design.,/abo-images-small (1)/images/small/4f/4fe6fee6.jpg
D:\FYP Project\fypapp\abo-images-small (1)\images\small\eb\ebffd5eb.jpg,Coffee Table,Tables,299.99,A high-quality coffee table — tables product with excellent build quality and modern design.,/abo-images-small (1)/images/small/eb/ebffd5eb.jpg
D:\FYP Project\fypapp\abo-images-small (1)\images\small\fe\fe7183de.jpg,Blender,Appliances,129.99,A high-quality blender — appliances product with excellent build quality and modern design.,/abo-images-small (1)/images/small/fe/fe7183de.jpg
D:\FYP Project\fypapp\abo-images-small (1)\images\small\eb\eb5744c9.jpg,Exercise Gear,Sports,34.99,A high-quality exercise gear — sports product with excellent build quality and modern design.,/abo-images-small (1)/images/small/eb/eb5744c9.jpg
D:\FYP Project\fypapp\abo-images-small (1)\images\small\8a\8ad29756.jpg,Tablet,Tablets,449.99,A high-quality tablet — tablets product with excellent build quality and modern design.,/abo-images-small (1)/images/small/8a/8ad29756.jpg
D:\FYP Project\fypapp\abo-images-small (1)\images\small\c1\c1dec5b8.jpg,Resistance Bands,Sports,34.99,A high-quality resistance bands — sports product with excellent build quality and modern design.,/abo-images-small (1)/images/small/c1/c1dec5b8.jpg
D:\FYP Project\fypapp\abo-images-small (1)\images\small\80\803b46ed.jpg,Side Table,Tables,299.99,A high-quality side table — tables product with excellent build quality and modern design.,/abo-images-small (1)/images/small/80/803b46ed.jpg
D:\FYP Project\fypapp\abo-images-small (1)\images\small\1e\1e86da6b.jpg,iPhone,Smartphones,699.99,A high-quality iphone — smartphones product with excellent build quality and modern design.,/abo-images-small (1)/images/small/1e/1e86da6b.jpg
D:\FYP Project\fypapp\abo-images-small (1)\images\small\89\89d6bd3e.jpg,Smartphone,Smartphones,699.99,A high-quality smartphone — smartphones product with excellent build quality and modern design.,/abo-images-small (1)/images/small/89/89d6bd3e.jpg
D:\FYP Project\fypapp\abo-images-small (1)\images\small\04\04b6761b.jpg,Queen Bed,Beds,499.99,A high-quality queen bed — beds product with excellent build quality and modern design.,/abo-images-small (1)/images/small/04/04b6761b.jpg
D:\FYP Project\fypapp\abo-images-small (1)\images\small\5c\5cf62f1e.jpg,Sectional Sofa,Sofas,799.99,A high-quality sectional sofa — sofas product with excellent build quality and modern design.,/abo-images-small (1)/images/small/5c/5cf62f1e.jpg
D:\FYP Project\fypapp\abo-images-small (1)\images\small\ba\bafcfc58.jpg,iPhone,Smartphones,699.99,A high-quality iphone — smartphones product with excellent build quality and modern design.,/abo-images-small (1)/images/small/ba/bafcfc58.jpg
D:\FYP Project\fypapp\abo-images-small (1)\images\small\29\29b3ce17.jpg,Sneakers,Shoes,89.99,A high-quality sneakers — shoes product with excellent build quality and modern design.,/abo-images-small (1)/images/small/29/29b3ce17.jpg
D:\FYP Project\fypapp\abo-images-small (1)\images\small\9e\9e779cf2.jpg,Resistance Bands,Sports,34.99,A high-quality resistance bands — sports product with excellent build quality and modern design.,/abo-images-small (1)/images/small/9e/9e779cf2.jpg
D:\FYP Project\fypapp\abo-images-small (1)\images\small\81\8130b198.jpg,Blender,Appliances,129.99,A high-quality blender — appliances product with excellent build quality and modern design.,/abo-images-small (1)/images/small/81/8130b198.jpg
D:\FYP Project\fypapp\abo-images-small (1)\images\small\e9\e9d5087c.jpg,iPhone,Smartphones,699.99,A high-quality iphone — smartphones product with excellent build quality and modern design.,/abo-images-small (1)/images/small/e9/e9d5087c.jpg
D:\FYP Project\fypapp\abo-images-small (1)\images\small\e9\e9ac1ab4.jpg,Smartphone,Smartphones,699.99,A high-quality smartphone — smartphones product with excellent build quality and modern design.,/abo-images-small (1)/images/small/e9/e9ac1ab4.jpg
D:\FYP Project\fypapp\abo-images-small (1)\images\small\5c\5c2ce641.jpg,Wireless Earbuds,Headphones,149.99,A high-quality wireless earbuds — headphones product with excellent build quality and modern design.,/abo-images-small (1)/images/small/5c/5c2ce641.jpg
D:\FYP Project\fypapp\abo-images-small (1)\images\small\cb\cb204807.jpg,Sectional Sofa,Sofas,799.99,A high-quality sectional sofa — sofas product with excellent build quality and modern design.,/abo-images-small (1)/images/small/cb/cb204807.jpg
D:\FYP Project\fypapp\abo-images-small (1)\images\small\85\855728b9.jpg,iPhone,Smartphones,699.99,A high-quality iphone — smartphones product with excellent build quality and modern design.,/abo-images-small (1)/images/small/85/855728b9.jpg
D:\FYP Project\fypapp\abo-images-small (1)\images\small\dd\dd528777.jpg,Kitchen Appliance,Appliances,129.99,A high-quality kitchen appliance — appliances product with excellent build quality and modern design.,/abo-images-small (1)/images/small/dd/dd528777.jpg
D:\FYP Project\fypapp\abo-images-small (1)\images\small\82\821f9656.jpg,Mobile Phone,Smartphones,699.99,A high-quality mobile phone — smartphones product with excellent build quality and modern design.,/abo-images-small (1)/images/small/82/821f9656.jpg
D:\FYP Project\fypapp\abo-images-small (1)\images\small\24\2497ac29.jpg,Digital Tablet,Tablets,449.99,A high-quality digital tablet — tablets product with excellent build quality and modern design.,/abo-images-small (1)/images/small/24/2497ac29.jpg
D:\FYP Project\fypapp\abo-images-small (1)\images\small\eb\eb7c47d0.jpg,Platform Bed,Beds,499.99,A high-quality platform bed — beds product with excellent build quality and modern design.,/abo-images-small (1)/images/small/eb/eb7c47d0.jpg
D:\FYP Project\fypapp\abo-images-small (1)\images\small\52\52a1a3f9.jpg,Sneakers,Shoes,89.99,A high-quality sneakers — shoes product with excellent build quality and modern design.,/abo-images-small (1)/images/small/52/52a1a3f9.jpg
D:\FYP Project\fypapp\abo-images-small (1)\images\small\a5\a5223d8d.jpg,Mobile Phone,Smartphones,699.99,A high-quality mobile phone — smartphones product with excellent build quality and modern design.,/abo-images-small (1)/images/small/a5/a5223d8d.jpg
D:\FYP Project\fypapp\abo-images-small (1)\images\small\08\08846cb0.jpg,Android Phone,Smartphones,699.99,A high-quality android phone — smartphones product with excellent build quality and modern design.,/abo-images-small (1)/images/small/08/08846cb0.jpg
D:\FYP Project\fypapp\abo-images-small (1)\images\small\d6\d6ec6c92.jpg,Skillet,Cookware,89.99,A high-quality skillet — cookware product with excellent build quality and modern design.,/abo-images-small (1)/images/small/d6/d6ec6c92.jpg
D:\FYP Project\fypapp\abo-images-small (1)\images\small\c3\c33a1be1.jpg,Smartphone,Smartphones,699.99,A high-quality smartphone — smartphones product with excellent build quality and modern design.,/abo-images-small (1)/images/small/c3/c33a1be1.jpg
D:\FYP Project\fypapp\abo-images-small (1)\images\small\72\728e64fa.jpg,Mobile Phone,Smartphones,699.99,A high-quality mobile phone — smartphones product with excellent build quality and modern design.,/abo-images-small (1)/images/small/72/728e64fa.jpg
D:\FYP Project\fypapp\abo-images-small (1)\images\small\d3\d3bdf247.jpg,King Bed,Beds,499.99,A high-quality king bed — beds product with excellent build quality and modern design.,/abo-images-small (1)/images/small/d3/d3bdf247.jpg
D:\FYP Project\fypapp\abo-images-small (1)\images\small\4e\4e7069d9.jpg,Skillet,Cookware,89.99,A high-quality skillet — cookware product with excellent build quality and modern design.,/abo-images-small (1)/images/small/4e/4e7069d9.jpg
D:\FYP Project\fypapp\abo-images-small (1)\images\small\e1\e1715a79.jpg,Sofa,Sofas,799.99,A high-quality sofa — sofas product with excellent build quality and modern design.,/abo-images-small (1)/images/small/e1/e1715a79.jpg
D:\FYP Project\fypapp\abo-images-small (1)\images\small\15\1548bcac.jpg,Running Shoes,Shoes,89.99,A high-quality running shoes — shoes product with excellent build quality and modern design.,/abo-images-small (1)/images/small/15/1548bcac.jpg
D:\FYP Project\fypapp\abo-images-small (1)\images\small\dc\dc3cae1c.jpg,Bowl Set,Dinnerware,49.99,A high-quality bowl set — dinnerware product with excellent build quality and modern design.,/abo-images-small (1)/images/small/dc/dc3cae1c.jpg
D:\FYP Project\fypapp\abo-images-small (1)\images\small\a1\a1a840c6.jpg,iPhone,Smartphones,699.99,A high-quality iphone — smartphones product with excellent build quality and modern design.,/abo-images-small (1)/images/small/a1/a1a840c6.jpg
D:\FYP Project\fypapp\abo-images-small (1)\images\small\f5\f595ab5b.jpg,Kitchen Appliance,Appliances,129.99,A high-quality kitchen appliance — appliances product with excellent build quality and modern design.,/abo-images-small (1)/images/small/f5/f595ab5b.jpg
D:\FYP Project\fypapp\abo-images-small (1)\images\small\69\69c67791.jpg,Microwave,Appliances,129.99,A high-quality microwave — appliances product with excellent build quality and modern design.,/abo-images-small (1)/images/small/69/69c67791.jpg
D:\FYP Project\fypapp\abo-images-small (1)\images\small\e1\e1fd8c8d.jpg,Android Phone,Smartphones,699.99,A high-quality android phone — smartphones product with excellent build quality and modern design.,/abo-images-small (1)/images/small/e1/e1fd8c8d.jpg
D:\FYP Project\fypapp\abo-images-small (1)\images\small\8e\8e7362ae.jpg,Android Tablet,Tablets,449.99,A high-quality android tablet — tablets product with excellent build quality and modern design.,/abo-images-small (1)/images/small/8e/8e7362ae.jpg
D:\FYP Project\fypapp\abo-images-small (1)\images\small\27\2757447f.jpg,Bed Frame,Beds,499.99,A high-quality bed frame — beds product with excellent build quality and modern design.,/abo-images-small (1)/images/small/27/2757447f.jpg
D:\FYP Project\fypapp\abo-images-small (1)\images\small\2f\2f2cd6ad.jpg,Mobile Phone,Smartphones,699.99,A high-quality mobile phone — smartphones product with excellent build quality and modern design.,/abo-images-small (1)/images/small/2f/2f2cd6ad.jpg
D:\FYP Project\fypapp\abo-images-small (1)\images\small\0f\0f3dc5fd.jpg,Outdoor Equipment,Outdoors,149.99,A high-quality outdoor equipment — outdoors product with excellent build quality and modern design.,/abo-images-small (1)/images/small/0f/0f3dc5fd.jpg
D:\FYP Project\fypapp\abo-images-small (1)\images\small\0c\0c94abd5.jpg,Coffee Maker,Appliances,129.99,A high-quality coffee maker — appliances product with excellent build quality and modern design.,/abo-images-small (1)/images/small/0c/0c94abd5.jpg
D:\FYP Project\fypapp\abo-images-small (1)\images\small\6a\6a7f4c73.jpg,Jacket,Jackets,119.99,A high-quality jacket — jackets product with excellent build quality and modern design.,/abo-images-small (1)/images/small/6a/6a7f4c73.jpg
D:\FYP Project\fypapp\abo-images-small (1)\images\small\ac\ac376e16.jpg,Microwave,Appliances,129.99,A high-quality microwave — appliances product with excellent build quality and modern design.,/abo-images-small (1)/images/small/ac/ac376e16.jpg
D:\FYP Project\fypapp\abo-images-small (1)\images\small\27\27272ed8.jpg,Blender,Appliances,129.99,A high-quality blender — appliances product with excellent build quality and modern design.,/abo-images-small (1)/images/small/27/27272ed8.jpg
D:\FYP Project\fypapp\abo-images-small (1)\images\small\20\20d7359c.jpg,Android Tablet,Tablets,449.99,A high-quality android tablet — tablets product with excellent build quality and modern design.,/abo-images-small (1)/images/small/20/20d7359c.jpg
D:\FYP Project\fypapp\abo-images-small (1)\images\small\52\52f5609f.jpg,Office Chair,Chairs,199.99,A high-quality office chair — chairs product with excellent build quality and modern design.,/abo-images-small (1)/images/small/52/52f5609f.jpg
D:\FYP Project\fypapp\abo-images-small (1)\images\small\bb\bb476f97.jpg,Coffee Table,Tables,299.99,A high-quality coffee table — tables product with excellent build quality and modern design.,/abo-images-small (1)/images/small/bb/bb476f97.jpg
D:\FYP Project\fypapp\abo-images-small (1)\images\small\2d\2dcb2cc9.jpg,Android Phone,Smartphones,699.99,A high-quality android phone — smartphones product with excellent build quality and modern design.,/abo-images-small (1)/images/small/2d/2dcb2cc9.jpg
D:\FYP Project\fypapp\abo-images-small (1)\images\small\87\87e08734.jpg,Loveseat,Sofas,799.99,A high-quality loveseat — sofas product with excellent build quality and modern design.,/abo-images-small (1)/images/small/87/87e08734.jpg
D:\FYP Project\fypapp\abo-images-small (1)\images\small\9e\9e153e20.jpg,Sofa,Sofas,799.99,A high-quality sofa — sofas product with excellent build quality and modern design.,/abo-images-small (1)/images/small/9e/9e153e20.jpg
D:\FYP Project\fypapp\abo-images-small (1)\images\small\81\81f89017.jpg,Running Shoes,Shoes,89.99,A high-quality running shoes — shoes product with excellent build quality and modern design.,/abo-images-small (1)/images/small/81/81f89017.jpg
D:\FYP Project\fypapp\abo-images-small (1)\images\small\e9\e907386d.jpg,Android Phone,Smartphones,699.99,A high-quality android phone — smartphones product with excellent build quality and modern design.,/abo-images-small (1)/images/small/e9/e907386d.jpg
D:\FYP Project\fypapp\abo-images-small (1)\images\small\f4\f4055f82.jpg,iPhone,Smartphones,699.99,A high-quality iphone — smartphones product with excellent build quality and modern design.,/abo-images-small (1)/images/small/f4/f4055f82.jpg
D:\FYP Project\fypapp\abo-images-small (1)\images\small\bc\bc220681.jpg,Tablet,Tablets,449.99,A high-quality tablet — tablets product with excellent build quality and modern design.,/abo-images-small (1)/images/small/bc/bc220681.jpg
D:\FYP Project\fypapp\abo-images-small (1)\images\small\92\921ffd9f.jpg,Queen Bed,Beds,499.99,A high-quality queen bed — beds product with excellent build quality and modern design.,/abo-images-small (1)/images/small/92/921ffd9f.jpg
D:\FYP Project\fypapp\abo-images-small (1)\images\small\cc\cc0e38c5.jpg,Bowl Set,Dinnerware,49.99,A high-quality bowl set — dinnerware product with excellent build quality and modern design.,/abo-images-small (1)/images/small/cc/cc0e38c5.jpg
D:\FYP Project\fypapp\abo-images-small (1)\images\small\ff\ff448fcf.jpg,iPhone,Smartphones,699.99,A high-quality iphone — smartphones product with excellent build quality and modern design.,/abo-images-small (1)/images/small/ff/ff448fcf.jpg
D:\FYP Project\fypapp\abo-images-small (1)\images\small\36\362eea80.jpg,Dining Table,Tables,299.99,A high-quality dining table — tables product with excellent build quality and modern design.,/abo-images-small (1)/images/small/36/362eea80.jpg
D:\FYP Project\fypapp\abo-images-small (1)\images\small\90\90b0d2e0.jpg,Mobile Phone,Smartphones,699.99,A high-quality mobile phone — smartphones product with excellent build quality and modern design.,/abo-images-small (1)/images/small/90/90b0d2e0.jpg
D:\FYP Project\fypapp\abo-images-small (1)\images\small\e3\e3eabe74.jpg,King Bed,Beds,499.99,A high-quality king bed — beds product with excellent build quality and modern design.,/abo-images-small (1)/images/small/e3/e3eabe74.jpg
D:\FYP Project\fypapp\abo-images-small (1)\images\small\21\217813a5.jpg,Boots,Shoes,89.99,A high-quality boots — shoes product with excellent build quality and modern design.,/abo-images-small (1)/images/small/21/217813a5.jpg
D:\FYP Project\fypapp\abo-images-small (1)\images\small\ab\ab28423a.jpg,Smartphone,Smartphones,699.99,A high-quality smartphone — smartphones product with excellent build quality and modern design.,/abo-images-small (1)/images/small/ab/ab28423a.jpg
D:\FYP Project\fypapp\abo-images-small (1)\images\small\d5\d59a3d57.jpg,Mobile Phone,Smartphones,699.99,A high-quality mobile phone — smartphones product with excellent build quality and modern design.,/abo-images-small (1)/images/small/d5/d59a3d57.jpg
D:\FYP Project\fypapp\abo-images-small (1)\images\small\8e\8e6210cb.jpg,Android Phone,Smartphones,699.99,A high-quality android phone — smartphones product with excellent build quality and modern design.,/abo-images-small (1)/images/small/8e/8e6210cb.jpg
D:\FYP Project\fypapp\abo-images-small (1)\images\small\62\622ce731.jpg,Skillet,Cookware,89.99,A high-quality skillet — cookware product with excellent build quality and modern design.,/abo-images-small (1)/images/small/62/622ce731.jpg
D:\FYP Project\fypapp\abo-images-small (1)\images\small\0b\0b289824.jpg,Tablet,Tablets,449.99,A high-quality tablet — tablets product with excellent build quality and modern design.,/abo-images-small (1)/images/small/0b/0b289824.jpg
D:\FYP Project\fypapp\abo-images-small (1)\images\small\f1\f1d02e8d.jpg,Non-Stick Pan,Cookware,89.99,A high-quality non-stick pan — cookware product with excellent build quality and modern design.,/abo-images-small (1)/images/small/f1/f1d02e8d.jpg
D:\FYP Project\fypapp\abo-images-small (1)\images\small\81\81d22f7e.jpg,King Bed,Beds,499.99,A high-quality king bed — beds product with excellent build quality and modern design.,/abo-images-small (1)/images/small/81/81d22f7e.jpg
D:\FYP Project\fypapp\abo-images-small (1)\images\small\4d\4d1904a7.jpg,iPhone,Smartphones,699.99,A high-quality iphone — smartphones product with excellent build quality and modern design.,/abo-images-small (1)/images/small/4d/4d1904a7.jpg
D:\FYP Project\fypapp\abo-images-small (1)\images\small\9a\9a5e21c4.jpg,Kitchen Appliance,Appliances,129.99,A high-quality kitchen appliance — appliances product with excellent build quality and modern design.,/abo-images-small (1)/images/small/9a/9a5e21c4.jpg
D:\FYP Project\fypapp\abo-images-small (1)\images\small\9b\9b06503b.jpg,iPad,Tablets,449.99,A high-quality ipad — tablets product with excellent build quality and modern design.,/abo-images-small (1)/images/small/9b/9b06503b.jpg
D:\FYP Project\fypapp\abo-images-small (1)\images\small\53\536697dc.jpg,King Bed,Beds,499.99,A high-quality king bed — beds product with excellent build quality and modern design.,/abo-images-small (1)/images/small/53/536697dc.jpg
D:\FYP Project\fypapp\abo-images-small (1)\images\small\7f\7f380569.jpg,Windbreaker,Jackets,119.99,A high-quality windbreaker — jackets product with excellent build quality and modern design.,/abo-images-small (1)/images/small/7f/7f380569.jpg
D:\FYP Project\fypapp\abo-images-small (1)\images\small\21\21940323.jpg,Sneakers,Shoes,89.99,A high-quality sneakers — shoes product with excellent build quality and modern design.,/abo-images-small (1)/images/small/21/21940323.jpg
D:\FYP Project\fypapp\abo-images-small (1)\images\small\f0\f037c93b.jpg,Ceramic Plates,Dinnerware,49.99,A high-quality ceramic plates — dinnerware product with excellent build quality and modern design.,/abo-images-small (1)/images/small/f0/f037c93b.jpg
D:\FYP Project\fypapp\abo-images-small (1)\images\small\80\80c12db9.jpg,Android Phone,Smartphones,699.99,A high-quality android phone — smartphones product with excellent build quality and modern design.,/abo-images-small (1)/images/small/80/80c12db9.jpg
D:\FYP Project\fypapp\abo-images-small (1)\images\small\bd\bd915c35.jpg,Boots,Shoes,89.99,A high-quality boots — shoes product with excellent build quality and modern design.,/abo-images-small (1)/images/small/bd/bd915c35.jpg
D:\FYP Project\fypapp\abo-images-small (1)\images\small\e0\e075fa61.jpg,Smartphone,Smartphones,699.99,A high-quality smartphone — smartphones product with excellent build quality and modern design.,/abo-images-small (1)/images/small/e0/e075fa61.jpg
D:\FYP Project\fypapp\abo-images-small (1)\images\small\7d\7de253d8.jpg,Notebook PC,Laptops,899.99,A high-quality notebook pc — laptops product with excellent build quality and modern design.,/abo-images-small (1)/images/small/7d/7de253d8.jpg
D:\FYP Project\fypapp\abo-images-small (1)\images\small\14\146122b1.jpg,Sectional Sofa,Sofas,799.99,A high-quality sectional sofa — sofas product with excellent build quality and modern design.,/abo-images-small (1)/images/small/14/146122b1.jpg
D:\FYP Project\fypapp\abo-images-small (1)\images\small\8b\8b1301e8.jpg,Platform Bed,Beds,499.99,A high-quality platform bed — beds product with excellent build quality and modern design.,/abo-images-small (1)/images/small/8b/8b1301e8.jpg
D:\FYP Project\fypapp\abo-images-small (1)\images\small\60\60dc853d.jpg,Sneakers,Shoes,89.99,A high-quality sneakers — shoes product with excellent build quality and modern design.,/abo-images-small (1)/images/small/60/60dc853d.jpg
D:\FYP Project\fypapp\abo-images-small (1)\images\small\42\42f18dbe.jpg,Hiking Gear,Outdoors,149.99,A high-quality hiking gear — outdoors product with excellent build quality and modern design.,/abo-images-small (1)/images/small/42/42f18dbe.jpg
D:\FYP Project\fypapp\abo-images-small (1)\images\small\29\29364193.jpg,Cooking Pot,Cookware,89.99,A high-quality cooking pot — cookware product with excellent build quality and modern design.,/abo-images-small (1)/images/small/29/29364193.jpg
D:\FYP Project\fypapp\abo-images-small (1)\images\small\9e\9e72ad5e.jpg,iPhone,Smartphones,699.99,A high-quality iphone — smartphones product with excellent build quality and modern design.,/abo-images-small (1)/images/small/9e/9e72ad5e.jpg
D:\FYP Project\fypapp\abo-images-small (1)\images\small\1f\1f019fb8.jpg,Kitchen Appliance,Appliances,129.99,A high-quality kitchen appliance — appliances product with excellent build quality and modern design.,/abo-images-small (1)/images/small/1f/1f019fb8.jpg
D:\FYP Project\fypapp\abo-images-small (1)\images\small\e6\e681964b.jpg,Mobile Phone,Smartphones,699.99,A high-quality mobile phone — smartphones product with excellent build quality and modern design.,/abo-images-small (1)/images/small/e6/e681964b.jpg
D:\FYP Project\fypapp\abo-images-small (1)\images\small\4b\4b5c5cea.jpg,Android Phone,Smartphones,699.99,A high-quality android phone — smartphones product with excellent build quality and modern design.,/abo-images-small (1)/images/small/4b/4b5c5cea.jpg
D:\FYP Project\fypapp\abo-images-small (1)\images\small\df\df6f3848.jpg,Exercise Gear,Sports,34.99,A high-quality exercise gear — sports product with excellent build quality and modern design.,/abo-images-small (1)/images/small/df/df6f3848.jpg
D:\FYP Project\fypapp\abo-images-small (1)\images\small\dd\ddaa2cb6.jpg,Smartphone,Smartphones,699.99,A high-quality smartphone — smartphones product with excellent build quality and modern design.,/abo-images-small (1)/images/small/dd/ddaa2cb6.jpg
D:\FYP Project\fypapp\abo-images-small (1)\images\small\cf\cf57dc8d.jpg,Queen Bed,Beds,499.99,A high-quality queen bed — beds product with excellent build quality and modern design.,/abo-images-small (1)/images/small/cf/cf57dc8d.jpg
D:\FYP Project\fypapp\abo-images-small (1)\images\small\07\07438b6c.jpg,Android Phone,Smartphones,699.99,A high-quality android phone — smartphones product with excellent build quality and modern design.,/abo-images-small (1)/images/small/07/07438b6c.jpg
D:\FYP Project\fypapp\abo-images-small (1)\images\small\11\11002997.jpg,Platform Bed,Beds,499.99,A high-quality platform bed — beds product with excellent build quality and modern design.,/abo-images-small (1)/images/small/11/11002997.jpg
D:\FYP Project\fypapp\abo-images-small (1)\images\small\75\756178e3.jpg,Smartphone,Smartphones,699.99,A high-quality smartphone — smartphones product with excellent build quality and modern design.,/abo-images-small (1)/images/small/75/756178e3.jpg
D:\FYP Project\fypapp\abo-images-small (1)\images\small\55\55fb506d.jpg,Running Shoes,Shoes,89.99,A high-quality running shoes — shoes product with excellent build quality and modern design.,/abo-images-small (1)/images/small/55/55fb506d.jpg
D:\FYP Project\fypapp\abo-images-small (1)\images\small\2a\2a812207.jpg,Casual Shoes,Shoes,89.99,A high-quality casual shoes — shoes product with excellent build quality and modern design.,/abo-images-small (1)/images/small/2a/2a812207.jpg
D:\FYP Project\fypapp\abo-images-small (1)\images\small\c4\c44da24c.jpg,Earphones,Headphones,149.99,A high-quality earphones — headphones product with excellent build quality and modern design.,/abo-images-small (1)/images/small/c4/c44da24c.jpg
D:\FYP Project\fypapp\abo-images-small (1)\images\small\49\491034be.jpg,Camping Tent,Outdoors,149.99,A high-quality camping tent — outdoors product with excellent build quality and modern design.,/abo-images-small (1)/images/small/49/491034be.jpg
D:\FYP Project\fypapp\abo-images-small (1)\images\small\17\172604ea.jpg,Queen Bed,Beds,499.99,A high-quality queen bed — beds product with excellent build quality and modern design.,/abo-images-small (1)/images/small/17/172604ea.jpg
D:\FYP Project\fypapp\abo-images-small (1)\images\small\c0\c0d136ca.jpg,Casual Shoes,Shoes,89.99,A high-quality casual shoes — shoes product with excellent build quality and modern design.,/abo-images-small (1)/images/small/c0/c0d136ca.jpg
D:\FYP Project\fypapp\abo-images-small (1)\images\small\49\49b82399.jpg,Coffee Maker,Appliances,129.99,A high-quality coffee maker — appliances product with excellent build quality and modern design.,/abo-images-small (1)/images/small/49/49b82399.jpg
D:\FYP Project\fypapp\abo-images-small (1)\images\small\cb\cbc1727a.jpg,Smartphone,Smartphones,699.99,A high-quality smartphone — smartphones product with excellent build quality and modern design.,/abo-images-small (1)/images/small/cb/cbc1727a.jpg
D:\FYP Project\fypapp\abo-images-small (1)\images\small\4c\4ca38975.jpg,Dining Chair,Chairs,199.99,A high-quality dining chair — chairs product with excellent build quality and modern design.,/abo-images-small (1)/images/small/4c/4ca38975.jpg
D:\FYP Project\fypapp\abo-images-small (1)\images\small\52\525cd154.jpg,Fitness Equipment,Sports,34.99,A high-quality fitness equipment — sports product with excellent build quality and modern design.,/abo-images-small (1)/images/small/52/525cd154.jpg
D:\FYP Project\fypapp\abo-images-small (1)\images\small\72\72bccefb.jpg,iPhone,Smartphones,699.99,A high-quality iphone — smartphones product with excellent build quality and modern design.,/abo-images-small (1)/images/small/72/72bccefb.jpg
D:\FYP Project\fypapp\abo-images-small (1)\images\small\31\31d83b28.jpg,Dining Table,Tables,299.99,A high-quality dining table — tables product with excellent build quality and modern design.,/abo-images-small (1)/images/small/31/31d83b28.jpg
D:\FYP Project\fypapp\abo-images-small (1)\images\small\ce\cef7bd69.jpg,Slim Jeans,Jeans,69.99,A high-quality slim jeans — jeans product with excellent build quality and modern design.,/abo-images-small (1)/images/small/ce/cef7bd69.jpg
D:\FYP Project\fypapp\abo-images-small (1)\images\small\00\00fcba69.jpg,Ultrabook,Laptops,899.99,A high-quality ultrabook — laptops product with excellent build quality and modern design.,/abo-images-small (1)/images/small/00/00fcba69.jpg
D:\FYP Project\fypapp\abo-images-small (1)\images\small\61\6159d7b6.jpg,Casual Top,Shirts,39.99,A high-quality casual top — shirts product with excellent build quality and modern design.,/abo-images-small (1)/images/small/61/6159d7b6.jpg
D:\FYP Project\fypapp\abo-images-small (1)\images\small\30\30d6d6db.jpg,Bed Frame,Beds,499.99,A high-quality bed frame — beds product with excellent build quality and modern design.,/abo-images-small (1)/images/small/30/30d6d6db.jpg
D:\FYP Project\fypapp\abo-images-small (1)\images\small\2b\2bd9a524.jpg,Winter Coat,Jackets,119.99,A high-quality winter coat — jackets product with excellent build quality and modern design.,/abo-images-small (1)/images/small/2b/2bd9a524.jpg
D:\FYP Project\fypapp\abo-images-small (1)\images\small\bc\bc23639f.jpg,Accent Chair,Chairs,199.99,A high-quality accent chair — chairs product with excellent build quality and modern design.,/abo-images-small (1)/images/small/bc/bc23639f.jpg
D:\FYP Project\fypapp\abo-images-small (1)\images\small\58\585e2a73.jpg,iPhone,Smartphones,699.99,A high-quality iphone — smartphones product with excellent build quality and modern design.,/abo-images-small (1)/images/small/58/585e2a73.jpg
D:\FYP Project\fypapp\abo-images-small (1)\images\small\3c\3cc20d3e.jpg,Bed Frame,Beds,499.99,A high-quality bed frame — beds product with excellent build quality and modern design.,/abo-images-small (1)/images/small/3c/3cc20d3e.jpg
D:\FYP Project\fypapp\abo-images-small (1)\images\small\25\251d2ae1.jpg,Microwave,Appliances,129.99,A high-quality microwave — appliances product with excellent build quality and modern design.,/abo-images-small (1)/images/small/25/251d2ae1.jpg
D:\FYP Project\fypapp\abo-images-small (1)\images\small\e5\e5e9e692.jpg,King Bed,Beds,499.99,A high-quality king bed — beds product with excellent build quality and modern design.,/abo-images-small (1)/images/small/e5/e5e9e692.jpg
D:\FYP Project\fypapp\abo-images-small (1)\images\small\08\08c8c792.jpg,Coffee Maker,Appliances,129.99,A high-quality coffee maker — appliances product with excellent build quality and modern design.,/abo-images-small (1)/images/small/08/08c8c792.jpg
D:\FYP Project\fypapp\abo-images-small (1)\images\small\2c\2c7da972.jpg,Smartphone,Smartphones,699.99,A high-quality smartphone — smartphones product with excellent build quality and modern design.,/abo-images-small (1)/images/small/2c/2c7da972.jpg
D:\FYP Project\fypapp\abo-images-small (1)\images\small\05\05081863.jpg,Mobile Phone,Smartphones,699.99,A high-quality mobile phone — smartphones product with excellent build quality and modern design.,/abo-images-small (1)/images/small/05/05081863.jpg
D:\FYP Project\fypapp\abo-images-small (1)\images\small\7d\7dbc3c1d.jpg,Digital Tablet,Tablets,449.99,A high-quality digital tablet — tablets product with excellent build quality and modern design.,/abo-images-small (1)/images/small/7d/7dbc3c1d.jpg
D:\FYP Project\fypapp\abo-images-small (1)\images\small\54\540e3080.jpg,Earphones,Headphones,149.99,A high-quality earphones — headphones product with excellent build quality and modern design.,/abo-images-small (1)/images/small/54/540e3080.jpg
D:\FYP Project\fypapp\abo-images-small (1)\images\small\cc\cc8ec82c.jpg,Tablet,Tablets,449.99,A high-quality tablet — tablets product with excellent build quality and modern design.,/abo-images-small (1)/images/small/cc/cc8ec82c.jpg
D:\FYP Project\fypapp\abo-images-small (1)\images\small\71\710c89cb.jpg,Mobile Phone,Smartphones,699.99,A high-quality mobile phone — smartphones product with excellent build quality and modern design.,/abo-images-small (1)/images/small/71/710c89cb.jpg
D:\FYP Project\fypapp\abo-images-small (1)\images\small\05\055bd558.jpg,Fitness Equipment,Sports,34.99,A high-quality fitness equipment — sports product with excellent build quality and modern design.,/abo-images-small (1)/images/small/05/055bd558.jpg
D:\FYP Project\fypapp\abo-images-small (1)\images\small\3c\3cac32f5.jpg,Boots,Shoes,89.99,A high-quality boots — shoes product with excellent build quality and modern design.,/abo-images-small (1)/images/small/3c/3cac32f5.jpg
D:\FYP Project\fypapp\abo-images-small (1)\images\small\5d\5d48a038.jpg,Smartphone,Smartphones,699.99,A high-quality smartphone — smartphones product with excellent build quality and modern design.,/abo-images-small (1)/images/small/5d/5d48a038.jpg
D:\FYP Project\fypapp\abo-images-small (1)\images\small\11\11a30984.jpg,Coffee Table,Tables,299.99,A high-quality coffee table — tables product with excellent build quality and modern design.,/abo-images-small (1)/images/small/11/11a30984.jpg
D:\FYP Project\fypapp\abo-images-small (1)\images\small\2a\2ac5e2c8.jpg,Digital Tablet,Tablets,449.99,A high-quality digital tablet — tablets product with excellent build quality and modern design.,/abo-images-small (1)/images/small/2a/2ac5e2c8.jpg
D:\FYP Project\fypapp\abo-images-small (1)\images\small\92\92bee062.jpg,iPhone,Smartphones,699.99,A high-quality iphone — smartphones product with excellent build quality and modern design.,/abo-images-small (1)/images/small/92/92bee062.jpg
D:\FYP Project\fypapp\abo-images-small (1)\images\small\b7\b77680a4.jpg,Bed Frame,Beds,499.99,A high-quality bed frame — beds product with excellent build quality and modern design.,/abo-images-small (1)/images/small/b7/b77680a4.jpg
D:\FYP Project\fypapp\abo-images-small (1)\images\small\26\265a0e3f.jpg,Mobile Phone,Smartphones,699.99,A high-quality mobile phone — smartphones product with excellent build quality and modern design.,/abo-images-small (1)/images/small/26/265a0e3f.jpg
D:\FYP Project\fypapp\abo-images-small (1)\images\small\15\156352c9.jpg,Fitness Equipment,Sports,34.99,A high-quality fitness equipment — sports product with excellent build quality and modern design.,/abo-images-small (1)/images/small/15/156352c9.jpg
D:\FYP Project\fypapp\abo-images-small (1)\images\small\a6\a6b8c16e.jpg,Desk,Tables,299.99,A high-quality desk — tables product with excellent build quality and modern design.,/abo-images-small (1)/images/small/a6/a6b8c16e.jpg
D:\FYP Project\fypapp\abo-images-small (1)\images\small\9c\9c3b3e52.jpg,Smartphone,Smartphones,699.99,A high-quality smartphone — smartphones product with excellent build quality and modern design.,/abo-images-small (1)/images/small/9c/9c3b3e52.jpg
D:\FYP Project\fypapp\abo-images-small (1)\images\small\7f\7f022b19.jpg,Non-Stick Pan,Cookware,89.99,A high-quality non-stick pan — cookware product with excellent build quality and modern design.,/abo-images-small (1)/images/small/7f/7f022b19.jpg
D:\FYP Project\fypapp\abo-images-small (1)\images\small\b3\b32dea3f.jpg,Digital Tablet,Tablets,449.99,A high-quality digital tablet — tablets product with excellent build quality and modern design.,/abo-images-small (1)/images/small/b3/b32dea3f.jpg
D:\FYP Project\fypapp\abo-images-small (1)\images\small\ce\ce3b487f.jpg,Boots,Shoes,89.99,A high-quality boots — shoes product with excellent build quality and modern design.,/abo-images-small (1)/images/small/ce/ce3b487f.jpg
D:\FYP Project\fypapp\abo-images-small (1)\images\small\24\24d10f7a.jpg,Smartphone,Smartphones,699.99,A high-quality smartphone — smartphones product with excellent build quality and modern design.,/abo-images-small (1)/images/small/24/24d10f7a.jpg
D:\FYP Project\fypapp\abo-images-small (1)\images\small\9d\9d7f6d14.jpg,Notebook PC,Laptops,899.99,A high-quality notebook pc — laptops product with excellent build quality and modern design.,/abo-images-small (1)/images/small/9d/9d7f6d14.jpg
D:\FYP Project\fypapp\abo-images-small (1)\images\small\af\aff41139.jpg,Sectional Sofa,Sofas,799.99,A high-quality sectional sofa — sofas product with excellent build quality and modern design.,/abo-images-small (1)/images/small/af/aff41139.jpg
D:\FYP Project\fypapp\abo-images-small (1)\images\small\4e\4e7fc865.jpg,Boots,Shoes,89.99,A high-quality boots — shoes product with excellent build quality and modern design.,/abo-images-small (1)/images/small/4e/4e7fc865.jpg
D:\FYP Project\fypapp\abo-images-small (1)\images\small\d5\d568e880.jpg,Smartphone,Smartphones,699.99,A high-quality smartphone — smartphones product with excellent build quality and modern design.,/abo-images-small (1)/images/small/d5/d568e880.jpg
D:\FYP Project\fypapp\abo-images-small (1)\images\small\0e\0e97be68.jpg,Mobile Phone,Smartphones,699.99,A high-quality mobile phone — smartphones product with excellent build quality and modern design.,/abo-images-small (1)/images/small/0e/0e97be68.jpg
D:\FYP Project\fypapp\abo-images-small (1)\images\small\ff\ff78c4a1.jpg,Casual Shoes,Shoes,89.99,A high-quality casual shoes — shoes product with excellent build quality and modern design.,/abo-images-small (1)/images/small/ff/ff78c4a1.jpg
D:\FYP Project\fypapp\abo-images-small (1)\images\small\e5\e5367d61.jpg,Coffee Maker,Appliances,129.99,A high-quality coffee maker — appliances product with excellent build quality and modern design.,/abo-images-small (1)/images/small/e5/e5367d61.jpg
D:\FYP Project\fypapp\abo-images-small (1)\images\small\b5\b5e6c5bc.jpg,Sneakers,Shoes,89.99,A high-quality sneakers — shoes product with excellent build quality and modern design.,/abo-images-small (1)/images/small/b5/b5e6c5bc.jpg
D:\FYP Project\fypapp\abo-images-small (1)\images\small\69\699702d3.jpg,Running Shoes,Shoes,89.99,A high-quality running shoes — shoes product with excellent build quality and modern design.,/abo-images-small (1)/images/small/69/699702d3.jpg
D:\FYP Project\fypapp\abo-images-small (1)\images\small\9f\9f8a2b73.jpg,Cooking Pot,Cookware,89.99,A high-quality cooking pot — cookware product with excellent build quality and modern design.,/abo-images-small (1)/images/small/9f/9f8a2b73.jpg
D:\FYP Project\fypapp\abo-images-small (1)\images\small\df\dffadc04.jpg,Exercise Gear,Sports,34.99,A high-quality exercise gear — sports product with excellent build quality and modern design.,/abo-images-small (1)/images/small/df/dffadc04.jpg
D:\FYP Project\fypapp\abo-images-small (1)\images\small\0a\0aa0a80e.jpg,Smartphone,Smartphones,699.99,A high-quality smartphone — smartphones product with excellent build quality and modern design.,/abo-images-small (1)/images/small/0a/0aa0a80e.jpg
D:\FYP Project\fypapp\abo-images-small (1)\images\small\14\1476b0ca.jpg,Resistance Bands,Sports,34.99,A high-quality resistance bands — sports product with excellent build quality and modern design.,/abo-images-small (1)/images/small/14/1476b0ca.jpg
D:\FYP Project\fypapp\abo-images-small (1)\images\small\a7\a7a77c8d.jpg,Android Phone,Smartphones,699.99,A high-quality android phone — smartphones product with excellent build quality and modern design.,/abo-images-small (1)/images/small/a7/a7a77c8d.jpg
D:\FYP Project\fypapp\abo-images-small (1)\images\small\8c\8c377f7e.jpg,iPhone,Smartphones,699.99,A high-quality iphone — smartphones product with excellent build quality and modern design.,/abo-images-small (1)/images/small/8c/8c377f7e.jpg
D:\FYP Project\fypapp\abo-images-small (1)\images\small\94\948871ce.jpg,Smartphone,Smartphones,699.99,A high-quality smartphone — smartphones product with excellent build quality and modern design.,/abo-images-small (1)/images/small/94/948871ce.jpg
D:\FYP Project\fypapp\abo-images-small (1)\images\small\f0\f05c17f2.jpg,Microwave,Appliances,129.99,A high-quality microwave — appliances product with excellent build quality and modern design.,/abo-images-small (1)/images/small/f0/f05c17f2.jpg
D:\FYP Project\fypapp\abo-images-small (1)\images\small\24\24745fff.jpg,Android Phone,Smartphones,699.99,A high-quality android phone — smartphones product with excellent build quality and modern design.,/abo-images-small (1)/images/small/24/24745fff.jpg
D:\FYP Project\fypapp\abo-images-small (1)\images\small\ab\ab7825cb.jpg,Recliner,Chairs,199.99,A high-quality recliner — chairs product with excellent build quality and modern design.,/abo-images-small (1)/images/small/ab/ab7825cb.jpg
D:\FYP Project\fypapp\abo-images-small (1)\images\small\f9\f96fc68b.jpg,Smartphone,Smartphones,699.99,A high-quality smartphone — smartphones product with excellent build quality and modern design.,/abo-images-small (1)/images/small/f9/f96fc68b.jpg
D:\FYP Project\fypapp\abo-images-small (1)\images\small\9a\9a7607d4.jpg,Microwave,Appliances,129.99,A high-quality microwave — appliances product with excellent build quality and modern design.,/abo-images-small (1)/images/small/9a/9a7607d4.jpg
D:\FYP Project\fypapp\abo-images-small (1)\images\small\18\18c52f59.jpg,Over-Ear Headphones,Headphones,149.99,A high-quality over-ear headphones — headphones product with excellent build quality and modern design.,/abo-images-small (1)/images/small/18/18c52f59.jpg
D:\FYP Project\fypapp\abo-images-small (1)\images\small\1b\1b519a76.jpg,Windbreaker,Jackets,119.99,A high-quality windbreaker — jackets product with excellent build quality and modern design.,/abo-images-small (1)/images/small/1b/1b519a76.jpg
D:\FYP Project\fypapp\abo-images-small (1)\images\small\70\707a9d16.jpg,Tablet,Tablets,449.99,A high-quality tablet — tablets product with excellent build quality and modern design.,/abo-images-small (1)/images/small/70/707a9d16.jpg
D:\FYP Project\fypapp\abo-images-small (1)\images\small\d3\d31ea9ea.jpg,Mobile Phone,Smartphones,699.99,A high-quality mobile phone — smartphones product with excellent build quality and modern design.,/abo-images-small (1)/images/small/d3/d31ea9ea.jpg
D:\FYP Project\fypapp\abo-images-small (1)\images\small\32\32188cb7.jpg,Android Phone,Smartphones,699.99,A high-quality android phone — smartphones product with excellent build quality and modern design.,/abo-images-small (1)/images/small/32/32188cb7.jpg
D:\FYP Project\fypapp\abo-images-small (1)\images\small\16\161811f5.jpg,Platform Bed,Beds,499.99,A high-quality platform bed — beds product with excellent build quality and modern design.,/abo-images-small (1)/images/small/16/161811f5.jpg
D:\FYP Project\fypapp\abo-images-small (1)\images\small\2a\2a98995d.jpg,Jacket,Jackets,119.99,A high-quality jacket — jackets product with excellent build quality and modern design.,/abo-images-small (1)/images/small/2a/2a98995d.jpg
D:\FYP Project\fypapp\abo-images-small (1)\images\small\60\608d77da.jpg,iPad,Tablets,449.99,A high-quality ipad — tablets product with excellent build quality and modern design.,/abo-images-small (1)/images/small/60/608d77da.jpg
D:\FYP Project\fypapp\abo-images-small (1)\images\small\d8\d8828d37.jpg,Digital Tablet,Tablets,449.99,A high-quality digital tablet — tablets product with excellent build quality and modern design.,/abo-images-small (1)/images/small/d8/d8828d37.jpg
D:\FYP Project\fypapp\abo-images-small (1)\images\small\db\db6ae7e2.jpg,Android Tablet,Tablets,449.99,A high-quality android tablet — tablets product with excellent build quality and modern design.,/abo-images-small (1)/images/small/db/db6ae7e2.jpg
D:\FYP Project\fypapp\abo-images-small (1)\images\small\cb\cb677c88.jpg,T-Shirt,Shirts,39.99,A high-quality t-shirt — shirts product with excellent build quality and modern design.,/abo-images-small (1)/images/small/cb/cb677c88.jpg
D:\FYP Project\fypapp\abo-images-small (1)\images\small\be\bed74943.jpg,Dress Shirt,Shirts,39.99,A high-quality dress shirt — shirts product with excellent build quality and modern design.,/abo-images-small (1)/images/small/be/bed74943.jpg
D:\FYP Project\fypapp\abo-images-small (1)\images\small\f9\f95942b3.jpg,Cooking Pot,Cookware,89.99,A high-quality cooking pot — cookware product with excellent build quality and modern design.,/abo-images-small (1)/images/small/f9/f95942b3.jpg
D:\FYP Project\fypapp\abo-images-small (1)\images\small\71\718b7fb0.jpg,Exercise Gear,Sports,34.99,A high-quality exercise gear — sports product with excellent build quality and modern design.,/abo-images-small (1)/images/small/71/718b7fb0.jpg
D:\FYP Project\fypapp\abo-images-small (1)\images\small\85\854d04d1.jpg,Dress,Dresses,59.99,A high-quality dress — dresses product with excellent build quality and modern design.,/abo-images-small (1)/images/small/85/854d04d1.jpg
D:\FYP Project\fypapp\abo-images-small (1)\images\small\cf\cf6e0e92.jpg,Non-Stick Pan,Cookware,89.99,A high-quality non-stick pan — cookware product with excellent build quality and modern design.,/abo-images-small (1)/images/small/cf/cf6e0e92.jpg
D:\FYP Project\fypapp\abo-images-small (1)\images\small\b8\b8f5f97a.jpg,Fitness Equipment,Sports,34.99,A high-quality fitness equipment — sports product with excellent build quality and modern design.,/abo-images-small (1)/images/small/b8/b8f5f97a.jpg
D:\FYP Project\fypapp\abo-images-small (1)\images\small\67\67557981.jpg,Android Tablet,Tablets,449.99,A high-quality android tablet — tablets product with excellent build quality and modern design.,/abo-images-small (1)/images/small/67/67557981.jpg
D:\FYP Project\fypapp\abo-images-small (1)\images\small\9e\9e1a0c82.jpg,Kitchen Appliance,Appliances,129.99,A high-quality kitchen appliance — appliances product with excellent build quality and modern design.,/abo-images-small (1)/images/small/9e/9e1a0c82.jpg
D:\FYP Project\fypapp\abo-images-small (1)\images\small\b0\b0915e96.jpg,Mobile Phone,Smartphones,699.99,A high-quality mobile phone — smartphones product with excellent build quality and modern design.,/abo-images-small (1)/images/small/b0/b0915e96.jpg
D:\FYP Project\fypapp\abo-images-small (1)\images\small\d2\d22e3d8a.jpg,Fitness Equipment,Sports,34.99,A high-quality fitness equipment — sports product with excellent build quality and modern design.,/abo-images-small (1)/images/small/d2/d22e3d8a.jpg
D:\FYP Project\fypapp\abo-images-small (1)\images\small\95\95e38976.jpg,iPhone,Smartphones,699.99,A high-quality iphone — smartphones product with excellent build quality and modern design.,/abo-images-small (1)/images/small/95/95e38976.jpg
D:\FYP Project\fypapp\abo-images-small (1)\images\small\21\21856114.jpg,Tablet,Tablets,449.99,A high-quality tablet — tablets product with excellent build quality and modern design.,/abo-images-small (1)/images/small/21/21856114.jpg
D:\FYP Project\fypapp\abo-images-small (1)\images\small\f5\f5d78943.jpg,Coffee Table,Tables,299.99,A high-quality coffee table — tables product with excellent build quality and modern design.,/abo-images-small (1)/images/small/f5/f5d78943.jpg
D:\FYP Project\fypapp\abo-images-small (1)\images\small\26\2697e77b.jpg,Digital Tablet,Tablets,449.99,A high-quality digital tablet — tablets product with excellent build quality and modern design.,/abo-images-small (1)/images/small/26/2697e77b.jpg
D:\FYP Project\fypapp\abo-images-small (1)\images\small\e3\e3d71a4d.jpg,Denim Pants,Jeans,69.99,A high-quality denim pants — jeans product with excellent build quality and modern design.,/abo-images-small (1)/images/small/e3/e3d71a4d.jpg
D:\FYP Project\fypapp\abo-images-small (1)\images\small\e2\e280b3fd.jpg,Yoga Mat,Sports,34.99,A high-quality yoga mat — sports product with excellent build quality and modern design.,/abo-images-small (1)/images/small/e2/e280b3fd.jpg
D:\FYP Project\fypapp\abo-images-small (1)\images\small\bf\bfd9f045.jpg,Mobile Phone,Smartphones,699.99,A high-quality mobile phone — smartphones product with excellent build quality and modern design.,/abo-images-small (1)/images/small/bf/bfd9f045.jpg
D:\FYP Project\fypapp\abo-images-small (1)\images\small\fc\fc49d90c.jpg,Android Phone,Smartphones,699.99,A high-quality android phone — smartphones product with excellent build quality and modern design.,/abo-images-small (1)/images/small/fc/fc49d90c.jpg
D:\FYP Project\fypapp\abo-images-small (1)\images\small\4c\4c585fef.jpg,iPhone,Smartphones,699.99,A high-quality iphone — smartphones product with excellent build quality and modern design.,/abo-images-small (1)/images/small/4c/4c585fef.jpg
D:\FYP Project\fypapp\abo-images-small (1)\images\small\95\95d69daa.jpg,Smartphone,Smartphones,699.99,A high-quality smartphone — smartphones product with excellent build quality and modern design.,/abo-images-small (1)/images/small/95/95d69daa.jpg
D:\FYP Project\fypapp\abo-images-small (1)\images\small\9d\9d5a8586.jpg,Dining Chair,Chairs,199.99,A high-quality dining chair — chairs product with excellent build quality and modern design.,/abo-images-small (1)/images/small/9d/9d5a8586.jpg
D:\FYP Project\fypapp\abo-images-small (1)\images\small\50\50de240e.jpg,Puffer Jacket,Jackets,119.99,A high-quality puffer jacket — jackets product with excellent build quality and modern design.,/abo-images-small (1)/images/small/50/50de240e.jpg
D:\FYP Project\fypapp\abo-images-small (1)\images\small\90\904f2b75.jpg,iPhone,Smartphones,699.99,A high-quality iphone — smartphones product with excellent build quality and modern design.,/abo-images-small (1)/images/small/90/904f2b75.jpg
D:\FYP Project\fypapp\abo-images-small (1)\images\small\77\773db131.jpg,Tablet,Tablets,449.99,A high-quality tablet — tablets product with excellent build quality and modern design.,/abo-images-small (1)/images/small/77/773db131.jpg
D:\FYP Project\fypapp\abo-images-small (1)\images\small\9e\9e0a8c14.jpg,Running Shoes,Shoes,89.99,A high-quality running shoes — shoes product with excellent build quality and modern design.,/abo-images-small (1)/images/small/9e/9e0a8c14.jpg
D:\FYP Project\fypapp\abo-images-small (1)\images\small\8b\8b49a467.jpg,Cooking Pot,Cookware,89.99,A high-quality cooking pot — cookware product with excellent build quality and modern design.,/abo-images-small (1)/images/small/8b/8b49a467.jpg
D:\FYP Project\fypapp\abo-images-small (1)\images\small\91\910e1728.jpg,Casual Top,Shirts,39.99,A high-quality casual top — shirts product with excellent build quality and modern design.,/abo-images-small (1)/images/small/91/910e1728.jpg
D:\FYP Project\fypapp\abo-images-small (1)\images\small\20\20210a6a.jpg,Smartphone,Smartphones,699.99,A high-quality smartphone — smartphones product with excellent build quality and modern design.,/abo-images-small (1)/images/small/20/20210a6a.jpg
D:\FYP Project\fypapp\abo-images-small (1)\images\small\6d\6d3ff28c.jpg,Mobile Phone,Smartphones,699.99,A high-quality mobile phone — smartphones product with excellent build quality and modern design.,/abo-images-small (1)/images/small/6d/6d3ff28c.jpg
D:\FYP Project\fypapp\abo-images-small (1)\images\small\94\94b2ac13.jpg,Android Phone,Smartphones,699.99,A high-quality android phone — smartphones product with excellent build quality and modern design.,/abo-images-small (1)/images/small/94/94b2ac13.jpg
D:\FYP Project\fypapp\abo-images-small (1)\images\small\6d\6d3d4fbd.jpg,Exercise Gear,Sports,34.99,A high-quality exercise gear — sports product with excellent build quality and modern design.,/abo-images-small (1)/images/small/6d/6d3d4fbd.jpg
D:\FYP Project\fypapp\abo-images-small (1)\images\small\e7\e7412d13.jpg,Smartphone,Smartphones,699.99,A high-quality smartphone — smartphones product with excellent build quality and modern design.,/abo-images-small (1)/images/small/e7/e7412d13.jpg
D:\FYP Project\fypapp\abo-images-small (1)\images\small\59\59c23ce8.jpg,Mobile Phone,Smartphones,699.99,A high-quality mobile phone — smartphones product with excellent build quality and modern design.,/abo-images-small (1)/images/small/59/59c23ce8.jpg
D:\FYP Project\fypapp\abo-images-small (1)\images\small\83\8317b5bd.jpg,Casual Shoes,Shoes,89.99,A high-quality casual shoes — shoes product with excellent build quality and modern design.,/abo-images-small (1)/images/small/83/8317b5bd.jpg
D:\FYP Project\fypapp\abo-images-small (1)\images\small\34\348a2208.jpg,Platform Bed,Beds,499.99,A high-quality platform bed — beds product with excellent build quality and modern design.,/abo-images-small (1)/images/small/34/348a2208.jpg
D:\FYP Project\fypapp\abo-images-small (1)\images\small\f0\f09d488e.jpg,Smartphone,Smartphones,699.99,A high-quality smartphone — smartphones product with excellent build quality and modern design.,/abo-images-small (1)/images/small/f0/f09d488e.jpg
D:\FYP Project\fypapp\abo-images-small (1)\images\small\a6\a613074a.jpg,Slim Jeans,Jeans,69.99,A high-quality slim jeans — jeans product with excellent build quality and modern design.,/abo-images-small (1)/images/small/a6/a613074a.jpg
D:\FYP Project\fypapp\abo-images-small (1)\images\small\16\169ecacc.jpg,King Bed,Beds,499.99,A high-quality king bed — beds product with excellent build quality and modern design.,/abo-images-small (1)/images/small/16/169ecacc.jpg
D:\FYP Project\fypapp\abo-images-small (1)\images\small\1e\1eda69a0.jpg,Windbreaker,Jackets,119.99,A high-quality windbreaker — jackets product with excellent build quality and modern design.,/abo-images-small (1)/images/small/1e/1eda69a0.jpg
D:\FYP Project\fypapp\abo-images-small (1)\images\small\1c\1cd84e6b.jpg,Sneakers,Shoes,89.99,A high-quality sneakers — shoes product with excellent build quality and modern design.,/abo-images-small (1)/images/small/1c/1cd84e6b.jpg
D:\FYP Project\fypapp\abo-images-small (1)\images\small\1f\1f8f6620.jpg,Hiking Gear,Outdoors,149.99,A high-quality hiking gear — outdoors product with excellent build quality and modern design.,/abo-images-small (1)/images/small/1f/1f8f6620.jpg
D:\FYP Project\fypapp\abo-images-small (1)\images\small\96\96727408.jpg,Android Phone,Smartphones,699.99,A high-quality android phone — smartphones product with excellent build quality and modern design.,/abo-images-small (1)/images/small/96/96727408.jpg
D:\FYP Project\fypapp\abo-images-small (1)\images\small\20\20a371f3.jpg,Casual Top,Shirts,39.99,A high-quality casual top — shirts product with excellent build quality and modern design.,/abo-images-small (1)/images/small/20/20a371f3.jpg
D:\FYP Project\fypapp\abo-images-small (1)\images\small\82\8285eeed.jpg,Camping Tent,Outdoors,149.99,A high-quality camping tent — outdoors product with excellent build quality and modern design.,/abo-images-small (1)/images/small/82/8285eeed.jpg
D:\FYP Project\fypapp\abo-images-small (1)\images\small\2b\2be24cb3.jpg,Couch,Sofas,799.99,A high-quality couch — sofas product with excellent build quality and modern design.,/abo-images-small (1)/images/small/2b/2be24cb3.jpg
D:\FYP Project\fypapp\abo-images-small (1)\images\small\c1\c18d84e4.jpg,Casual Shoes,Shoes,89.99,A high-quality casual shoes — shoes product with excellent build quality and modern design.,/abo-images-small (1)/images/small/c1/c18d84e4.jpg
D:\FYP Project\fypapp\abo-images-small (1)\images\small\14\142ddc89.jpg,Desk,Tables,299.99,A high-quality desk — tables product with excellent build quality and modern design.,/abo-images-small (1)/images/small/14/142ddc89.jpg
D:\FYP Project\fypapp\abo-images-small (1)\images\small\cb\cbc7e73b.jpg,Sneakers,Shoes,89.99,A high-quality sneakers — shoes product with excellent build quality and modern design.,/abo-images-small (1)/images/small/cb/cbc7e73b.jpg
D:\FYP Project\fypapp\abo-images-small (1)\images\small\c3\c34b3094.jpg,Mobile Phone,Smartphones,699.99,A high-quality mobile phone — smartphones product with excellent build quality and modern design.,/abo-images-small (1)/images/small/c3/c34b3094.jpg
D:\FYP Project\fypapp\abo-images-small (1)\images\small\c3\c3538dfc.jpg,Android Phone,Smartphones,699.99,A high-quality android phone — smartphones product with excellent build quality and modern design.,/abo-images-small (1)/images/small/c3/c3538dfc.jpg
D:\FYP Project\fypapp\abo-images-small (1)\images\small\74\7417e252.jpg,Platform Bed,Beds,499.99,A high-quality platform bed — beds product with excellent build quality and modern design.,/abo-images-small (1)/images/small/74/7417e252.jpg
D:\FYP Project\fypapp\abo-images-small (1)\images\small\e8\e8e14bda.jpg,Dining Table,Tables,299.99,A high-quality dining table — tables product with excellent build quality and modern design.,/abo-images-small (1)/images/small/e8/e8e14bda.jpg
D:\FYP Project\fypapp\abo-images-small (1)\images\small\29\293cc915.jpg,Ceramic Plates,Dinnerware,49.99,A high-quality ceramic plates — dinnerware product with excellent build quality and modern design.,/abo-images-small (1)/images/small/29/293cc915.jpg
D:\FYP Project\fypapp\abo-images-small (1)\images\small\8f\8f4b9f90.jpg,Straight Jeans,Jeans,69.99,A high-quality straight jeans — jeans product with excellent build quality and modern design.,/abo-images-small (1)/images/small/8f/8f4b9f90.jpg
D:\FYP Project\fypapp\abo-images-small (1)\images\small\7c\7c206938.jpg,Exercise Gear,Sports,34.99,A high-quality exercise gear — sports product with excellent build quality and modern design.,/abo-images-small (1)/images/small/7c/7c206938.jpg
D:\FYP Project\fypapp\abo-images-small (1)\images\small\e7\e752b8fc.jpg,Yoga Mat,Sports,34.99,A high-quality yoga mat — sports product with excellent build quality and modern design.,/abo-images-small (1)/images/small/e7/e752b8fc.jpg
D:\FYP Project\fypapp\abo-images-small (1)\images\small\93\93608887.jpg,Dining Chair,Chairs,199.99,A high-quality dining chair — chairs product with excellent build quality and modern design.,/abo-images-small (1)/images/small/93/93608887.jpg
D:\FYP Project\fypapp\abo-images-small (1)\images\small\fc\fc5d88f1.jpg,Cooking Pot,Cookware,89.99,A high-quality cooking pot — cookware product with excellent build quality and modern design.,/abo-images-small (1)/images/small/fc/fc5d88f1.jpg
D:\FYP Project\fypapp\abo-images-small (1)\images\small\11\114cfc92.jpg,Skillet,Cookware,89.99,A high-quality skillet — cookware product with excellent build quality and modern design.,/abo-images-small (1)/images/small/11/114cfc92.jpg
D:\FYP Project\fypapp\abo-images-small (1)\images\small\64\64e18712.jpg,Sofa,Sofas,799.99,A high-quality sofa — sofas product with excellent build quality and modern design.,/abo-images-small (1)/images/small/64/64e18712.jpg
D:\FYP Project\fypapp\abo-images-small (1)\images\small\d0\d0787acc.jpg,Mobile Phone,Smartphones,699.99,A high-quality mobile phone — smartphones product with excellent build quality and modern design.,/abo-images-small (1)/images/small/d0/d0787acc.jpg
D:\FYP Project\fypapp\abo-images-small (1)\images\small\6d\6d38dbd2.jpg,King Bed,Beds,499.99,A high-quality king bed — beds product with excellent build quality and modern design.,/abo-images-small (1)/images/small/6d/6d38dbd2.jpg
D:\FYP Project\fypapp\abo-images-small (1)\images\small\7b\7b82ad3c.jpg,Coffee Maker,Appliances,129.99,A high-quality coffee maker — appliances product with excellent build quality and modern design.,/abo-images-small (1)/images/small/7b/7b82ad3c.jpg
D:\FYP Project\fypapp\abo-images-small (1)\images\small\22\22fd6314.jpg,Smartphone,Smartphones,699.99,A high-quality smartphone — smartphones product with excellent build quality and modern design.,/abo-images-small (1)/images/small/22/22fd6314.jpg
D:\FYP Project\fypapp\abo-images-small (1)\images\small\c8\c8dce754.jpg,Mobile Phone,Smartphones,699.99,A high-quality mobile phone — smartphones product with excellent build quality and modern design.,/abo-images-small (1)/images/small/c8/c8dce754.jpg
D:\FYP Project\fypapp\abo-images-small (1)\images\small\b1\b13577b1.jpg,King Bed,Beds,499.99,A high-quality king bed — beds product with excellent build quality and modern design.,/abo-images-small (1)/images/small/b1/b13577b1.jpg
D:\FYP Project\fypapp\abo-images-small (1)\images\small\4b\4b92f374.jpg,Desk,Tables,299.99,A high-quality desk — tables product with excellent build quality and modern design.,/abo-images-small (1)/images/small/4b/4b92f374.jpg
D:\FYP Project\fypapp\abo-images-small (1)\images\small\36\36419f6d.jpg,Smartphone,Smartphones,699.99,A high-quality smartphone — smartphones product with excellent build quality and modern design.,/abo-images-small (1)/images/small/36/36419f6d.jpg
D:\FYP Project\fypapp\abo-images-small (1)\images\small\e4\e47ca40a.jpg,Dining Chair,Chairs,199.99,A high-quality dining chair — chairs product with excellent build quality and modern design.,/abo-images-small (1)/images/small/e4/e47ca40a.jpg
D:\FYP Project\fypapp\abo-images-small (1)\images\small\a8\a8c55be5.jpg,Android Phone,Smartphones,699.99,A high-quality android phone — smartphones product with excellent build quality and modern design.,/abo-images-small (1)/images/small/a8/a8c55be5.jpg
D:\FYP Project\fypapp\abo-images-small (1)\images\small\4f\4f6c7655.jpg,iPhone,Smartphones,699.99,A high-quality iphone — smartphones product with excellent build quality and modern design.,/abo-images-small (1)/images/small/4f/4f6c7655.jpg
D:\FYP Project\fypapp\abo-images-small (1)\images\small\24\248cde31.jpg,Smartphone,Smartphones,699.99,A high-quality smartphone — smartphones product with excellent build quality and modern design.,/abo-images-small (1)/images/small/24/248cde31.jpg
D:\FYP Project\fypapp\abo-images-small (1)\images\small\7b\7b01a775.jpg,Mobile Phone,Smartphones,699.99,A high-quality mobile phone — smartphones product with excellent build quality and modern design.,/abo-images-small (1)/images/small/7b/7b01a775.jpg
D:\FYP Project\fypapp\abo-images-small (1)\images\small\c1\c1853c6f.jpg,Over-Ear Headphones,Headphones,149.99,A high-quality over-ear headphones — headphones product with excellent build quality and modern design.,/abo-images-small (1)/images/small/c1/c1853c6f.jpg
D:\FYP Project\fypapp\abo-images-small (1)\images\small\80\80d3da1b.jpg,Skillet,Cookware,89.99,A high-quality skillet — cookware product with excellent build quality and modern design.,/abo-images-small (1)/images/small/80/80d3da1b.jpg
D:\FYP Project\fypapp\abo-images-small (1)\images\small\26\26c0ba31.jpg,Smartphone,Smartphones,699.99,A high-quality smartphone — smartphones product with excellent build quality and modern design.,/abo-images-small (1)/images/small/26/26c0ba31.jpg
D:\FYP Project\fypapp\abo-images-small (1)\images\small\61\61c937c8.jpg,Winter Coat,Jackets,119.99,A high-quality winter coat — jackets product with excellent build quality and modern design.,/abo-images-small (1)/images/small/61/61c937c8.jpg
D:\FYP Project\fypapp\abo-images-small (1)\images\small\c7\c78b16a6.jpg,Android Phone,Smartphones,699.99,A high-quality android phone — smartphones product with excellent build quality and modern design.,/abo-images-small (1)/images/small/c7/c78b16a6.jpg
D:\FYP Project\fypapp\abo-images-small (1)\images\small\50\50169d96.jpg,Desk,Tables,299.99,A high-quality desk — tables product with excellent build quality and modern design.,/abo-images-small (1)/images/small/50/50169d96.jpg
D:\FYP Project\fypapp\abo-images-small (1)\images\small\95\958249cf.jpg,Kitchen Appliance,Appliances,129.99,A high-quality kitchen appliance — appliances product with excellent build quality and modern design.,/abo-images-small (1)/images/small/95/958249cf.jpg
D:\FYP Project\fypapp\abo-images-small (1)\images\small\c3\c3115e41.jpg,Mobile Phone,Smartphones,699.99,A high-quality mobile phone — smartphones product with excellent build quality and modern design.,/abo-images-small (1)/images/small/c3/c3115e41.jpg
D:\FYP Project\fypapp\abo-images-small (1)\images\small\d7\d7a781cc.jpg,Android Phone,Smartphones,699.99,A high-quality android phone — smartphones product with excellent build quality and modern design.,/abo-images-small (1)/images/small/d7/d7a781cc.jpg
D:\FYP Project\fypapp\abo-images-small (1)\images\small\d4\d4ec61e4.jpg,Platform Bed,Beds,499.99,A high-quality platform bed — beds product with excellent build quality and modern design.,/abo-images-small (1)/images/small/d4/d4ec61e4.jpg
D:\FYP Project\fypapp\abo-images-small (1)\images\small\eb\eb89e6bb.jpg,Dress,Dresses,59.99,A high-quality dress — dresses product with excellent build quality and modern design.,/abo-images-small (1)/images/small/eb/eb89e6bb.jpg
D:\FYP Project\fypapp\abo-images-small (1)\images\small\df\dfc1a6c2.jpg,Queen Bed,Beds,499.99,A high-quality queen bed — beds product with excellent build quality and modern design.,/abo-images-small (1)/images/small/df/dfc1a6c2.jpg
D:\FYP Project\fypapp\abo-images-small (1)\images\small\c1\c1ab9976.jpg,King Bed,Beds,499.99,A high-quality king bed — beds product with excellent build quality and modern design.,/abo-images-small (1)/images/small/c1/c1ab9976.jpg
D:\FYP Project\fypapp\abo-images-small (1)\images\small\08\08f09ae9.jpg,Exercise Gear,Sports,34.99,A high-quality exercise gear — sports product with excellent build quality and modern design.,/abo-images-small (1)/images/small/08/08f09ae9.jpg
D:\FYP Project\fypapp\abo-images-small (1)\images\small\d3\d35dfb19.jpg,Sneakers,Shoes,89.99,A high-quality sneakers — shoes product with excellent build quality and modern design.,/abo-images-small (1)/images/small/d3/d35dfb19.jpg
D:\FYP Project\fypapp\abo-images-small (1)\images\small\e4\e4df996f.jpg,Resistance Bands,Sports,34.99,A high-quality resistance bands — sports product with excellent build quality and modern design.,/abo-images-small (1)/images/small/e4/e4df996f.jpg
D:\FYP Project\fypapp\abo-images-small (1)\images\small\f2\f2ebc0e3.jpg,Side Table,Tables,299.99,A high-quality side table — tables product with excellent build quality and modern design.,/abo-images-small (1)/images/small/f2/f2ebc0e3.jpg
D:\FYP Project\fypapp\abo-images-small (1)\images\small\5d\5df6b030.jpg,Windbreaker,Jackets,119.99,A high-quality windbreaker — jackets product with excellent build quality and modern design.,/abo-images-small (1)/images/small/5d/5df6b030.jpg
D:\FYP Project\fypapp\abo-images-small (1)\images\small\09\09dd3145.jpg,Jacket,Jackets,119.99,A high-quality jacket — jackets product with excellent build quality and modern design.,/abo-images-small (1)/images/small/09/09dd3145.jpg
D:\FYP Project\fypapp\abo-images-small (1)\images\small\3e\3ec54bee.jpg,Mobile Phone,Smartphones,699.99,A high-quality mobile phone — smartphones product with excellent build quality and modern design.,/abo-images-small (1)/images/small/3e/3ec54bee.jpg
D:\FYP Project\fypapp\abo-images-small (1)\images\small\5f\5ff2240c.jpg,Android Phone,Smartphones,699.99,A high-quality android phone — smartphones product with excellent build quality and modern design.,/abo-images-small (1)/images/small/5f/5ff2240c.jpg
D:\FYP Project\fypapp\abo-images-small (1)\images\small\f6\f624222e.jpg,Coffee Maker,Appliances,129.99,A high-quality coffee maker — appliances product with excellent build quality and modern design.,/abo-images-small (1)/images/small/f6/f624222e.jpg
D:\FYP Project\fypapp\abo-images-small (1)\images\small\6c\6c0303e9.jpg,Sneakers,Shoes,89.99,A high-quality sneakers — shoes product with excellent build quality and modern design.,/abo-images-small (1)/images/small/6c/6c0303e9.jpg
D:\FYP Project\fypapp\abo-images-small (1)\images\small\77\778d0f0c.jpg,Queen Bed,Beds,499.99,A high-quality queen bed — beds product with excellent build quality and modern design.,/abo-images-small (1)/images/small/77/778d0f0c.jpg
D:\FYP Project\fypapp\abo-images-small (1)\images\small\7b\7b4dba18.jpg,Fitness Equipment,Sports,34.99,A high-quality fitness equipment — sports product with excellent build quality and modern design.,/abo-images-small (1)/images/small/7b/7b4dba18.jpg
D:\FYP Project\fypapp\abo-images-small (1)\images\small\02\02134f08.jpg,Coffee Maker,Appliances,129.99,A high-quality coffee maker — appliances product with excellent build quality and modern design.,/abo-images-small (1)/images/small/02/02134f08.jpg
D:\FYP Project\fypapp\abo-images-small (1)\images\small\3f\3f1db6f8.jpg,Yoga Mat,Sports,34.99,A high-quality yoga mat — sports product with excellent build quality and modern design.,/abo-images-small (1)/images/small/3f/3f1db6f8.jpg
D:\FYP Project\fypapp\abo-images-small (1)\images\small\30\305ef3a6.jpg,Running Shoes,Shoes,89.99,A high-quality running shoes — shoes product with excellent build quality and modern design.,/abo-images-small (1)/images/small/30/305ef3a6.jpg
D:\FYP Project\fypapp\abo-images-small (1)\images\small\c4\c4e77d78.jpg,Over-Ear Headphones,Headphones,149.99,A high-quality over-ear headphones — headphones product with excellent build quality and modern design.,/abo-images-small (1)/images/small/c4/c4e77d78.jpg
D:\FYP Project\fypapp\abo-images-small (1)\images\small\e4\e4b37db5.jpg,iPhone,Smartphones,699.99,A high-quality iphone — smartphones product with excellent build quality and modern design.,/abo-images-small (1)/images/small/e4/e4b37db5.jpg
D:\FYP Project\fypapp\abo-images-small (1)\images\small\8b\8bf004e2.jpg,Dining Table,Tables,299.99,A high-quality dining table — tables product with excellent build quality and modern design.,/abo-images-small (1)/images/small/8b/8bf004e2.jpg
D:\FYP Project\fypapp\abo-images-small (1)\images\small\17\177a26b9.jpg,Resistance Bands,Sports,34.99,A high-quality resistance bands — sports product with excellent build quality and modern design.,/abo-images-small (1)/images/small/17/177a26b9.jpg
D:\FYP Project\fypapp\abo-images-small (1)\images\small\2f\2fe5331e.jpg,Blender,Appliances,129.99,A high-quality blender — appliances product with excellent build quality and modern design.,/abo-images-small (1)/images/small/2f/2fe5331e.jpg
D:\FYP Project\fypapp\abo-images-small (1)\images\small\db\db7169d3.jpg,Windbreaker,Jackets,119.99,A high-quality windbreaker — jackets product with excellent build quality and modern design.,/abo-images-small (1)/images/small/db/db7169d3.jpg
D:\FYP Project\fypapp\abo-images-small (1)\images\small\0a\0a7548e2.jpg,Smartphone,Smartphones,699.99,A high-quality smartphone — smartphones product with excellent build quality and modern design.,/abo-images-small (1)/images/small/0a/0a7548e2.jpg
D:\FYP Project\fypapp\abo-images-small (1)\images\small\1f\1f081cd4.jpg,Mobile Phone,Smartphones,699.99,A high-quality mobile phone — smartphones product with excellent build quality and modern design.,/abo-images-small (1)/images/small/1f/1f081cd4.jpg
D:\FYP Project\fypapp\abo-images-small (1)\images\small\b8\b8f120ee.jpg,Bowl Set,Dinnerware,49.99,A high-quality bowl set — dinnerware product with excellent build quality and modern design.,/abo-images-small (1)/images/small/b8/b8f120ee.jpg
D:\FYP Project\fypapp\abo-images-small (1)\images\small\4c\4c6098dc.jpg,iPhone,Smartphones,699.99,A high-quality iphone — smartphones product with excellent build quality and modern design.,/abo-images-small (1)/images/small/4c/4c6098dc.jpg
D:\FYP Project\fypapp\abo-images-small (1)\images\small\83\83b89d59.jpg,Kitchen Appliance,Appliances,129.99,A high-quality kitchen appliance — appliances product with excellent build quality and modern design.,/abo-images-small (1)/images/small/83/83b89d59.jpg
D:\FYP Project\fypapp\abo-images-small (1)\images\small\92\925f1551.jpg,Mobile Phone,Smartphones,699.99,A high-quality mobile phone — smartphones product with excellent build quality and modern design.,/abo-images-small (1)/images/small/92/925f1551.jpg
D:\FYP Project\fypapp\abo-images-small (1)\images\small\9e\9e156209.jpg,Fitness Equipment,Sports,34.99,A high-quality fitness equipment — sports product with excellent build quality and modern design.,/abo-images-small (1)/images/small/9e/9e156209.jpg
D:\FYP Project\fypapp\abo-images-small (1)\images\small\77\77e914a7.jpg,iPhone,Smartphones,699.99,A high-quality iphone — smartphones product with excellent build quality and modern design.,/abo-images-small (1)/images/small/77/77e914a7.jpg
D:\FYP Project\fypapp\abo-images-small (1)\images\small\37\37216c71.jpg,Smartphone,Smartphones,699.99,A high-quality smartphone — smartphones product with excellent build quality and modern design.,/abo-images-small (1)/images/small/37/37216c71.jpg
D:\FYP Project\fypapp\abo-images-small (1)\images\small\81\81a705f6.jpg,Winter Coat,Jackets,119.99,A high-quality winter coat — jackets product with excellent build quality and modern design.,/abo-images-small (1)/images/small/81/81a705f6.jpg
D:\FYP Project\fypapp\abo-images-small (1)\images\small\6c\6cf30480.jpg,Puffer Jacket,Jackets,119.99,A high-quality puffer jacket — jackets product with excellent build quality and modern design.,/abo-images-small (1)/images/small/6c/6cf30480.jpg
D:\FYP Project\fypapp\abo-images-small (1)\images\small\fc\fc8d1b7a.jpg,Boots,Shoes,89.99,A high-quality boots — shoes product with excellent build quality and modern design.,/abo-images-small (1)/images/small/fc/fc8d1b7a.jpg
D:\FYP Project\fypapp\abo-images-small (1)\images\small\71\714075f7.jpg,Tablet,Tablets,449.99,A high-quality tablet — tablets product with excellent build quality and modern design.,/abo-images-small (1)/images/small/71/714075f7.jpg
D:\FYP Project\fypapp\abo-images-small (1)\images\small\c5\c5565996.jpg,Dress Shirt,Shirts,39.99,A high-quality dress shirt — shirts product with excellent build quality and modern design.,/abo-images-small (1)/images/small/c5/c5565996.jpg
D:\FYP Project\fypapp\abo-images-small (1)\images\small\cf\cf0b91cc.jpg,Android Phone,Smartphones,699.99,A high-quality android phone — smartphones product with excellent build quality and modern design.,/abo-images-small (1)/images/small/cf/cf0b91cc.jpg
D:\FYP Project\fypapp\abo-images-small (1)\images\small\1c\1cb6142e.jpg,iPhone,Smartphones,699.99,A high-quality iphone — smartphones product with excellent build quality and modern design.,/abo-images-small (1)/images/small/1c/1cb6142e.jpg
D:\FYP Project\fypapp\abo-images-small (1)\images\small\11\11b4da1a.jpg,Office Chair,Chairs,199.99,A high-quality office chair — chairs product with excellent build quality and modern design.,/abo-images-small (1)/images/small/11/11b4da1a.jpg
D:\FYP Project\fypapp\abo-images-small (1)\images\small\36\3690038e.jpg,Non-Stick Pan,Cookware,89.99,A high-quality non-stick pan — cookware product with excellent build quality and modern design.,/abo-images-small (1)/images/small/36/3690038e.jpg
D:\FYP Project\fypapp\abo-images-small (1)\images\small\37\3721ab38.jpg,Casual Shoes,Shoes,89.99,A high-quality casual shoes — shoes product with excellent build quality and modern design.,/abo-images-small (1)/images/small/37/3721ab38.jpg
D:\FYP Project\fypapp\abo-images-small (1)\images\small\d6\d6612a63.jpg,Desk,Tables,299.99,A high-quality desk — tables product with excellent build quality and modern design.,/abo-images-small (1)/images/small/d6/d6612a63.jpg
D:\FYP Project\fypapp\abo-images-small (1)\images\small\10\10b865bc.jpg,Smartphone,Smartphones,699.99,A high-quality smartphone — smartphones product with excellent build quality and modern design.,/abo-images-small (1)/images/small/10/10b865bc.jpg
D:\FYP Project\fypapp\abo-images-small (1)\images\small\eb\eb32826e.jpg,Mobile Phone,Smartphones,699.99,A high-quality mobile phone — smartphones product with excellent build quality and modern design.,/abo-images-small (1)/images/small/eb/eb32826e.jpg
D:\FYP Project\fypapp\abo-images-small (1)\images\small\1b\1b92cfcc.jpg,Fitness Equipment,Sports,34.99,A high-quality fitness equipment — sports product with excellent build quality and modern design.,/abo-images-small (1)/images/small/1b/1b92cfcc.jpg
D:\FYP Project\fypapp\abo-images-small (1)\images\small\5f\5f8e3fd0.jpg,iPhone,Smartphones,699.99,A high-quality iphone — smartphones product with excellent build quality and modern design.,/abo-images-small (1)/images/small/5f/5f8e3fd0.jpg
D:\FYP Project\fypapp\abo-images-small (1)\images\small\9a\9a3a6907.jpg,Smartphone,Smartphones,699.99,A high-quality smartphone — smartphones product with excellent build quality and modern design.,/abo-images-small (1)/images/small/9a/9a3a6907.jpg
D:\FYP Project\fypapp\abo-images-small (1)\images\small\e6\e639b06c.jpg,iPad,Tablets,449.99,A high-quality ipad — tablets product with excellent build quality and modern design.,/abo-images-small (1)/images/small/e6/e639b06c.jpg
D:\FYP Project\fypapp\abo-images-small (1)\images\small\93\93c3a298.jpg,King Bed,Beds,499.99,A high-quality king bed — beds product with excellent build quality and modern design.,/abo-images-small (1)/images/small/93/93c3a298.jpg
D:\FYP Project\fypapp\abo-images-small (1)\images\small\a9\a9f0c324.jpg,Exercise Gear,Sports,34.99,A high-quality exercise gear — sports product with excellent build quality and modern design.,/abo-images-small (1)/images/small/a9/a9f0c324.jpg
D:\FYP Project\fypapp\abo-images-small (1)\images\small\d2\d2b8a1b1.jpg,Bed Frame,Beds,499.99,A high-quality bed frame — beds product with excellent build quality and modern design.,/abo-images-small (1)/images/small/d2/d2b8a1b1.jpg
D:\FYP Project\fypapp\abo-images-small (1)\images\small\99\99cdf420.jpg,Mobile Phone,Smartphones,699.99,A high-quality mobile phone — smartphones product with excellent build quality and modern design.,/abo-images-small (1)/images/small/99/99cdf420.jpg
D:\FYP Project\fypapp\abo-images-small (1)\images\small\90\90733693.jpg,Blender,Appliances,129.99,A high-quality blender — appliances product with excellent build quality and modern design.,/abo-images-small (1)/images/small/90/90733693.jpg
D:\FYP Project\fypapp\abo-images-small (1)\images\small\5f\5fe9add0.jpg,iPhone,Smartphones,699.99,A high-quality iphone — smartphones product with excellent build quality and modern design.,/abo-images-small (1)/images/small/5f/5fe9add0.jpg
D:\FYP Project\fypapp\abo-images-small (1)\images\small\4c\4c7e8f96.jpg,Kitchen Appliance,Appliances,129.99,A high-quality kitchen appliance — appliances product with excellent build quality and modern design.,/abo-images-small (1)/images/small/4c/4c7e8f96.jpg
D:\FYP Project\fypapp\abo-images-small (1)\images\small\b2\b2e14bd9.jpg,Running Shoes,Shoes,89.99,A high-quality running shoes — shoes product with excellent build quality and modern design.,/abo-images-small (1)/images/small/b2/b2e14bd9.jpg
D:\FYP Project\fypapp\abo-images-small (1)\images\small\26\26683408.jpg,Summer Dress,Dresses,59.99,A high-quality summer dress — dresses product with excellent build quality and modern design.,/abo-images-small (1)/images/small/26/26683408.jpg
D:\FYP Project\fypapp\abo-images-small (1)\images\small\79\79630911.jpg,Earphones,Headphones,149.99,A high-quality earphones — headphones product with excellent build quality and modern design.,/abo-images-small (1)/images/small/79/79630911.jpg
D:\FYP Project\fypapp\abo-images-small (1)\images\small\95\95c8e915.jpg,Sneakers,Shoes,89.99,A high-quality sneakers — shoes product with excellent build quality and modern design.,/abo-images-small (1)/images/small/95/95c8e915.jpg
D:\FYP Project\fypapp\abo-images-small (1)\images\small\25\256d55a1.jpg,Non-Stick Pan,Cookware,89.99,A high-quality non-stick pan — cookware product with excellent build quality and modern design.,/abo-images-small (1)/images/small/25/256d55a1.jpg
D:\FYP Project\fypapp\abo-images-small (1)\images\small\63\6368b2f3.jpg,Fitness Equipment,Sports,34.99,A high-quality fitness equipment — sports product with excellent build quality and modern design.,/abo-images-small (1)/images/small/63/6368b2f3.jpg
D:\FYP Project\fypapp\abo-images-small (1)\images\small\ed\edaf0be1.jpg,Coffee Maker,Appliances,129.99,A high-quality coffee maker — appliances product with excellent build quality and modern design.,/abo-images-small (1)/images/small/ed/edaf0be1.jpg
D:\FYP Project\fypapp\abo-images-small (1)\images\small\ed\edcd46d1.jpg,Smartphone,Smartphones,699.99,A high-quality smartphone — smartphones product with excellent build quality and modern design.,/abo-images-small (1)/images/small/ed/edcd46d1.jpg
D:\FYP Project\fypapp\abo-images-small (1)\images\small\ce\ce0c1c64.jpg,Couch,Sofas,799.99,A high-quality couch — sofas product with excellent build quality and modern design.,/abo-images-small (1)/images/small/ce/ce0c1c64.jpg
D:\FYP Project\fypapp\abo-images-small (1)\images\small\aa\aa43a550.jpg,Bowl Set,Dinnerware,49.99,A high-quality bowl set — dinnerware product with excellent build quality and modern design.,/abo-images-small (1)/images/small/aa/aa43a550.jpg
D:\FYP Project\fypapp\abo-images-small (1)\images\small\b7\b7b8c122.jpg,iPhone,Smartphones,699.99,A high-quality iphone — smartphones product with excellent build quality and modern design.,/abo-images-small (1)/images/small/b7/b7b8c122.jpg
D:\FYP Project\fypapp\abo-images-small (1)\images\small\e7\e7e7ecfd.jpg,Jeans,Jeans,69.99,A high-quality jeans — jeans product with excellent build quality and modern design.,/abo-images-small (1)/images/small/e7/e7e7ecfd.jpg
D:\FYP Project\fypapp\abo-images-small (1)\images\small\6b\6bd411b5.jpg,Queen Bed,Beds,499.99,A high-quality queen bed — beds product with excellent build quality and modern design.,/abo-images-small (1)/images/small/6b/6bd411b5.jpg
D:\FYP Project\fypapp\abo-images-small (1)\images\small\0f\0f4353fe.jpg,Accent Chair,Chairs,199.99,A high-quality accent chair — chairs product with excellent build quality and modern design.,/abo-images-small (1)/images/small/0f/0f4353fe.jpg
D:\FYP Project\fypapp\abo-images-small (1)\images\small\4e\4e2db179.jpg,Coffee Maker,Appliances,129.99,A high-quality coffee maker — appliances product with excellent build quality and modern design.,/abo-images-small (1)/images/small/4e/4e2db179.jpg
D:\FYP Project\fypapp\abo-images-small (1)\images\small\8a\8a14fa29.jpg,Tablet,Tablets,449.99,A high-quality tablet — tablets product with excellent build quality and modern design.,/abo-images-small (1)/images/small/8a/8a14fa29.jpg
D:\FYP Project\fypapp\abo-images-small (1)\images\small\d0\d0165dd4.jpg,Resistance Bands,Sports,34.99,A high-quality resistance bands — sports product with excellent build quality and modern design.,/abo-images-small (1)/images/small/d0/d0165dd4.jpg
D:\FYP Project\fypapp\abo-images-small (1)\images\small\12\1268391d.jpg,Android Phone,Smartphones,699.99,A high-quality android phone — smartphones product with excellent build quality and modern design.,/abo-images-small (1)/images/small/12/1268391d.jpg
D:\FYP Project\fypapp\abo-images-small (1)\images\small\02\02996369.jpg,Floral Dress,Dresses,59.99,A high-quality floral dress — dresses product with excellent build quality and modern design.,/abo-images-small (1)/images/small/02/02996369.jpg
D:\FYP Project\fypapp\abo-images-small (1)\images\small\48\48cc6c6f.jpg,Cookware Set,Cookware,89.99,A high-quality cookware set — cookware product with excellent build quality and modern design.,/abo-images-small (1)/images/small/48/48cc6c6f.jpg
D:\FYP Project\fypapp\abo-images-small (1)\images\small\69\6984a845.jpg,Running Shoes,Shoes,89.99,A high-quality running shoes — shoes product with excellent build quality and modern design.,/abo-images-small (1)/images/small/69/6984a845.jpg
D:\FYP Project\fypapp\abo-images-small (1)\images\small\4b\4b12de54.jpg,Sectional Sofa,Sofas,799.99,A high-quality sectional sofa — sofas product with excellent build quality and modern design.,/abo-images-small (1)/images/small/4b/4b12de54.jpg
D:\FYP Project\fypapp\abo-images-small (1)\images\small\2e\2e5a29fb.jpg,Coffee Maker,Appliances,129.99,A high-quality coffee maker — appliances product with excellent build quality and modern design.,/abo-images-small (1)/images/small/2e/2e5a29fb.jpg
D:\FYP Project\fypapp\abo-images-small (1)\images\small\59\59f9ee83.jpg,Sofa,Sofas,799.99,A high-quality sofa — sofas product with excellent build quality and modern design.,/abo-images-small (1)/images/small/59/59f9ee83.jpg
D:\FYP Project\fypapp\abo-images-small (1)\images\small\65\657aad64.jpg,Slim Jeans,Jeans,69.99,A high-quality slim jeans — jeans product with excellent build quality and modern design.,/abo-images-small (1)/images/small/65/657aad64.jpg
D:\FYP Project\fypapp\abo-images-small (1)\images\small\72\72984ad8.jpg,Android Phone,Smartphones,699.99,A high-quality android phone — smartphones product with excellent build quality and modern design.,/abo-images-small (1)/images/small/72/72984ad8.jpg
D:\FYP Project\fypapp\abo-images-small (1)\images\small\28\28788dbb.jpg,Windbreaker,Jackets,119.99,A high-quality windbreaker — jackets product with excellent build quality and modern design.,/abo-images-small (1)/images/small/28/28788dbb.jpg
D:\FYP Project\fypapp\abo-images-small (1)\images\small\02\029cc409.jpg,Office Chair,Chairs,199.99,A high-quality office chair — chairs product with excellent build quality and modern design.,/abo-images-small (1)/images/small/02/029cc409.jpg
D:\FYP Project\fypapp\abo-images-small (1)\images\small\ad\adce39fc.jpg,Queen Bed,Beds,499.99,A high-quality queen bed — beds product with excellent build quality and modern design.,/abo-images-small (1)/images/small/ad/adce39fc.jpg
D:\FYP Project\fypapp\abo-images-small (1)\images\small\96\96050943.jpg,Android Phone,Smartphones,699.99,A high-quality android phone — smartphones product with excellent build quality and modern design.,/abo-images-small (1)/images/small/96/96050943.jpg
D:\FYP Project\fypapp\abo-images-small (1)\images\small\3d\3d2a65d9.jpg,Coffee Maker,Appliances,129.99,A high-quality coffee maker — appliances product with excellent build quality and modern design.,/abo-images-small (1)/images/small/3d/3d2a65d9.jpg
D:\FYP Project\fypapp\abo-images-small (1)\images\small\2b\2b94626b.jpg,Sneakers,Shoes,89.99,A high-quality sneakers — shoes product with excellent build quality and modern design.,/abo-images-small (1)/images/small/2b/2b94626b.jpg
D:\FYP Project\fypapp\abo-images-small (1)\images\small\85\85109620.jpg,Coffee Table,Tables,299.99,A high-quality coffee table — tables product with excellent build quality and modern design.,/abo-images-small (1)/images/small/85/85109620.jpg
D:\FYP Project\fypapp\abo-images-small (1)\images\small\b9\b9b0842a.jpg,Over-Ear Headphones,Headphones,149.99,A high-quality over-ear headphones — headphones product with excellent build quality and modern design.,/abo-images-small (1)/images/small/b9/b9b0842a.jpg
D:\FYP Project\fypapp\abo-images-small (1)\images\small\f6\f6745f7a.jpg,Skillet,Cookware,89.99,A high-quality skillet — cookware product with excellent build quality and modern design.,/abo-images-small (1)/images/small/f6/f6745f7a.jpg
D:\FYP Project\fypapp\abo-images-small (1)\images\small\51\516b163d.jpg,Smartphone,Smartphones,699.99,A high-quality smartphone — smartphones product with excellent build quality and modern design.,/abo-images-small (1)/images/small/51/516b163d.jpg
D:\FYP Project\fypapp\abo-images-small (1)\images\small\ae\aec39874.jpg,Hiking Gear,Outdoors,149.99,A high-quality hiking gear — outdoors product with excellent build quality and modern design.,/abo-images-small (1)/images/small/ae/aec39874.jpg
D:\FYP Project\fypapp\abo-images-small (1)\images\small\c2\c25763dc.jpg,King Bed,Beds,499.99,A high-quality king bed — beds product with excellent build quality and modern design.,/abo-images-small (1)/images/small/c2/c25763dc.jpg
D:\FYP Project\fypapp\abo-images-small (1)\images\small\e8\e8351c56.jpg,Platform Bed,Beds,499.99,A high-quality platform bed — beds product with excellent build quality and modern design.,/abo-images-small (1)/images/small/e8/e8351c56.jpg
D:\FYP Project\fypapp\abo-images-small (1)\images\small\7c\7c518562.jpg,Sofa,Sofas,799.99,A high-quality sofa — sofas product with excellent build quality and modern design.,/abo-images-small (1)/images/small/7c/7c518562.jpg
D:\FYP Project\fypapp\abo-images-small (1)\images\small\18\18512783.jpg,Mobile Phone,Smartphones,699.99,A high-quality mobile phone — smartphones product with excellent build quality and modern design.,/abo-images-small (1)/images/small/18/18512783.jpg
D:\FYP Project\fypapp\abo-images-small (1)\images\small\8a\8ab57ed0.jpg,Android Phone,Smartphones,699.99,A high-quality android phone — smartphones product with excellent build quality and modern design.,/abo-images-small (1)/images/small/8a/8ab57ed0.jpg
D:\FYP Project\fypapp\abo-images-small (1)\images\small\0e\0e3c00d1.jpg,iPhone,Smartphones,699.99,A high-quality iphone — smartphones product with excellent build quality and modern design.,/abo-images-small (1)/images/small/0e/0e3c00d1.jpg
D:\FYP Project\fypapp\abo-images-small (1)\images\small\97\97dd241e.jpg,Yoga Mat,Sports,34.99,A high-quality yoga mat — sports product with excellent build quality and modern design.,/abo-images-small (1)/images/small/97/97dd241e.jpg
D:\FYP Project\fypapp\abo-images-small (1)\images\small\06\066519ec.jpg,Ceramic Plates,Dinnerware,49.99,A high-quality ceramic plates — dinnerware product with excellent build quality and modern design.,/abo-images-small (1)/images/small/06/066519ec.jpg
D:\FYP Project\fypapp\abo-images-small (1)\images\small\a0\a027c83a.jpg,Sectional Sofa,Sofas,799.99,A high-quality sectional sofa — sofas product with excellent build quality and modern design.,/abo-images-small (1)/images/small/a0/a027c83a.jpg
D:\FYP Project\fypapp\abo-images-small (1)\images\small\1a\1a5036fb.jpg,Desk,Tables,299.99,A high-quality desk — tables product with excellent build quality and modern design.,/abo-images-small (1)/images/small/1a/1a5036fb.jpg
D:\FYP Project\fypapp\abo-images-small (1)\images\small\6d\6d6b6d56.jpg,Smartphone,Smartphones,699.99,A high-quality smartphone — smartphones product with excellent build quality and modern design.,/abo-images-small (1)/images/small/6d/6d6b6d56.jpg
D:\FYP Project\fypapp\abo-images-small (1)\images\small\c8\c81cce3a.jpg,Microwave,Appliances,129.99,A high-quality microwave — appliances product with excellent build quality and modern design.,/abo-images-small (1)/images/small/c8/c81cce3a.jpg
D:\FYP Project\fypapp\abo-images-small (1)\images\small\95\9590f0b1.jpg,Outdoor Equipment,Outdoors,149.99,A high-quality outdoor equipment — outdoors product with excellent build quality and modern design.,/abo-images-small (1)/images/small/95/9590f0b1.jpg
D:\FYP Project\fypapp\abo-images-small (1)\images\small\c7\c74ac295.jpg,iPhone,Smartphones,699.99,A high-quality iphone — smartphones product with excellent build quality and modern design.,/abo-images-small (1)/images/small/c7/c74ac295.jpg
D:\FYP Project\fypapp\abo-images-small (1)\images\small\8d\8d29cb88.jpg,Tablet,Tablets,449.99,A high-quality tablet — tablets product with excellent build quality and modern design.,/abo-images-small (1)/images/small/8d/8d29cb88.jpg
D:\FYP Project\fypapp\abo-images-small (1)\images\small\f8\f86b4cd5.jpg,Queen Bed,Beds,499.99,A high-quality queen bed — beds product with excellent build quality and modern design.,/abo-images-small (1)/images/small/f8/f86b4cd5.jpg
D:\FYP Project\fypapp\abo-images-small (1)\images\small\dd\dde44208.jpg,Android Phone,Smartphones,699.99,A high-quality android phone — smartphones product with excellent build quality and modern design.,/abo-images-small (1)/images/small/dd/dde44208.jpg
D:\FYP Project\fypapp\abo-images-small (1)\images\small\91\919ec316.jpg,Desk,Tables,299.99,A high-quality desk — tables product with excellent build quality and modern design.,/abo-images-small (1)/images/small/91/919ec316.jpg
D:\FYP Project\fypapp\abo-images-small (1)\images\small\65\6580580e.jpg,Dining Table,Tables,299.99,A high-quality dining table — tables product with excellent build quality and modern design.,/abo-images-small (1)/images/small/65/6580580e.jpg
D:\FYP Project\fypapp\abo-images-small (1)\images\small\26\26d607c3.jpg,Coffee Table,Tables,299.99,A high-quality coffee table — tables product with excellent build quality and modern design.,/abo-images-small (1)/images/small/26/26d607c3.jpg
D:\FYP Project\fypapp\abo-images-small (1)\images\small\8d\8d61deb9.jpg,King Bed,Beds,499.99,A high-quality king bed — beds product with excellent build quality and modern design.,/abo-images-small (1)/images/small/8d/8d61deb9.jpg
D:\FYP Project\fypapp\abo-images-small (1)\images\small\07\0715b5b2.jpg,Earphones,Headphones,149.99,A high-quality earphones — headphones product with excellent build quality and modern design.,/abo-images-small (1)/images/small/07/0715b5b2.jpg
D:\FYP Project\fypapp\abo-images-small (1)\images\small\71\7163f87d.jpg,Office Chair,Chairs,199.99,A high-quality office chair — chairs product with excellent build quality and modern design.,/abo-images-small (1)/images/small/71/7163f87d.jpg
D:\FYP Project\fypapp\abo-images-small (1)\images\small\3b\3be168ba.jpg,Running Shoes,Shoes,89.99,A high-quality running shoes — shoes product with excellent build quality and modern design.,/abo-images-small (1)/images/small/3b/3be168ba.jpg
D:\FYP Project\fypapp\abo-images-small (1)\images\small\d6\d6789f17.jpg,Straight Jeans,Jeans,69.99,A high-quality straight jeans — jeans product with excellent build quality and modern design.,/abo-images-small (1)/images/small/d6/d6789f17.jpg
D:\FYP Project\fypapp\abo-images-small (1)\images\small\a0\a04026b4.jpg,Android Tablet,Tablets,449.99,A high-quality android tablet — tablets product with excellent build quality and modern design.,/abo-images-small (1)/images/small/a0/a04026b4.jpg
D:\FYP Project\fypapp\abo-images-small (1)\images\small\f1\f195ba8b.jpg,Kitchen Appliance,Appliances,129.99,A high-quality kitchen appliance — appliances product with excellent build quality and modern design.,/abo-images-small (1)/images/small/f1/f195ba8b.jpg
D:\FYP Project\fypapp\abo-images-small (1)\images\small\7e\7ef15467.jpg,Couch,Sofas,799.99,A high-quality couch — sofas product with excellent build quality and modern design.,/abo-images-small (1)/images/small/7e/7ef15467.jpg
D:\FYP Project\fypapp\abo-images-small (1)\images\small\1d\1dcc46ae.jpg,Digital Tablet,Tablets,449.99,A high-quality digital tablet — tablets product with excellent build quality and modern design.,/abo-images-small (1)/images/small/1d/1dcc46ae.jpg
D:\FYP Project\fypapp\abo-images-small (1)\images\small\98\980f3f3c.jpg,Coffee Maker,Appliances,129.99,A high-quality coffee maker — appliances product with excellent build quality and modern design.,/abo-images-small (1)/images/small/98/980f3f3c.jpg
D:\FYP Project\fypapp\abo-images-small (1)\images\small\23\23bd1ce1.jpg,Smartphone,Smartphones,699.99,A high-quality smartphone — smartphones product with excellent build quality and modern design.,/abo-images-small (1)/images/small/23/23bd1ce1.jpg
D:\FYP Project\fypapp\abo-images-small (1)\images\small\55\55ea1507.jpg,iPad,Tablets,449.99,A high-quality ipad — tablets product with excellent build quality and modern design.,/abo-images-small (1)/images/small/55/55ea1507.jpg
D:\FYP Project\fypapp\abo-images-small (1)\images\small\97\97adc088.jpg,Fitness Equipment,Sports,34.99,A high-quality fitness equipment — sports product with excellent build quality and modern design.,/abo-images-small (1)/images/small/97/97adc088.jpg
D:\FYP Project\fypapp\abo-images-small (1)\images\small\cc\cc90220e.jpg,iPhone,Smartphones,699.99,A high-quality iphone — smartphones product with excellent build quality and modern design.,/abo-images-small (1)/images/small/cc/cc90220e.jpg
D:\FYP Project\fypapp\abo-images-small (1)\images\small\8b\8bd3f3b9.jpg,Yoga Mat,Sports,34.99,A high-quality yoga mat — sports product with excellent build quality and modern design.,/abo-images-small (1)/images/small/8b/8bd3f3b9.jpg
D:\FYP Project\fypapp\abo-images-small (1)\images\small\b6\b6c1b11e.jpg,Coffee Table,Tables,299.99,A high-quality coffee table — tables product with excellent build quality and modern design.,/abo-images-small (1)/images/small/b6/b6c1b11e.jpg
D:\FYP Project\fypapp\abo-images-small (1)\images\small\1a\1a973994.jpg,Android Phone,Smartphones,699.99,A high-quality android phone — smartphones product with excellent build quality and modern design.,/abo-images-small (1)/images/small/1a/1a973994.jpg
D:\FYP Project\fypapp\abo-images-small (1)\images\small\8a\8a4278c5.jpg,Desk,Tables,299.99,A high-quality desk — tables product with excellent build quality and modern design.,/abo-images-small (1)/images/small/8a/8a4278c5.jpg
D:\FYP Project\fypapp\abo-images-small (1)\images\small\6c\6c77cbe3.jpg,Smartphone,Smartphones,699.99,A high-quality smartphone — smartphones product with excellent build quality and modern design.,/abo-images-small (1)/images/small/6c/6c77cbe3.jpg
D:\FYP Project\fypapp\abo-images-small (1)\images\small\77\77720ce4.jpg,Queen Bed,Beds,499.99,A high-quality queen bed — beds product with excellent build quality and modern design.,/abo-images-small (1)/images/small/77/77720ce4.jpg
D:\FYP Project\fypapp\abo-images-small (1)\images\small\4e\4e821cf5.jpg,Polo Shirt,Shirts,39.99,A high-quality polo shirt — shirts product with excellent build quality and modern design.,/abo-images-small (1)/images/small/4e/4e821cf5.jpg
D:\FYP Project\fypapp\abo-images-small (1)\images\small\75\753af0cf.jpg,Boots,Shoes,89.99,A high-quality boots — shoes product with excellent build quality and modern design.,/abo-images-small (1)/images/small/75/753af0cf.jpg
D:\FYP Project\fypapp\abo-images-small (1)\images\small\3a\3aa82ad0.jpg,Bed Frame,Beds,499.99,A high-quality bed frame — beds product with excellent build quality and modern design.,/abo-images-small (1)/images/small/3a/3aa82ad0.jpg
D:\FYP Project\fypapp\abo-images-small (1)\images\small\19\19ca60bc.jpg,Mobile Phone,Smartphones,699.99,A high-quality mobile phone — smartphones product with excellent build quality and modern design.,/abo-images-small (1)/images/small/19/19ca60bc.jpg
D:\FYP Project\fypapp\abo-images-small (1)\images\small\b2\b23d5d8d.jpg,Android Phone,Smartphones,699.99,A high-quality android phone — smartphones product with excellent build quality and modern design.,/abo-images-small (1)/images/small/b2/b23d5d8d.jpg
D:\FYP Project\fypapp\abo-images-small (1)\images\small\db\db75e1cc.jpg,Skillet,Cookware,89.99,A high-quality skillet — cookware product with excellent build quality and modern design.,/abo-images-small (1)/images/small/db/db75e1cc.jpg
D:\FYP Project\fypapp\abo-images-small (1)\images\small\26\26775ae4.jpg,Jeans,Jeans,69.99,A high-quality jeans — jeans product with excellent build quality and modern design.,/abo-images-small (1)/images/small/26/26775ae4.jpg
D:\FYP Project\fypapp\abo-images-small (1)\images\small\b8\b8fa1819.jpg,Mobile Phone,Smartphones,699.99,A high-quality mobile phone — smartphones product with excellent build quality and modern design.,/abo-images-small (1)/images/small/b8/b8fa1819.jpg
D:\FYP Project\fypapp\abo-images-small (1)\images\small\b2\b20ec7d1.jpg,King Bed,Beds,499.99,A high-quality king bed — beds product with excellent build quality and modern design.,/abo-images-small (1)/images/small/b2/b20ec7d1.jpg
D:\FYP Project\fypapp\abo-images-small (1)\images\small\44\4440514b.jpg,Desk,Tables,299.99,A high-quality desk — tables product with excellent build quality and modern design.,/abo-images-small (1)/images/small/44/4440514b.jpg
D:\FYP Project\fypapp\abo-images-small (1)\images\small\7a\7ac3d05f.jpg,T-Shirt,Shirts,39.99,A high-quality t-shirt — shirts product with excellent build quality and modern design.,/abo-images-small (1)/images/small/7a/7ac3d05f.jpg
D:\FYP Project\fypapp\abo-images-small (1)\images\small\7b\7b524ff1.jpg,Coffee Table,Tables,299.99,A high-quality coffee table — tables product with excellent build quality and modern design.,/abo-images-small (1)/images/small/7b/7b524ff1.jpg
D:\FYP Project\fypapp\abo-images-small (1)\images\small\ff\ff81d4cc.jpg,Side Table,Tables,299.99,A high-quality side table — tables product with excellent build quality and modern design.,/abo-images-small (1)/images/small/ff/ff81d4cc.jpg
D:\FYP Project\fypapp\abo-images-small (1)\images\small\e0\e0b107ad.jpg,Boots,Shoes,89.99,A high-quality boots — shoes product with excellent build quality and modern design.,/abo-images-small (1)/images/small/e0/e0b107ad.jpg
D:\FYP Project\fypapp\abo-images-small (1)\images\small\31\31e1b69b.jpg,Tablet,Tablets,449.99,A high-quality tablet — tablets product with excellent build quality and modern design.,/abo-images-small (1)/images/small/31/31e1b69b.jpg
D:\FYP Project\fypapp\abo-images-small (1)\images\small\53\53732962.jpg,Mobile Phone,Smartphones,699.99,A high-quality mobile phone — smartphones product with excellent build quality and modern design.,/abo-images-small (1)/images/small/53/53732962.jpg
D:\FYP Project\fypapp\abo-images-small (1)\images\small\22\22bccbb6.jpg,Puffer Jacket,Jackets,119.99,A high-quality puffer jacket — jackets product with excellent build quality and modern design.,/abo-images-small (1)/images/small/22/22bccbb6.jpg
D:\FYP Project\fypapp\abo-images-small (1)\images\small\31\31744c35.jpg,Coffee Maker,Appliances,129.99,A high-quality coffee maker — appliances product with excellent build quality and modern design.,/abo-images-small (1)/images/small/31/31744c35.jpg
D:\FYP Project\fypapp\abo-images-small (1)\images\small\5a\5a1e9204.jpg,Sneakers,Shoes,89.99,A high-quality sneakers — shoes product with excellent build quality and modern design.,/abo-images-small (1)/images/small/5a/5a1e9204.jpg
D:\FYP Project\fypapp\abo-images-small (1)\images\small\45\45674ce9.jpg,Couch,Sofas,799.99,A high-quality couch — sofas product with excellent build quality and modern design.,/abo-images-small (1)/images/small/45/45674ce9.jpg
D:\FYP Project\fypapp\abo-images-small (1)\images\small\3c\3c716d8e.jpg,Puffer Jacket,Jackets,119.99,A high-quality puffer jacket — jackets product with excellent build quality and modern design.,/abo-images-small (1)/images/small/3c/3c716d8e.jpg
D:\FYP Project\fypapp\abo-images-small (1)\images\small\d1\d128d13a.jpg,Boots,Shoes,89.99,A high-quality boots — shoes product with excellent build quality and modern design.,/abo-images-small (1)/images/small/d1/d128d13a.jpg
D:\FYP Project\fypapp\abo-images-small (1)\images\small\34\349b4275.jpg,Cookware Set,Cookware,89.99,A high-quality cookware set — cookware product with excellent build quality and modern design.,/abo-images-small (1)/images/small/34/349b4275.jpg
D:\FYP Project\fypapp\abo-images-small (1)\images\small\e4\e417f708.jpg,Queen Bed,Beds,499.99,A high-quality queen bed — beds product with excellent build quality and modern design.,/abo-images-small (1)/images/small/e4/e417f708.jpg
D:\FYP Project\fypapp\abo-images-small (1)\images\small\19\196cba6d.jpg,Outdoor Equipment,Outdoors,149.99,A high-quality outdoor equipment — outdoors product with excellent build quality and modern design.,/abo-images-small (1)/images/small/19/196cba6d.jpg
D:\FYP Project\fypapp\abo-images-small (1)\images\small\3d\3da611ce.jpg,Recliner,Chairs,199.99,A high-quality recliner — chairs product with excellent build quality and modern design.,/abo-images-small (1)/images/small/3d/3da611ce.jpg
D:\FYP Project\fypapp\abo-images-small (1)\images\small\d9\d9b4fd6f.jpg,Yoga Mat,Sports,34.99,A high-quality yoga mat — sports product with excellent build quality and modern design.,/abo-images-small (1)/images/small/d9/d9b4fd6f.jpg
D:\FYP Project\fypapp\abo-images-small (1)\images\small\ac\acb6b491.jpg,Running Shoes,Shoes,89.99,A high-quality running shoes — shoes product with excellent build quality and modern design.,/abo-images-small (1)/images/small/ac/acb6b491.jpg
D:\FYP Project\fypapp\abo-images-small (1)\images\small\a1\a18d2cf4.jpg,King Bed,Beds,499.99,A high-quality king bed — beds product with excellent build quality and modern design.,/abo-images-small (1)/images/small/a1/a18d2cf4.jpg
D:\FYP Project\fypapp\abo-images-small (1)\images\small\c4\c4042e28.jpg,iPhone,Smartphones,699.99,A high-quality iphone — smartphones product with excellent build quality and modern design.,/abo-images-small (1)/images/small/c4/c4042e28.jpg
D:\FYP Project\fypapp\abo-images-small (1)\images\small\c9\c964e430.jpg,Dinnerware Set,Dinnerware,49.99,A high-quality dinnerware set — dinnerware product with excellent build quality and modern design.,/abo-images-small (1)/images/small/c9/c964e430.jpg
D:\FYP Project\fypapp\abo-images-small (1)\images\small\9c\9c780c5f.jpg,Resistance Bands,Sports,34.99,A high-quality resistance bands — sports product with excellent build quality and modern design.,/abo-images-small (1)/images/small/9c/9c780c5f.jpg
D:\FYP Project\fypapp\abo-images-small (1)\images\small\ee\eeb31280.jpg,Blender,Appliances,129.99,A high-quality blender — appliances product with excellent build quality and modern design.,/abo-images-small (1)/images/small/ee/eeb31280.jpg
D:\FYP Project\fypapp\abo-images-small (1)\images\small\c4\c445d818.jpg,Earphones,Headphones,149.99,A high-quality earphones — headphones product with excellent build quality and modern design.,/abo-images-small (1)/images/small/c4/c445d818.jpg
D:\FYP Project\fypapp\abo-images-small (1)\images\small\df\dfdc5c81.jpg,Smartphone,Smartphones,699.99,A high-quality smartphone — smartphones product with excellent build quality and modern design.,/abo-images-small (1)/images/small/df/dfdc5c81.jpg
D:\FYP Project\fypapp\abo-images-small (1)\images\small\dc\dc31f168.jpg,Mobile Phone,Smartphones,699.99,A high-quality mobile phone — smartphones product with excellent build quality and modern design.,/abo-images-small (1)/images/small/dc/dc31f168.jpg
D:\FYP Project\fypapp\abo-images-small (1)\images\small\d8\d895369f.jpg,Side Table,Tables,299.99,A high-quality side table — tables product with excellent build quality and modern design.,/abo-images-small (1)/images/small/d8/d895369f.jpg
D:\FYP Project\fypapp\abo-images-small (1)\images\small\70\70dab16f.jpg,Skillet,Cookware,89.99,A high-quality skillet — cookware product with excellent build quality and modern design.,/abo-images-small (1)/images/small/70/70dab16f.jpg
D:\FYP Project\fypapp\abo-images-small (1)\images\small\d9\d978c233.jpg,Cookware Set,Cookware,89.99,A high-quality cookware set — cookware product with excellent build quality and modern design.,/abo-images-small (1)/images/small/d9/d978c233.jpg
D:\FYP Project\fypapp\abo-images-small (1)\images\small\6e\6e73d6c2.jpg,Hiking Gear,Outdoors,149.99,A high-quality hiking gear — outdoors product with excellent build quality and modern design.,/abo-images-small (1)/images/small/6e/6e73d6c2.jpg
D:\FYP Project\fypapp\abo-images-small (1)\images\small\32\32fc05a3.jpg,Android Phone,Smartphones,699.99,A high-quality android phone — smartphones product with excellent build quality and modern design.,/abo-images-small (1)/images/small/32/32fc05a3.jpg
D:\FYP Project\fypapp\abo-images-small (1)\images\small\99\99084250.jpg,iPhone,Smartphones,699.99,A high-quality iphone — smartphones product with excellent build quality and modern design.,/abo-images-small (1)/images/small/99/99084250.jpg
D:\FYP Project\fypapp\abo-images-small (1)\images\small\17\1709ac5d.jpg,Cookware Set,Cookware,89.99,A high-quality cookware set — cookware product with excellent build quality and modern design.,/abo-images-small (1)/images/small/17/1709ac5d.jpg
D:\FYP Project\fypapp\abo-images-small (1)\images\small\a4\a43ff1e3.jpg,Couch,Sofas,799.99,A high-quality couch — sofas product with excellent build quality and modern design.,/abo-images-small (1)/images/small/a4/a43ff1e3.jpg
D:\FYP Project\fypapp\abo-images-small (1)\images\small\99\99dc0eca.jpg,Casual Shoes,Shoes,89.99,A high-quality casual shoes — shoes product with excellent build quality and modern design.,/abo-images-small (1)/images/small/99/99dc0eca.jpg
D:\FYP Project\fypapp\abo-images-small (1)\images\small\da\dadea86f.jpg,Boots,Shoes,89.99,A high-quality boots — shoes product with excellent build quality and modern design.,/abo-images-small (1)/images/small/da/dadea86f.jpg
D:\FYP Project\fypapp\abo-images-small (1)\images\small\69\69fa74ef.jpg,Smartphone,Smartphones,699.99,A high-quality smartphone — smartphones product with excellent build quality and modern design.,/abo-images-small (1)/images/small/69/69fa74ef.jpg
D:\FYP Project\fypapp\abo-images-small (1)\images\small\60\60732642.jpg,Mobile Phone,Smartphones,699.99,A high-quality mobile phone — smartphones product with excellent build quality and modern design.,/abo-images-small (1)/images/small/60/60732642.jpg
D:\FYP Project\fypapp\abo-images-small (1)\images\small\cd\cd7578b2.jpg,Blender,Appliances,129.99,A high-quality blender — appliances product with excellent build quality and modern design.,/abo-images-small (1)/images/small/cd/cd7578b2.jpg
D:\FYP Project\fypapp\abo-images-small (1)\images\small\12\12d9ef62.jpg,Loveseat,Sofas,799.99,A high-quality loveseat — sofas product with excellent build quality and modern design.,/abo-images-small (1)/images/small/12/12d9ef62.jpg
D:\FYP Project\fypapp\abo-images-small (1)\images\small\7b\7b973065.jpg,Sneakers,Shoes,89.99,A high-quality sneakers — shoes product with excellent build quality and modern design.,/abo-images-small (1)/images/small/7b/7b973065.jpg
D:\FYP Project\fypapp\abo-images-small (1)\images\small\b1\b12e215f.jpg,Slim Jeans,Jeans,69.99,A high-quality slim jeans — jeans product with excellent build quality and modern design.,/abo-images-small (1)/images/small/b1/b12e215f.jpg
D:\FYP Project\fypapp\abo-images-small (1)\images\small\19\19085e34.jpg,King Bed,Beds,499.99,A high-quality king bed — beds product with excellent build quality and modern design.,/abo-images-small (1)/images/small/19/19085e34.jpg
D:\FYP Project\fypapp\abo-images-small (1)\images\small\6c\6c84b6b8.jpg,Boots,Shoes,89.99,A high-quality boots — shoes product with excellent build quality and modern design.,/abo-images-small (1)/images/small/6c/6c84b6b8.jpg
D:\FYP Project\fypapp\abo-images-small (1)\images\small\a0\a0c66deb.jpg,Sneakers,Shoes,89.99,A high-quality sneakers — shoes product with excellent build quality and modern design.,/abo-images-small (1)/images/small/a0/a0c66deb.jpg
D:\FYP Project\fypapp\abo-images-small (1)\images\small\9d\9d78705a.jpg,Queen Bed,Beds,499.99,A high-quality queen bed — beds product with excellent build quality and modern design.,/abo-images-small (1)/images/small/9d/9d78705a.jpg
D:\FYP Project\fypapp\abo-images-small (1)\images\small\0c\0cb64880.jpg,Android Phone,Smartphones,699.99,A high-quality android phone — smartphones product with excellent build quality and modern design.,/abo-images-small (1)/images/small/0c/0cb64880.jpg
D:\FYP Project\fypapp\abo-images-small (1)\images\small\13\131dee55.jpg,Boots,Shoes,89.99,A high-quality boots — shoes product with excellent build quality and modern design.,/abo-images-small (1)/images/small/13/131dee55.jpg
D:\FYP Project\fypapp\abo-images-small (1)\images\small\81\813d3185.jpg,Smartphone,Smartphones,699.99,A high-quality smartphone — smartphones product with excellent build quality and modern design.,/abo-images-small (1)/images/small/81/813d3185.jpg
D:\FYP Project\fypapp\abo-images-small (1)\images\small\64\64b2c4af.jpg,Resistance Bands,Sports,34.99,A high-quality resistance bands — sports product with excellent build quality and modern design.,/abo-images-small (1)/images/small/64/64b2c4af.jpg
D:\FYP Project\fypapp\abo-images-small (1)\images\small\19\19ea5936.jpg,Fitness Equipment,Sports,34.99,A high-quality fitness equipment — sports product with excellent build quality and modern design.,/abo-images-small (1)/images/small/19/19ea5936.jpg
D:\FYP Project\fypapp\abo-images-small (1)\images\small\e0\e06b1fc0.jpg,Earphones,Headphones,149.99,A high-quality earphones — headphones product with excellent build quality and modern design.,/abo-images-small (1)/images/small/e0/e06b1fc0.jpg
D:\FYP Project\fypapp\abo-images-small (1)\images\small\1e\1e864817.jpg,Smartphone,Smartphones,699.99,A high-quality smartphone — smartphones product with excellent build quality and modern design.,/abo-images-small (1)/images/small/1e/1e864817.jpg
D:\FYP Project\fypapp\abo-images-small (1)\images\small\d5\d5612135.jpg,Microwave,Appliances,129.99,A high-quality microwave — appliances product with excellent build quality and modern design.,/abo-images-small (1)/images/small/d5/d5612135.jpg
D:\FYP Project\fypapp\abo-images-small (1)\images\small\ce\ce5b8504.jpg,Android Phone,Smartphones,699.99,A high-quality android phone — smartphones product with excellent build quality and modern design.,/abo-images-small (1)/images/small/ce/ce5b8504.jpg
D:\FYP Project\fypapp\abo-images-small (1)\images\small\b1\b1181594.jpg,Coffee Maker,Appliances,129.99,A high-quality coffee maker — appliances product with excellent build quality and modern design.,/abo-images-small (1)/images/small/b1/b1181594.jpg
D:\FYP Project\fypapp\abo-images-small (1)\images\small\86\8681186b.jpg,Bed Frame,Beds,499.99,A high-quality bed frame — beds product with excellent build quality and modern design.,/abo-images-small (1)/images/small/86/8681186b.jpg
D:\FYP Project\fypapp\abo-images-small (1)\images\small\a1\a11e13d6.jpg,Microwave,Appliances,129.99,A high-quality microwave — appliances product with excellent build quality and modern design.,/abo-images-small (1)/images/small/a1/a11e13d6.jpg
D:\FYP Project\fypapp\abo-images-small (1)\images\small\c9\c9b20f0e.jpg,Sectional Sofa,Sofas,799.99,A high-quality sectional sofa — sofas product with excellent build quality and modern design.,/abo-images-small (1)/images/small/c9/c9b20f0e.jpg
D:\FYP Project\fypapp\abo-images-small (1)\images\small\c0\c0dd2bcd.jpg,Desk,Tables,299.99,A high-quality desk — tables product with excellent build quality and modern design.,/abo-images-small (1)/images/small/c0/c0dd2bcd.jpg
D:\FYP Project\fypapp\abo-images-small (1)\images\small\0d\0dc726df.jpg,Kitchen Appliance,Appliances,129.99,A high-quality kitchen appliance — appliances product with excellent build quality and modern design.,/abo-images-small (1)/images/small/0d/0dc726df.jpg
D:\FYP Project\fypapp\abo-images-small (1)\images\small\9c\9cbd4056.jpg,Mobile Phone,Smartphones,699.99,A high-quality mobile phone — smartphones product with excellent build quality and modern design.,/abo-images-small (1)/images/small/9c/9cbd4056.jpg
D:\FYP Project\fypapp\abo-images-small (1)\images\small\c6\c6b1a319.jpg,King Bed,Beds,499.99,A high-quality king bed — beds product with excellent build quality and modern design.,/abo-images-small (1)/images/small/c6/c6b1a319.jpg
D:\FYP Project\fypapp\abo-images-small (1)\images\small\e2\e2d038e3.jpg,Exercise Gear,Sports,34.99,A high-quality exercise gear — sports product with excellent build quality and modern design.,/abo-images-small (1)/images/small/e2/e2d038e3.jpg
D:\FYP Project\fypapp\abo-images-small (1)\images\small\42\4264be9d.jpg,Smartphone,Smartphones,699.99,A high-quality smartphone — smartphones product with excellent build quality and modern design.,/abo-images-small (1)/images/small/42/4264be9d.jpg
D:\FYP Project\fypapp\abo-images-small (1)\images\small\70\7046f291.jpg,Hiking Gear,Outdoors,149.99,A high-quality hiking gear — outdoors product with excellent build quality and modern design.,/abo-images-small (1)/images/small/70/7046f291.jpg
D:\FYP Project\fypapp\abo-images-small (1)\images\small\d2\d20845cc.jpg,Blender,Appliances,129.99,A high-quality blender — appliances product with excellent build quality and modern design.,/abo-images-small (1)/images/small/d2/d20845cc.jpg
D:\FYP Project\fypapp\abo-images-small (1)\images\small\a6\a68911dc.jpg,Android Tablet,Tablets,449.99,A high-quality android tablet — tablets product with excellent build quality and modern design.,/abo-images-small (1)/images/small/a6/a68911dc.jpg
D:\FYP Project\fypapp\abo-images-small (1)\images\small\af\af23e2d8.jpg,Laptop,Laptops,899.99,A high-quality laptop — laptops product with excellent build quality and modern design.,/abo-images-small (1)/images/small/af/af23e2d8.jpg
D:\FYP Project\fypapp\abo-images-small (1)\images\small\32\32f46c28.jpg,Non-Stick Pan,Cookware,89.99,A high-quality non-stick pan — cookware product with excellent build quality and modern design.,/abo-images-small (1)/images/small/32/32f46c28.jpg
D:\FYP Project\fypapp\abo-images-small (1)\images\small\14\14d191b9.jpg,Blender,Appliances,129.99,A high-quality blender — appliances product with excellent build quality and modern design.,/abo-images-small (1)/images/small/14/14d191b9.jpg
D:\FYP Project\fypapp\abo-images-small (1)\images\small\9d\9d01da8a.jpg,Gaming Laptop,Laptops,899.99,A high-quality gaming laptop — laptops product with excellent build quality and modern design.,/abo-images-small (1)/images/small/9d/9d01da8a.jpg
D:\FYP Project\fypapp\abo-images-small (1)\images\small\22\22f78129.jpg,Dining Table,Tables,299.99,A high-quality dining table — tables product with excellent build quality and modern design.,/abo-images-small (1)/images/small/22/22f78129.jpg
D:\FYP Project\fypapp\abo-images-small (1)\images\small\78\78c94289.jpg,Mobile Phone,Smartphones,699.99,A high-quality mobile phone — smartphones product with excellent build quality and modern design.,/abo-images-small (1)/images/small/78/78c94289.jpg
D:\FYP Project\fypapp\abo-images-small (1)\images\small\fa\fa0fac37.jpg,Mirrorless Camera,Cameras,549.99,A high-quality mirrorless camera — cameras product with excellent build quality and modern design.,/abo-images-small (1)/images/small/fa/fa0fac37.jpg
D:\FYP Project\fypapp\abo-images-small (1)\images\small\1c\1c806754.jpg,Floral Dress,Dresses,59.99,A high-quality floral dress — dresses product with excellent build quality and modern design.,/abo-images-small (1)/images/small/1c/1c806754.jpg
D:\FYP Project\fypapp\abo-images-small (1)\images\small\b0\b0372b79.jpg,Dining Table,Tables,299.99,A high-quality dining table — tables product with excellent build quality and modern design.,/abo-images-small (1)/images/small/b0/b0372b79.jpg
D:\FYP Project\fypapp\abo-images-small (1)\images\small\e0\e0ea0108.jpg,Non-Stick Pan,Cookware,89.99,A high-quality non-stick pan — cookware product with excellent build quality and modern design.,/abo-images-small (1)/images/small/e0/e0ea0108.jpg
D:\FYP Project\fypapp\abo-images-small (1)\images\small\3c\3c1b2d5d.jpg,Android Phone,Smartphones,699.99,A high-quality android phone — smartphones product with excellent build quality and modern design.,/abo-images-small (1)/images/small/3c/3c1b2d5d.jpg
D:\FYP Project\fypapp\abo-images-small (1)\images\small\0d\0d30157e.jpg,iPhone,Smartphones,699.99,A high-quality iphone — smartphones product with excellent build quality and modern design.,/abo-images-small (1)/images/small/0d/0d30157e.jpg
D:\FYP Project\fypapp\abo-images-small (1)\images\small\57\57658226.jpg,Cookware Set,Cookware,89.99,A high-quality cookware set — cookware product with excellent build quality and modern design.,/abo-images-small (1)/images/small/57/57658226.jpg
D:\FYP Project\fypapp\abo-images-small (1)\images\small\f7\f7ca9e1d.jpg,Non-Stick Pan,Cookware,89.99,A high-quality non-stick pan — cookware product with excellent build quality and modern design.,/abo-images-small (1)/images/small/f7/f7ca9e1d.jpg
D:\FYP Project\fypapp\abo-images-small (1)\images\small\98\98ec8aaf.jpg,Android Phone,Smartphones,699.99,A high-quality android phone — smartphones product with excellent build quality and modern design.,/abo-images-small (1)/images/small/98/98ec8aaf.jpg
D:\FYP Project\fypapp\abo-images-small (1)\images\small\b6\b6cad30b.jpg,Boots,Shoes,89.99,A high-quality boots — shoes product with excellent build quality and modern design.,/abo-images-small (1)/images/small/b6/b6cad30b.jpg
D:\FYP Project\fypapp\abo-images-small (1)\images\small\b6\b656c4f4.jpg,Cookware Set,Cookware,89.99,A high-quality cookware set — cookware product with excellent build quality and modern design.,/abo-images-small (1)/images/small/b6/b656c4f4.jpg
D:\FYP Project\fypapp\abo-images-small (1)\images\small\d3\d3a57ce4.jpg,Running Shoes,Shoes,89.99,A high-quality running shoes — shoes product with excellent build quality and modern design.,/abo-images-small (1)/images/small/d3/d3a57ce4.jpg
D:\FYP Project\fypapp\abo-images-small (1)\images\small\37\3795da49.jpg,Side Table,Tables,299.99,A high-quality side table — tables product with excellent build quality and modern design.,/abo-images-small (1)/images/small/37/3795da49.jpg
D:\FYP Project\fypapp\abo-images-small (1)\images\small\7f\7fa0a940.jpg,iPhone,Smartphones,699.99,A high-quality iphone — smartphones product with excellent build quality and modern design.,/abo-images-small (1)/images/small/7f/7fa0a940.jpg
D:\FYP Project\fypapp\abo-images-small (1)\images\small\82\8296cbb5.jpg,Smartphone,Smartphones,699.99,A high-quality smartphone — smartphones product with excellent build quality and modern design.,/abo-images-small (1)/images/small/82/8296cbb5.jpg
D:\FYP Project\fypapp\abo-images-small (1)\images\small\63\634c9b4a.jpg,Mobile Phone,Smartphones,699.99,A high-quality mobile phone — smartphones product with excellent build quality and modern design.,/abo-images-small (1)/images/small/63/634c9b4a.jpg
D:\FYP Project\fypapp\abo-images-small (1)\images\small\87\877cd2a3.jpg,Casual Shoes,Shoes,89.99,A high-quality casual shoes — shoes product with excellent build quality and modern design.,/abo-images-small (1)/images/small/87/877cd2a3.jpg
D:\FYP Project\fypapp\abo-images-small (1)\images\small\8e\8e9a7e97.jpg,Coffee Maker,Appliances,129.99,A high-quality coffee maker — appliances product with excellent build quality and modern design.,/abo-images-small (1)/images/small/8e/8e9a7e97.jpg
D:\FYP Project\fypapp\abo-images-small (1)\images\small\77\770cc508.jpg,Kitchen Appliance,Appliances,129.99,A high-quality kitchen appliance — appliances product with excellent build quality and modern design.,/abo-images-small (1)/images/small/77/770cc508.jpg
D:\FYP Project\fypapp\abo-images-small (1)\images\small\ed\edefbee8.jpg,Mobile Phone,Smartphones,699.99,A high-quality mobile phone — smartphones product with excellent build quality and modern design.,/abo-images-small (1)/images/small/ed/edefbee8.jpg
D:\FYP Project\fypapp\abo-images-small (1)\images\small\cf\cf99afa9.jpg,Straight Jeans,Jeans,69.99,A high-quality straight jeans — jeans product with excellent build quality and modern design.,/abo-images-small (1)/images/small/cf/cf99afa9.jpg
D:\FYP Project\fypapp\abo-images-small (1)\images\small\11\11a0d606.jpg,Desk,Tables,299.99,A high-quality desk — tables product with excellent build quality and modern design.,/abo-images-small (1)/images/small/11/11a0d606.jpg
D:\FYP Project\fypapp\abo-images-small (1)\images\small\da\dab38d36.jpg,Tablet,Tablets,449.99,A high-quality tablet — tablets product with excellent build quality and modern design.,/abo-images-small (1)/images/small/da/dab38d36.jpg
D:\FYP Project\fypapp\abo-images-small (1)\images\small\e1\e150d094.jpg,Mobile Phone,Smartphones,699.99,A high-quality mobile phone — smartphones product with excellent build quality and modern design.,/abo-images-small (1)/images/small/e1/e150d094.jpg
D:\FYP Project\fypapp\abo-images-small (1)\images\small\75\75c2a387.jpg,Fitness Equipment,Sports,34.99,A high-quality fitness equipment — sports product with excellent build quality and modern design.,/abo-images-small (1)/images/small/75/75c2a387.jpg
D:\FYP Project\fypapp\abo-images-small (1)\images\small\16\162b12b9.jpg,Desk,Tables,299.99,A high-quality desk — tables product with excellent build quality and modern design.,/abo-images-small (1)/images/small/16/162b12b9.jpg
D:\FYP Project\fypapp\abo-images-small (1)\images\small\74\741b6b3a.jpg,Dinnerware Set,Dinnerware,49.99,A high-quality dinnerware set — dinnerware product with excellent build quality and modern design.,/abo-images-small (1)/images/small/74/741b6b3a.jpg
D:\FYP Project\fypapp\abo-images-small (1)\images\small\1f\1ff61909.jpg,Mobile Phone,Smartphones,699.99,A high-quality mobile phone — smartphones product with excellent build quality and modern design.,/abo-images-small (1)/images/small/1f/1ff61909.jpg
D:\FYP Project\fypapp\abo-images-small (1)\images\small\c2\c218e2d8.jpg,Cooking Pot,Cookware,89.99,A high-quality cooking pot — cookware product with excellent build quality and modern design.,/abo-images-small (1)/images/small/c2/c218e2d8.jpg
D:\FYP Project\fypapp\abo-images-small (1)\images\small\ed\edbf9af7.jpg,Boots,Shoes,89.99,A high-quality boots — shoes product with excellent build quality and modern design.,/abo-images-small (1)/images/small/ed/edbf9af7.jpg
D:\FYP Project\fypapp\abo-images-small (1)\images\small\87\8732d159.jpg,Smartphone,Smartphones,699.99,A high-quality smartphone — smartphones product with excellent build quality and modern design.,/abo-images-small (1)/images/small/87/8732d159.jpg
D:\FYP Project\fypapp\abo-images-small (1)\images\small\63\63b1f5eb.jpg,iPad,Tablets,449.99,A high-quality ipad — tablets product with excellent build quality and modern design.,/abo-images-small (1)/images/small/63/63b1f5eb.jpg
D:\FYP Project\fypapp\abo-images-small (1)\images\small\58\58d07262.jpg,King Bed,Beds,499.99,A high-quality king bed — beds product with excellent build quality and modern design.,/abo-images-small (1)/images/small/58/58d07262.jpg
D:\FYP Project\fypapp\abo-images-small (1)\images\small\fe\fe4aaaf7.jpg,Android Tablet,Tablets,449.99,A high-quality android tablet — tablets product with excellent build quality and modern design.,/abo-images-small (1)/images/small/fe/fe4aaaf7.jpg
D:\FYP Project\fypapp\abo-images-small (1)\images\small\e4\e46e6c44.jpg,Yoga Mat,Sports,34.99,A high-quality yoga mat — sports product with excellent build quality and modern design.,/abo-images-small (1)/images/small/e4/e46e6c44.jpg
D:\FYP Project\fypapp\abo-images-small (1)\images\small\d1\d143c590.jpg,Wireless Earbuds,Headphones,149.99,A high-quality wireless earbuds — headphones product with excellent build quality and modern design.,/abo-images-small (1)/images/small/d1/d143c590.jpg
D:\FYP Project\fypapp\abo-images-small (1)\images\small\32\32ca8850.jpg,Android Phone,Smartphones,699.99,A high-quality android phone — smartphones product with excellent build quality and modern design.,/abo-images-small (1)/images/small/32/32ca8850.jpg
D:\FYP Project\fypapp\abo-images-small (1)\images\small\75\75545ff4.jpg,Casual Top,Shirts,39.99,A high-quality casual top — shirts product with excellent build quality and modern design.,/abo-images-small (1)/images/small/75/75545ff4.jpg
D:\FYP Project\fypapp\abo-images-small (1)\images\small\1b\1b8d0ec9.jpg,Smartphone,Smartphones,699.99,A high-quality smartphone — smartphones product with excellent build quality and modern design.,/abo-images-small (1)/images/small/1b/1b8d0ec9.jpg
D:\FYP Project\fypapp\abo-images-small (1)\images\small\ca\ca7ecbd2.jpg,Queen Bed,Beds,499.99,A high-quality queen bed — beds product with excellent build quality and modern design.,/abo-images-small (1)/images/small/ca/ca7ecbd2.jpg
D:\FYP Project\fypapp\abo-images-small (1)\images\small\e6\e6c2ecba.jpg,King Bed,Beds,499.99,A high-quality king bed — beds product with excellent build quality and modern design.,/abo-images-small (1)/images/small/e6/e6c2ecba.jpg
D:\FYP Project\fypapp\abo-images-small (1)\images\small\2f\2fbce6cc.jpg,iPhone,Smartphones,699.99,A high-quality iphone — smartphones product with excellent build quality and modern design.,/abo-images-small (1)/images/small/2f/2fbce6cc.jpg
D:\FYP Project\fypapp\abo-images-small (1)\images\small\7a\7aea55ef.jpg,Sneakers,Shoes,89.99,A high-quality sneakers — shoes product with excellent build quality and modern design.,/abo-images-small (1)/images/small/7a/7aea55ef.jpg
D:\FYP Project\fypapp\abo-images-small (1)\images\small\6c\6c746a9a.jpg,Mobile Phone,Smartphones,699.99,A high-quality mobile phone — smartphones product with excellent build quality and modern design.,/abo-images-small (1)/images/small/6c/6c746a9a.jpg
D:\FYP Project\fypapp\abo-images-small (1)\images\small\e4\e442687e.jpg,Casual Shoes,Shoes,89.99,A high-quality casual shoes — shoes product with excellent build quality and modern design.,/abo-images-small (1)/images/small/e4/e442687e.jpg
D:\FYP Project\fypapp\abo-images-small (1)\images\small\f4\f4b4b5b6.jpg,Exercise Gear,Sports,34.99,A high-quality exercise gear — sports product with excellent build quality and modern design.,/abo-images-small (1)/images/small/f4/f4b4b5b6.jpg
D:\FYP Project\fypapp\abo-images-small (1)\images\small\e6\e64cf0f3.jpg,Yoga Mat,Sports,34.99,A high-quality yoga mat — sports product with excellent build quality and modern design.,/abo-images-small (1)/images/small/e6/e64cf0f3.jpg
D:\FYP Project\fypapp\abo-images-small (1)\images\small\88\88fbbed3.jpg,Couch,Sofas,799.99,A high-quality couch — sofas product with excellent build quality and modern design.,/abo-images-small (1)/images/small/88/88fbbed3.jpg
D:\FYP Project\fypapp\abo-images-small (1)\images\small\2b\2b848912.jpg,Blender,Appliances,129.99,A high-quality blender — appliances product with excellent build quality and modern design.,/abo-images-small (1)/images/small/2b/2b848912.jpg
D:\FYP Project\fypapp\abo-images-small (1)\images\small\ce\ceaacb04.jpg,Coffee Maker,Appliances,129.99,A high-quality coffee maker — appliances product with excellent build quality and modern design.,/abo-images-small (1)/images/small/ce/ceaacb04.jpg
D:\FYP Project\fypapp\abo-images-small (1)\images\small\f8\f8324e4b.jpg,Tablet,Tablets,449.99,A high-quality tablet — tablets product with excellent build quality and modern design.,/abo-images-small (1)/images/small/f8/f8324e4b.jpg
D:\FYP Project\fypapp\abo-images-small (1)\images\small\1c\1ca280e1.jpg,Dining Chair,Chairs,199.99,A high-quality dining chair — chairs product with excellent build quality and modern design.,/abo-images-small (1)/images/small/1c/1ca280e1.jpg
D:\FYP Project\fypapp\abo-images-small (1)\images\small\6c\6c37341e.jpg,Over-Ear Headphones,Headphones,149.99,A high-quality over-ear headphones — headphones product with excellent build quality and modern design.,/abo-images-small (1)/images/small/6c/6c37341e.jpg
D:\FYP Project\fypapp\abo-images-small (1)\images\small\c2\c268edad.jpg,iPhone,Smartphones,699.99,A high-quality iphone — smartphones product with excellent build quality and modern design.,/abo-images-small (1)/images/small/c2/c268edad.jpg
D:\FYP Project\fypapp\abo-images-small (1)\images\small\83\83defd5b.jpg,Jacket,Jackets,119.99,A high-quality jacket — jackets product with excellent build quality and modern design.,/abo-images-small (1)/images/small/83/83defd5b.jpg
D:\FYP Project\fypapp\abo-images-small (1)\images\small\e0\e00805c9.jpg,Winter Coat,Jackets,119.99,A high-quality winter coat — jackets product with excellent build quality and modern design.,/abo-images-small (1)/images/small/e0/e00805c9.jpg
D:\FYP Project\fypapp\abo-images-small (1)\images\small\72\72b6c6d5.jpg,King Bed,Beds,499.99,A high-quality king bed — beds product with excellent build quality and modern design.,/abo-images-small (1)/images/small/72/72b6c6d5.jpg
D:\FYP Project\fypapp\abo-images-small (1)\images\small\2b\2b229d9a.jpg,Exercise Gear,Sports,34.99,A high-quality exercise gear — sports product with excellent build quality and modern design.,/abo-images-small (1)/images/small/2b/2b229d9a.jpg
D:\FYP Project\fypapp\abo-images-small (1)\images\small\e8\e8e833ba.jpg,Smartphone,Smartphones,699.99,A high-quality smartphone — smartphones product with excellent build quality and modern design.,/abo-images-small (1)/images/small/e8/e8e833ba.jpg
D:\FYP Project\fypapp\abo-images-small (1)\images\small\f6\f6302b54.jpg,Resistance Bands,Sports,34.99,A high-quality resistance bands — sports product with excellent build quality and modern design.,/abo-images-small (1)/images/small/f6/f6302b54.jpg
D:\FYP Project\fypapp\abo-images-small (1)\images\small\f0\f02097b1.jpg,King Bed,Beds,499.99,A high-quality king bed — beds product with excellent build quality and modern design.,/abo-images-small (1)/images/small/f0/f02097b1.jpg
D:\FYP Project\fypapp\abo-images-small (1)\images\small\b7\b78b1916.jpg,Boots,Shoes,89.99,A high-quality boots — shoes product with excellent build quality and modern design.,/abo-images-small (1)/images/small/b7/b78b1916.jpg
D:\FYP Project\fypapp\abo-images-small (1)\images\small\1f\1fa3c7ae.jpg,T-Shirt,Shirts,39.99,A high-quality t-shirt — shirts product with excellent build quality and modern design.,/abo-images-small (1)/images/small/1f/1fa3c7ae.jpg
D:\FYP Project\fypapp\abo-images-small (1)\images\small\e0\e0e11dfb.jpg,Non-Stick Pan,Cookware,89.99,A high-quality non-stick pan — cookware product with excellent build quality and modern design.,/abo-images-small (1)/images/small/e0/e0e11dfb.jpg
D:\FYP Project\fypapp\abo-images-small (1)\images\small\e9\e9048553.jpg,Android Phone,Smartphones,699.99,A high-quality android phone — smartphones product with excellent build quality and modern design.,/abo-images-small (1)/images/small/e9/e9048553.jpg
D:\FYP Project\fypapp\abo-images-small (1)\images\small\93\9387ed9a.jpg,Backpack,Outdoors,149.99,A high-quality backpack — outdoors product with excellent build quality and modern design.,/abo-images-small (1)/images/small/93/9387ed9a.jpg
D:\FYP Project\fypapp\abo-images-small (1)\images\small\b1\b1918d8a.jpg,Smartphone,Smartphones,699.99,A high-quality smartphone — smartphones product with excellent build quality and modern design.,/abo-images-small (1)/images/small/b1/b1918d8a.jpg
D:\FYP Project\fypapp\abo-images-small (1)\images\small\7e\7eefc25d.jpg,Dining Chair,Chairs,199.99,A high-quality dining chair — chairs product with excellent build quality and modern design.,/abo-images-small (1)/images/small/7e/7eefc25d.jpg
D:\FYP Project\fypapp\abo-images-small (1)\images\small\06\063afeba.jpg,Blender,Appliances,129.99,A high-quality blender — appliances product with excellent build quality and modern design.,/abo-images-small (1)/images/small/06/063afeba.jpg
D:\FYP Project\fypapp\abo-images-small (1)\images\small\7f\7f30f04f.jpg,Coffee Maker,Appliances,129.99,A high-quality coffee maker — appliances product with excellent build quality and modern design.,/abo-images-small (1)/images/small/7f/7f30f04f.jpg
D:\FYP Project\fypapp\abo-images-small (1)\images\small\6b\6bf9076f.jpg,Smartphone,Smartphones,699.99,A high-quality smartphone — smartphones product with excellent build quality and modern design.,/abo-images-small (1)/images/small/6b/6bf9076f.jpg
D:\FYP Project\fypapp\abo-images-small (1)\images\small\3e\3eb98b4a.jpg,Non-Stick Pan,Cookware,89.99,A high-quality non-stick pan — cookware product with excellent build quality and modern design.,/abo-images-small (1)/images/small/3e/3eb98b4a.jpg
D:\FYP Project\fypapp\abo-images-small (1)\images\small\4c\4c12cd44.jpg,Sectional Sofa,Sofas,799.99,A high-quality sectional sofa — sofas product with excellent build quality and modern design.,/abo-images-small (1)/images/small/4c/4c12cd44.jpg
D:\FYP Project\fypapp\abo-images-small (1)\images\small\78\78334c1b.jpg,iPhone,Smartphones,699.99,A high-quality iphone — smartphones product with excellent build quality and modern design.,/abo-images-small (1)/images/small/78/78334c1b.jpg
D:\FYP Project\fypapp\abo-images-small (1)\images\small\aa\aa248f8e.jpg,Sneakers,Shoes,89.99,A high-quality sneakers — shoes product with excellent build quality and modern design.,/abo-images-small (1)/images/small/aa/aa248f8e.jpg
D:\FYP Project\fypapp\abo-images-small (1)\images\small\43\43a9cccd.jpg,Hiking Gear,Outdoors,149.99,A high-quality hiking gear — outdoors product with excellent build quality and modern design.,/abo-images-small (1)/images/small/43/43a9cccd.jpg
D:\FYP Project\fypapp\abo-images-small (1)\images\small\50\5036e9d4.jpg,Android Phone,Smartphones,699.99,A high-quality android phone — smartphones product with excellent build quality and modern design.,/abo-images-small (1)/images/small/50/5036e9d4.jpg
D:\FYP Project\fypapp\abo-images-small (1)\images\small\2e\2e76a5b1.jpg,Boots,Shoes,89.99,A high-quality boots — shoes product with excellent build quality and modern design.,/abo-images-small (1)/images/small/2e/2e76a5b1.jpg
D:\FYP Project\fypapp\abo-images-small (1)\images\small\36\365591dd.jpg,Smartphone,Smartphones,699.99,A high-quality smartphone — smartphones product with excellent build quality and modern design.,/abo-images-small (1)/images/small/36/365591dd.jpg
D:\FYP Project\fypapp\abo-images-small (1)\images\small\1a\1a1290fd.jpg,iPad,Tablets,449.99,A high-quality ipad — tablets product with excellent build quality and modern design.,/abo-images-small (1)/images/small/1a/1a1290fd.jpg
D:\FYP Project\fypapp\abo-images-small (1)\images\small\67\679d5a7f.jpg,Digital Tablet,Tablets,449.99,A high-quality digital tablet — tablets product with excellent build quality and modern design.,/abo-images-small (1)/images/small/67/679d5a7f.jpg
D:\FYP Project\fypapp\abo-images-small (1)\images\small\22\222cffc8.jpg,Mug Set,Dinnerware,49.99,A high-quality mug set — dinnerware product with excellent build quality and modern design.,/abo-images-small (1)/images/small/22/222cffc8.jpg
D:\FYP Project\fypapp\abo-images-small (1)\images\small\b1\b14be752.jpg,Jeans,Jeans,69.99,A high-quality jeans — jeans product with excellent build quality and modern design.,/abo-images-small (1)/images/small/b1/b14be752.jpg
D:\FYP Project\fypapp\abo-images-small (1)\images\small\bb\bbfbb497.jpg,Mobile Phone,Smartphones,699.99,A high-quality mobile phone — smartphones product with excellent build quality and modern design.,/abo-images-small (1)/images/small/bb/bbfbb497.jpg
D:\FYP Project\fypapp\abo-images-small (1)\images\small\b7\b7972b60.jpg,Side Table,Tables,299.99,A high-quality side table — tables product with excellent build quality and modern design.,/abo-images-small (1)/images/small/b7/b7972b60.jpg
D:\FYP Project\fypapp\abo-images-small (1)\images\small\0c\0cc0aa85.jpg,Denim Pants,Jeans,69.99,A high-quality denim pants — jeans product with excellent build quality and modern design.,/abo-images-small (1)/images/small/0c/0cc0aa85.jpg
D:\FYP Project\fypapp\abo-images-small (1)\images\small\e6\e6387b5c.jpg,Office Chair,Chairs,199.99,A high-quality office chair — chairs product with excellent build quality and modern design.,/abo-images-small (1)/images/small/e6/e6387b5c.jpg
D:\FYP Project\fypapp\abo-images-small (1)\images\small\76\76817c09.jpg,Microwave,Appliances,129.99,A high-quality microwave — appliances product with excellent build quality and modern design.,/abo-images-small (1)/images/small/76/76817c09.jpg
D:\FYP Project\fypapp\abo-images-small (1)\images\small\d6\d670ec94.jpg,Android Phone,Smartphones,699.99,A high-quality android phone — smartphones product with excellent build quality and modern design.,/abo-images-small (1)/images/small/d6/d670ec94.jpg
D:\FYP Project\fypapp\abo-images-small (1)\images\small\2c\2c38e568.jpg,iPhone,Smartphones,699.99,A high-quality iphone — smartphones product with excellent build quality and modern design.,/abo-images-small (1)/images/small/2c/2c38e568.jpg
D:\FYP Project\fypapp\abo-images-small (1)\images\small\cf\cf617fd2.jpg,Headphones,Headphones,149.99,A high-quality headphones — headphones product with excellent build quality and modern design.,/abo-images-small (1)/images/small/cf/cf617fd2.jpg
D:\FYP Project\fypapp\abo-images-small (1)\images\small\83\83e2300f.jpg,iPad,Tablets,449.99,A high-quality ipad — tablets product with excellent build quality and modern design.,/abo-images-small (1)/images/small/83/83e2300f.jpg
D:\FYP Project\fypapp\abo-images-small (1)\images\small\36\36173cc1.jpg,Blender,Appliances,129.99,A high-quality blender — appliances product with excellent build quality and modern design.,/abo-images-small (1)/images/small/36/36173cc1.jpg
D:\FYP Project\fypapp\abo-images-small (1)\images\small\38\38bb6770.jpg,iPhone,Smartphones,699.99,A high-quality iphone — smartphones product with excellent build quality and modern design.,/abo-images-small (1)/images/small/38/38bb6770.jpg
D:\FYP Project\fypapp\abo-images-small (1)\images\small\3e\3eeb41cd.jpg,Dining Table,Tables,299.99,A high-quality dining table — tables product with excellent build quality and modern design.,/abo-images-small (1)/images/small/3e/3eeb41cd.jpg
D:\FYP Project\fypapp\abo-images-small (1)\images\small\f2\f2b0cdd4.jpg,Coffee Table,Tables,299.99,A high-quality coffee table — tables product with excellent build quality and modern design.,/abo-images-small (1)/images/small/f2/f2b0cdd4.jpg
D:\FYP Project\fypapp\abo-images-small (1)\images\small\d8\d8a8606b.jpg,Side Table,Tables,299.99,A high-quality side table — tables product with excellent build quality and modern design.,/abo-images-small (1)/images/small/d8/d8a8606b.jpg
D:\FYP Project\fypapp\abo-images-small (1)\images\small\39\39cce294.jpg,Windbreaker,Jackets,119.99,A high-quality windbreaker — jackets product with excellent build quality and modern design.,/abo-images-small (1)/images/small/39/39cce294.jpg
D:\FYP Project\fypapp\abo-images-small (1)\images\small\fc\fc678b36.jpg,Sneakers,Shoes,89.99,A high-quality sneakers — shoes product with excellent build quality and modern design.,/abo-images-small (1)/images/small/fc/fc678b36.jpg
D:\FYP Project\fypapp\abo-images-small (1)\images\small\98\985b7c02.jpg,Non-Stick Pan,Cookware,89.99,A high-quality non-stick pan — cookware product with excellent build quality and modern design.,/abo-images-small (1)/images/small/98/985b7c02.jpg
D:\FYP Project\fypapp\abo-images-small (1)\images\small\0e\0eb34465.jpg,Android Phone,Smartphones,699.99,A high-quality android phone — smartphones product with excellent build quality and modern design.,/abo-images-small (1)/images/small/0e/0eb34465.jpg
D:\FYP Project\fypapp\abo-images-small (1)\images\small\8f\8f504a8f.jpg,Platform Bed,Beds,499.99,A high-quality platform bed — beds product with excellent build quality and modern design.,/abo-images-small (1)/images/small/8f/8f504a8f.jpg
D:\FYP Project\fypapp\abo-images-small (1)\images\small\7f\7fc054e2.jpg,T-Shirt,Shirts,39.99,A high-quality t-shirt — shirts product with excellent build quality and modern design.,/abo-images-small (1)/images/small/7f/7fc054e2.jpg
D:\FYP Project\fypapp\abo-images-small (1)\images\small\ed\ed0338db.jpg,Microwave,Appliances,129.99,A high-quality microwave — appliances product with excellent build quality and modern design.,/abo-images-small (1)/images/small/ed/ed0338db.jpg
D:\FYP Project\fypapp\abo-images-small (1)\images\small\fb\fbdbee24.jpg,Digital Tablet,Tablets,449.99,A high-quality digital tablet — tablets product with excellent build quality and modern design.,/abo-images-small (1)/images/small/fb/fbdbee24.jpg
D:\FYP Project\fypapp\abo-images-small (1)\images\small\53\53eb388b.jpg,Skillet,Cookware,89.99,A high-quality skillet — cookware product with excellent build quality and modern design.,/abo-images-small (1)/images/small/53/53eb388b.jpg
D:\FYP Project\fypapp\abo-images-small (1)\images\small\9a\9acb7597.jpg,Dinnerware Set,Dinnerware,49.99,A high-quality dinnerware set — dinnerware product with excellent build quality and modern design.,/abo-images-small (1)/images/small/9a/9acb7597.jpg
D:\FYP Project\fypapp\abo-images-small (1)\images\small\d3\d3ed0062.jpg,Maxi Dress,Dresses,59.99,A high-quality maxi dress — dresses product with excellent build quality and modern design.,/abo-images-small (1)/images/small/d3/d3ed0062.jpg
D:\FYP Project\fypapp\abo-images-small (1)\images\small\63\63f9011d.jpg,Fitness Equipment,Sports,34.99,A high-quality fitness equipment — sports product with excellent build quality and modern design.,/abo-images-small (1)/images/small/63/63f9011d.jpg
D:\FYP Project\fypapp\abo-images-small (1)\images\small\9c\9c7a5631.jpg,Denim Pants,Jeans,69.99,A high-quality denim pants — jeans product with excellent build quality and modern design.,/abo-images-small (1)/images/small/9c/9c7a5631.jpg
D:\FYP Project\fypapp\abo-images-small (1)\images\small\52\52b2114c.jpg,Kitchen Appliance,Appliances,129.99,A high-quality kitchen appliance — appliances product with excellent build quality and modern design.,/abo-images-small (1)/images/small/52/52b2114c.jpg
D:\FYP Project\fypapp\abo-images-small (1)\images\small\ba\ba21100e.jpg,Mobile Phone,Smartphones,699.99,A high-quality mobile phone — smartphones product with excellent build quality and modern design.,/abo-images-small (1)/images/small/ba/ba21100e.jpg
D:\FYP Project\fypapp\abo-images-small (1)\images\small\54\547ad780.jpg,Android Phone,Smartphones,699.99,A high-quality android phone — smartphones product with excellent build quality and modern design.,/abo-images-small (1)/images/small/54/547ad780.jpg
D:\FYP Project\fypapp\abo-images-small (1)\images\small\6c\6c2df636.jpg,Casual Top,Shirts,39.99,A high-quality casual top — shirts product with excellent build quality and modern design.,/abo-images-small (1)/images/small/6c/6c2df636.jpg
D:\FYP Project\fypapp\abo-images-small (1)\images\small\a4\a4482be1.jpg,Smartphone,Smartphones,699.99,A high-quality smartphone — smartphones product with excellent build quality and modern design.,/abo-images-small (1)/images/small/a4/a4482be1.jpg
D:\FYP Project\fypapp\abo-images-small (1)\images\small\44\444b7e47.jpg,iPad,Tablets,449.99,A high-quality ipad — tablets product with excellent build quality and modern design.,/abo-images-small (1)/images/small/44/444b7e47.jpg
D:\FYP Project\fypapp\abo-images-small (1)\images\small\80\80eb794f.jpg,Road Bike,Bicycles,399.99,A high-quality road bike — bicycles product with excellent build quality and modern design.,/abo-images-small (1)/images/small/80/80eb794f.jpg
D:\FYP Project\fypapp\abo-images-small (1)\images\small\ed\edb7b461.jpg,Platform Bed,Beds,499.99,A high-quality platform bed — beds product with excellent build quality and modern design.,/abo-images-small (1)/images/small/ed/edb7b461.jpg
D:\FYP Project\fypapp\abo-images-small (1)\images\small\c6\c647f3a8.jpg,Bed Frame,Beds,499.99,A high-quality bed frame — beds product with excellent build quality and modern design.,/abo-images-small (1)/images/small/c6/c647f3a8.jpg
D:\FYP Project\fypapp\abo-images-small (1)\images\small\99\99539602.jpg,Dining Chair,Chairs,199.99,A high-quality dining chair — chairs product with excellent build quality and modern design.,/abo-images-small (1)/images/small/99/99539602.jpg
D:\FYP Project\fypapp\abo-images-small (1)\images\small\a0\a0c133f9.jpg,Casual Shoes,Shoes,89.99,A high-quality casual shoes — shoes product with excellent build quality and modern design.,/abo-images-small (1)/images/small/a0/a0c133f9.jpg
D:\FYP Project\fypapp\abo-images-small (1)\images\small\62\62e4549a.jpg,Exercise Gear,Sports,34.99,A high-quality exercise gear — sports product with excellent build quality and modern design.,/abo-images-small (1)/images/small/62/62e4549a.jpg
D:\FYP Project\fypapp\abo-images-small (1)\images\small\85\859e8414.jpg,Smartphone,Smartphones,699.99,A high-quality smartphone — smartphones product with excellent build quality and modern design.,/abo-images-small (1)/images/small/85/859e8414.jpg
D:\FYP Project\fypapp\abo-images-small (1)\images\small\af\afa41eba.jpg,Running Shoes,Shoes,89.99,A high-quality running shoes — shoes product with excellent build quality and modern design.,/abo-images-small (1)/images/small/af/afa41eba.jpg
D:\FYP Project\fypapp\abo-images-small (1)\images\small\b7\b7e1aae1.jpg,Summer Dress,Dresses,59.99,A high-quality summer dress — dresses product with excellent build quality and modern design.,/abo-images-small (1)/images/small/b7/b7e1aae1.jpg
D:\FYP Project\fypapp\abo-images-small (1)\images\small\91\91f1eb1c.jpg,iPhone,Smartphones,699.99,A high-quality iphone — smartphones product with excellent build quality and modern design.,/abo-images-small (1)/images/small/91/91f1eb1c.jpg
D:\FYP Project\fypapp\abo-images-small (1)\images\small\38\38ac4063.jpg,Sneakers,Shoes,89.99,A high-quality sneakers — shoes product with excellent build quality and modern design.,/abo-images-small (1)/images/small/38/38ac4063.jpg
D:\FYP Project\fypapp\abo-images-small (1)\images\small\47\47380ada.jpg,Couch,Sofas,799.99,A high-quality couch — sofas product with excellent build quality and modern design.,/abo-images-small (1)/images/small/47/47380ada.jpg
D:\FYP Project\fypapp\abo-images-small (1)\images\small\d1\d1e89336.jpg,Straight Jeans,Jeans,69.99,A high-quality straight jeans — jeans product with excellent build quality and modern design.,/abo-images-small (1)/images/small/d1/d1e89336.jpg
D:\FYP Project\fypapp\abo-images-small (1)\images\small\2e\2ebcc42b.jpg,iPhone,Smartphones,699.99,A high-quality iphone — smartphones product with excellent build quality and modern design.,/abo-images-small (1)/images/small/2e/2ebcc42b.jpg
D:\FYP Project\fypapp\abo-images-small (1)\images\small\58\5825aa28.jpg,Smartphone,Smartphones,699.99,A high-quality smartphone — smartphones product with excellent build quality and modern design.,/abo-images-small (1)/images/small/58/5825aa28.jpg
D:\FYP Project\fypapp\abo-images-small (1)\images\small\11\119232f5.jpg,Hiking Gear,Outdoors,149.99,A high-quality hiking gear — outdoors product with excellent build quality and modern design.,/abo-images-small (1)/images/small/11/119232f5.jpg
D:\FYP Project\fypapp\abo-images-small (1)\images\small\df\df3fedad.jpg,Digital Tablet,Tablets,449.99,A high-quality digital tablet — tablets product with excellent build quality and modern design.,/abo-images-small (1)/images/small/df/df3fedad.jpg
D:\FYP Project\fypapp\abo-images-small (1)\images\small\a8\a833c865.jpg,Loveseat,Sofas,799.99,A high-quality loveseat — sofas product with excellent build quality and modern design.,/abo-images-small (1)/images/small/a8/a833c865.jpg
D:\FYP Project\fypapp\abo-images-small (1)\images\small\82\8208321f.jpg,Office Chair,Chairs,199.99,A high-quality office chair — chairs product with excellent build quality and modern design.,/abo-images-small (1)/images/small/82/8208321f.jpg
D:\FYP Project\fypapp\abo-images-small (1)\images\small\c0\c0f142df.jpg,Mobile Phone,Smartphones,699.99,A high-quality mobile phone — smartphones product with excellent build quality and modern design.,/abo-images-small (1)/images/small/c0/c0f142df.jpg
D:\FYP Project\fypapp\abo-images-small (1)\images\small\22\22aa08bf.jpg,Side Table,Tables,299.99,A high-quality side table — tables product with excellent build quality and modern design.,/abo-images-small (1)/images/small/22/22aa08bf.jpg
D:\FYP Project\fypapp\abo-images-small (1)\images\small\f9\f91179de.jpg,Mug Set,Dinnerware,49.99,A high-quality mug set — dinnerware product with excellent build quality and modern design.,/abo-images-small (1)/images/small/f9/f91179de.jpg
D:\FYP Project\fypapp\abo-images-small (1)\images\small\b4\b41168b4.jpg,Smartphone,Smartphones,699.99,A high-quality smartphone — smartphones product with excellent build quality and modern design.,/abo-images-small (1)/images/small/b4/b41168b4.jpg
D:\FYP Project\fypapp\abo-images-small (1)\images\small\2a\2a120532.jpg,Mobile Phone,Smartphones,699.99,A high-quality mobile phone — smartphones product with excellent build quality and modern design.,/abo-images-small (1)/images/small/2a/2a120532.jpg
D:\FYP Project\fypapp\abo-images-small (1)\images\small\64\6404675d.jpg,Android Phone,Smartphones,699.99,A high-quality android phone — smartphones product with excellent build quality and modern design.,/abo-images-small (1)/images/small/64/6404675d.jpg
D:\FYP Project\fypapp\abo-images-small (1)\images\small\1c\1c5869c5.jpg,iPhone,Smartphones,699.99,A high-quality iphone — smartphones product with excellent build quality and modern design.,/abo-images-small (1)/images/small/1c/1c5869c5.jpg
D:\FYP Project\fypapp\abo-images-small (1)\images\small\38\381bb52c.jpg,Camping Tent,Outdoors,149.99,A high-quality camping tent — outdoors product with excellent build quality and modern design.,/abo-images-small (1)/images/small/38/381bb52c.jpg
D:\FYP Project\fypapp\abo-images-small (1)\images\small\5f\5fcbcafb.jpg,Queen Bed,Beds,499.99,A high-quality queen bed — beds product with excellent build quality and modern design.,/abo-images-small (1)/images/small/5f/5fcbcafb.jpg
D:\FYP Project\fypapp\abo-images-small (1)\images\small\9c\9c9d39af.jpg,Bowl Set,Dinnerware,49.99,A high-quality bowl set — dinnerware product with excellent build quality and modern design.,/abo-images-small (1)/images/small/9c/9c9d39af.jpg
D:\FYP Project\fypapp\abo-images-small (1)\images\small\b3\b338162c.jpg,Boots,Shoes,89.99,A high-quality boots — shoes product with excellent build quality and modern design.,/abo-images-small (1)/images/small/b3/b338162c.jpg
D:\FYP Project\fypapp\abo-images-small (1)\images\small\31\31c5f02f.jpg,Cookware Set,Cookware,89.99,A high-quality cookware set — cookware product with excellent build quality and modern design.,/abo-images-small (1)/images/small/31/31c5f02f.jpg
D:\FYP Project\fypapp\abo-images-small (1)\images\small\98\98496754.jpg,Dress Shirt,Shirts,39.99,A high-quality dress shirt — shirts product with excellent build quality and modern design.,/abo-images-small (1)/images/small/98/98496754.jpg
D:\FYP Project\fypapp\abo-images-small (1)\images\small\1f\1f050426.jpg,Accent Chair,Chairs,199.99,A high-quality accent chair — chairs product with excellent build quality and modern design.,/abo-images-small (1)/images/small/1f/1f050426.jpg
D:\FYP Project\fypapp\abo-images-small (1)\images\small\4e\4ea40ce1.jpg,Desk,Tables,299.99,A high-quality desk — tables product with excellent build quality and modern design.,/abo-images-small (1)/images/small/4e/4ea40ce1.jpg
D:\FYP Project\fypapp\abo-images-small (1)\images\small\9d\9d35afea.jpg,Tablet,Tablets,449.99,A high-quality tablet — tablets product with excellent build quality and modern design.,/abo-images-small (1)/images/small/9d/9d35afea.jpg
D:\FYP Project\fypapp\abo-images-small (1)\images\small\7a\7ad3f95d.jpg,Mobile Phone,Smartphones,699.99,A high-quality mobile phone — smartphones product with excellent build quality and modern design.,/abo-images-small (1)/images/small/7a/7ad3f95d.jpg
D:\FYP Project\fypapp\abo-images-small (1)\images\small\09\09163cb8.jpg,Fitness Equipment,Sports,34.99,A high-quality fitness equipment — sports product with excellent build quality and modern design.,/abo-images-small (1)/images/small/09/09163cb8.jpg
D:\FYP Project\fypapp\abo-images-small (1)\images\small\90\90b22919.jpg,Boots,Shoes,89.99,A high-quality boots — shoes product with excellent build quality and modern design.,/abo-images-small (1)/images/small/90/90b22919.jpg
D:\FYP Project\fypapp\abo-images-small (1)\images\small\11\11edb254.jpg,Cookware Set,Cookware,89.99,A high-quality cookware set — cookware product with excellent build quality and modern design.,/abo-images-small (1)/images/small/11/11edb254.jpg
D:\FYP Project\fypapp\abo-images-small (1)\images\small\8a\8a7eb77a.jpg,Mobile Phone,Smartphones,699.99,A high-quality mobile phone — smartphones product with excellent build quality and modern design.,/abo-images-small (1)/images/small/8a/8a7eb77a.jpg
D:\FYP Project\fypapp\abo-images-small (1)\images\small\af\af57f74a.jpg,Android Phone,Smartphones,699.99,A high-quality android phone — smartphones product with excellent build quality and modern design.,/abo-images-small (1)/images/small/af/af57f74a.jpg
D:\FYP Project\fypapp\abo-images-small (1)\images\small\82\82f83ca4.jpg,Earphones,Headphones,149.99,A high-quality earphones — headphones product with excellent build quality and modern design.,/abo-images-small (1)/images/small/82/82f83ca4.jpg
D:\FYP Project\fypapp\abo-images-small (1)\images\small\53\534b71c6.jpg,Kitchen Appliance,Appliances,129.99,A high-quality kitchen appliance — appliances product with excellent build quality and modern design.,/abo-images-small (1)/images/small/53/534b71c6.jpg
D:\FYP Project\fypapp\abo-images-small (1)\images\small\87\870f92e2.jpg,Microwave,Appliances,129.99,A high-quality microwave — appliances product with excellent build quality and modern design.,/abo-images-small (1)/images/small/87/870f92e2.jpg
D:\FYP Project\fypapp\abo-images-small (1)\images\small\1b\1b94ce91.jpg,Polo Shirt,Shirts,39.99,A high-quality polo shirt — shirts product with excellent build quality and modern design.,/abo-images-small (1)/images/small/1b/1b94ce91.jpg
D:\FYP Project\fypapp\abo-images-small (1)\images\small\83\834f1549.jpg,Backpack,Outdoors,149.99,A high-quality backpack — outdoors product with excellent build quality and modern design.,/abo-images-small (1)/images/small/83/834f1549.jpg
D:\FYP Project\fypapp\abo-images-small (1)\images\small\4f\4f8543b4.jpg,Dinnerware Set,Dinnerware,49.99,A high-quality dinnerware set — dinnerware product with excellent build quality and modern design.,/abo-images-small (1)/images/small/4f/4f8543b4.jpg
D:\FYP Project\fypapp\abo-images-small (1)\images\small\09\099902e5.jpg,Slim Jeans,Jeans,69.99,A high-quality slim jeans — jeans product with excellent build quality and modern design.,/abo-images-small (1)/images/small/09/099902e5.jpg
D:\FYP Project\fypapp\abo-images-small (1)\images\small\6f\6f530c75.jpg,King Bed,Beds,499.99,A high-quality king bed — beds product with excellent build quality and modern design.,/abo-images-small (1)/images/small/6f/6f530c75.jpg
D:\FYP Project\fypapp\abo-images-small (1)\images\small\21\217d5ec0.jpg,Loveseat,Sofas,799.99,A high-quality loveseat — sofas product with excellent build quality and modern design.,/abo-images-small (1)/images/small/21/217d5ec0.jpg
D:\FYP Project\fypapp\abo-images-small (1)\images\small\fa\fa32081c.jpg,Smartphone,Smartphones,699.99,A high-quality smartphone — smartphones product with excellent build quality and modern design.,/abo-images-small (1)/images/small/fa/fa32081c.jpg
D:\FYP Project\fypapp\abo-images-small (1)\images\small\e2\e23634bb.jpg,Couch,Sofas,799.99,A high-quality couch — sofas product with excellent build quality and modern design.,/abo-images-small (1)/images/small/e2/e23634bb.jpg
D:\FYP Project\fypapp\abo-images-small (1)\images\small\75\75ffd705.jpg,Android Phone,Smartphones,699.99,A high-quality android phone — smartphones product with excellent build quality and modern design.,/abo-images-small (1)/images/small/75/75ffd705.jpg
D:\FYP Project\fypapp\abo-images-small (1)\images\small\31\31503f27.jpg,iPhone,Smartphones,699.99,A high-quality iphone — smartphones product with excellent build quality and modern design.,/abo-images-small (1)/images/small/31/31503f27.jpg
D:\FYP Project\fypapp\abo-images-small (1)\images\small\2e\2e783eb1.jpg,Sneakers,Shoes,89.99,A high-quality sneakers — shoes product with excellent build quality and modern design.,/abo-images-small (1)/images/small/2e/2e783eb1.jpg
D:\FYP Project\fypapp\abo-images-small (1)\images\small\0c\0ceb28e3.jpg,Resistance Bands,Sports,34.99,A high-quality resistance bands — sports product with excellent build quality and modern design.,/abo-images-small (1)/images/small/0c/0ceb28e3.jpg
D:\FYP Project\fypapp\abo-images-small (1)\images\small\64\64a2fbb3.jpg,Digital Tablet,Tablets,449.99,A high-quality digital tablet — tablets product with excellent build quality and modern design.,/abo-images-small (1)/images/small/64/64a2fbb3.jpg
D:\FYP Project\fypapp\abo-images-small (1)\images\small\a5\a57783db.jpg,Skillet,Cookware,89.99,A high-quality skillet — cookware product with excellent build quality and modern design.,/abo-images-small (1)/images/small/a5/a57783db.jpg
D:\FYP Project\fypapp\abo-images-small (1)\images\small\f3\f3e406bd.jpg,Smartphone,Smartphones,699.99,A high-quality smartphone — smartphones product with excellent build quality and modern design.,/abo-images-small (1)/images/small/f3/f3e406bd.jpg
D:\FYP Project\fypapp\abo-images-small (1)\images\small\2e\2ede12af.jpg,Couch,Sofas,799.99,A high-quality couch — sofas product with excellent build quality and modern design.,/abo-images-small (1)/images/small/2e/2ede12af.jpg
D:\FYP Project\fypapp\abo-images-small (1)\images\small\f7\f7192cd1.jpg,Summer Dress,Dresses,59.99,A high-quality summer dress — dresses product with excellent build quality and modern design.,/abo-images-small (1)/images/small/f7/f7192cd1.jpg
D:\FYP Project\fypapp\abo-images-small (1)\images\small\a4\a45017af.jpg,Android Tablet,Tablets,449.99,A high-quality android tablet — tablets product with excellent build quality and modern design.,/abo-images-small (1)/images/small/a4/a45017af.jpg
D:\FYP Project\fypapp\abo-images-small (1)\images\small\9c\9c5a5229.jpg,Smartphone,Smartphones,699.99,A high-quality smartphone — smartphones product with excellent build quality and modern design.,/abo-images-small (1)/images/small/9c/9c5a5229.jpg
D:\FYP Project\fypapp\abo-images-small (1)\images\small\d5\d57f9ba8.jpg,Wireless Earbuds,Headphones,149.99,A high-quality wireless earbuds — headphones product with excellent build quality and modern design.,/abo-images-small (1)/images/small/d5/d57f9ba8.jpg
D:\FYP Project\fypapp\abo-images-small (1)\images\small\01\01cda507.jpg,Digital Tablet,Tablets,449.99,A high-quality digital tablet — tablets product with excellent build quality and modern design.,/abo-images-small (1)/images/small/01/01cda507.jpg
D:\FYP Project\fypapp\abo-images-small (1)\images\small\1a\1ac8d1df.jpg,iPhone,Smartphones,699.99,A high-quality iphone — smartphones product with excellent build quality and modern design.,/abo-images-small (1)/images/small/1a/1ac8d1df.jpg
D:\FYP Project\fypapp\abo-images-small (1)\images\small\06\067a327a.jpg,Smartphone,Smartphones,699.99,A high-quality smartphone — smartphones product with excellent build quality and modern design.,/abo-images-small (1)/images/small/06/067a327a.jpg
D:\FYP Project\fypapp\abo-images-small (1)\images\small\5a\5a1a7bfd.jpg,Mobile Phone,Smartphones,699.99,A high-quality mobile phone — smartphones product with excellent build quality and modern design.,/abo-images-small (1)/images/small/5a/5a1a7bfd.jpg
D:\FYP Project\fypapp\abo-images-small (1)\images\small\4c\4c883215.jpg,Casual Shoes,Shoes,89.99,A high-quality casual shoes — shoes product with excellent build quality and modern design.,/abo-images-small (1)/images/small/4c/4c883215.jpg
D:\FYP Project\fypapp\abo-images-small (1)\images\small\32\327eda54.jpg,Backpack,Outdoors,149.99,A high-quality backpack — outdoors product with excellent build quality and modern design.,/abo-images-small (1)/images/small/32/327eda54.jpg
D:\FYP Project\fypapp\abo-images-small (1)\images\small\bf\bf00d997.jpg,Jacket,Jackets,119.99,A high-quality jacket — jackets product with excellent build quality and modern design.,/abo-images-small (1)/images/small/bf/bf00d997.jpg
D:\FYP Project\fypapp\abo-images-small (1)\images\small\ff\ff7896ec.jpg,Mobile Phone,Smartphones,699.99,A high-quality mobile phone — smartphones product with excellent build quality and modern design.,/abo-images-small (1)/images/small/ff/ff7896ec.jpg
D:\FYP Project\fypapp\abo-images-small (1)\images\small\d3\d35185f5.jpg,Android Phone,Smartphones,699.99,A high-quality android phone — smartphones product with excellent build quality and modern design.,/abo-images-small (1)/images/small/d3/d35185f5.jpg
D:\FYP Project\fypapp\abo-images-small (1)\images\small\b7\b7feedbc.jpg,Floral Dress,Dresses,59.99,A high-quality floral dress — dresses product with excellent build quality and modern design.,/abo-images-small (1)/images/small/b7/b7feedbc.jpg
D:\FYP Project\fypapp\abo-images-small (1)\images\small\93\9379c7c4.jpg,Jeans,Jeans,69.99,A high-quality jeans — jeans product with excellent build quality and modern design.,/abo-images-small (1)/images/small/93/9379c7c4.jpg
D:\FYP Project\fypapp\abo-images-small (1)\images\small\25\2587d3bd.jpg,Resistance Bands,Sports,34.99,A high-quality resistance bands — sports product with excellent build quality and modern design.,/abo-images-small (1)/images/small/25/2587d3bd.jpg
D:\FYP Project\fypapp\abo-images-small (1)\images\small\65\650ae5c6.jpg,Over-Ear Headphones,Headphones,149.99,A high-quality over-ear headphones — headphones product with excellent build quality and modern design.,/abo-images-small (1)/images/small/65/650ae5c6.jpg
D:\FYP Project\fypapp\abo-images-small (1)\images\small\53\53f61763.jpg,Platform Bed,Beds,499.99,A high-quality platform bed — beds product with excellent build quality and modern design.,/abo-images-small (1)/images/small/53/53f61763.jpg
D:\FYP Project\fypapp\abo-images-small (1)\images\small\69\696d7eb6.jpg,Jacket,Jackets,119.99,A high-quality jacket — jackets product with excellent build quality and modern design.,/abo-images-small (1)/images/small/69/696d7eb6.jpg
D:\FYP Project\fypapp\abo-images-small (1)\images\small\29\291e047d.jpg,Queen Bed,Beds,499.99,A high-quality queen bed — beds product with excellent build quality and modern design.,/abo-images-small (1)/images/small/29/291e047d.jpg
D:\FYP Project\fypapp\abo-images-small (1)\images\small\10\1015c6ea.jpg,King Bed,Beds,499.99,A high-quality king bed — beds product with excellent build quality and modern design.,/abo-images-small (1)/images/small/10/1015c6ea.jpg
D:\FYP Project\fypapp\abo-images-small (1)\images\small\54\543bbb18.jpg,iPhone,Smartphones,699.99,A high-quality iphone — smartphones product with excellent build quality and modern design.,/abo-images-small (1)/images/small/54/543bbb18.jpg
D:\FYP Project\fypapp\abo-images-small (1)\images\small\92\925e89d2.jpg,Smartphone,Smartphones,699.99,A high-quality smartphone — smartphones product with excellent build quality and modern design.,/abo-images-small (1)/images/small/92/925e89d2.jpg
D:\FYP Project\fypapp\abo-images-small (1)\images\small\dd\dd78b62c.jpg,Couch,Sofas,799.99,A high-quality couch — sofas product with excellent build quality and modern design.,/abo-images-small (1)/images/small/dd/dd78b62c.jpg
D:\FYP Project\fypapp\abo-images-small (1)\images\small\d7\d7fe155c.jpg,Digital Tablet,Tablets,449.99,A high-quality digital tablet — tablets product with excellent build quality and modern design.,/abo-images-small (1)/images/small/d7/d7fe155c.jpg
D:\FYP Project\fypapp\abo-images-small (1)\images\small\9f\9f326b5e.jpg,Android Tablet,Tablets,449.99,A high-quality android tablet — tablets product with excellent build quality and modern design.,/abo-images-small (1)/images/small/9f/9f326b5e.jpg
D:\FYP Project\fypapp\abo-images-small (1)\images\small\15\152338ea.jpg,Kitchen Appliance,Appliances,129.99,A high-quality kitchen appliance — appliances product with excellent build quality and modern design.,/abo-images-small (1)/images/small/15/152338ea.jpg
D:\FYP Project\fypapp\abo-images-small (1)\images\small\25\256a85bd.jpg,Ceramic Plates,Dinnerware,49.99,A high-quality ceramic plates — dinnerware product with excellent build quality and modern design.,/abo-images-small (1)/images/small/25/256a85bd.jpg
D:\FYP Project\fypapp\abo-images-small (1)\images\small\ae\ae9b9919.jpg,Digital Tablet,Tablets,449.99,A high-quality digital tablet — tablets product with excellent build quality and modern design.,/abo-images-small (1)/images/small/ae/ae9b9919.jpg
D:\FYP Project\fypapp\abo-images-small (1)\images\small\cf\cf3576aa.jpg,iPhone,Smartphones,699.99,A high-quality iphone — smartphones product with excellent build quality and modern design.,/abo-images-small (1)/images/small/cf/cf3576aa.jpg
D:\FYP Project\fypapp\abo-images-small (1)\images\small\ba\bad3210b.jpg,Cookware Set,Cookware,89.99,A high-quality cookware set — cookware product with excellent build quality and modern design.,/abo-images-small (1)/images/small/ba/bad3210b.jpg
D:\FYP Project\fypapp\abo-images-small (1)\images\small\05\059b0d94.jpg,Coffee Table,Tables,299.99,A high-quality coffee table — tables product with excellent build quality and modern design.,/abo-images-small (1)/images/small/05/059b0d94.jpg
D:\FYP Project\fypapp\abo-images-small (1)\images\small\db\db0e62bc.jpg,Blender,Appliances,129.99,A high-quality blender — appliances product with excellent build quality and modern design.,/abo-images-small (1)/images/small/db/db0e62bc.jpg
D:\FYP Project\fypapp\abo-images-small (1)\images\small\b3\b3e4b7dd.jpg,Exercise Gear,Sports,34.99,A high-quality exercise gear — sports product with excellent build quality and modern design.,/abo-images-small (1)/images/small/b3/b3e4b7dd.jpg
D:\FYP Project\fypapp\abo-images-small (1)\images\small\c7\c7df49ae.jpg,Yoga Mat,Sports,34.99,A high-quality yoga mat — sports product with excellent build quality and modern design.,/abo-images-small (1)/images/small/c7/c7df49ae.jpg
D:\FYP Project\fypapp\abo-images-small (1)\images\small\55\55746937.jpg,Coffee Table,Tables,299.99,A high-quality coffee table — tables product with excellent build quality and modern design.,/abo-images-small (1)/images/small/55/55746937.jpg
D:\FYP Project\fypapp\abo-images-small (1)\images\small\fb\fb7b00c2.jpg,Android Phone,Smartphones,699.99,A high-quality android phone — smartphones product with excellent build quality and modern design.,/abo-images-small (1)/images/small/fb/fb7b00c2.jpg
D:\FYP Project\fypapp\abo-images-small (1)\images\small\30\307e14aa.jpg,Desk,Tables,299.99,A high-quality desk — tables product with excellent build quality and modern design.,/abo-images-small (1)/images/small/30/307e14aa.jpg
D:\FYP Project\fypapp\abo-images-small (1)\images\small\66\66155055.jpg,Jeans,Jeans,69.99,A high-quality jeans — jeans product with excellent build quality and modern design.,/abo-images-small (1)/images/small/66/66155055.jpg
D:\FYP Project\fypapp\abo-images-small (1)\images\small\95\958c66b7.jpg,Non-Stick Pan,Cookware,89.99,A high-quality non-stick pan — cookware product with excellent build quality and modern design.,/abo-images-small (1)/images/small/95/958c66b7.jpg
D:\FYP Project\fypapp\abo-images-small (1)\images\small\00\008d50cd.jpg,Fitness Equipment,Sports,34.99,A high-quality fitness equipment — sports product with excellent build quality and modern design.,/abo-images-small (1)/images/small/00/008d50cd.jpg
D:\FYP Project\fypapp\abo-images-small (1)\images\small\d5\d54f5e06.jpg,iPhone,Smartphones,699.99,A high-quality iphone — smartphones product with excellent build quality and modern design.,/abo-images-small (1)/images/small/d5/d54f5e06.jpg
D:\FYP Project\fypapp\abo-images-small (1)\images\small\7b\7be305bc.jpg,Dress,Dresses,59.99,A high-quality dress — dresses product with excellent build quality and modern design.,/abo-images-small (1)/images/small/7b/7be305bc.jpg
D:\FYP Project\fypapp\abo-images-small (1)\images\small\54\54f6cf7e.jpg,Ceramic Plates,Dinnerware,49.99,A high-quality ceramic plates — dinnerware product with excellent build quality and modern design.,/abo-images-small (1)/images/small/54/54f6cf7e.jpg
D:\FYP Project\fypapp\abo-images-small (1)\images\small\c6\c65ef6b8.jpg,Sectional Sofa,Sofas,799.99,A high-quality sectional sofa — sofas product with excellent build quality and modern design.,/abo-images-small (1)/images/small/c6/c65ef6b8.jpg
D:\FYP Project\fypapp\abo-images-small (1)\images\small\91\913fee13.jpg,Android Tablet,Tablets,449.99,A high-quality android tablet — tablets product with excellent build quality and modern design.,/abo-images-small (1)/images/small/91/913fee13.jpg
D:\FYP Project\fypapp\abo-images-small (1)\images\small\42\42145c09.jpg,Smartphone,Smartphones,699.99,A high-quality smartphone — smartphones product with excellent build quality and modern design.,/abo-images-small (1)/images/small/42/42145c09.jpg
D:\FYP Project\fypapp\abo-images-small (1)\images\small\e7\e70484ed.jpg,Running Shoes,Shoes,89.99,A high-quality running shoes — shoes product with excellent build quality and modern design.,/abo-images-small (1)/images/small/e7/e70484ed.jpg
D:\FYP Project\fypapp\abo-images-small (1)\images\small\e8\e845773d.jpg,King Bed,Beds,499.99,A high-quality king bed — beds product with excellent build quality and modern design.,/abo-images-small (1)/images/small/e8/e845773d.jpg
D:\FYP Project\fypapp\abo-images-small (1)\images\small\1c\1cebd7a1.jpg,iPhone,Smartphones,699.99,A high-quality iphone — smartphones product with excellent build quality and modern design.,/abo-images-small (1)/images/small/1c/1cebd7a1.jpg
D:\FYP Project\fypapp\abo-images-small (1)\images\small\b6\b695d6bc.jpg,Yoga Mat,Sports,34.99,A high-quality yoga mat — sports product with excellent build quality and modern design.,/abo-images-small (1)/images/small/b6/b695d6bc.jpg
D:\FYP Project\fypapp\abo-images-small (1)\images\small\7e\7e8b5077.jpg,Maxi Dress,Dresses,59.99,A high-quality maxi dress — dresses product with excellent build quality and modern design.,/abo-images-small (1)/images/small/7e/7e8b5077.jpg
D:\FYP Project\fypapp\abo-images-small (1)\images\small\16\16d395ad.jpg,Cooking Pot,Cookware,89.99,A high-quality cooking pot — cookware product with excellent build quality and modern design.,/abo-images-small (1)/images/small/16/16d395ad.jpg
D:\FYP Project\fypapp\abo-images-small (1)\images\small\b7\b7741fd8.jpg,iPhone,Smartphones,699.99,A high-quality iphone — smartphones product with excellent build quality and modern design.,/abo-images-small (1)/images/small/b7/b7741fd8.jpg
D:\FYP Project\fypapp\abo-images-small (1)\images\small\bd\bd6d5652.jpg,Smartphone,Smartphones,699.99,A high-quality smartphone — smartphones product with excellent build quality and modern design.,/abo-images-small (1)/images/small/bd/bd6d5652.jpg
D:\FYP Project\fypapp\abo-images-small (1)\images\small\b1\b12d5aa1.jpg,Mobile Phone,Smartphones,699.99,A high-quality mobile phone — smartphones product with excellent build quality and modern design.,/abo-images-small (1)/images/small/b1/b12d5aa1.jpg
D:\FYP Project\fypapp\abo-images-small (1)\images\small\b1\b147782f.jpg,Android Phone,Smartphones,699.99,A high-quality android phone — smartphones product with excellent build quality and modern design.,/abo-images-small (1)/images/small/b1/b147782f.jpg
D:\FYP Project\fypapp\abo-images-small (1)\images\small\c0\c0ce00f6.jpg,iPhone,Smartphones,699.99,A high-quality iphone — smartphones product with excellent build quality and modern design.,/abo-images-small (1)/images/small/c0/c0ce00f6.jpg
D:\FYP Project\fypapp\abo-images-small (1)\images\small\06\06e4c677.jpg,Sneakers,Shoes,89.99,A high-quality sneakers — shoes product with excellent build quality and modern design.,/abo-images-small (1)/images/small/06/06e4c677.jpg
D:\FYP Project\fypapp\abo-images-small (1)\images\small\88\887ba0d3.jpg,Mobile Phone,Smartphones,699.99,A high-quality mobile phone — smartphones product with excellent build quality and modern design.,/abo-images-small (1)/images/small/88/887ba0d3.jpg
D:\FYP Project\fypapp\abo-images-small (1)\images\small\a4\a4ab17e2.jpg,Android Phone,Smartphones,699.99,A high-quality android phone — smartphones product with excellent build quality and modern design.,/abo-images-small (1)/images/small/a4/a4ab17e2.jpg
D:\FYP Project\fypapp\abo-images-small (1)\images\small\0e\0ea64797.jpg,Floral Dress,Dresses,59.99,A high-quality floral dress — dresses product with excellent build quality and modern design.,/abo-images-small (1)/images/small/0e/0ea64797.jpg
D:\FYP Project\fypapp\abo-images-small (1)\images\small\dc\dc56c0f5.jpg,Digital Camera,Cameras,549.99,A high-quality digital camera — cameras product with excellent build quality and modern design.,/abo-images-small (1)/images/small/dc/dc56c0f5.jpg
D:\FYP Project\fypapp\abo-images-small (1)\images\small\87\874d8b77.jpg,Winter Coat,Jackets,119.99,A high-quality winter coat — jackets product with excellent build quality and modern design.,/abo-images-small (1)/images/small/87/874d8b77.jpg
D:\FYP Project\fypapp\abo-images-small (1)\images\small\82\82bc94a6.jpg,Blender,Appliances,129.99,A high-quality blender — appliances product with excellent build quality and modern design.,/abo-images-small (1)/images/small/82/82bc94a6.jpg
D:\FYP Project\fypapp\abo-images-small (1)\images\small\59\5959145f.jpg,Denim Pants,Jeans,69.99,A high-quality denim pants — jeans product with excellent build quality and modern design.,/abo-images-small (1)/images/small/59/5959145f.jpg
D:\FYP Project\fypapp\abo-images-small (1)\images\small\05\05888b49.jpg,Office Chair,Chairs,199.99,A high-quality office chair — chairs product with excellent build quality and modern design.,/abo-images-small (1)/images/small/05/05888b49.jpg
D:\FYP Project\fypapp\abo-images-small (1)\images\small\7d\7d549aa6.jpg,Mobile Phone,Smartphones,699.99,A high-quality mobile phone — smartphones product with excellent build quality and modern design.,/abo-images-small (1)/images/small/7d/7d549aa6.jpg
D:\FYP Project\fypapp\abo-images-small (1)\images\small\16\16c7b5f6.jpg,Android Phone,Smartphones,699.99,A high-quality android phone — smartphones product with excellent build quality and modern design.,/abo-images-small (1)/images/small/16/16c7b5f6.jpg
D:\FYP Project\fypapp\abo-images-small (1)\images\small\79\79458a37.jpg,Skillet,Cookware,89.99,A high-quality skillet — cookware product with excellent build quality and modern design.,/abo-images-small (1)/images/small/79/79458a37.jpg
D:\FYP Project\fypapp\abo-images-small (1)\images\small\55\552be174.jpg,Cookware Set,Cookware,89.99,A high-quality cookware set — cookware product with excellent build quality and modern design.,/abo-images-small (1)/images/small/55/552be174.jpg
D:\FYP Project\fypapp\abo-images-small (1)\images\small\e4\e49e3955.jpg,iPad,Tablets,449.99,A high-quality ipad — tablets product with excellent build quality and modern design.,/abo-images-small (1)/images/small/e4/e49e3955.jpg
D:\FYP Project\fypapp\abo-images-small (1)\images\small\d9\d9cd1c0a.jpg,Side Table,Tables,299.99,A high-quality side table — tables product with excellent build quality and modern design.,/abo-images-small (1)/images/small/d9/d9cd1c0a.jpg
D:\FYP Project\fypapp\abo-images-small (1)\images\small\23\23029482.jpg,Exercise Gear,Sports,34.99,A high-quality exercise gear — sports product with excellent build quality and modern design.,/abo-images-small (1)/images/small/23/23029482.jpg
D:\FYP Project\fypapp\abo-images-small (1)\images\small\ca\ca3a48f0.jpg,Bed Frame,Beds,499.99,A high-quality bed frame — beds product with excellent build quality and modern design.,/abo-images-small (1)/images/small/ca/ca3a48f0.jpg
D:\FYP Project\fypapp\abo-images-small (1)\images\small\75\7510b2ea.jpg,Mobile Phone,Smartphones,699.99,A high-quality mobile phone — smartphones product with excellent build quality and modern design.,/abo-images-small (1)/images/small/75/7510b2ea.jpg
D:\FYP Project\fypapp\abo-images-small (1)\images\small\2d\2d0d61fa.jpg,Outdoor Equipment,Outdoors,149.99,A high-quality outdoor equipment — outdoors product with excellent build quality and modern design.,/abo-images-small (1)/images/small/2d/2d0d61fa.jpg
D:\FYP Project\fypapp\abo-images-small (1)\images\small\0e\0ee82393.jpg,Platform Bed,Beds,499.99,A high-quality platform bed — beds product with excellent build quality and modern design.,/abo-images-small (1)/images/small/0e/0ee82393.jpg
D:\FYP Project\fypapp\abo-images-small (1)\images\small\7b\7bb296f5.jpg,Cookware Set,Cookware,89.99,A high-quality cookware set — cookware product with excellent build quality and modern design.,/abo-images-small (1)/images/small/7b/7bb296f5.jpg
D:\FYP Project\fypapp\abo-images-small (1)\images\small\be\be1abc11.jpg,Resistance Bands,Sports,34.99,A high-quality resistance bands — sports product with excellent build quality and modern design.,/abo-images-small (1)/images/small/be/be1abc11.jpg
D:\FYP Project\fypapp\abo-images-small (1)\images\small\77\771cec4e.jpg,Android Phone,Smartphones,699.99,A high-quality android phone — smartphones product with excellent build quality and modern design.,/abo-images-small (1)/images/small/77/771cec4e.jpg
D:\FYP Project\fypapp\abo-images-small (1)\images\small\df\dfc9df8c.jpg,Skillet,Cookware,89.99,A high-quality skillet — cookware product with excellent build quality and modern design.,/abo-images-small (1)/images/small/df/dfc9df8c.jpg
D:\FYP Project\fypapp\abo-images-small (1)\images\small\3c\3cf6bb7d.jpg,Yoga Mat,Sports,34.99,A high-quality yoga mat — sports product with excellent build quality and modern design.,/abo-images-small (1)/images/small/3c/3cf6bb7d.jpg
D:\FYP Project\fypapp\abo-images-small (1)\images\small\ef\efdf9f4e.jpg,Coffee Table,Tables,299.99,A high-quality coffee table — tables product with excellent build quality and modern design.,/abo-images-small (1)/images/small/ef/efdf9f4e.jpg
D:\FYP Project\fypapp\abo-images-small (1)\images\small\a1\a1c7dc93.jpg,Android Phone,Smartphones,699.99,A high-quality android phone — smartphones product with excellent build quality and modern design.,/abo-images-small (1)/images/small/a1/a1c7dc93.jpg
D:\FYP Project\fypapp\abo-images-small (1)\images\small\f3\f39f4b00.jpg,Gaming Laptop,Laptops,899.99,A high-quality gaming laptop — laptops product with excellent build quality and modern design.,/abo-images-small (1)/images/small/f3/f39f4b00.jpg
D:\FYP Project\fypapp\abo-images-small (1)\images\small\a7\a77e5aac.jpg,Tablet,Tablets,449.99,A high-quality tablet — tablets product with excellent build quality and modern design.,/abo-images-small (1)/images/small/a7/a77e5aac.jpg
D:\FYP Project\fypapp\abo-images-small (1)\images\small\da\dafc22e7.jpg,Slim Jeans,Jeans,69.99,A high-quality slim jeans — jeans product with excellent build quality and modern design.,/abo-images-small (1)/images/small/da/dafc22e7.jpg
D:\FYP Project\fypapp\abo-images-small (1)\images\small\3f\3f636aeb.jpg,Cooking Pot,Cookware,89.99,A high-quality cooking pot — cookware product with excellent build quality and modern design.,/abo-images-small (1)/images/small/3f/3f636aeb.jpg
D:\FYP Project\fypapp\abo-images-small (1)\images\small\2d\2d848074.jpg,iPhone,Smartphones,699.99,A high-quality iphone — smartphones product with excellent build quality and modern design.,/abo-images-small (1)/images/small/2d/2d848074.jpg
D:\FYP Project\fypapp\abo-images-small (1)\images\small\15\153e869c.jpg,Dinnerware Set,Dinnerware,49.99,A high-quality dinnerware set — dinnerware product with excellent build quality and modern design.,/abo-images-small (1)/images/small/15/153e869c.jpg
D:\FYP Project\fypapp\abo-images-small (1)\images\small\fa\faa7ff06.jpg,Mobile Phone,Smartphones,699.99,A high-quality mobile phone — smartphones product with excellent build quality and modern design.,/abo-images-small (1)/images/small/fa/faa7ff06.jpg
D:\FYP Project\fypapp\abo-images-small (1)\images\small\9f\9f652695.jpg,Accent Chair,Chairs,199.99,A high-quality accent chair — chairs product with excellent build quality and modern design.,/abo-images-small (1)/images/small/9f/9f652695.jpg
D:\FYP Project\fypapp\abo-images-small (1)\images\small\0c\0c818701.jpg,Mug Set,Dinnerware,49.99,A high-quality mug set — dinnerware product with excellent build quality and modern design.,/abo-images-small (1)/images/small/0c/0c818701.jpg
D:\FYP Project\fypapp\abo-images-small (1)\images\small\66\66d99c36.jpg,Smartphone,Smartphones,699.99,A high-quality smartphone — smartphones product with excellent build quality and modern design.,/abo-images-small (1)/images/small/66/66d99c36.jpg
D:\FYP Project\fypapp\abo-images-small (1)\images\small\47\47dcae83.jpg,Coffee Table,Tables,299.99,A high-quality coffee table — tables product with excellent build quality and modern design.,/abo-images-small (1)/images/small/47/47dcae83.jpg
D:\FYP Project\fypapp\abo-images-small (1)\images\small\0e\0ebb72d5.jpg,Android Phone,Smartphones,699.99,A high-quality android phone — smartphones product with excellent build quality and modern design.,/abo-images-small (1)/images/small/0e/0ebb72d5.jpg
D:\FYP Project\fypapp\abo-images-small (1)\images\small\47\47225590.jpg,Floral Dress,Dresses,59.99,A high-quality floral dress — dresses product with excellent build quality and modern design.,/abo-images-small (1)/images/small/47/47225590.jpg
D:\FYP Project\fypapp\abo-images-small (1)\images\small\0e\0e170bc8.jpg,Cookware Set,Cookware,89.99,A high-quality cookware set — cookware product with excellent build quality and modern design.,/abo-images-small (1)/images/small/0e/0e170bc8.jpg
D:\FYP Project\fypapp\abo-images-small (1)\images\small\6e\6e411905.jpg,Coffee Table,Tables,299.99,A high-quality coffee table — tables product with excellent build quality and modern design.,/abo-images-small (1)/images/small/6e/6e411905.jpg
D:\FYP Project\fypapp\abo-images-small (1)\images\small\6c\6c626bdf.jpg,Cooking Pot,Cookware,89.99,A high-quality cooking pot — cookware product with excellent build quality and modern design.,/abo-images-small (1)/images/small/6c/6c626bdf.jpg
D:\FYP Project\fypapp\abo-images-small (1)\images\small\b3\b3e4fbbc.jpg,Boots,Shoes,89.99,A high-quality boots — shoes product with excellent build quality and modern design.,/abo-images-small (1)/images/small/b3/b3e4fbbc.jpg
D:\FYP Project\fypapp\abo-images-small (1)\images\small\8b\8b1ca6e9.jpg,Yoga Mat,Sports,34.99,A high-quality yoga mat — sports product with excellent build quality and modern design.,/abo-images-small (1)/images/small/8b/8b1ca6e9.jpg
D:\FYP Project\fypapp\abo-images-small (1)\images\small\bd\bd14d8b8.jpg,Coffee Table,Tables,299.99,A high-quality coffee table — tables product with excellent build quality and modern design.,/abo-images-small (1)/images/small/bd/bd14d8b8.jpg
D:\FYP Project\fypapp\abo-images-small (1)\images\small\a5\a5c9b99c.jpg,Digital Tablet,Tablets,449.99,A high-quality digital tablet — tablets product with excellent build quality and modern design.,/abo-images-small (1)/images/small/a5/a5c9b99c.jpg
D:\FYP Project\fypapp\abo-images-small (1)\images\small\59\593fcc76.jpg,iPhone,Smartphones,699.99,A high-quality iphone — smartphones product with excellent build quality and modern design.,/abo-images-small (1)/images/small/59/593fcc76.jpg
D:\FYP Project\fypapp\abo-images-small (1)\images\small\0c\0c64f736.jpg,Cookware Set,Cookware,89.99,A high-quality cookware set — cookware product with excellent build quality and modern design.,/abo-images-small (1)/images/small/0c/0c64f736.jpg
D:\FYP Project\fypapp\abo-images-small (1)\images\small\e1\e12ea854.jpg,Resistance Bands,Sports,34.99,A high-quality resistance bands — sports product with excellent build quality and modern design.,/abo-images-small (1)/images/small/e1/e12ea854.jpg
D:\FYP Project\fypapp\abo-images-small (1)\images\small\43\435ce4b8.jpg,Android Phone,Smartphones,699.99,A high-quality android phone — smartphones product with excellent build quality and modern design.,/abo-images-small (1)/images/small/43/435ce4b8.jpg
D:\FYP Project\fypapp\abo-images-small (1)\images\small\64\645dd0e6.jpg,Boots,Shoes,89.99,A high-quality boots — shoes product with excellent build quality and modern design.,/abo-images-small (1)/images/small/64/645dd0e6.jpg
D:\FYP Project\fypapp\abo-images-small (1)\images\small\7d\7d4b697a.jpg,Yoga Mat,Sports,34.99,A high-quality yoga mat — sports product with excellent build quality and modern design.,/abo-images-small (1)/images/small/7d/7d4b697a.jpg
D:\FYP Project\fypapp\abo-images-small (1)\images\small\10\101a74bf.jpg,Notebook PC,Laptops,899.99,A high-quality notebook pc — laptops product with excellent build quality and modern design.,/abo-images-small (1)/images/small/10/101a74bf.jpg
D:\FYP Project\fypapp\abo-images-small (1)\images\small\e4\e427fe39.jpg,King Bed,Beds,499.99,A high-quality king bed — beds product with excellent build quality and modern design.,/abo-images-small (1)/images/small/e4/e427fe39.jpg
D:\FYP Project\fypapp\abo-images-small (1)\images\small\74\74dcc947.jpg,Desk,Tables,299.99,A high-quality desk — tables product with excellent build quality and modern design.,/abo-images-small (1)/images/small/74/74dcc947.jpg
D:\FYP Project\fypapp\abo-images-small (1)\images\small\5f\5fee34ee.jpg,Kitchen Appliance,Appliances,129.99,A high-quality kitchen appliance — appliances product with excellent build quality and modern design.,/abo-images-small (1)/images/small/5f/5fee34ee.jpg
D:\FYP Project\fypapp\abo-images-small (1)\images\small\29\29fefe85.jpg,iPad,Tablets,449.99,A high-quality ipad — tablets product with excellent build quality and modern design.,/abo-images-small (1)/images/small/29/29fefe85.jpg
D:\FYP Project\fypapp\abo-images-small (1)\images\small\80\80fb03b5.jpg,Over-Ear Headphones,Headphones,149.99,A high-quality over-ear headphones — headphones product with excellent build quality and modern design.,/abo-images-small (1)/images/small/80/80fb03b5.jpg
D:\FYP Project\fypapp\abo-images-small (1)\images\small\98\98219769.jpg,iPhone,Smartphones,699.99,A high-quality iphone — smartphones product with excellent build quality and modern design.,/abo-images-small (1)/images/small/98/98219769.jpg
D:\FYP Project\fypapp\abo-images-small (1)\images\small\8b\8bb12d7e.jpg,Bed Frame,Beds,499.99,A high-quality bed frame — beds product with excellent build quality and modern design.,/abo-images-small (1)/images/small/8b/8bb12d7e.jpg
D:\FYP Project\fypapp\abo-images-small (1)\images\small\99\9904fc8e.jpg,Mobile Phone,Smartphones,699.99,A high-quality mobile phone — smartphones product with excellent build quality and modern design.,/abo-images-small (1)/images/small/99/9904fc8e.jpg
D:\FYP Project\fypapp\abo-images-small (1)\images\small\87\87397a4b.jpg,Polo Shirt,Shirts,39.99,A high-quality polo shirt — shirts product with excellent build quality and modern design.,/abo-images-small (1)/images/small/87/87397a4b.jpg
D:\FYP Project\fypapp\abo-images-small (1)\images\small\77\7747c142.jpg,iPhone,Smartphones,699.99,A high-quality iphone — smartphones product with excellent build quality and modern design.,/abo-images-small (1)/images/small/77/7747c142.jpg
D:\FYP Project\fypapp\abo-images-small (1)\images\small\41\41e9c702.jpg,Camping Tent,Outdoors,149.99,A high-quality camping tent — outdoors product with excellent build quality and modern design.,/abo-images-small (1)/images/small/41/41e9c702.jpg
D:\FYP Project\fypapp\abo-images-small (1)\images\small\ad\ad6ccd6c.jpg,Running Shoes,Shoes,89.99,A high-quality running shoes — shoes product with excellent build quality and modern design.,/abo-images-small (1)/images/small/ad/ad6ccd6c.jpg
D:\FYP Project\fypapp\abo-images-small (1)\images\small\f2\f26e2144.jpg,Mirrorless Camera,Cameras,549.99,A high-quality mirrorless camera — cameras product with excellent build quality and modern design.,/abo-images-small (1)/images/small/f2/f26e2144.jpg
D:\FYP Project\fypapp\abo-images-small (1)\images\small\ad\add98eb7.jpg,iPhone,Smartphones,699.99,A high-quality iphone — smartphones product with excellent build quality and modern design.,/abo-images-small (1)/images/small/ad/add98eb7.jpg
D:\FYP Project\fypapp\abo-images-small (1)\images\small\80\80c22bd2.jpg,Dress,Dresses,59.99,A high-quality dress — dresses product with excellent build quality and modern design.,/abo-images-small (1)/images/small/80/80c22bd2.jpg
D:\FYP Project\fypapp\abo-images-small (1)\images\small\b5\b52b3b69.jpg,Running Shoes,Shoes,89.99,A high-quality running shoes — shoes product with excellent build quality and modern design.,/abo-images-small (1)/images/small/b5/b52b3b69.jpg
D:\FYP Project\fypapp\abo-images-small (1)\images\small\5d\5db98bc7.jpg,Android Phone,Smartphones,699.99,A high-quality android phone — smartphones product with excellent build quality and modern design.,/abo-images-small (1)/images/small/5d/5db98bc7.jpg
D:\FYP Project\fypapp\abo-images-small (1)\images\small\1b\1beb093a.jpg,Mug Set,Dinnerware,49.99,A high-quality mug set — dinnerware product with excellent build quality and modern design.,/abo-images-small (1)/images/small/1b/1beb093a.jpg
D:\FYP Project\fypapp\abo-images-small (1)\images\small\ff\ff6b516d.jpg,Smartphone,Smartphones,699.99,A high-quality smartphone — smartphones product with excellent build quality and modern design.,/abo-images-small (1)/images/small/ff/ff6b516d.jpg
D:\FYP Project\fypapp\abo-images-small (1)\images\small\93\93f0de7d.jpg,Wireless Earbuds,Headphones,149.99,A high-quality wireless earbuds — headphones product with excellent build quality and modern design.,/abo-images-small (1)/images/small/93/93f0de7d.jpg
D:\FYP Project\fypapp\abo-images-small (1)\images\small\1a\1aafaef1.jpg,Fitness Equipment,Sports,34.99,A high-quality fitness equipment — sports product with excellent build quality and modern design.,/abo-images-small (1)/images/small/1a/1aafaef1.jpg
D:\FYP Project\fypapp\abo-images-small (1)\images\small\96\96014723.jpg,Earphones,Headphones,149.99,A high-quality earphones — headphones product with excellent build quality and modern design.,/abo-images-small (1)/images/small/96/96014723.jpg
D:\FYP Project\fypapp\abo-images-small (1)\images\small\d1\d12da96d.jpg,Smartphone,Smartphones,699.99,A high-quality smartphone — smartphones product with excellent build quality and modern design.,/abo-images-small (1)/images/small/d1/d12da96d.jpg
D:\FYP Project\fypapp\abo-images-small (1)\images\small\3e\3ec9f807.jpg,Mobile Phone,Smartphones,699.99,A high-quality mobile phone — smartphones product with excellent build quality and modern design.,/abo-images-small (1)/images/small/3e/3ec9f807.jpg
D:\FYP Project\fypapp\abo-images-small (1)\images\small\bd\bde9d00b.jpg,King Bed,Beds,499.99,A high-quality king bed — beds product with excellent build quality and modern design.,/abo-images-small (1)/images/small/bd/bde9d00b.jpg
D:\FYP Project\fypapp\abo-images-small (1)\images\small\66\66f2c5a4.jpg,iPhone,Smartphones,699.99,A high-quality iphone — smartphones product with excellent build quality and modern design.,/abo-images-small (1)/images/small/66/66f2c5a4.jpg
D:\FYP Project\fypapp\abo-images-small (1)\images\small\70\702e6899.jpg,Yoga Mat,Sports,34.99,A high-quality yoga mat — sports product with excellent build quality and modern design.,/abo-images-small (1)/images/small/70/702e6899.jpg
D:\FYP Project\fypapp\abo-images-small (1)\images\small\22\22aaed79.jpg,Mobile Phone,Smartphones,699.99,A high-quality mobile phone — smartphones product with excellent build quality and modern design.,/abo-images-small (1)/images/small/22/22aaed79.jpg
D:\FYP Project\fypapp\abo-images-small (1)\images\small\1b\1b11abb1.jpg,Android Phone,Smartphones,699.99,A high-quality android phone — smartphones product with excellent build quality and modern design.,/abo-images-small (1)/images/small/1b/1b11abb1.jpg
D:\FYP Project\fypapp\abo-images-small (1)\images\small\72\728831a3.jpg,Backpack,Outdoors,149.99,A high-quality backpack — outdoors product with excellent build quality and modern design.,/abo-images-small (1)/images/small/72/728831a3.jpg
D:\FYP Project\fypapp\abo-images-small (1)\images\small\e5\e5dfa015.jpg,Smartphone,Smartphones,699.99,A high-quality smartphone — smartphones product with excellent build quality and modern design.,/abo-images-small (1)/images/small/e5/e5dfa015.jpg
D:\FYP Project\fypapp\abo-images-small (1)\images\small\67\67930f66.jpg,iPad,Tablets,449.99,A high-quality ipad — tablets product with excellent build quality and modern design.,/abo-images-small (1)/images/small/67/67930f66.jpg
D:\FYP Project\fypapp\abo-images-small (1)\images\small\6b\6b3078d4.jpg,Android Phone,Smartphones,699.99,A high-quality android phone — smartphones product with excellent build quality and modern design.,/abo-images-small (1)/images/small/6b/6b3078d4.jpg
D:\FYP Project\fypapp\abo-images-small (1)\images\small\9b\9b7352c8.jpg,Boots,Shoes,89.99,A high-quality boots — shoes product with excellent build quality and modern design.,/abo-images-small (1)/images/small/9b/9b7352c8.jpg
D:\FYP Project\fypapp\abo-images-small (1)\images\small\d1\d13c2b76.jpg,Bed Frame,Beds,499.99,A high-quality bed frame — beds product with excellent build quality and modern design.,/abo-images-small (1)/images/small/d1/d13c2b76.jpg
D:\FYP Project\fypapp\abo-images-small (1)\images\small\fb\fb322435.jpg,Wireless Earbuds,Headphones,149.99,A high-quality wireless earbuds — headphones product with excellent build quality and modern design.,/abo-images-small (1)/images/small/fb/fb322435.jpg
D:\FYP Project\fypapp\abo-images-small (1)\images\small\94\947c5eb5.jpg,King Bed,Beds,499.99,A high-quality king bed — beds product with excellent build quality and modern design.,/abo-images-small (1)/images/small/94/947c5eb5.jpg
D:\FYP Project\fypapp\abo-images-small (1)\images\small\3a\3a297d96.jpg,Boots,Shoes,89.99,A high-quality boots — shoes product with excellent build quality and modern design.,/abo-images-small (1)/images/small/3a/3a297d96.jpg
D:\FYP Project\fypapp\abo-images-small (1)\images\small\f1\f1a572f1.jpg,Bed Frame,Beds,499.99,A high-quality bed frame — beds product with excellent build quality and modern design.,/abo-images-small (1)/images/small/f1/f1a572f1.jpg
D:\FYP Project\fypapp\abo-images-small (1)\images\small\9a\9aa31861.jpg,Mobile Phone,Smartphones,699.99,A high-quality mobile phone — smartphones product with excellent build quality and modern design.,/abo-images-small (1)/images/small/9a/9aa31861.jpg
D:\FYP Project\fypapp\abo-images-small (1)\images\small\7b\7b79ffbd.jpg,Casual Shoes,Shoes,89.99,A high-quality casual shoes — shoes product with excellent build quality and modern design.,/abo-images-small (1)/images/small/7b/7b79ffbd.jpg
D:\FYP Project\fypapp\abo-images-small (1)\images\small\9b\9bd8a0c1.jpg,Mug Set,Dinnerware,49.99,A high-quality mug set — dinnerware product with excellent build quality and modern design.,/abo-images-small (1)/images/small/9b/9bd8a0c1.jpg
D:\FYP Project\fypapp\abo-images-small (1)\images\small\0e\0e42417b.jpg,Smartphone,Smartphones,699.99,A high-quality smartphone — smartphones product with excellent build quality and modern design.,/abo-images-small (1)/images/small/0e/0e42417b.jpg
D:\FYP Project\fypapp\abo-images-small (1)\images\small\ff\ff5607b9.jpg,Mobile Phone,Smartphones,699.99,A high-quality mobile phone — smartphones product with excellent build quality and modern design.,/abo-images-small (1)/images/small/ff/ff5607b9.jpg
D:\FYP Project\fypapp\abo-images-small (1)\images\small\7b\7bc9cef2.jpg,Cooking Pot,Cookware,89.99,A high-quality cooking pot — cookware product with excellent build quality and modern design.,/abo-images-small (1)/images/small/7b/7bc9cef2.jpg
D:\FYP Project\fypapp\abo-images-small (1)\images\small\d5\d5527957.jpg,iPhone,Smartphones,699.99,A high-quality iphone — smartphones product with excellent build quality and modern design.,/abo-images-small (1)/images/small/d5/d5527957.jpg
D:\FYP Project\fypapp\abo-images-small (1)\images\small\97\976c491d.jpg,Smartphone,Smartphones,699.99,A high-quality smartphone — smartphones product with excellent build quality and modern design.,/abo-images-small (1)/images/small/97/976c491d.jpg
D:\FYP Project\fypapp\abo-images-small (1)\images\small\60\606895e0.jpg,Microwave,Appliances,129.99,A high-quality microwave — appliances product with excellent build quality and modern design.,/abo-images-small (1)/images/small/60/606895e0.jpg
D:\FYP Project\fypapp\abo-images-small (1)\images\small\dd\dda7d75e.jpg,Android Phone,Smartphones,699.99,A high-quality android phone — smartphones product with excellent build quality and modern design.,/abo-images-small (1)/images/small/dd/dda7d75e.jpg
D:\FYP Project\fypapp\abo-images-small (1)\images\small\13\1348f03b.jpg,Earphones,Headphones,149.99,A high-quality earphones — headphones product with excellent build quality and modern design.,/abo-images-small (1)/images/small/13/1348f03b.jpg
D:\FYP Project\fypapp\abo-images-small (1)\images\small\19\1950fcba.jpg,Sofa,Sofas,799.99,A high-quality sofa — sofas product with excellent build quality and modern design.,/abo-images-small (1)/images/small/19/1950fcba.jpg
D:\FYP Project\fypapp\abo-images-small (1)\images\small\e9\e9488eca.jpg,Winter Coat,Jackets,119.99,A high-quality winter coat — jackets product with excellent build quality and modern design.,/abo-images-small (1)/images/small/e9/e9488eca.jpg
D:\FYP Project\fypapp\abo-images-small (1)\images\small\dc\dcfb50f7.jpg,Side Table,Tables,299.99,A high-quality side table — tables product with excellent build quality and modern design.,/abo-images-small (1)/images/small/dc/dcfb50f7.jpg
D:\FYP Project\fypapp\abo-images-small (1)\images\small\8d\8dc367d8.jpg,iPhone,Smartphones,699.99,A high-quality iphone — smartphones product with excellent build quality and modern design.,/abo-images-small (1)/images/small/8d/8dc367d8.jpg
D:\FYP Project\fypapp\abo-images-small (1)\images\small\7f\7f71c7c7.jpg,Smartphone,Smartphones,699.99,A high-quality smartphone — smartphones product with excellent build quality and modern design.,/abo-images-small (1)/images/small/7f/7f71c7c7.jpg
D:\FYP Project\fypapp\abo-images-small (1)\images\small\b3\b31fe6d0.jpg,Microwave,Appliances,129.99,A high-quality microwave — appliances product with excellent build quality and modern design.,/abo-images-small (1)/images/small/b3/b31fe6d0.jpg
D:\FYP Project\fypapp\abo-images-small (1)\images\small\ee\ee1dabcc.jpg,Fitness Equipment,Sports,34.99,A high-quality fitness equipment — sports product with excellent build quality and modern design.,/abo-images-small (1)/images/small/ee/ee1dabcc.jpg
D:\FYP Project\fypapp\abo-images-small (1)\images\small\38\3801ae87.jpg,Skillet,Cookware,89.99,A high-quality skillet — cookware product with excellent build quality and modern design.,/abo-images-small (1)/images/small/38/3801ae87.jpg
D:\FYP Project\fypapp\abo-images-small (1)\images\small\0a\0a9fc90f.jpg,Laptop,Laptops,899.99,A high-quality laptop — laptops product with excellent build quality and modern design.,/abo-images-small (1)/images/small/0a/0a9fc90f.jpg
D:\FYP Project\fypapp\abo-images-small (1)\images\small\30\303567a7.jpg,Mobile Phone,Smartphones,699.99,A high-quality mobile phone — smartphones product with excellent build quality and modern design.,/abo-images-small (1)/images/small/30/303567a7.jpg
D:\FYP Project\fypapp\abo-images-small (1)\images\small\d2\d2e676d3.jpg,Android Phone,Smartphones,699.99,A high-quality android phone — smartphones product with excellent build quality and modern design.,/abo-images-small (1)/images/small/d2/d2e676d3.jpg
D:\FYP Project\fypapp\abo-images-small (1)\images\small\ed\eda35bfa.jpg,Boots,Shoes,89.99,A high-quality boots — shoes product with excellent build quality and modern design.,/abo-images-small (1)/images/small/ed/eda35bfa.jpg
D:\FYP Project\fypapp\abo-images-small (1)\images\small\98\9883af5f.jpg,Dining Table,Tables,299.99,A high-quality dining table — tables product with excellent build quality and modern design.,/abo-images-small (1)/images/small/98/9883af5f.jpg
D:\FYP Project\fypapp\abo-images-small (1)\images\small\0b\0bcfe230.jpg,Hiking Gear,Outdoors,149.99,A high-quality hiking gear — outdoors product with excellent build quality and modern design.,/abo-images-small (1)/images/small/0b/0bcfe230.jpg
D:\FYP Project\fypapp\abo-images-small (1)\images\small\2a\2a9b567b.jpg,Blender,Appliances,129.99,A high-quality blender — appliances product with excellent build quality and modern design.,/abo-images-small (1)/images/small/2a/2a9b567b.jpg
D:\FYP Project\fypapp\abo-images-small (1)\images\small\16\16a64072.jpg,Gaming Laptop,Laptops,899.99,A high-quality gaming laptop — laptops product with excellent build quality and modern design.,/abo-images-small (1)/images/small/16/16a64072.jpg
D:\FYP Project\fypapp\abo-images-small (1)\images\small\53\535da230.jpg,Dining Table,Tables,299.99,A high-quality dining table — tables product with excellent build quality and modern design.,/abo-images-small (1)/images/small/53/535da230.jpg
D:\FYP Project\fypapp\abo-images-small (1)\images\small\e0\e0985d67.jpg,Dining Chair,Chairs,199.99,A high-quality dining chair — chairs product with excellent build quality and modern design.,/abo-images-small (1)/images/small/e0/e0985d67.jpg
D:\FYP Project\fypapp\abo-images-small (1)\images\small\80\806aad3d.jpg,Sectional Sofa,Sofas,799.99,A high-quality sectional sofa — sofas product with excellent build quality and modern design.,/abo-images-small (1)/images/small/80/806aad3d.jpg
D:\FYP Project\fypapp\abo-images-small (1)\images\small\7f\7f0ce958.jpg,Coffee Maker,Appliances,129.99,A high-quality coffee maker — appliances product with excellent build quality and modern design.,/abo-images-small (1)/images/small/7f/7f0ce958.jpg
D:\FYP Project\fypapp\abo-images-small (1)\images\small\85\85f1b87e.jpg,Smartphone,Smartphones,699.99,A high-quality smartphone — smartphones product with excellent build quality and modern design.,/abo-images-small (1)/images/small/85/85f1b87e.jpg
D:\FYP Project\fypapp\abo-images-small (1)\images\small\c5\c536d7d6.jpg,Dress Shirt,Shirts,39.99,A high-quality dress shirt — shirts product with excellent build quality and modern design.,/abo-images-small (1)/images/small/c5/c536d7d6.jpg
D:\FYP Project\fypapp\abo-images-small (1)\images\small\0b\0b0b2b6e.jpg,Android Phone,Smartphones,699.99,A high-quality android phone — smartphones product with excellent build quality and modern design.,/abo-images-small (1)/images/small/0b/0b0b2b6e.jpg
D:\FYP Project\fypapp\abo-images-small (1)\images\small\d2\d2110b4b.jpg,iPhone,Smartphones,699.99,A high-quality iphone — smartphones product with excellent build quality and modern design.,/abo-images-small (1)/images/small/d2/d2110b4b.jpg
D:\FYP Project\fypapp\abo-images-small (1)\images\small\34\34cd9ea6.jpg,Camping Tent,Outdoors,149.99,A high-quality camping tent — outdoors product with excellent build quality and modern design.,/abo-images-small (1)/images/small/34/34cd9ea6.jpg
D:\FYP Project\fypapp\abo-images-small (1)\images\small\ed\edff0f74.jpg,Mobile Phone,Smartphones,699.99,A high-quality mobile phone — smartphones product with excellent build quality and modern design.,/abo-images-small (1)/images/small/ed/edff0f74.jpg
D:\FYP Project\fypapp\abo-images-small (1)\images\small\9c\9ccbdf6f.jpg,King Bed,Beds,499.99,A high-quality king bed — beds product with excellent build quality and modern design.,/abo-images-small (1)/images/small/9c/9ccbdf6f.jpg
D:\FYP Project\fypapp\abo-images-small (1)\images\small\81\81f41345.jpg,Android Tablet,Tablets,449.99,A high-quality android tablet — tablets product with excellent build quality and modern design.,/abo-images-small (1)/images/small/81/81f41345.jpg
D:\FYP Project\fypapp\abo-images-small (1)\images\small\82\824cb4fa.jpg,Bed Frame,Beds,499.99,A high-quality bed frame — beds product with excellent build quality and modern design.,/abo-images-small (1)/images/small/82/824cb4fa.jpg
D:\FYP Project\fypapp\abo-images-small (1)\images\small\9a\9aa7b519.jpg,Mobile Phone,Smartphones,699.99,A high-quality mobile phone — smartphones product with excellent build quality and modern design.,/abo-images-small (1)/images/small/9a/9aa7b519.jpg
D:\FYP Project\fypapp\abo-images-small (1)\images\small\19\19f732d3.jpg,Polo Shirt,Shirts,39.99,A high-quality polo shirt — shirts product with excellent build quality and modern design.,/abo-images-small (1)/images/small/19/19f732d3.jpg
D:\FYP Project\fypapp\abo-images-small (1)\images\small\c7\c77cc835.jpg,Skillet,Cookware,89.99,A high-quality skillet — cookware product with excellent build quality and modern design.,/abo-images-small (1)/images/small/c7/c77cc835.jpg
D:\FYP Project\fypapp\abo-images-small (1)\images\small\2e\2e7ea2bb.jpg,Sneakers,Shoes,89.99,A high-quality sneakers — shoes product with excellent build quality and modern design.,/abo-images-small (1)/images/small/2e/2e7ea2bb.jpg
D:\FYP Project\fypapp\abo-images-small (1)\images\small\b8\b895d6a6.jpg,Queen Bed,Beds,499.99,A high-quality queen bed — beds product with excellent build quality and modern design.,/abo-images-small (1)/images/small/b8/b895d6a6.jpg
D:\FYP Project\fypapp\abo-images-small (1)\images\small\80\80a1f526.jpg,Android Phone,Smartphones,699.99,A high-quality android phone — smartphones product with excellent build quality and modern design.,/abo-images-small (1)/images/small/80/80a1f526.jpg
D:\FYP Project\fypapp\abo-images-small (1)\images\small\8b\8b09130b.jpg,Desk,Tables,299.99,A high-quality desk — tables product with excellent build quality and modern design.,/abo-images-small (1)/images/small/8b/8b09130b.jpg
D:\FYP Project\fypapp\abo-images-small (1)\images\small\6d\6ddc969f.jpg,Sneakers,Shoes,89.99,A high-quality sneakers — shoes product with excellent build quality and modern design.,/abo-images-small (1)/images/small/6d/6ddc969f.jpg
D:\FYP Project\fypapp\abo-images-small (1)\images\small\e2\e218cd95.jpg,Mobile Phone,Smartphones,699.99,A high-quality mobile phone — smartphones product with excellent build quality and modern design.,/abo-images-small (1)/images/small/e2/e218cd95.jpg
D:\FYP Project\fypapp\abo-images-small (1)\images\small\61\61d22c6e.jpg,Accent Chair,Chairs,199.99,A high-quality accent chair — chairs product with excellent build quality and modern design.,/abo-images-small (1)/images/small/61/61d22c6e.jpg
D:\FYP Project\fypapp\abo-images-small (1)\images\small\58\580531ff.jpg,iPhone,Smartphones,699.99,A high-quality iphone — smartphones product with excellent build quality and modern design.,/abo-images-small (1)/images/small/58/580531ff.jpg
D:\FYP Project\fypapp\abo-images-small (1)\images\small\26\26475341.jpg,Dinnerware Set,Dinnerware,49.99,A high-quality dinnerware set — dinnerware product with excellent build quality and modern design.,/abo-images-small (1)/images/small/26/26475341.jpg
D:\FYP Project\fypapp\abo-images-small (1)\images\small\08\08d4e04a.jpg,Coffee Table,Tables,299.99,A high-quality coffee table — tables product with excellent build quality and modern design.,/abo-images-small (1)/images/small/08/08d4e04a.jpg
D:\FYP Project\fypapp\abo-images-small (1)\images\small\41\41a67a82.jpg,Fitness Equipment,Sports,34.99,A high-quality fitness equipment — sports product with excellent build quality and modern design.,/abo-images-small (1)/images/small/41/41a67a82.jpg
D:\FYP Project\fypapp\abo-images-small (1)\images\small\ae\ae5a08a0.jpg,iPhone,Smartphones,699.99,A high-quality iphone — smartphones product with excellent build quality and modern design.,/abo-images-small (1)/images/small/ae/ae5a08a0.jpg
D:\FYP Project\fypapp\abo-images-small (1)\images\small\b4\b4af7c1a.jpg,Smartphone,Smartphones,699.99,A high-quality smartphone — smartphones product with excellent build quality and modern design.,/abo-images-small (1)/images/small/b4/b4af7c1a.jpg
D:\FYP Project\fypapp\abo-images-small (1)\images\small\87\8757e833.jpg,Non-Stick Pan,Cookware,89.99,A high-quality non-stick pan — cookware product with excellent build quality and modern design.,/abo-images-small (1)/images/small/87/8757e833.jpg
D:\FYP Project\fypapp\abo-images-small (1)\images\small\c3\c352042d.jpg,Digital Tablet,Tablets,449.99,A high-quality digital tablet — tablets product with excellent build quality and modern design.,/abo-images-small (1)/images/small/c3/c352042d.jpg
D:\FYP Project\fypapp\abo-images-small (1)\images\small\27\27b509df.jpg,iPhone,Smartphones,699.99,A high-quality iphone — smartphones product with excellent build quality and modern design.,/abo-images-small (1)/images/small/27/27b509df.jpg
D:\FYP Project\fypapp\abo-images-small (1)\images\small\5c\5c0ca032.jpg,Office Chair,Chairs,199.99,A high-quality office chair — chairs product with excellent build quality and modern design.,/abo-images-small (1)/images/small/5c/5c0ca032.jpg
D:\FYP Project\fypapp\abo-images-small (1)\images\small\5b\5b9121a8.jpg,Winter Coat,Jackets,119.99,A high-quality winter coat — jackets product with excellent build quality and modern design.,/abo-images-small (1)/images/small/5b/5b9121a8.jpg
D:\FYP Project\fypapp\abo-images-small (1)\images\small\f6\f6987da6.jpg,Android Phone,Smartphones,699.99,A high-quality android phone — smartphones product with excellent build quality and modern design.,/abo-images-small (1)/images/small/f6/f6987da6.jpg
D:\FYP Project\fypapp\abo-images-small (1)\images\small\9b\9b936ecf.jpg,iPhone,Smartphones,699.99,A high-quality iphone — smartphones product with excellent build quality and modern design.,/abo-images-small (1)/images/small/9b/9b936ecf.jpg
D:\FYP Project\fypapp\abo-images-small (1)\images\small\4c\4c340c36.jpg,Laptop,Laptops,899.99,A high-quality laptop — laptops product with excellent build quality and modern design.,/abo-images-small (1)/images/small/4c/4c340c36.jpg
D:\FYP Project\fypapp\abo-images-small (1)\images\small\d4\d454ede0.jpg,Mobile Phone,Smartphones,699.99,A high-quality mobile phone — smartphones product with excellent build quality and modern design.,/abo-images-small (1)/images/small/d4/d454ede0.jpg
D:\FYP Project\fypapp\abo-images-small (1)\images\small\64\64339583.jpg,King Bed,Beds,499.99,A high-quality king bed — beds product with excellent build quality and modern design.,/abo-images-small (1)/images/small/64/64339583.jpg
D:\FYP Project\fypapp\abo-images-small (1)\images\small\f3\f31c1419.jpg,Loveseat,Sofas,799.99,A high-quality loveseat — sofas product with excellent build quality and modern design.,/abo-images-small (1)/images/small/f3/f31c1419.jpg
D:\FYP Project\fypapp\abo-images-small (1)\images\small\ab\abc483a5.jpg,Dining Table,Tables,299.99,A high-quality dining table — tables product with excellent build quality and modern design.,/abo-images-small (1)/images/small/ab/abc483a5.jpg
D:\FYP Project\fypapp\abo-images-small (1)\images\small\47\47610319.jpg,Running Shoes,Shoes,89.99,A high-quality running shoes — shoes product with excellent build quality and modern design.,/abo-images-small (1)/images/small/47/47610319.jpg
D:\FYP Project\fypapp\abo-images-small (1)\images\small\29\296128e4.jpg,Android Phone,Smartphones,699.99,A high-quality android phone — smartphones product with excellent build quality and modern design.,/abo-images-small (1)/images/small/29/296128e4.jpg
D:\FYP Project\fypapp\abo-images-small (1)\images\small\2d\2dd1c69c.jpg,Coffee Maker,Appliances,129.99,A high-quality coffee maker — appliances product with excellent build quality and modern design.,/abo-images-small (1)/images/small/2d/2dd1c69c.jpg
D:\FYP Project\fypapp\abo-images-small (1)\images\small\18\18f98c9d.jpg,Kitchen Appliance,Appliances,129.99,A high-quality kitchen appliance — appliances product with excellent build quality and modern design.,/abo-images-small (1)/images/small/18/18f98c9d.jpg
D:\FYP Project\fypapp\abo-images-small (1)\images\small\9d\9d81da27.jpg,iPad,Tablets,449.99,A high-quality ipad — tablets product with excellent build quality and modern design.,/abo-images-small (1)/images/small/9d/9d81da27.jpg
D:\FYP Project\fypapp\abo-images-small (1)\images\small\3c\3c253dbc.jpg,Digital Tablet,Tablets,449.99,A high-quality digital tablet — tablets product with excellent build quality and modern design.,/abo-images-small (1)/images/small/3c/3c253dbc.jpg
D:\FYP Project\fypapp\abo-images-small (1)\images\small\f9\f9be4b26.jpg,Exercise Gear,Sports,34.99,A high-quality exercise gear — sports product with excellent build quality and modern design.,/abo-images-small (1)/images/small/f9/f9be4b26.jpg
D:\FYP Project\fypapp\abo-images-small (1)\images\small\9b\9b2c141a.jpg,Bed Frame,Beds,499.99,A high-quality bed frame — beds product with excellent build quality and modern design.,/abo-images-small (1)/images/small/9b/9b2c141a.jpg
D:\FYP Project\fypapp\abo-images-small (1)\images\small\1d\1dab75d8.jpg,Couch,Sofas,799.99,A high-quality couch — sofas product with excellent build quality and modern design.,/abo-images-small (1)/images/small/1d/1dab75d8.jpg
D:\FYP Project\fypapp\abo-images-small (1)\images\small\ee\eef659a1.jpg,Android Phone,Smartphones,699.99,A high-quality android phone — smartphones product with excellent build quality and modern design.,/abo-images-small (1)/images/small/ee/eef659a1.jpg
D:\FYP Project\fypapp\abo-images-small (1)\images\small\6f\6f9c6812.jpg,Exercise Gear,Sports,34.99,A high-quality exercise gear — sports product with excellent build quality and modern design.,/abo-images-small (1)/images/small/6f/6f9c6812.jpg
D:\FYP Project\fypapp\abo-images-small (1)\images\small\e8\e8249b64.jpg,Smartphone,Smartphones,699.99,A high-quality smartphone — smartphones product with excellent build quality and modern design.,/abo-images-small (1)/images/small/e8/e8249b64.jpg
D:\FYP Project\fypapp\abo-images-small (1)\images\small\7a\7a219c95.jpg,Coffee Table,Tables,299.99,A high-quality coffee table — tables product with excellent build quality and modern design.,/abo-images-small (1)/images/small/7a/7a219c95.jpg
D:\FYP Project\fypapp\abo-images-small (1)\images\small\f8\f86e7bfd.jpg,Outdoor Equipment,Outdoors,149.99,A high-quality outdoor equipment — outdoors product with excellent build quality and modern design.,/abo-images-small (1)/images/small/f8/f86e7bfd.jpg
D:\FYP Project\fypapp\abo-images-small (1)\images\small\15\15dbf131.jpg,Android Tablet,Tablets,449.99,A high-quality android tablet — tablets product with excellent build quality and modern design.,/abo-images-small (1)/images/small/15/15dbf131.jpg
D:\FYP Project\fypapp\abo-images-small (1)\images\small\bf\bf615b1c.jpg,Jacket,Jackets,119.99,A high-quality jacket — jackets product with excellent build quality and modern design.,/abo-images-small (1)/images/small/bf/bf615b1c.jpg
D:\FYP Project\fypapp\abo-images-small (1)\images\small\bc\bcc832dd.jpg,Mobile Phone,Smartphones,699.99,A high-quality mobile phone — smartphones product with excellent build quality and modern design.,/abo-images-small (1)/images/small/bc/bcc832dd.jpg
D:\FYP Project\fypapp\abo-images-small (1)\images\small\65\65cbf07d.jpg,Casual Shoes,Shoes,89.99,A high-quality casual shoes — shoes product with excellent build quality and modern design.,/abo-images-small (1)/images/small/65/65cbf07d.jpg
D:\FYP Project\fypapp\abo-images-small (1)\images\small\69\690435de.jpg,Skillet,Cookware,89.99,A high-quality skillet — cookware product with excellent build quality and modern design.,/abo-images-small (1)/images/small/69/690435de.jpg
D:\FYP Project\fypapp\abo-images-small (1)\images\small\37\37292a29.jpg,Dinnerware Set,Dinnerware,49.99,A high-quality dinnerware set — dinnerware product with excellent build quality and modern design.,/abo-images-small (1)/images/small/37/37292a29.jpg
D:\FYP Project\fypapp\abo-images-small (1)\images\small\f9\f9392fbc.jpg,Queen Bed,Beds,499.99,A high-quality queen bed — beds product with excellent build quality and modern design.,/abo-images-small (1)/images/small/f9/f9392fbc.jpg
D:\FYP Project\fypapp\abo-images-small (1)\images\small\f8\f87098f5.jpg,Side Table,Tables,299.99,A high-quality side table — tables product with excellent build quality and modern design.,/abo-images-small (1)/images/small/f8/f87098f5.jpg
D:\FYP Project\fypapp\abo-images-small (1)\images\small\f5\f54bcafc.jpg,Backpack,Outdoors,149.99,A high-quality backpack — outdoors product with excellent build quality and modern design.,/abo-images-small (1)/images/small/f5/f54bcafc.jpg
D:\FYP Project\fypapp\abo-images-small (1)\images\small\dd\dd0a968f.jpg,Sneakers,Shoes,89.99,A high-quality sneakers — shoes product with excellent build quality and modern design.,/abo-images-small (1)/images/small/dd/dd0a968f.jpg
D:\FYP Project\fypapp\abo-images-small (1)\images\small\3c\3ca13273.jpg,Running Shoes,Shoes,89.99,A high-quality running shoes — shoes product with excellent build quality and modern design.,/abo-images-small (1)/images/small/3c/3ca13273.jpg
D:\FYP Project\fypapp\abo-images-small (1)\images\small\7e\7ed17fcb.jpg,Android Phone,Smartphones,699.99,A high-quality android phone — smartphones product with excellent build quality and modern design.,/abo-images-small (1)/images/small/7e/7ed17fcb.jpg
D:\FYP Project\fypapp\abo-images-small (1)\images\small\b1\b1aa7864.jpg,Windbreaker,Jackets,119.99,A high-quality windbreaker — jackets product with excellent build quality and modern design.,/abo-images-small (1)/images/small/b1/b1aa7864.jpg
D:\FYP Project\fypapp\abo-images-small (1)\images\small\4f\4f6c747a.jpg,T-Shirt,Shirts,39.99,A high-quality t-shirt — shirts product with excellent build quality and modern design.,/abo-images-small (1)/images/small/4f/4f6c747a.jpg
D:\FYP Project\fypapp\abo-images-small (1)\images\small\28\28f40535.jpg,Running Shoes,Shoes,89.99,A high-quality running shoes — shoes product with excellent build quality and modern design.,/abo-images-small (1)/images/small/28/28f40535.jpg
D:\FYP Project\fypapp\abo-images-small (1)\images\small\47\47a3bd5b.jpg,Android Phone,Smartphones,699.99,A high-quality android phone — smartphones product with excellent build quality and modern design.,/abo-images-small (1)/images/small/47/47a3bd5b.jpg
D:\FYP Project\fypapp\abo-images-small (1)\images\small\2e\2ee47c9c.jpg,Exercise Gear,Sports,34.99,A high-quality exercise gear — sports product with excellent build quality and modern design.,/abo-images-small (1)/images/small/2e/2ee47c9c.jpg
D:\FYP Project\fypapp\abo-images-small (1)\images\small\53\539e2633.jpg,Smartphone,Smartphones,699.99,A high-quality smartphone — smartphones product with excellent build quality and modern design.,/abo-images-small (1)/images/small/53/539e2633.jpg
D:\FYP Project\fypapp\abo-images-small (1)\images\small\ac\acacafe2.jpg,Slim Jeans,Jeans,69.99,A high-quality slim jeans — jeans product with excellent build quality and modern design.,/abo-images-small (1)/images/small/ac/acacafe2.jpg
D:\FYP Project\fypapp\abo-images-small (1)\images\small\08\08f489e2.jpg,Digital Tablet,Tablets,449.99,A high-quality digital tablet — tablets product with excellent build quality and modern design.,/abo-images-small (1)/images/small/08/08f489e2.jpg
D:\FYP Project\fypapp\abo-images-small (1)\images\small\7e\7ea2dc37.jpg,iPhone,Smartphones,699.99,A high-quality iphone — smartphones product with excellent build quality and modern design.,/abo-images-small (1)/images/small/7e/7ea2dc37.jpg
D:\FYP Project\fypapp\abo-images-small (1)\images\small\c0\c0c19241.jpg,Dining Table,Tables,299.99,A high-quality dining table — tables product with excellent build quality and modern design.,/abo-images-small (1)/images/small/c0/c0c19241.jpg
D:\FYP Project\fypapp\abo-images-small (1)\images\small\c6\c6e8f0bb.jpg,Couch,Sofas,799.99,A high-quality couch — sofas product with excellent build quality and modern design.,/abo-images-small (1)/images/small/c6/c6e8f0bb.jpg
D:\FYP Project\fypapp\abo-images-small (1)\images\small\81\814c6fc5.jpg,Over-Ear Headphones,Headphones,149.99,A high-quality over-ear headphones — headphones product with excellent build quality and modern design.,/abo-images-small (1)/images/small/81/814c6fc5.jpg
D:\FYP Project\fypapp\abo-images-small (1)\images\small\a2\a2ba92c0.jpg,Exercise Gear,Sports,34.99,A high-quality exercise gear — sports product with excellent build quality and modern design.,/abo-images-small (1)/images/small/a2/a2ba92c0.jpg
D:\FYP Project\fypapp\abo-images-small (1)\images\small\bf\bff6e41c.jpg,Cookware Set,Cookware,89.99,A high-quality cookware set — cookware product with excellent build quality and modern design.,/abo-images-small (1)/images/small/bf/bff6e41c.jpg
D:\FYP Project\fypapp\abo-images-small (1)\images\small\2b\2bc7d1fe.jpg,Microwave,Appliances,129.99,A high-quality microwave — appliances product with excellent build quality and modern design.,/abo-images-small (1)/images/small/2b/2bc7d1fe.jpg
D:\FYP Project\fypapp\abo-images-small (1)\images\small\d4\d45aaa9e.jpg,Android Phone,Smartphones,699.99,A high-quality android phone — smartphones product with excellent build quality and modern design.,/abo-images-small (1)/images/small/d4/d45aaa9e.jpg
D:\FYP Project\fypapp\abo-images-small (1)\images\small\1d\1d1e4046.jpg,Backpack,Outdoors,149.99,A high-quality backpack — outdoors product with excellent build quality and modern design.,/abo-images-small (1)/images/small/1d/1d1e4046.jpg
D:\FYP Project\fypapp\abo-images-small (1)\images\small\16\161c23df.jpg,Bed Frame,Beds,499.99,A high-quality bed frame — beds product with excellent build quality and modern design.,/abo-images-small (1)/images/small/16/161c23df.jpg
D:\FYP Project\fypapp\abo-images-small (1)\images\small\6c\6c1ddbae.jpg,Slim Jeans,Jeans,69.99,A high-quality slim jeans — jeans product with excellent build quality and modern design.,/abo-images-small (1)/images/small/6c/6c1ddbae.jpg
D:\FYP Project\fypapp\abo-images-small (1)\images\small\8b\8b15f3db.jpg,Bowl Set,Dinnerware,49.99,A high-quality bowl set — dinnerware product with excellent build quality and modern design.,/abo-images-small (1)/images/small/8b/8b15f3db.jpg
D:\FYP Project\fypapp\abo-images-small (1)\images\small\fa\faf3901e.jpg,Android Tablet,Tablets,449.99,A high-quality android tablet — tablets product with excellent build quality and modern design.,/abo-images-small (1)/images/small/fa/faf3901e.jpg
D:\FYP Project\fypapp\abo-images-small (1)\images\small\fb\fb96656c.jpg,Dining Table,Tables,299.99,A high-quality dining table — tables product with excellent build quality and modern design.,/abo-images-small (1)/images/small/fb/fb96656c.jpg
D:\FYP Project\fypapp\abo-images-small (1)\images\small\a7\a78992b4.jpg,Microwave,Appliances,129.99,A high-quality microwave — appliances product with excellent build quality and modern design.,/abo-images-small (1)/images/small/a7/a78992b4.jpg
D:\FYP Project\fypapp\abo-images-small (1)\images\small\b7\b7543871.jpg,Digital Tablet,Tablets,449.99,A high-quality digital tablet — tablets product with excellent build quality and modern design.,/abo-images-small (1)/images/small/b7/b7543871.jpg
D:\FYP Project\fypapp\abo-images-small (1)\images\small\8f\8f4a3806.jpg,iPhone,Smartphones,699.99,A high-quality iphone — smartphones product with excellent build quality and modern design.,/abo-images-small (1)/images/small/8f/8f4a3806.jpg
D:\FYP Project\fypapp\abo-images-small (1)\images\small\8e\8ed39851.jpg,Smartphone,Smartphones,699.99,A high-quality smartphone — smartphones product with excellent build quality and modern design.,/abo-images-small (1)/images/small/8e/8ed39851.jpg
D:\FYP Project\fypapp\abo-images-small (1)\images\small\c7\c7d385d5.jpg,Mobile Phone,Smartphones,699.99,A high-quality mobile phone — smartphones product with excellent build quality and modern design.,/abo-images-small (1)/images/small/c7/c7d385d5.jpg
D:\FYP Project\fypapp\abo-images-small (1)\images\small\18\18dad1e4.jpg,Android Phone,Smartphones,699.99,A high-quality android phone — smartphones product with excellent build quality and modern design.,/abo-images-small (1)/images/small/18/18dad1e4.jpg
D:\FYP Project\fypapp\abo-images-small (1)\images\small\2a\2a4e4637.jpg,Windbreaker,Jackets,119.99,A high-quality windbreaker — jackets product with excellent build quality and modern design.,/abo-images-small (1)/images/small/2a/2a4e4637.jpg
D:\FYP Project\fypapp\abo-images-small (1)\images\small\6e\6ebef0b9.jpg,Camping Tent,Outdoors,149.99,A high-quality camping tent — outdoors product with excellent build quality and modern design.,/abo-images-small (1)/images/small/6e/6ebef0b9.jpg
D:\FYP Project\fypapp\abo-images-small (1)\images\small\df\dfa15e49.jpg,iPad,Tablets,449.99,A high-quality ipad — tablets product with excellent build quality and modern design.,/abo-images-small (1)/images/small/df/dfa15e49.jpg
D:\FYP Project\fypapp\abo-images-small (1)\images\small\19\1905290b.jpg,Android Phone,Smartphones,699.99,A high-quality android phone — smartphones product with excellent build quality and modern design.,/abo-images-small (1)/images/small/19/1905290b.jpg
D:\FYP Project\fypapp\abo-images-small (1)\images\small\9c\9cd012df.jpg,Loveseat,Sofas,799.99,A high-quality loveseat — sofas product with excellent build quality and modern design.,/abo-images-small (1)/images/small/9c/9cd012df.jpg
D:\FYP Project\fypapp\abo-images-small (1)\images\small\a2\a22f59d2.jpg,Smartphone,Smartphones,699.99,A high-quality smartphone — smartphones product with excellent build quality and modern design.,/abo-images-small (1)/images/small/a2/a22f59d2.jpg
D:\FYP Project\fypapp\abo-images-small (1)\images\small\ee\ee5861ad.jpg,Mobile Phone,Smartphones,699.99,A high-quality mobile phone — smartphones product with excellent build quality and modern design.,/abo-images-small (1)/images/small/ee/ee5861ad.jpg
D:\FYP Project\fypapp\abo-images-small (1)\images\small\b4\b48e4db1.jpg,Polo Shirt,Shirts,39.99,A high-quality polo shirt — shirts product with excellent build quality and modern design.,/abo-images-small (1)/images/small/b4/b48e4db1.jpg
D:\FYP Project\fypapp\abo-images-small (1)\images\small\79\792d06dd.jpg,Coffee Maker,Appliances,129.99,A high-quality coffee maker — appliances product with excellent build quality and modern design.,/abo-images-small (1)/images/small/79/792d06dd.jpg
D:\FYP Project\fypapp\abo-images-small (1)\images\small\2b\2b507723.jpg,Sofa,Sofas,799.99,A high-quality sofa — sofas product with excellent build quality and modern design.,/abo-images-small (1)/images/small/2b/2b507723.jpg
D:\FYP Project\fypapp\abo-images-small (1)\images\small\bf\bfd73401.jpg,Mobile Phone,Smartphones,699.99,A high-quality mobile phone — smartphones product with excellent build quality and modern design.,/abo-images-small (1)/images/small/bf/bfd73401.jpg
D:\FYP Project\fypapp\abo-images-small (1)\images\small\dd\ddc789e0.jpg,Android Phone,Smartphones,699.99,A high-quality android phone — smartphones product with excellent build quality and modern design.,/abo-images-small (1)/images/small/dd/ddc789e0.jpg
D:\FYP Project\fypapp\abo-images-small (1)\images\small\cc\cc334a4c.jpg,Coffee Maker,Appliances,129.99,A high-quality coffee maker — appliances product with excellent build quality and modern design.,/abo-images-small (1)/images/small/cc/cc334a4c.jpg
D:\FYP Project\fypapp\abo-images-small (1)\images\small\3f\3f4bafc8.jpg,Smartphone,Smartphones,699.99,A high-quality smartphone — smartphones product with excellent build quality and modern design.,/abo-images-small (1)/images/small/3f/3f4bafc8.jpg
D:\FYP Project\fypapp\abo-images-small (1)\images\small\2b\2b8b3713.jpg,Mobile Phone,Smartphones,699.99,A high-quality mobile phone — smartphones product with excellent build quality and modern design.,/abo-images-small (1)/images/small/2b/2b8b3713.jpg
D:\FYP Project\fypapp\abo-images-small (1)\images\small\96\96ada841.jpg,Sectional Sofa,Sofas,799.99,A high-quality sectional sofa — sofas product with excellent build quality and modern design.,/abo-images-small (1)/images/small/96/96ada841.jpg
D:\FYP Project\fypapp\abo-images-small (1)\images\small\af\afa169eb.jpg,Coffee Maker,Appliances,129.99,A high-quality coffee maker — appliances product with excellent build quality and modern design.,/abo-images-small (1)/images/small/af/afa169eb.jpg
D:\FYP Project\fypapp\abo-images-small (1)\images\small\12\129b7edb.jpg,Sneakers,Shoes,89.99,A high-quality sneakers — shoes product with excellent build quality and modern design.,/abo-images-small (1)/images/small/12/129b7edb.jpg
D:\FYP Project\fypapp\abo-images-small (1)\images\small\29\29e4479b.jpg,Mobile Phone,Smartphones,699.99,A high-quality mobile phone — smartphones product with excellent build quality and modern design.,/abo-images-small (1)/images/small/29/29e4479b.jpg
D:\FYP Project\fypapp\abo-images-small (1)\images\small\b4\b4cc81ad.jpg,Casual Shoes,Shoes,89.99,A high-quality casual shoes — shoes product with excellent build quality and modern design.,/abo-images-small (1)/images/small/b4/b4cc81ad.jpg
D:\FYP Project\fypapp\abo-images-small (1)\images\small\34\34a8b470.jpg,iPhone,Smartphones,699.99,A high-quality iphone — smartphones product with excellent build quality and modern design.,/abo-images-small (1)/images/small/34/34a8b470.jpg
D:\FYP Project\fypapp\abo-images-small (1)\images\small\6a\6a690409.jpg,Dining Table,Tables,299.99,A high-quality dining table — tables product with excellent build quality and modern design.,/abo-images-small (1)/images/small/6a/6a690409.jpg
D:\FYP Project\fypapp\abo-images-small (1)\images\small\39\39852ab1.jpg,Dress Shirt,Shirts,39.99,A high-quality dress shirt — shirts product with excellent build quality and modern design.,/abo-images-small (1)/images/small/39/39852ab1.jpg
D:\FYP Project\fypapp\abo-images-small (1)\images\small\38\38a45c35.jpg,Android Phone,Smartphones,699.99,A high-quality android phone — smartphones product with excellent build quality and modern design.,/abo-images-small (1)/images/small/38/38a45c35.jpg
D:\FYP Project\fypapp\abo-images-small (1)\images\small\70\70aae57e.jpg,iPhone,Smartphones,699.99,A high-quality iphone — smartphones product with excellent build quality and modern design.,/abo-images-small (1)/images/small/70/70aae57e.jpg
D:\FYP Project\fypapp\abo-images-small (1)\images\small\f8\f85d696a.jpg,Cookware Set,Cookware,89.99,A high-quality cookware set — cookware product with excellent build quality and modern design.,/abo-images-small (1)/images/small/f8/f85d696a.jpg
D:\FYP Project\fypapp\abo-images-small (1)\images\small\4f\4fda64ab.jpg,Microwave,Appliances,129.99,A high-quality microwave — appliances product with excellent build quality and modern design.,/abo-images-small (1)/images/small/4f/4fda64ab.jpg
D:\FYP Project\fypapp\abo-images-small (1)\images\small\79\79a99236.jpg,Android Phone,Smartphones,699.99,A high-quality android phone — smartphones product with excellent build quality and modern design.,/abo-images-small (1)/images/small/79/79a99236.jpg
D:\FYP Project\fypapp\abo-images-small (1)\images\small\b5\b50bfc8b.jpg,iPhone,Smartphones,699.99,A high-quality iphone — smartphones product with excellent build quality and modern design.,/abo-images-small (1)/images/small/b5/b50bfc8b.jpg
D:\FYP Project\fypapp\abo-images-small (1)\images\small\63\63aa67aa.jpg,Office Chair,Chairs,199.99,A high-quality office chair — chairs product with excellent build quality and modern design.,/abo-images-small (1)/images/small/63/63aa67aa.jpg
D:\FYP Project\fypapp\abo-images-small (1)\images\small\1a\1aaa1e0a.jpg,Winter Coat,Jackets,119.99,A high-quality winter coat — jackets product with excellent build quality and modern design.,/abo-images-small (1)/images/small/1a/1aaa1e0a.jpg
D:\FYP Project\fypapp\abo-images-small (1)\images\small\58\58590c4c.jpg,Fitness Equipment,Sports,34.99,A high-quality fitness equipment — sports product with excellent build quality and modern design.,/abo-images-small (1)/images/small/58/58590c4c.jpg
D:\FYP Project\fypapp\abo-images-small (1)\images\small\45\4513ad17.jpg,Desk,Tables,299.99,A high-quality desk — tables product with excellent build quality and modern design.,/abo-images-small (1)/images/small/45/4513ad17.jpg
D:\FYP Project\fypapp\abo-images-small (1)\images\small\dc\dc1b1d91.jpg,Tablet,Tablets,449.99,A high-quality tablet — tablets product with excellent build quality and modern design.,/abo-images-small (1)/images/small/dc/dc1b1d91.jpg
D:\FYP Project\fypapp\abo-images-small (1)\images\small\bf\bfab92ae.jpg,iPad,Tablets,449.99,A high-quality ipad — tablets product with excellent build quality and modern design.,/abo-images-small (1)/images/small/bf/bfab92ae.jpg
D:\FYP Project\fypapp\abo-images-small (1)\images\small\60\605ec79f.jpg,Side Table,Tables,299.99,A high-quality side table — tables product with excellent build quality and modern design.,/abo-images-small (1)/images/small/60/605ec79f.jpg
D:\FYP Project\fypapp\abo-images-small (1)\images\small\2a\2a3f32f2.jpg,iPhone,Smartphones,699.99,A high-quality iphone — smartphones product with excellent build quality and modern design.,/abo-images-small (1)/images/small/2a/2a3f32f2.jpg
D:\FYP Project\fypapp\abo-images-small (1)\images\small\d8\d8c12323.jpg,Kitchen Appliance,Appliances,129.99,A high-quality kitchen appliance — appliances product with excellent build quality and modern design.,/abo-images-small (1)/images/small/d8/d8c12323.jpg
D:\FYP Project\fypapp\abo-images-small (1)\images\small\69\69fad774.jpg,Non-Stick Pan,Cookware,89.99,A high-quality non-stick pan — cookware product with excellent build quality and modern design.,/abo-images-small (1)/images/small/69/69fad774.jpg
D:\FYP Project\fypapp\abo-images-small (1)\images\small\d5\d53083cf.jpg,Sectional Sofa,Sofas,799.99,A high-quality sectional sofa — sofas product with excellent build quality and modern design.,/abo-images-small (1)/images/small/d5/d53083cf.jpg
D:\FYP Project\fypapp\abo-images-small (1)\images\small\b9\b9f79471.jpg,Boots,Shoes,89.99,A high-quality boots — shoes product with excellent build quality and modern design.,/abo-images-small (1)/images/small/b9/b9f79471.jpg
D:\FYP Project\fypapp\abo-images-small (1)\images\small\1f\1fa1e422.jpg,Cookware Set,Cookware,89.99,A high-quality cookware set — cookware product with excellent build quality and modern design.,/abo-images-small (1)/images/small/1f/1fa1e422.jpg
D:\FYP Project\fypapp\abo-images-small (1)\images\small\af\af856719.jpg,Microwave,Appliances,129.99,A high-quality microwave — appliances product with excellent build quality and modern design.,/abo-images-small (1)/images/small/af/af856719.jpg
D:\FYP Project\fypapp\abo-images-small (1)\images\small\df\df2fea89.jpg,Android Phone,Smartphones,699.99,A high-quality android phone — smartphones product with excellent build quality and modern design.,/abo-images-small (1)/images/small/df/df2fea89.jpg
D:\FYP Project\fypapp\abo-images-small (1)\images\small\3a\3ad2aa40.jpg,iPhone,Smartphones,699.99,A high-quality iphone — smartphones product with excellent build quality and modern design.,/abo-images-small (1)/images/small/3a/3ad2aa40.jpg
D:\FYP Project\fypapp\abo-images-small (1)\images\small\cd\cd995079.jpg,Dining Table,Tables,299.99,A high-quality dining table — tables product with excellent build quality and modern design.,/abo-images-small (1)/images/small/cd/cd995079.jpg
D:\FYP Project\fypapp\abo-images-small (1)\images\small\c9\c9d1ced2.jpg,Hiking Gear,Outdoors,149.99,A high-quality hiking gear — outdoors product with excellent build quality and modern design.,/abo-images-small (1)/images/small/c9/c9d1ced2.jpg
D:\FYP Project\fypapp\abo-images-small (1)\images\small\36\3611571a.jpg,Ultrabook,Laptops,899.99,A high-quality ultrabook — laptops product with excellent build quality and modern design.,/abo-images-small (1)/images/small/36/3611571a.jpg
D:\FYP Project\fypapp\abo-images-small (1)\images\small\3b\3ba8904c.jpg,Denim Pants,Jeans,69.99,A high-quality denim pants — jeans product with excellent build quality and modern design.,/abo-images-small (1)/images/small/3b/3ba8904c.jpg
D:\FYP Project\fypapp\abo-images-small (1)\images\small\e5\e5282e0c.jpg,Smartphone,Smartphones,699.99,A high-quality smartphone — smartphones product with excellent build quality and modern design.,/abo-images-small (1)/images/small/e5/e5282e0c.jpg
D:\FYP Project\fypapp\abo-images-small (1)\images\small\d8\d8911b24.jpg,Coffee Table,Tables,299.99,A high-quality coffee table — tables product with excellent build quality and modern design.,/abo-images-small (1)/images/small/d8/d8911b24.jpg
D:\FYP Project\fypapp\abo-images-small (1)\images\small\fc\fc378afb.jpg,Android Phone,Smartphones,699.99,A high-quality android phone — smartphones product with excellent build quality and modern design.,/abo-images-small (1)/images/small/fc/fc378afb.jpg
D:\FYP Project\fypapp\abo-images-small (1)\images\small\d2\d2148393.jpg,Gaming Laptop,Laptops,899.99,A high-quality gaming laptop — laptops product with excellent build quality and modern design.,/abo-images-small (1)/images/small/d2/d2148393.jpg
D:\FYP Project\fypapp\abo-images-small (1)\images\small\76\76ca26fa.jpg,Smartphone,Smartphones,699.99,A high-quality smartphone — smartphones product with excellent build quality and modern design.,/abo-images-small (1)/images/small/76/76ca26fa.jpg
D:\FYP Project\fypapp\abo-images-small (1)\images\small\c3\c3fb6314.jpg,iPad,Tablets,449.99,A high-quality ipad — tablets product with excellent build quality and modern design.,/abo-images-small (1)/images/small/c3/c3fb6314.jpg
D:\FYP Project\fypapp\abo-images-small (1)\images\small\0d\0dd6f16f.jpg,Bowl Set,Dinnerware,49.99,A high-quality bowl set — dinnerware product with excellent build quality and modern design.,/abo-images-small (1)/images/small/0d/0dd6f16f.jpg
D:\FYP Project\fypapp\abo-images-small (1)\images\small\09\09a8b8f5.jpg,iPhone,Smartphones,699.99,A high-quality iphone — smartphones product with excellent build quality and modern design.,/abo-images-small (1)/images/small/09/09a8b8f5.jpg
D:\FYP Project\fypapp\abo-images-small (1)\images\small\1b\1b75abd7.jpg,Camping Tent,Outdoors,149.99,A high-quality camping tent — outdoors product with excellent build quality and modern design.,/abo-images-small (1)/images/small/1b/1b75abd7.jpg
D:\FYP Project\fypapp\abo-images-small (1)\images\small\0f\0f463467.jpg,Mobile Phone,Smartphones,699.99,A high-quality mobile phone — smartphones product with excellent build quality and modern design.,/abo-images-small (1)/images/small/0f/0f463467.jpg
D:\FYP Project\fypapp\abo-images-small (1)\images\small\df\df57cc0a.jpg,Puffer Jacket,Jackets,119.99,A high-quality puffer jacket — jackets product with excellent build quality and modern design.,/abo-images-small (1)/images/small/df/df57cc0a.jpg
D:\FYP Project\fypapp\abo-images-small (1)\images\small\c8\c8768ae9.jpg,iPhone,Smartphones,699.99,A high-quality iphone — smartphones product with excellent build quality and modern design.,/abo-images-small (1)/images/small/c8/c8768ae9.jpg
D:\FYP Project\fypapp\abo-images-small (1)\images\small\5d\5d08903b.jpg,Jacket,Jackets,119.99,A high-quality jacket — jackets product with excellent build quality and modern design.,/abo-images-small (1)/images/small/5d/5d08903b.jpg
D:\FYP Project\fypapp\abo-images-small (1)\images\small\e2\e294c301.jpg,Hiking Gear,Outdoors,149.99,A high-quality hiking gear — outdoors product with excellent build quality and modern design.,/abo-images-small (1)/images/small/e2/e294c301.jpg
D:\FYP Project\fypapp\abo-images-small (1)\images\small\4a\4aecebac.jpg,Android Phone,Smartphones,699.99,A high-quality android phone — smartphones product with excellent build quality and modern design.,/abo-images-small (1)/images/small/4a/4aecebac.jpg
D:\FYP Project\fypapp\abo-images-small (1)\images\small\c6\c6da7466.jpg,Boots,Shoes,89.99,A high-quality boots — shoes product with excellent build quality and modern design.,/abo-images-small (1)/images/small/c6/c6da7466.jpg
D:\FYP Project\fypapp\abo-images-small (1)\images\small\91\91418d8f.jpg,Smartphone,Smartphones,699.99,A high-quality smartphone — smartphones product with excellent build quality and modern design.,/abo-images-small (1)/images/small/91/91418d8f.jpg
D:\FYP Project\fypapp\abo-images-small (1)\images\small\d6\d677155f.jpg,Mobile Phone,Smartphones,699.99,A high-quality mobile phone — smartphones product with excellent build quality and modern design.,/abo-images-small (1)/images/small/d6/d677155f.jpg
D:\FYP Project\fypapp\abo-images-small (1)\images\small\dd\dd7b9d49.jpg,Digital Tablet,Tablets,449.99,A high-quality digital tablet — tablets product with excellent build quality and modern design.,/abo-images-small (1)/images/small/dd/dd7b9d49.jpg
D:\FYP Project\fypapp\abo-images-small (1)\images\small\0a\0a531f49.jpg,Floral Dress,Dresses,59.99,A high-quality floral dress — dresses product with excellent build quality and modern design.,/abo-images-small (1)/images/small/0a/0a531f49.jpg
D:\FYP Project\fypapp\abo-images-small (1)\images\small\ae\ae09e5ff.jpg,Sneakers,Shoes,89.99,A high-quality sneakers — shoes product with excellent build quality and modern design.,/abo-images-small (1)/images/small/ae/ae09e5ff.jpg
D:\FYP Project\fypapp\abo-images-small (1)\images\small\d9\d9739952.jpg,Coffee Table,Tables,299.99,A high-quality coffee table — tables product with excellent build quality and modern design.,/abo-images-small (1)/images/small/d9/d9739952.jpg
D:\FYP Project\fypapp\abo-images-small (1)\images\small\bd\bdf2d320.jpg,Android Phone,Smartphones,699.99,A high-quality android phone — smartphones product with excellent build quality and modern design.,/abo-images-small (1)/images/small/bd/bdf2d320.jpg
D:\FYP Project\fypapp\abo-images-small (1)\images\small\65\658ff69e.jpg,Coffee Maker,Appliances,129.99,A high-quality coffee maker — appliances product with excellent build quality and modern design.,/abo-images-small (1)/images/small/65/658ff69e.jpg
D:\FYP Project\fypapp\abo-images-small (1)\images\small\df\df7e7d42.jpg,Kitchen Appliance,Appliances,129.99,A high-quality kitchen appliance — appliances product with excellent build quality and modern design.,/abo-images-small (1)/images/small/df/df7e7d42.jpg
D:\FYP Project\fypapp\abo-images-small (1)\images\small\69\69be86d0.jpg,Running Shoes,Shoes,89.99,A high-quality running shoes — shoes product with excellent build quality and modern design.,/abo-images-small (1)/images/small/69/69be86d0.jpg
D:\FYP Project\fypapp\abo-images-small (1)\images\small\a9\a90ae7b0.jpg,Android Phone,Smartphones,699.99,A high-quality android phone — smartphones product with excellent build quality and modern design.,/abo-images-small (1)/images/small/a9/a90ae7b0.jpg
D:\FYP Project\fypapp\abo-images-small (1)\images\small\56\566bfbbc.jpg,Coffee Maker,Appliances,129.99,A high-quality coffee maker — appliances product with excellent build quality and modern design.,/abo-images-small (1)/images/small/56/566bfbbc.jpg
D:\FYP Project\fypapp\abo-images-small (1)\images\small\ef\effa6f82.jpg,Dining Table,Tables,299.99,A high-quality dining table — tables product with excellent build quality and modern design.,/abo-images-small (1)/images/small/ef/effa6f82.jpg
D:\FYP Project\fypapp\abo-images-small (1)\images\small\8d\8db98592.jpg,Mobile Phone,Smartphones,699.99,A high-quality mobile phone — smartphones product with excellent build quality and modern design.,/abo-images-small (1)/images/small/8d/8db98592.jpg
D:\FYP Project\fypapp\abo-images-small (1)\images\small\68\682a456b.jpg,Cooking Pot,Cookware,89.99,A high-quality cooking pot — cookware product with excellent build quality and modern design.,/abo-images-small (1)/images/small/68/682a456b.jpg
D:\FYP Project\fypapp\abo-images-small (1)\images\small\9e\9e0e052a.jpg,Gaming Laptop,Laptops,899.99,A high-quality gaming laptop — laptops product with excellent build quality and modern design.,/abo-images-small (1)/images/small/9e/9e0e052a.jpg
D:\FYP Project\fypapp\abo-images-small (1)\images\small\18\1898cc78.jpg,Smartphone,Smartphones,699.99,A high-quality smartphone — smartphones product with excellent build quality and modern design.,/abo-images-small (1)/images/small/18/1898cc78.jpg
D:\FYP Project\fypapp\abo-images-small (1)\images\small\f1\f13a8619.jpg,Microwave,Appliances,129.99,A high-quality microwave — appliances product with excellent build quality and modern design.,/abo-images-small (1)/images/small/f1/f13a8619.jpg
D:\FYP Project\fypapp\abo-images-small (1)\images\small\14\1427aaa0.jpg,Casual Shoes,Shoes,89.99,A high-quality casual shoes — shoes product with excellent build quality and modern design.,/abo-images-small (1)/images/small/14/1427aaa0.jpg
D:\FYP Project\fypapp\abo-images-small (1)\images\small\37\375c90ca.jpg,Coffee Maker,Appliances,129.99,A high-quality coffee maker — appliances product with excellent build quality and modern design.,/abo-images-small (1)/images/small/37/375c90ca.jpg
D:\FYP Project\fypapp\abo-images-small (1)\images\small\98\98fac8a6.jpg,Kitchen Appliance,Appliances,129.99,A high-quality kitchen appliance — appliances product with excellent build quality and modern design.,/abo-images-small (1)/images/small/98/98fac8a6.jpg
D:\FYP Project\fypapp\abo-images-small (1)\images\small\90\90f06348.jpg,Winter Coat,Jackets,119.99,A high-quality winter coat — jackets product with excellent build quality and modern design.,/abo-images-small (1)/images/small/90/90f06348.jpg
D:\FYP Project\fypapp\abo-images-small (1)\images\small\a9\a97c367c.jpg,Android Phone,Smartphones,699.99,A high-quality android phone — smartphones product with excellent build quality and modern design.,/abo-images-small (1)/images/small/a9/a97c367c.jpg
D:\FYP Project\fypapp\abo-images-small (1)\images\small\a1\a1b5ef93.jpg,iPhone,Smartphones,699.99,A high-quality iphone — smartphones product with excellent build quality and modern design.,/abo-images-small (1)/images/small/a1/a1b5ef93.jpg
D:\FYP Project\fypapp\abo-images-small (1)\images\small\48\48ab5987.jpg,Smartphone,Smartphones,699.99,A high-quality smartphone — smartphones product with excellent build quality and modern design.,/abo-images-small (1)/images/small/48/48ab5987.jpg
D:\FYP Project\fypapp\abo-images-small (1)\images\small\77\77ab2952.jpg,Non-Stick Pan,Cookware,89.99,A high-quality non-stick pan — cookware product with excellent build quality and modern design.,/abo-images-small (1)/images/small/77/77ab2952.jpg
D:\FYP Project\fypapp\abo-images-small (1)\images\small\d2\d2937776.jpg,Blender,Appliances,129.99,A high-quality blender — appliances product with excellent build quality and modern design.,/abo-images-small (1)/images/small/d2/d2937776.jpg
D:\FYP Project\fypapp\abo-images-small (1)\images\small\30\30844b00.jpg,Boots,Shoes,89.99,A high-quality boots — shoes product with excellent build quality and modern design.,/abo-images-small (1)/images/small/30/30844b00.jpg
D:\FYP Project\fypapp\abo-images-small (1)\images\small\6d\6d42f352.jpg,T-Shirt,Shirts,39.99,A high-quality t-shirt — shirts product with excellent build quality and modern design.,/abo-images-small (1)/images/small/6d/6d42f352.jpg
D:\FYP Project\fypapp\abo-images-small (1)\images\small\fb\fb695b40.jpg,Hiking Gear,Outdoors,149.99,A high-quality hiking gear — outdoors product with excellent build quality and modern design.,/abo-images-small (1)/images/small/fb/fb695b40.jpg
D:\FYP Project\fypapp\abo-images-small (1)\images\small\6f\6f86e5c6.jpg,Sectional Sofa,Sofas,799.99,A high-quality sectional sofa — sofas product with excellent build quality and modern design.,/abo-images-small (1)/images/small/6f/6f86e5c6.jpg
D:\FYP Project\fypapp\abo-images-small (1)\images\small\79\79733a0a.jpg,Coffee Maker,Appliances,129.99,A high-quality coffee maker — appliances product with excellent build quality and modern design.,/abo-images-small (1)/images/small/79/79733a0a.jpg
D:\FYP Project\fypapp\abo-images-small (1)\images\small\8b\8b48d570.jpg,Office Chair,Chairs,199.99,A high-quality office chair — chairs product with excellent build quality and modern design.,/abo-images-small (1)/images/small/8b/8b48d570.jpg
D:\FYP Project\fypapp\abo-images-small (1)\images\small\2c\2c20f2db.jpg,Wireless Earbuds,Headphones,149.99,A high-quality wireless earbuds — headphones product with excellent build quality and modern design.,/abo-images-small (1)/images/small/2c/2c20f2db.jpg
D:\FYP Project\fypapp\abo-images-small (1)\images\small\81\81d2a860.jpg,Android Phone,Smartphones,699.99,A high-quality android phone — smartphones product with excellent build quality and modern design.,/abo-images-small (1)/images/small/81/81d2a860.jpg
D:\FYP Project\fypapp\abo-images-small (1)\images\small\b3\b3c47011.jpg,iPhone,Smartphones,699.99,A high-quality iphone — smartphones product with excellent build quality and modern design.,/abo-images-small (1)/images/small/b3/b3c47011.jpg
D:\FYP Project\fypapp\abo-images-small (1)\images\small\c3\c34ff8c4.jpg,Cookware Set,Cookware,89.99,A high-quality cookware set — cookware product with excellent build quality and modern design.,/abo-images-small (1)/images/small/c3/c34ff8c4.jpg
D:\FYP Project\fypapp\abo-images-small (1)\images\small\23\23d8a33e.jpg,Resistance Bands,Sports,34.99,A high-quality resistance bands — sports product with excellent build quality and modern design.,/abo-images-small (1)/images/small/23/23d8a33e.jpg
D:\FYP Project\fypapp\abo-images-small (1)\images\small\6f\6f75f035.jpg,Android Phone,Smartphones,699.99,A high-quality android phone — smartphones product with excellent build quality and modern design.,/abo-images-small (1)/images/small/6f/6f75f035.jpg
D:\FYP Project\fypapp\abo-images-small (1)\images\small\55\5561d764.jpg,Android Tablet,Tablets,449.99,A high-quality android tablet — tablets product with excellent build quality and modern design.,/abo-images-small (1)/images/small/55/5561d764.jpg
D:\FYP Project\fypapp\abo-images-small (1)\images\small\a2\a26bac64.jpg,Smartphone,Smartphones,699.99,A high-quality smartphone — smartphones product with excellent build quality and modern design.,/abo-images-small (1)/images/small/a2/a26bac64.jpg
D:\FYP Project\fypapp\abo-images-small (1)\images\small\29\2958ff18.jpg,Non-Stick Pan,Cookware,89.99,A high-quality non-stick pan — cookware product with excellent build quality and modern design.,/abo-images-small (1)/images/small/29/2958ff18.jpg
D:\FYP Project\fypapp\abo-images-small (1)\images\small\5d\5df95281.jpg,Blender,Appliances,129.99,A high-quality blender — appliances product with excellent build quality and modern design.,/abo-images-small (1)/images/small/5d/5df95281.jpg
D:\FYP Project\fypapp\abo-images-small (1)\images\small\9c\9cb58365.jpg,Boots,Shoes,89.99,A high-quality boots — shoes product with excellent build quality and modern design.,/abo-images-small (1)/images/small/9c/9cb58365.jpg
D:\FYP Project\fypapp\abo-images-small (1)\images\small\57\5775b051.jpg,Smartphone,Smartphones,699.99,A high-quality smartphone — smartphones product with excellent build quality and modern design.,/abo-images-small (1)/images/small/57/5775b051.jpg
D:\FYP Project\fypapp\abo-images-small (1)\images\small\2f\2f89cb4d.jpg,Microwave,Appliances,129.99,A high-quality microwave — appliances product with excellent build quality and modern design.,/abo-images-small (1)/images/small/2f/2f89cb4d.jpg
D:\FYP Project\fypapp\abo-images-small (1)\images\small\20\20b7e0ee.jpg,Sectional Sofa,Sofas,799.99,A high-quality sectional sofa — sofas product with excellent build quality and modern design.,/abo-images-small (1)/images/small/20/20b7e0ee.jpg
D:\FYP Project\fypapp\abo-images-small (1)\images\small\11\1102494f.jpg,Exercise Gear,Sports,34.99,A high-quality exercise gear — sports product with excellent build quality and modern design.,/abo-images-small (1)/images/small/11/1102494f.jpg
D:\FYP Project\fypapp\abo-images-small (1)\images\small\65\65bcfb44.jpg,Bed Frame,Beds,499.99,A high-quality bed frame — beds product with excellent build quality and modern design.,/abo-images-small (1)/images/small/65/65bcfb44.jpg
D:\FYP Project\fypapp\abo-images-small (1)\images\small\86\8664968e.jpg,Couch,Sofas,799.99,A high-quality couch — sofas product with excellent build quality and modern design.,/abo-images-small (1)/images/small/86/8664968e.jpg
D:\FYP Project\fypapp\abo-images-small (1)\images\small\d5\d5826269.jpg,Puffer Jacket,Jackets,119.99,A high-quality puffer jacket — jackets product with excellent build quality and modern design.,/abo-images-small (1)/images/small/d5/d5826269.jpg
D:\FYP Project\fypapp\abo-images-small (1)\images\small\91\91c71adf.jpg,Android Tablet,Tablets,449.99,A high-quality android tablet — tablets product with excellent build quality and modern design.,/abo-images-small (1)/images/small/91/91c71adf.jpg
D:\FYP Project\fypapp\abo-images-small (1)\images\small\57\579359c6.jpg,Kitchen Appliance,Appliances,129.99,A high-quality kitchen appliance — appliances product with excellent build quality and modern design.,/abo-images-small (1)/images/small/57/579359c6.jpg
D:\FYP Project\fypapp\abo-images-small (1)\images\small\37\37e84848.jpg,Ceramic Plates,Dinnerware,49.99,A high-quality ceramic plates — dinnerware product with excellent build quality and modern design.,/abo-images-small (1)/images/small/37/37e84848.jpg
D:\FYP Project\fypapp\abo-images-small (1)\images\small\72\725cc96d.jpg,Digital Tablet,Tablets,449.99,A high-quality digital tablet — tablets product with excellent build quality and modern design.,/abo-images-small (1)/images/small/72/725cc96d.jpg
D:\FYP Project\fypapp\abo-images-small (1)\images\small\c8\c8c8ca57.jpg,Coffee Maker,Appliances,129.99,A high-quality coffee maker — appliances product with excellent build quality and modern design.,/abo-images-small (1)/images/small/c8/c8c8ca57.jpg
D:\FYP Project\fypapp\abo-images-small (1)\images\small\fc\fc628f40.jpg,Dining Table,Tables,299.99,A high-quality dining table — tables product with excellent build quality and modern design.,/abo-images-small (1)/images/small/fc/fc628f40.jpg
D:\FYP Project\fypapp\abo-images-small (1)\images\small\6d\6d4cdc99.jpg,Non-Stick Pan,Cookware,89.99,A high-quality non-stick pan — cookware product with excellent build quality and modern design.,/abo-images-small (1)/images/small/6d/6d4cdc99.jpg
D:\FYP Project\fypapp\abo-images-small (1)\images\small\42\42f48bca.jpg,Over-Ear Headphones,Headphones,149.99,A high-quality over-ear headphones — headphones product with excellent build quality and modern design.,/abo-images-small (1)/images/small/42/42f48bca.jpg
D:\FYP Project\fypapp\abo-images-small (1)\images\small\37\37c91644.jpg,Exercise Gear,Sports,34.99,A high-quality exercise gear — sports product with excellent build quality and modern design.,/abo-images-small (1)/images/small/37/37c91644.jpg
D:\FYP Project\fypapp\abo-images-small (1)\images\small\ae\ae1cc9d4.jpg,Laptop,Laptops,899.99,A high-quality laptop — laptops product with excellent build quality and modern design.,/abo-images-small (1)/images/small/ae/ae1cc9d4.jpg
D:\FYP Project\fypapp\abo-images-small (1)\images\small\b3\b3add1e5.jpg,Mobile Phone,Smartphones,699.99,A high-quality mobile phone — smartphones product with excellent build quality and modern design.,/abo-images-small (1)/images/small/b3/b3add1e5.jpg
D:\FYP Project\fypapp\abo-images-small (1)\images\small\a2\a288509c.jpg,Digital Tablet,Tablets,449.99,A high-quality digital tablet — tablets product with excellent build quality and modern design.,/abo-images-small (1)/images/small/a2/a288509c.jpg
D:\FYP Project\fypapp\abo-images-small (1)\images\small\ae\ae458687.jpg,Mug Set,Dinnerware,49.99,A high-quality mug set — dinnerware product with excellent build quality and modern design.,/abo-images-small (1)/images/small/ae/ae458687.jpg
D:\FYP Project\fypapp\abo-images-small (1)\images\small\6b\6bdce82a.jpg,Bed Frame,Beds,499.99,A high-quality bed frame — beds product with excellent build quality and modern design.,/abo-images-small (1)/images/small/6b/6bdce82a.jpg
D:\FYP Project\fypapp\abo-images-small (1)\images\small\ad\adcd09b1.jpg,Running Shoes,Shoes,89.99,A high-quality running shoes — shoes product with excellent build quality and modern design.,/abo-images-small (1)/images/small/ad/adcd09b1.jpg
D:\FYP Project\fypapp\abo-images-small (1)\images\small\07\07e768ce.jpg,Android Phone,Smartphones,699.99,A high-quality android phone — smartphones product with excellent build quality and modern design.,/abo-images-small (1)/images/small/07/07e768ce.jpg
D:\FYP Project\fypapp\abo-images-small (1)\images\small\1e\1e704a9f.jpg,iPhone,Smartphones,699.99,A high-quality iphone — smartphones product with excellent build quality and modern design.,/abo-images-small (1)/images/small/1e/1e704a9f.jpg
D:\FYP Project\fypapp\abo-images-small (1)\images\small\89\8968ab2b.jpg,Dining Table,Tables,299.99,A high-quality dining table — tables product with excellent build quality and modern design.,/abo-images-small (1)/images/small/89/8968ab2b.jpg
D:\FYP Project\fypapp\abo-images-small (1)\images\small\b0\b087bfc1.jpg,Mobile Phone,Smartphones,699.99,A high-quality mobile phone — smartphones product with excellent build quality and modern design.,/abo-images-small (1)/images/small/b0/b087bfc1.jpg
D:\FYP Project\fypapp\abo-images-small (1)\images\small\9f\9f3c601d.jpg,Puffer Jacket,Jackets,119.99,A high-quality puffer jacket — jackets product with excellent build quality and modern design.,/abo-images-small (1)/images/small/9f/9f3c601d.jpg
D:\FYP Project\fypapp\abo-images-small (1)\images\small\55\5506bf19.jpg,iPhone,Smartphones,699.99,A high-quality iphone — smartphones product with excellent build quality and modern design.,/abo-images-small (1)/images/small/55/5506bf19.jpg
D:\FYP Project\fypapp\abo-images-small (1)\images\small\4c\4c610ab9.jpg,Dinnerware Set,Dinnerware,49.99,A high-quality dinnerware set — dinnerware product with excellent build quality and modern design.,/abo-images-small (1)/images/small/4c/4c610ab9.jpg
D:\FYP Project\fypapp\abo-images-small (1)\images\small\ca\cab6284e.jpg,Non-Stick Pan,Cookware,89.99,A high-quality non-stick pan — cookware product with excellent build quality and modern design.,/abo-images-small (1)/images/small/ca/cab6284e.jpg
D:\FYP Project\fypapp\abo-images-small (1)\images\small\7b\7be8cd00.jpg,Side Table,Tables,299.99,A high-quality side table — tables product with excellent build quality and modern design.,/abo-images-small (1)/images/small/7b/7be8cd00.jpg
D:\FYP Project\fypapp\abo-images-small (1)\images\small\10\10626494.jpg,iPhone,Smartphones,699.99,A high-quality iphone — smartphones product with excellent build quality and modern design.,/abo-images-small (1)/images/small/10/10626494.jpg
D:\FYP Project\fypapp\abo-images-small (1)\images\small\10\10fcddd8.jpg,Smartphone,Smartphones,699.99,A high-quality smartphone — smartphones product with excellent build quality and modern design.,/abo-images-small (1)/images/small/10/10fcddd8.jpg
D:\FYP Project\fypapp\abo-images-small (1)\images\small\62\62c05ec4.jpg,Coffee Table,Tables,299.99,A high-quality coffee table — tables product with excellent build quality and modern design.,/abo-images-small (1)/images/small/62/62c05ec4.jpg
D:\FYP Project\fypapp\abo-images-small (1)\images\small\ac\acf8f5af.jpg,Accent Chair,Chairs,199.99,A high-quality accent chair — chairs product with excellent build quality and modern design.,/abo-images-small (1)/images/small/ac/acf8f5af.jpg
D:\FYP Project\fypapp\abo-images-small (1)\images\small\cf\cf78ff6c.jpg,iPhone,Smartphones,699.99,A high-quality iphone — smartphones product with excellent build quality and modern design.,/abo-images-small (1)/images/small/cf/cf78ff6c.jpg
D:\FYP Project\fypapp\abo-images-small (1)\images\small\e3\e3ad868e.jpg,Sofa,Sofas,799.99,A high-quality sofa — sofas product with excellent build quality and modern design.,/abo-images-small (1)/images/small/e3/e3ad868e.jpg
D:\FYP Project\fypapp\abo-images-small (1)\images\small\e9\e9b8242f.jpg,Resistance Bands,Sports,34.99,A high-quality resistance bands — sports product with excellent build quality and modern design.,/abo-images-small (1)/images/small/e9/e9b8242f.jpg
D:\FYP Project\fypapp\abo-images-small (1)\images\small\a4\a4d2da94.jpg,Android Phone,Smartphones,699.99,A high-quality android phone — smartphones product with excellent build quality and modern design.,/abo-images-small (1)/images/small/a4/a4d2da94.jpg
D:\FYP Project\fypapp\abo-images-small (1)\images\small\64\6440cba2.jpg,Mug Set,Dinnerware,49.99,A high-quality mug set — dinnerware product with excellent build quality and modern design.,/abo-images-small (1)/images/small/64/6440cba2.jpg
D:\FYP Project\fypapp\abo-images-small (1)\images\small\bb\bb075055.jpg,Office Chair,Chairs,199.99,A high-quality office chair — chairs product with excellent build quality and modern design.,/abo-images-small (1)/images/small/bb/bb075055.jpg
D:\FYP Project\fypapp\abo-images-small (1)\images\small\02\02c5fa09.jpg,Hiking Gear,Outdoors,149.99,A high-quality hiking gear — outdoors product with excellent build quality and modern design.,/abo-images-small (1)/images/small/02/02c5fa09.jpg
D:\FYP Project\fypapp\abo-images-small (1)\images\small\24\244fc475.jpg,Android Phone,Smartphones,699.99,A high-quality android phone — smartphones product with excellent build quality and modern design.,/abo-images-small (1)/images/small/24/244fc475.jpg
D:\FYP Project\fypapp\abo-images-small (1)\images\small\96\961a7087.jpg,Android Tablet,Tablets,449.99,A high-quality android tablet — tablets product with excellent build quality and modern design.,/abo-images-small (1)/images/small/96/961a7087.jpg
D:\FYP Project\fypapp\abo-images-small (1)\images\small\2d\2d353619.jpg,Kitchen Appliance,Appliances,129.99,A high-quality kitchen appliance — appliances product with excellent build quality and modern design.,/abo-images-small (1)/images/small/2d/2d353619.jpg
D:\FYP Project\fypapp\abo-images-small (1)\images\small\5c\5cf7cdfa.jpg,Queen Bed,Beds,499.99,A high-quality queen bed — beds product with excellent build quality and modern design.,/abo-images-small (1)/images/small/5c/5cf7cdfa.jpg
D:\FYP Project\fypapp\abo-images-small (1)\images\small\ff\ff8c9844.jpg,Summer Dress,Dresses,59.99,A high-quality summer dress — dresses product with excellent build quality and modern design.,/abo-images-small (1)/images/small/ff/ff8c9844.jpg
D:\FYP Project\fypapp\abo-images-small (1)\images\small\80\803b98a7.jpg,Casual Top,Shirts,39.99,A high-quality casual top — shirts product with excellent build quality and modern design.,/abo-images-small (1)/images/small/80/803b98a7.jpg
D:\FYP Project\fypapp\abo-images-small (1)\images\small\8c\8cc44e25.jpg,Smartphone,Smartphones,699.99,A high-quality smartphone — smartphones product with excellent build quality and modern design.,/abo-images-small (1)/images/small/8c/8cc44e25.jpg
